#ifndef AQUATANBMP_H
#define AQUATANBMP_H



const unsigned char aqua_bmp [][4][2048] PROGMEM = 
{
{
{
0x00, 0x00, 0x00, 0x00, 0x00, 0x00, 0x00, 0x00, 0x00, 0x00, 0x00, 0x00, 0x00, 0x00, 0x00, 0x00, 
0x00, 0x00, 0x00, 0x00, 0x00, 0x00, 0x00, 0x00, 0x00, 0x00, 0x00, 0x00, 0x00, 0x00, 0x00, 0x00, 
0x00, 0x00, 0x00, 0x00, 0x00, 0x00, 0x00, 0x00, 0x00, 0x00, 0x00, 0x00, 0x00, 0x00, 0x00, 0x00, 
0x00, 0x00, 0x00, 0x00, 0x00, 0x00, 0x00, 0x00, 0x00, 0x00, 0x00, 0x00, 0x00, 0x00, 0x00, 0x00, 
0x00, 0x00, 0x00, 0x00, 0x00, 0x00, 0x00, 0x00, 0x00, 0x00, 0x00, 0x00, 0x00, 0x00, 0x00, 0x00, 
0x00, 0x00, 0x00, 0x00, 0x00, 0x00, 0x00, 0x00, 0x00, 0x00, 0x00, 0x00, 0x00, 0x00, 0x00, 0x00, 
0x00, 0x00, 0x00, 0x00, 0x00, 0x00, 0x00, 0x00, 0x00, 0x00, 0x00, 0x00, 0x00, 0x00, 0x00, 0x00, 
0x00, 0x00, 0x00, 0x00, 0x00, 0x00, 0x00, 0x00, 0x00, 0x00, 0x00, 0x00, 0x00, 0x00, 0x00, 0x00, 
0x00, 0x00, 0x00, 0x00, 0x00, 0x00, 0x00, 0x00, 0x00, 0x00, 0x00, 0x00, 0x00, 0x00, 0x00, 0x00, 
0x00, 0x00, 0x00, 0x00, 0x00, 0x00, 0x00, 0x00, 0x00, 0x00, 0x00, 0x00, 0x00, 0x00, 0x00, 0x00, 
0x00, 0x00, 0x00, 0x00, 0x00, 0x00, 0x00, 0x00, 0x00, 0x00, 0x00, 0x00, 0x00, 0x00, 0x00, 0x00, 
0x00, 0x00, 0x00, 0x00, 0x00, 0x00, 0x00, 0x00, 0x00, 0x00, 0x00, 0x00, 0x00, 0x00, 0x00, 0x00, 
0x00, 0x00, 0x00, 0x00, 0x00, 0x00, 0x00, 0x00, 0x00, 0x00, 0x00, 0x00, 0x00, 0x00, 0x00, 0x00, 
0x00, 0x00, 0x00, 0x00, 0x00, 0x00, 0x00, 0x00, 0x00, 0x00, 0x00, 0x00, 0x00, 0x00, 0x00, 0x00, 
0x00, 0x00, 0x00, 0x00, 0x00, 0x00, 0x00, 0x00, 0x00, 0x00, 0x00, 0x00, 0x00, 0x00, 0x00, 0x00, 
0x00, 0x00, 0x00, 0x00, 0x00, 0x00, 0x00, 0x00, 0x00, 0x00, 0x00, 0x00, 0x00, 0x00, 0x00, 0x00, 
0x00, 0x00, 0x00, 0x00, 0x00, 0x00, 0x00, 0x00, 0x00, 0x00, 0x00, 0x00, 0x00, 0x00, 0x00, 0x00, 
0x00, 0x00, 0x00, 0x00, 0x00, 0x00, 0x00, 0x00, 0x00, 0x00, 0x21, 0x45, 0x21, 0x45, 0x21, 0x45, 
0x21, 0x45, 0x21, 0x45, 0x21, 0x45, 0x00, 0x00, 0x00, 0x00, 0x00, 0x00, 0x00, 0x00, 0x21, 0x45, 
0x21, 0x45, 0x00, 0x00, 0x00, 0x00, 0x00, 0x00, 0x00, 0x00, 0x00, 0x00, 0x00, 0x00, 0x00, 0x00, 
0x00, 0x00, 0x00, 0x00, 0x00, 0x00, 0x00, 0x00, 0x00, 0x00, 0x00, 0x00, 0x00, 0x00, 0x02, 0x44, 
0x02, 0x44, 0x02, 0x44, 0x02, 0x44, 0x02, 0x44, 0x21, 0x45, 0x31, 0xC7, 0x31, 0xC7, 0x42, 0x49, 
0x42, 0x49, 0x42, 0x49, 0x42, 0x49, 0x21, 0x45, 0x00, 0x00, 0x00, 0x00, 0x21, 0x45, 0x52, 0xCB, 
0x52, 0xCB, 0x21, 0x45, 0x00, 0x00, 0x00, 0x00, 0x00, 0x00, 0x00, 0x00, 0x00, 0x00, 0x00, 0x00, 
0x00, 0x00, 0x00, 0x00, 0x00, 0x00, 0x00, 0x00, 0x00, 0x00, 0x00, 0x00, 0x02, 0x44, 0x15, 0x8D, 
0x15, 0x8D, 0x03, 0xE8, 0x03, 0xE8, 0x02, 0x44, 0x31, 0xC7, 0x31, 0xC7, 0x52, 0xCB, 0x52, 0xCB, 
0x52, 0xCB, 0x52, 0xCB, 0x52, 0xCB, 0x52, 0xCB, 0x21, 0x45, 0x21, 0x45, 0x52, 0xCB, 0x5B, 0x0C, 
0x07, 0xE0, 0x00, 0x1F, 0x21, 0x45, 0x00, 0x00, 0x00, 0x00, 0x00, 0x00, 0x00, 0x00, 0x00, 0x00, 
0x00, 0x00, 0x00, 0x00, 0x00, 0x00, 0x00, 0x00, 0x00, 0x00, 0x02, 0x44, 0x15, 0x8D, 0x15, 0x8D, 
0x15, 0x8D, 0x03, 0xE8, 0x03, 0xE8, 0x02, 0x44, 0x02, 0x44, 0x52, 0xCB, 0x5B, 0x0C, 0x5B, 0x0C, 
0x5B, 0x0C, 0x5B, 0x0C, 0x5B, 0x0C, 0x52, 0xCB, 0x52, 0xCB, 0x21, 0x45, 0x5B, 0x0C, 0x63, 0x4D, 
0x00, 0x1F, 0x00, 0x1F, 0x42, 0x49, 0x21, 0x45, 0x00, 0x00, 0x00, 0x00, 0x00, 0x00, 0x00, 0x00, 
0x00, 0x00, 0x00, 0x00, 0x00, 0x00, 0x00, 0x00, 0x02, 0x44, 0x12, 0xA6, 0x03, 0xE8, 0x15, 0x8D, 
0x15, 0x8D, 0x03, 0xE8, 0x03, 0xE8, 0x1B, 0x07, 0x02, 0x44, 0x5B, 0x0C, 0x63, 0x4D, 0x63, 0x4D, 
0x63, 0x4D, 0x63, 0x4D, 0x07, 0xE0, 0x00, 0x1F, 0x52, 0xCB, 0x21, 0x45, 0x63, 0x4D, 0x63, 0x4D, 
0x63, 0x4D, 0x42, 0x49, 0x52, 0xCB, 0x52, 0xCB, 0x21, 0x45, 0x00, 0x00, 0x00, 0x00, 0x00, 0x00, 
0x00, 0x00, 0x00, 0x00, 0x00, 0x00, 0x02, 0x44, 0x15, 0x8D, 0x12, 0xA6, 0x12, 0xA6, 0x03, 0xE8, 
0x03, 0xE8, 0x03, 0xE8, 0x03, 0xE8, 0x1B, 0x07, 0x02, 0x44, 0x5B, 0x0C, 0x63, 0x4D, 0x63, 0x4D, 
0x63, 0x4D, 0x63, 0x4D, 0x00, 0x1F, 0x00, 0x1F, 0x52, 0xCB, 0x21, 0x45, 0x63, 0x4D, 0x63, 0x4D, 
0x42, 0x49, 0x5B, 0x0C, 0x5B, 0x0C, 0x52, 0xCB, 0x8B, 0x69, 0x8B, 0x69, 0x00, 0x00, 0x00, 0x00, 
0x00, 0x00, 0x00, 0x00, 0x02, 0x44, 0x15, 0x8D, 0x15, 0x8D, 0x15, 0x8D, 0x12, 0xA6, 0x12, 0xA6, 
0x03, 0xE8, 0x03, 0xE8, 0x1B, 0x07, 0x1B, 0x07, 0x02, 0x44, 0x5B, 0x0C, 0x1C, 0x7E, 0x1C, 0x7E, 
0x1C, 0x7E, 0x1C, 0x7E, 0x63, 0x4D, 0x5B, 0x0C, 0x5B, 0x0C, 0x52, 0xCB, 0x21, 0x45, 0x42, 0x49, 
0x63, 0x4D, 0x63, 0x4D, 0x63, 0x4D, 0x5B, 0x0C, 0x8B, 0x69, 0x8B, 0x69, 0x00, 0x00, 0x00, 0x00, 
0x00, 0x00, 0x00, 0x00, 0x02, 0x44, 0x15, 0x8D, 0x15, 0x8D, 0x15, 0x8D, 0x03, 0xE8, 0x12, 0xA6, 
0x12, 0xA6, 0x03, 0xE8, 0x1B, 0x07, 0x1B, 0x07, 0x02, 0x44, 0x5B, 0x0C, 0x1C, 0x7E, 0x5E, 0x7E, 
0x5E, 0x7E, 0x1C, 0x7E, 0x63, 0x4D, 0x5B, 0x0C, 0x5B, 0x0C, 0x52, 0xCB, 0x21, 0x45, 0x63, 0x4D, 
0x63, 0x4D, 0x63, 0x4D, 0x63, 0x4D, 0x5B, 0x0C, 0x8B, 0x69, 0x6A, 0x65, 0x00, 0x00, 0x00, 0x00, 
0x00, 0x00, 0x00, 0x00, 0x02, 0x44, 0x15, 0x8D, 0x15, 0x8D, 0x15, 0x8D, 0x03, 0xE8, 0x03, 0xE8, 
0x12, 0xA6, 0x12, 0xA6, 0x1B, 0x07, 0x1B, 0x07, 0x02, 0x44, 0x5B, 0x0C, 0x63, 0x4D, 0x63, 0x4D, 
0x63, 0x4D, 0x63, 0x4D, 0x63, 0x4D, 0x5B, 0x0C, 0x5B, 0x0C, 0x52, 0xCB, 0x21, 0x45, 0x63, 0x4D, 
0xFC, 0x29, 0xFC, 0x29, 0xF8, 0x00, 0xE2, 0x21, 0x6A, 0x65, 0x6A, 0x65, 0x00, 0x00, 0x00, 0x00, 
0x00, 0x00, 0x00, 0x00, 0x02, 0x44, 0x15, 0x8D, 0x15, 0x8D, 0x15, 0x8D, 0x03, 0xE8, 0x03, 0xE8, 
0x03, 0xE8, 0x12, 0xA6, 0x1B, 0x07, 0x1B, 0x07, 0x02, 0x44, 0x5B, 0x0C, 0x63, 0x4D, 0x63, 0x4D, 
0x63, 0x4D, 0x63, 0x4D, 0x63, 0x4D, 0x00, 0x1F, 0x5B, 0x0C, 0x52, 0xCB, 0x21, 0x45, 0xFC, 0x29, 
0xFC, 0x29, 0xF8, 0x00, 0xF2, 0xA3, 0xE2, 0x21, 0x6A, 0x65, 0x6A, 0x65, 0x00, 0x00, 0x00, 0x00, 
0x00, 0x00, 0x00, 0x00, 0x02, 0x44, 0x15, 0x8D, 0x15, 0x8D, 0x15, 0x8D, 0x03, 0xE8, 0x03, 0xE8, 
0x03, 0xE8, 0x1B, 0x07, 0x12, 0xA6, 0x1B, 0x07, 0x02, 0x44, 0x5B, 0x0C, 0x63, 0x4D, 0x63, 0x4D, 
0x63, 0x4D, 0x63, 0x4D, 0x5B, 0x0C, 0x00, 0x1F, 0x5B, 0x0C, 0x52, 0xCB, 0x42, 0x49, 0xFC, 0x29, 
0xF8, 0x00, 0xF8, 0x00, 0xF2, 0xA3, 0xE2, 0x21, 0x6A, 0x65, 0x6A, 0x65, 0x00, 0x00, 0x00, 0x00, 
0x00, 0x00, 0x00, 0x00, 0x02, 0x44, 0x15, 0x8D, 0x15, 0x8D, 0x15, 0x8D, 0x03, 0xE8, 0x03, 0xE8, 
0x03, 0xE8, 0x1B, 0x07, 0x12, 0xA6, 0x1B, 0x07, 0x02, 0x44, 0x5B, 0x0C, 0x5B, 0x0C, 0x63, 0x4D, 
0x63, 0x4D, 0x5B, 0x0C, 0x5B, 0x0C, 0x00, 0x1F, 0x5B, 0x0C, 0x52, 0xCB, 0x42, 0x49, 0xF8, 0x00, 
0xF8, 0x00, 0xF8, 0x00, 0xF2, 0xA3, 0xE2, 0x21, 0x42, 0x49, 0x00, 0x00, 0x00, 0x00, 0x00, 0x00, 
0x00, 0x00, 0x00, 0x00, 0x02, 0x44, 0x03, 0xE8, 0x15, 0x8D, 0x15, 0x8D, 0x03, 0xE8, 0x03, 0xE8, 
0x03, 0xE8, 0x1B, 0x07, 0x12, 0xA6, 0x1B, 0x07, 0x02, 0x44, 0x5B, 0x0C, 0x5B, 0x0C, 0x5B, 0x0C, 
0x5B, 0x0C, 0x5B, 0x0C, 0x5B, 0x0C, 0x00, 0x1F, 0x5B, 0x0C, 0x52, 0xCB, 0x42, 0x49, 0xF2, 0xA3, 
0xF2, 0xA3, 0xF2, 0xA3, 0xF2, 0xA3, 0xE2, 0x21, 0x42, 0x49, 0x00, 0x00, 0x00, 0x00, 0x00, 0x00, 
0x00, 0x00, 0x00, 0x00, 0x02, 0x44, 0x03, 0xE8, 0x03, 0xE8, 0x03, 0xE8, 0x03, 0xE8, 0x03, 0xE8, 
0x03, 0xE8, 0x1B, 0x07, 0x12, 0xA6, 0x1B, 0x07, 0x02, 0x44, 0x52, 0xCB, 0x5B, 0x0C, 0x5B, 0x0C, 
0x5B, 0x0C, 0x5B, 0x0C, 0x5B, 0x0C, 0x00, 0x1F, 0x5B, 0x0C, 0x42, 0x49, 0x42, 0x49, 0xF2, 0xA3, 
0xF2, 0xA3, 0xF2, 0xA3, 0xF2, 0xA3, 0xE2, 0x21, 0x8B, 0x69, 0x8B, 0x69, 0x00, 0x00, 0x00, 0x00, 
0x00, 0x00, 0x00, 0x00, 0x02, 0x44, 0x12, 0xA6, 0x03, 0xE8, 0x03, 0xE8, 0x03, 0xE8, 0x03, 0xE8, 
0x03, 0xE8, 0x1B, 0x07, 0x12, 0xA6, 0x12, 0xA6, 0x02, 0x44, 0x52, 0xCB, 0x52, 0xCB, 0x5B, 0x0C, 
0x5B, 0x0C, 0x5B, 0x0C, 0x5B, 0x0C, 0x00, 0x1F, 0x52, 0xCB, 0x42, 0x49, 0x42, 0x49, 0x52, 0xCB, 
0xE2, 0x21, 0xE2, 0x21, 0xE2, 0x21, 0xE2, 0x21, 0x8B, 0x69, 0x8B, 0x69, 0x00, 0x00, 0x00, 0x00, 
0x00, 0x00, 0x00, 0x00, 0x02, 0x44, 0x12, 0xA6, 0x12, 0xA6, 0x03, 0xE8, 0x03, 0xE8, 0x03, 0xE8, 
0x03, 0xE8, 0x1B, 0x07, 0x1B, 0x07, 0x12, 0xA6, 0x02, 0x44, 0x52, 0xCB, 0x52, 0xCB, 0x52, 0xCB, 
0x52, 0xCB, 0x52, 0xCB, 0x52, 0xCB, 0x52, 0xCB, 0x52, 0xCB, 0x42, 0x49, 0x21, 0x45, 0x42, 0x49, 
0xE2, 0x21, 0xE2, 0x21, 0xE2, 0x21, 0xE2, 0x21, 0x8B, 0x69, 0x6A, 0x65, 0x00, 0x00, 0x00, 0x00, 
0x00, 0x00, 0x02, 0x44, 0x15, 0x8D, 0x15, 0x8D, 0x12, 0xA6, 0x12, 0xA6, 0x03, 0xE8, 0x03, 0xE8, 
0x1B, 0x07, 0x1B, 0x07, 0x1B, 0x07, 0x12, 0xA6, 0x02, 0x44, 0x52, 0xCB, 0x1C, 0x7E, 0x5E, 0x7E, 
0x5E, 0x7E, 0x1C, 0x7E, 0x52, 0xCB, 0x52, 0xCB, 0x52, 0xCB, 0x42, 0x49, 0x21, 0x45, 0x42, 0x49, 
0x52, 0xCB, 0x52, 0xCB, 0x52, 0xCB, 0x52, 0xCB, 0x6A, 0x65, 0x6A, 0x65, 0x00, 0x00, 0x00, 0x00, 
0x00, 0x00, 0x02, 0x44, 0x15, 0x8D, 0x15, 0x8D, 0x03, 0xE8, 0x12, 0xA6, 0x1B, 0x07, 0x1B, 0x07, 
0x1B, 0x07, 0x1B, 0x07, 0x1B, 0x07, 0x12, 0xA6, 0x02, 0x44, 0x52, 0xCB, 0x1C, 0x7E, 0x1C, 0x7E, 
0x1C, 0x7E, 0x1C, 0x7E, 0x52, 0xCB, 0x52, 0xCB, 0x52, 0xCB, 0x42, 0x49, 0x21, 0x45, 0x21, 0x45, 
0x42, 0x49, 0x42, 0x49, 0x42, 0x49, 0x42, 0x49, 0x6A, 0x65, 0x6A, 0x65, 0x00, 0x00, 0x00, 0x00, 
0x00, 0x00, 0x02, 0x44, 0x03, 0xE8, 0x03, 0xE8, 0x03, 0xE8, 0x12, 0xA6, 0x12, 0xA6, 0x1B, 0x07, 
0x1B, 0x07, 0x1B, 0x07, 0x1B, 0x07, 0x12, 0xA6, 0x02, 0x44, 0x42, 0x49, 0x52, 0xCB, 0x52, 0xCB, 
0x52, 0xCB, 0x52, 0xCB, 0x07, 0xE0, 0x00, 0x1F, 0x42, 0x49, 0x21, 0x45, 0x42, 0x49, 0x42, 0x49, 
0x21, 0x45, 0x42, 0x49, 0x42, 0x49, 0x21, 0x45, 0x6A, 0x65, 0x6A, 0x65, 0x00, 0x00, 0x00, 0x00, 
0x00, 0x00, 0x02, 0x44, 0x03, 0xE8, 0x03, 0xE8, 0x03, 0xE8, 0x03, 0xE8, 0x12, 0xA6, 0x1B, 0x07, 
0x1B, 0x07, 0x1B, 0x07, 0x1B, 0x07, 0x12, 0xA6, 0x02, 0x44, 0x42, 0x49, 0x42, 0x49, 0x42, 0x49, 
0x42, 0x49, 0x42, 0x49, 0x00, 0x1F, 0x00, 0x1F, 0x42, 0x49, 0x21, 0x45, 0x31, 0xC7, 0x42, 0x49, 
0x42, 0x49, 0x21, 0x45, 0x42, 0x49, 0x42, 0x49, 0x42, 0x49, 0x00, 0x00, 0x00, 0x00, 0x00, 0x00, 
0x02, 0x44, 0x03, 0xE8, 0x03, 0xE8, 0x03, 0xE8, 0x03, 0xE8, 0x1B, 0x07, 0x12, 0xA6, 0x12, 0xA6, 
0x1B, 0x07, 0x1B, 0x07, 0x1B, 0x07, 0x12, 0xA6, 0x02, 0x44, 0x31, 0xC7, 0x42, 0x49, 0x42, 0x49, 
0x42, 0x49, 0x42, 0x49, 0x42, 0x49, 0x42, 0x49, 0x31, 0xC7, 0x21, 0x45, 0x31, 0xC7, 0x31, 0xC7, 
0x07, 0xE0, 0x00, 0x1F, 0x31, 0xC7, 0x21, 0x45, 0x52, 0xCB, 0x21, 0x45, 0x00, 0x00, 0x00, 0x00, 
0x02, 0x44, 0x03, 0xE8, 0x03, 0xE8, 0x1B, 0x07, 0x1B, 0x07, 0x1B, 0x07, 0x1B, 0x07, 0x12, 0xA6, 
0x1B, 0x07, 0x1B, 0x07, 0x12, 0xA6, 0x12, 0xA6, 0x02, 0x44, 0x31, 0xC7, 0x31, 0xC7, 0x31, 0xC7, 
0x31, 0xC7, 0x31, 0xC7, 0x31, 0xC7, 0x31, 0xC7, 0x21, 0x45, 0x21, 0x45, 0x31, 0xC7, 0x31, 0xC7, 
0x00, 0x1F, 0x00, 0x1F, 0x21, 0x45, 0x5B, 0x0C, 0x52, 0xCB, 0x21, 0x45, 0x00, 0x00, 0x00, 0x00, 
0x00, 0x00, 0x02, 0x44, 0x1B, 0x07, 0x1B, 0x07, 0x1B, 0x07, 0x1B, 0x07, 0x1B, 0x07, 0x12, 0xA6, 
0x12, 0xA6, 0x12, 0xA6, 0x12, 0xA6, 0x12, 0xA6, 0x12, 0xA6, 0x02, 0x44, 0x31, 0xC7, 0x31, 0xC7, 
0x31, 0xC7, 0x31, 0xC7, 0x31, 0xC7, 0x21, 0x45, 0x00, 0x00, 0x00, 0x00, 0x21, 0x45, 0x31, 0xC7, 
0x31, 0xC7, 0x21, 0x45, 0x21, 0x45, 0x52, 0xCB, 0x52, 0xCB, 0x21, 0x45, 0x00, 0x00, 0x00, 0x00, 
0x00, 0x00, 0x00, 0x00, 0x02, 0x44, 0x02, 0x44, 0x02, 0x44, 0x02, 0x44, 0x02, 0x44, 0x02, 0x44, 
0x12, 0xA6, 0x12, 0xA6, 0x12, 0xA6, 0x12, 0xA6, 0x12, 0xA6, 0x02, 0x44, 0x21, 0x45, 0x21, 0x45, 
0x21, 0x45, 0x21, 0x45, 0x21, 0x45, 0x00, 0x00, 0x00, 0x00, 0x00, 0x00, 0x00, 0x00, 0x21, 0x45, 
0x21, 0x45, 0x00, 0x00, 0x21, 0x45, 0x42, 0x49, 0x42, 0x49, 0x21, 0x45, 0x00, 0x00, 0x00, 0x00, 
0x00, 0x00, 0x00, 0x00, 0x00, 0x00, 0x00, 0x00, 0x00, 0x00, 0x00, 0x00, 0x00, 0x00, 0x00, 0x00, 
0x02, 0x44, 0x12, 0xA6, 0x12, 0xA6, 0x12, 0xA6, 0x12, 0xA6, 0x02, 0x44, 0x00, 0x00, 0x00, 0x00, 
0x00, 0x00, 0x00, 0x00, 0x00, 0x00, 0x00, 0x00, 0x00, 0x00, 0x00, 0x00, 0x00, 0x00, 0x00, 0x00, 
0x00, 0x00, 0x00, 0x00, 0x21, 0x45, 0x42, 0x49, 0x31, 0xC7, 0x21, 0x45, 0x00, 0x00, 0x00, 0x00, 
0x00, 0x00, 0x00, 0x00, 0x00, 0x00, 0x00, 0x00, 0x00, 0x00, 0x00, 0x00, 0x00, 0x00, 0x00, 0x00, 
0x00, 0x00, 0x02, 0x44, 0x02, 0x44, 0x02, 0x44, 0x02, 0x44, 0x00, 0x00, 0x00, 0x00, 0x00, 0x00, 
0x00, 0x00, 0x00, 0x00, 0x00, 0x00, 0x00, 0x00, 0x00, 0x00, 0x00, 0x00, 0x00, 0x00, 0x00, 0x00, 
0x00, 0x00, 0x00, 0x00, 0x00, 0x00, 0x21, 0x45, 0x31, 0xC7, 0x21, 0x45, 0x00, 0x00, 0x00, 0x00, 
0x00, 0x00, 0x00, 0x00, 0x00, 0x00, 0x00, 0x00, 0x00, 0x00, 0x00, 0x00, 0x00, 0x00, 0x00, 0x00, 
0x00, 0x00, 0x00, 0x00, 0x00, 0x00, 0x00, 0x00, 0x00, 0x00, 0x00, 0x00, 0x00, 0x00, 0x00, 0x00, 
0x00, 0x00, 0x00, 0x00, 0x00, 0x00, 0x00, 0x00, 0x00, 0x00, 0x00, 0x00, 0x00, 0x00, 0x00, 0x00, 
0x00, 0x00, 0x00, 0x00, 0x00, 0x00, 0x00, 0x00, 0x21, 0x45, 0x00, 0x00, 0x00, 0x00, 0x00, 0x00, 
0x00, 0x00, 0x00, 0x00, 0x00, 0x00, 0x00, 0x00, 0x00, 0x00, 0x00, 0x00, 0x00, 0x00, 0x00, 0x00, 
0x00, 0x00, 0x00, 0x00, 0x00, 0x00, 0x00, 0x00, 0x00, 0x00, 0x00, 0x00, 0x00, 0x00, 0x00, 0x00, 
0x00, 0x00, 0x00, 0x00, 0x00, 0x00, 0x00, 0x00, 0x00, 0x00, 0x00, 0x00, 0x00, 0x00, 0x00, 0x00, 
0x00, 0x00, 0x00, 0x00, 0x00, 0x00, 0x00, 0x00, 0x00, 0x00, 0x00, 0x00, 0x00, 0x00, 0x00, 0x00
}
,
{
0x00, 0x00, 0x00, 0x00, 0x00, 0x00, 0x00, 0x00, 0x00, 0x00, 0x00, 0x00, 0x00, 0x00, 0x00, 0x00, 
0x00, 0x00, 0x00, 0x00, 0x00, 0x00, 0x00, 0x00, 0x00, 0x00, 0x00, 0x00, 0x00, 0x00, 0x00, 0x00, 
0x00, 0x00, 0x00, 0x00, 0x00, 0x00, 0x00, 0x00, 0x00, 0x00, 0x00, 0x00, 0x00, 0x00, 0x00, 0x00, 
0x00, 0x00, 0x00, 0x00, 0x00, 0x00, 0x00, 0x00, 0x00, 0x00, 0x00, 0x00, 0x00, 0x00, 0x00, 0x00, 
0x00, 0x00, 0x00, 0x00, 0x00, 0x00, 0x00, 0x00, 0x00, 0x00, 0x00, 0x00, 0x00, 0x00, 0x00, 0x00, 
0x00, 0x00, 0x00, 0x00, 0x00, 0x00, 0x00, 0x00, 0x00, 0x00, 0x00, 0x00, 0x00, 0x00, 0x00, 0x00, 
0x00, 0x00, 0x00, 0x00, 0x00, 0x00, 0x00, 0x00, 0x00, 0x00, 0x00, 0x00, 0x00, 0x00, 0x00, 0x00, 
0x00, 0x00, 0x00, 0x00, 0x00, 0x00, 0x00, 0x00, 0x00, 0x00, 0x00, 0x00, 0x00, 0x00, 0x00, 0x00, 
0x00, 0x00, 0x00, 0x00, 0x00, 0x00, 0x00, 0x00, 0x00, 0x00, 0x00, 0x00, 0x00, 0x00, 0x00, 0x00, 
0x00, 0x00, 0x00, 0x00, 0x00, 0x00, 0x00, 0x00, 0x00, 0x00, 0x00, 0x00, 0x00, 0x00, 0x00, 0x00, 
0x00, 0x00, 0x00, 0x00, 0x00, 0x00, 0x00, 0x00, 0x00, 0x00, 0x00, 0x00, 0x00, 0x00, 0x00, 0x00, 
0x00, 0x00, 0x00, 0x00, 0x00, 0x00, 0x00, 0x00, 0x00, 0x00, 0x00, 0x00, 0x00, 0x00, 0x00, 0x00, 
0x00, 0x00, 0x00, 0x00, 0x00, 0x00, 0x00, 0x00, 0x00, 0x00, 0x00, 0x00, 0x00, 0x00, 0x00, 0x00, 
0x00, 0x00, 0x00, 0x00, 0x00, 0x00, 0x00, 0x00, 0x00, 0x00, 0x00, 0x00, 0x00, 0x00, 0x00, 0x00, 
0x00, 0x00, 0x00, 0x00, 0x00, 0x00, 0x00, 0x00, 0x00, 0x00, 0x00, 0x00, 0x00, 0x00, 0x00, 0x00, 
0x00, 0x00, 0x00, 0x00, 0x00, 0x00, 0x00, 0x00, 0x00, 0x00, 0x00, 0x00, 0x00, 0x00, 0x00, 0x00, 
0x00, 0x00, 0x00, 0x00, 0x00, 0x00, 0x00, 0x00, 0x00, 0x00, 0x00, 0x00, 0x00, 0x00, 0x00, 0x00, 
0x00, 0x00, 0x00, 0x00, 0x00, 0x00, 0x00, 0x00, 0x00, 0x00, 0x00, 0x00, 0x21, 0x45, 0x21, 0x45, 
0x21, 0x45, 0x21, 0x45, 0x21, 0x45, 0x21, 0x45, 0x00, 0x00, 0x00, 0x00, 0x00, 0x00, 0x00, 0x00, 
0x00, 0x00, 0x00, 0x00, 0x00, 0x00, 0x00, 0x00, 0x00, 0x00, 0x00, 0x00, 0x00, 0x00, 0x00, 0x00, 
0x00, 0x00, 0x00, 0x00, 0x00, 0x00, 0x00, 0x00, 0x00, 0x00, 0x00, 0x00, 0x00, 0x00, 0x00, 0x00, 
0x02, 0x44, 0x02, 0x44, 0x02, 0x44, 0x02, 0x44, 0x02, 0x44, 0x21, 0x45, 0x31, 0xC7, 0x31, 0xC7, 
0x42, 0x49, 0x42, 0x49, 0x42, 0x49, 0x42, 0x49, 0x21, 0x45, 0x00, 0x00, 0x00, 0x00, 0x00, 0x00, 
0x00, 0x00, 0x00, 0x00, 0x00, 0x00, 0x00, 0x00, 0x00, 0x00, 0x00, 0x00, 0x00, 0x00, 0x00, 0x00, 
0x00, 0x00, 0x00, 0x00, 0x00, 0x00, 0x00, 0x00, 0x00, 0x00, 0x00, 0x00, 0x00, 0x00, 0x02, 0x44, 
0x15, 0x8D, 0x15, 0x8D, 0x03, 0xE8, 0x03, 0xE8, 0x02, 0x44, 0x31, 0xC7, 0x31, 0xC7, 0x52, 0xCB, 
0x52, 0xCB, 0x52, 0xCB, 0x52, 0xCB, 0x52, 0xCB, 0x52, 0xCB, 0x21, 0x45, 0x21, 0x45, 0x00, 0x00, 
0x21, 0x45, 0x21, 0x45, 0x21, 0x45, 0x21, 0x45, 0x00, 0x00, 0x00, 0x00, 0x00, 0x00, 0x00, 0x00, 
0x00, 0x00, 0x00, 0x00, 0x00, 0x00, 0x00, 0x00, 0x00, 0x00, 0x00, 0x00, 0x02, 0x44, 0x15, 0x8D, 
0x15, 0x8D, 0x15, 0x8D, 0x03, 0xE8, 0x03, 0xE8, 0x02, 0x44, 0x02, 0x44, 0x52, 0xCB, 0x5B, 0x0C, 
0x5B, 0x0C, 0x5B, 0x0C, 0x5B, 0x0C, 0x5B, 0x0C, 0x52, 0xCB, 0x52, 0xCB, 0x21, 0x45, 0x21, 0x45, 
0x63, 0x4D, 0x63, 0x4D, 0x63, 0x4D, 0x42, 0x49, 0x21, 0x45, 0x00, 0x00, 0x00, 0x00, 0x00, 0x00, 
0x00, 0x00, 0x00, 0x00, 0x00, 0x00, 0x00, 0x00, 0x00, 0x00, 0x02, 0x44, 0x12, 0xA6, 0x03, 0xE8, 
0x15, 0x8D, 0x15, 0x8D, 0x03, 0xE8, 0x03, 0xE8, 0x1B, 0x07, 0x02, 0x44, 0x5B, 0x0C, 0x63, 0x4D, 
0x63, 0x4D, 0x63, 0x4D, 0x63, 0x4D, 0x07, 0xE0, 0x00, 0x1F, 0x52, 0xCB, 0x21, 0x45, 0x63, 0x4D, 
0x63, 0x4D, 0x63, 0x4D, 0x07, 0xE0, 0x00, 0x1F, 0x52, 0xCB, 0x21, 0x45, 0x00, 0x00, 0x00, 0x00, 
0x00, 0x00, 0x00, 0x00, 0x00, 0x00, 0x00, 0x00, 0x02, 0x44, 0x15, 0x8D, 0x12, 0xA6, 0x12, 0xA6, 
0x03, 0xE8, 0x03, 0xE8, 0x03, 0xE8, 0x03, 0xE8, 0x1B, 0x07, 0x02, 0x44, 0x5B, 0x0C, 0x63, 0x4D, 
0x63, 0x4D, 0x63, 0x4D, 0x63, 0x4D, 0x00, 0x1F, 0x00, 0x1F, 0x52, 0xCB, 0x21, 0x45, 0x63, 0x4D, 
0x63, 0x4D, 0x63, 0x4D, 0x00, 0x1F, 0x00, 0x1F, 0x52, 0xCB, 0x8B, 0x69, 0x8B, 0x69, 0x00, 0x00, 
0x00, 0x00, 0x00, 0x00, 0x00, 0x00, 0x02, 0x44, 0x15, 0x8D, 0x15, 0x8D, 0x15, 0x8D, 0x12, 0xA6, 
0x12, 0xA6, 0x03, 0xE8, 0x03, 0xE8, 0x1B, 0x07, 0x1B, 0x07, 0x02, 0x44, 0x5B, 0x0C, 0x1C, 0x7E, 
0x1C, 0x7E, 0x1C, 0x7E, 0x1C, 0x7E, 0x63, 0x4D, 0x5B, 0x0C, 0x5B, 0x0C, 0x52, 0xCB, 0x21, 0x45, 
0x42, 0x49, 0x42, 0x49, 0x63, 0x4D, 0x63, 0x4D, 0x5B, 0x0C, 0x8B, 0x69, 0x8B, 0x69, 0x00, 0x00, 
0x00, 0x00, 0x00, 0x00, 0x00, 0x00, 0x02, 0x44, 0x15, 0x8D, 0x15, 0x8D, 0x15, 0x8D, 0x03, 0xE8, 
0x12, 0xA6, 0x12, 0xA6, 0x03, 0xE8, 0x1B, 0x07, 0x1B, 0x07, 0x02, 0x44, 0x5B, 0x0C, 0x1C, 0x7E, 
0x5E, 0x7E, 0x5E, 0x7E, 0x1C, 0x7E, 0x63, 0x4D, 0x5B, 0x0C, 0x5B, 0x0C, 0x52, 0xCB, 0x21, 0x45, 
0x63, 0x4D, 0x63, 0x4D, 0x63, 0x4D, 0x63, 0x4D, 0x5B, 0x0C, 0x8B, 0x69, 0x6A, 0x65, 0x00, 0x00, 
0x00, 0x00, 0x00, 0x00, 0x00, 0x00, 0x02, 0x44, 0x15, 0x8D, 0x15, 0x8D, 0x15, 0x8D, 0x03, 0xE8, 
0x03, 0xE8, 0x12, 0xA6, 0x12, 0xA6, 0x1B, 0x07, 0x1B, 0x07, 0x02, 0x44, 0x5B, 0x0C, 0x63, 0x4D, 
0x63, 0x4D, 0x63, 0x4D, 0x63, 0x4D, 0x63, 0x4D, 0x5B, 0x0C, 0x5B, 0x0C, 0x52, 0xCB, 0x21, 0x45, 
0x63, 0x4D, 0xFC, 0x29, 0xFC, 0x29, 0xF8, 0x00, 0xE2, 0x21, 0x6A, 0x65, 0x6A, 0x65, 0x00, 0x00, 
0x00, 0x00, 0x00, 0x00, 0x00, 0x00, 0x02, 0x44, 0x15, 0x8D, 0x15, 0x8D, 0x15, 0x8D, 0x03, 0xE8, 
0x03, 0xE8, 0x03, 0xE8, 0x12, 0xA6, 0x1B, 0x07, 0x1B, 0x07, 0x02, 0x44, 0x5B, 0x0C, 0x63, 0x4D, 
0x63, 0x4D, 0x63, 0x4D, 0x63, 0x4D, 0x63, 0x4D, 0x00, 0x1F, 0x5B, 0x0C, 0x52, 0xCB, 0x21, 0x45, 
0xFC, 0x29, 0xFC, 0x29, 0xF8, 0x00, 0xF2, 0xA3, 0xE2, 0x21, 0x6A, 0x65, 0x6A, 0x65, 0x00, 0x00, 
0x00, 0x00, 0x00, 0x00, 0x00, 0x00, 0x02, 0x44, 0x15, 0x8D, 0x15, 0x8D, 0x15, 0x8D, 0x03, 0xE8, 
0x03, 0xE8, 0x03, 0xE8, 0x1B, 0x07, 0x12, 0xA6, 0x1B, 0x07, 0x02, 0x44, 0x5B, 0x0C, 0x63, 0x4D, 
0x63, 0x4D, 0x63, 0x4D, 0x63, 0x4D, 0x5B, 0x0C, 0x00, 0x1F, 0x5B, 0x0C, 0x52, 0xCB, 0x42, 0x49, 
0xFC, 0x29, 0xF8, 0x00, 0xF8, 0x00, 0xF2, 0xA3, 0xE2, 0x21, 0x6A, 0x65, 0x6A, 0x65, 0x00, 0x00, 
0x00, 0x00, 0x00, 0x00, 0x00, 0x00, 0x02, 0x44, 0x15, 0x8D, 0x15, 0x8D, 0x15, 0x8D, 0x03, 0xE8, 
0x03, 0xE8, 0x03, 0xE8, 0x1B, 0x07, 0x12, 0xA6, 0x1B, 0x07, 0x02, 0x44, 0x5B, 0x0C, 0x5B, 0x0C, 
0x63, 0x4D, 0x63, 0x4D, 0x5B, 0x0C, 0x5B, 0x0C, 0x00, 0x1F, 0x5B, 0x0C, 0x52, 0xCB, 0x42, 0x49, 
0xF8, 0x00, 0xF8, 0x00, 0xF8, 0x00, 0xF2, 0xA3, 0xE2, 0x21, 0x42, 0x49, 0x00, 0x00, 0x00, 0x00, 
0x00, 0x00, 0x00, 0x00, 0x00, 0x00, 0x02, 0x44, 0x03, 0xE8, 0x15, 0x8D, 0x15, 0x8D, 0x03, 0xE8, 
0x03, 0xE8, 0x03, 0xE8, 0x1B, 0x07, 0x12, 0xA6, 0x1B, 0x07, 0x02, 0x44, 0x5B, 0x0C, 0x5B, 0x0C, 
0x5B, 0x0C, 0x5B, 0x0C, 0x5B, 0x0C, 0x5B, 0x0C, 0x00, 0x1F, 0x5B, 0x0C, 0x52, 0xCB, 0x42, 0x49, 
0xF2, 0xA3, 0xF2, 0xA3, 0xF2, 0xA3, 0xF2, 0xA3, 0xE2, 0x21, 0x42, 0x49, 0x00, 0x00, 0x00, 0x00, 
0x00, 0x00, 0x00, 0x00, 0x00, 0x00, 0x02, 0x44, 0x03, 0xE8, 0x03, 0xE8, 0x03, 0xE8, 0x03, 0xE8, 
0x03, 0xE8, 0x03, 0xE8, 0x1B, 0x07, 0x12, 0xA6, 0x1B, 0x07, 0x02, 0x44, 0x52, 0xCB, 0x5B, 0x0C, 
0x5B, 0x0C, 0x5B, 0x0C, 0x5B, 0x0C, 0x5B, 0x0C, 0x00, 0x1F, 0x5B, 0x0C, 0x42, 0x49, 0x42, 0x49, 
0xF2, 0xA3, 0xF2, 0xA3, 0xF2, 0xA3, 0xF2, 0xA3, 0xE2, 0x21, 0x52, 0xCB, 0x8B, 0x69, 0x8B, 0x69, 
0x00, 0x00, 0x00, 0x00, 0x00, 0x00, 0x02, 0x44, 0x12, 0xA6, 0x03, 0xE8, 0x03, 0xE8, 0x03, 0xE8, 
0x03, 0xE8, 0x03, 0xE8, 0x1B, 0x07, 0x12, 0xA6, 0x12, 0xA6, 0x02, 0x44, 0x52, 0xCB, 0x52, 0xCB, 
0x5B, 0x0C, 0x5B, 0x0C, 0x5B, 0x0C, 0x5B, 0x0C, 0x00, 0x1F, 0x52, 0xCB, 0x42, 0x49, 0x42, 0x49, 
0x52, 0xCB, 0xE2, 0x21, 0xE2, 0x21, 0xE2, 0x21, 0xE2, 0x21, 0x52, 0xCB, 0x8B, 0x69, 0x8B, 0x69, 
0x00, 0x00, 0x00, 0x00, 0x00, 0x00, 0x02, 0x44, 0x12, 0xA6, 0x12, 0xA6, 0x03, 0xE8, 0x03, 0xE8, 
0x03, 0xE8, 0x03, 0xE8, 0x1B, 0x07, 0x1B, 0x07, 0x12, 0xA6, 0x02, 0x44, 0x52, 0xCB, 0x52, 0xCB, 
0x52, 0xCB, 0x52, 0xCB, 0x52, 0xCB, 0x52, 0xCB, 0x52, 0xCB, 0x52, 0xCB, 0x42, 0x49, 0x21, 0x45, 
0x42, 0x49, 0xE2, 0x21, 0xE2, 0x21, 0xE2, 0x21, 0xE2, 0x21, 0x52, 0xCB, 0x8B, 0x69, 0x6A, 0x65, 
0x00, 0x00, 0x00, 0x00, 0x02, 0x44, 0x15, 0x8D, 0x15, 0x8D, 0x12, 0xA6, 0x12, 0xA6, 0x03, 0xE8, 
0x03, 0xE8, 0x1B, 0x07, 0x1B, 0x07, 0x1B, 0x07, 0x12, 0xA6, 0x02, 0x44, 0x52, 0xCB, 0x1C, 0x7E, 
0x5E, 0x7E, 0x5E, 0x7E, 0x1C, 0x7E, 0x52, 0xCB, 0x52, 0xCB, 0x52, 0xCB, 0x42, 0x49, 0x21, 0x45, 
0x42, 0x49, 0x52, 0xCB, 0x52, 0xCB, 0x52, 0xCB, 0x52, 0xCB, 0x52, 0xCB, 0x6A, 0x65, 0x6A, 0x65, 
0x00, 0x00, 0x00, 0x00, 0x02, 0x44, 0x15, 0x8D, 0x15, 0x8D, 0x03, 0xE8, 0x12, 0xA6, 0x1B, 0x07, 
0x1B, 0x07, 0x1B, 0x07, 0x1B, 0x07, 0x1B, 0x07, 0x12, 0xA6, 0x02, 0x44, 0x52, 0xCB, 0x1C, 0x7E, 
0x1C, 0x7E, 0x1C, 0x7E, 0x1C, 0x7E, 0x52, 0xCB, 0x52, 0xCB, 0x52, 0xCB, 0x42, 0x49, 0x21, 0x45, 
0x42, 0x49, 0x42, 0x49, 0x42, 0x49, 0x42, 0x49, 0x42, 0x49, 0x42, 0x49, 0x6A, 0x65, 0x6A, 0x65, 
0x00, 0x00, 0x00, 0x00, 0x02, 0x44, 0x03, 0xE8, 0x03, 0xE8, 0x03, 0xE8, 0x12, 0xA6, 0x12, 0xA6, 
0x1B, 0x07, 0x1B, 0x07, 0x1B, 0x07, 0x1B, 0x07, 0x12, 0xA6, 0x02, 0x44, 0x42, 0x49, 0x52, 0xCB, 
0x52, 0xCB, 0x52, 0xCB, 0x52, 0xCB, 0x07, 0xE0, 0x00, 0x1F, 0x42, 0x49, 0x21, 0x45, 0x42, 0x49, 
0x21, 0x45, 0x42, 0x49, 0x42, 0x49, 0x42, 0x49, 0x42, 0x49, 0x42, 0x49, 0x6A, 0x65, 0x6A, 0x65, 
0x00, 0x00, 0x00, 0x00, 0x02, 0x44, 0x03, 0xE8, 0x03, 0xE8, 0x03, 0xE8, 0x03, 0xE8, 0x12, 0xA6, 
0x1B, 0x07, 0x1B, 0x07, 0x1B, 0x07, 0x1B, 0x07, 0x12, 0xA6, 0x02, 0x44, 0x42, 0x49, 0x42, 0x49, 
0x42, 0x49, 0x42, 0x49, 0x42, 0x49, 0x00, 0x1F, 0x00, 0x1F, 0x42, 0x49, 0x21, 0x45, 0x31, 0xC7, 
0x42, 0x49, 0x21, 0x45, 0x42, 0x49, 0x42, 0x49, 0x42, 0x49, 0x21, 0x45, 0x00, 0x00, 0x00, 0x00, 
0x00, 0x00, 0x02, 0x44, 0x03, 0xE8, 0x03, 0xE8, 0x03, 0xE8, 0x03, 0xE8, 0x1B, 0x07, 0x12, 0xA6, 
0x12, 0xA6, 0x1B, 0x07, 0x1B, 0x07, 0x1B, 0x07, 0x12, 0xA6, 0x02, 0x44, 0x31, 0xC7, 0x42, 0x49, 
0x42, 0x49, 0x42, 0x49, 0x42, 0x49, 0x42, 0x49, 0x42, 0x49, 0x31, 0xC7, 0x21, 0x45, 0x31, 0xC7, 
0x07, 0xE0, 0x00, 0x1F, 0x42, 0x49, 0x31, 0xC7, 0x21, 0x45, 0x52, 0xCB, 0x21, 0x45, 0x00, 0x00, 
0x00, 0x00, 0x02, 0x44, 0x03, 0xE8, 0x03, 0xE8, 0x1B, 0x07, 0x1B, 0x07, 0x1B, 0x07, 0x1B, 0x07, 
0x12, 0xA6, 0x1B, 0x07, 0x1B, 0x07, 0x12, 0xA6, 0x12, 0xA6, 0x02, 0x44, 0x31, 0xC7, 0x31, 0xC7, 
0x31, 0xC7, 0x31, 0xC7, 0x31, 0xC7, 0x31, 0xC7, 0x31, 0xC7, 0x21, 0x45, 0x21, 0x45, 0x31, 0xC7, 
0x00, 0x1F, 0x00, 0x1F, 0x42, 0x49, 0x21, 0x45, 0x5B, 0x0C, 0x52, 0xCB, 0x21, 0x45, 0x00, 0x00, 
0x00, 0x00, 0x00, 0x00, 0x02, 0x44, 0x1B, 0x07, 0x1B, 0x07, 0x1B, 0x07, 0x1B, 0x07, 0x1B, 0x07, 
0x12, 0xA6, 0x12, 0xA6, 0x12, 0xA6, 0x12, 0xA6, 0x12, 0xA6, 0x12, 0xA6, 0x02, 0x44, 0x31, 0xC7, 
0x31, 0xC7, 0x31, 0xC7, 0x31, 0xC7, 0x31, 0xC7, 0x21, 0x45, 0x00, 0x00, 0x00, 0x00, 0x21, 0x45, 
0x31, 0xC7, 0x31, 0xC7, 0x21, 0x45, 0x21, 0x45, 0x52, 0xCB, 0x52, 0xCB, 0x42, 0x49, 0x00, 0x00, 
0x00, 0x00, 0x00, 0x00, 0x00, 0x00, 0x02, 0x44, 0x02, 0x44, 0x02, 0x44, 0x02, 0x44, 0x02, 0x44, 
0x02, 0x44, 0x12, 0xA6, 0x12, 0xA6, 0x12, 0xA6, 0x12, 0xA6, 0x12, 0xA6, 0x02, 0x44, 0x21, 0x45, 
0x21, 0x45, 0x21, 0x45, 0x21, 0x45, 0x21, 0x45, 0x00, 0x00, 0x00, 0x00, 0x00, 0x00, 0x00, 0x00, 
0x21, 0x45, 0x21, 0x45, 0x00, 0x00, 0x21, 0x45, 0x42, 0x49, 0x42, 0x49, 0x42, 0x49, 0x00, 0x00, 
0x00, 0x00, 0x00, 0x00, 0x00, 0x00, 0x00, 0x00, 0x00, 0x00, 0x00, 0x00, 0x00, 0x00, 0x00, 0x00, 
0x00, 0x00, 0x02, 0x44, 0x12, 0xA6, 0x12, 0xA6, 0x12, 0xA6, 0x12, 0xA6, 0x02, 0x44, 0x00, 0x00, 
0x00, 0x00, 0x00, 0x00, 0x00, 0x00, 0x00, 0x00, 0x00, 0x00, 0x00, 0x00, 0x00, 0x00, 0x00, 0x00, 
0x00, 0x00, 0x00, 0x00, 0x21, 0x45, 0x42, 0x49, 0x42, 0x49, 0x21, 0x45, 0x00, 0x00, 0x00, 0x00, 
0x00, 0x00, 0x00, 0x00, 0x00, 0x00, 0x00, 0x00, 0x00, 0x00, 0x00, 0x00, 0x00, 0x00, 0x00, 0x00, 
0x00, 0x00, 0x00, 0x00, 0x02, 0x44, 0x02, 0x44, 0x02, 0x44, 0x02, 0x44, 0x00, 0x00, 0x00, 0x00, 
0x00, 0x00, 0x00, 0x00, 0x00, 0x00, 0x00, 0x00, 0x00, 0x00, 0x00, 0x00, 0x00, 0x00, 0x00, 0x00, 
0x00, 0x00, 0x00, 0x00, 0x21, 0x45, 0x42, 0x49, 0x21, 0x45, 0x00, 0x00, 0x00, 0x00, 0x00, 0x00, 
0x00, 0x00, 0x00, 0x00, 0x00, 0x00, 0x00, 0x00, 0x00, 0x00, 0x00, 0x00, 0x00, 0x00, 0x00, 0x00, 
0x00, 0x00, 0x00, 0x00, 0x00, 0x00, 0x00, 0x00, 0x00, 0x00, 0x00, 0x00, 0x00, 0x00, 0x00, 0x00, 
0x00, 0x00, 0x00, 0x00, 0x00, 0x00, 0x00, 0x00, 0x00, 0x00, 0x00, 0x00, 0x00, 0x00, 0x00, 0x00, 
0x00, 0x00, 0x00, 0x00, 0x00, 0x00, 0x21, 0x45, 0x00, 0x00, 0x00, 0x00, 0x00, 0x00, 0x00, 0x00, 
0x00, 0x00, 0x00, 0x00, 0x00, 0x00, 0x00, 0x00, 0x00, 0x00, 0x00, 0x00, 0x00, 0x00, 0x00, 0x00, 
0x00, 0x00, 0x00, 0x00, 0x00, 0x00, 0x00, 0x00, 0x00, 0x00, 0x00, 0x00, 0x00, 0x00, 0x00, 0x00, 
0x00, 0x00, 0x00, 0x00, 0x00, 0x00, 0x00, 0x00, 0x00, 0x00, 0x00, 0x00, 0x00, 0x00, 0x00, 0x00, 
0x00, 0x00, 0x00, 0x00, 0x00, 0x00, 0x00, 0x00, 0x00, 0x00, 0x00, 0x00, 0x00, 0x00, 0x00, 0x00
}
,
{
0x00, 0x00, 0x00, 0x00, 0x00, 0x00, 0x00, 0x00, 0x00, 0x00, 0x00, 0x00, 0x00, 0x00, 0x00, 0x00, 
0x00, 0x00, 0x00, 0x00, 0x00, 0x00, 0x00, 0x00, 0x00, 0x00, 0x00, 0x00, 0x00, 0x00, 0x00, 0x00, 
0x00, 0x00, 0x00, 0x00, 0x00, 0x00, 0x00, 0x00, 0x00, 0x00, 0x00, 0x00, 0x00, 0x00, 0x00, 0x00, 
0x00, 0x00, 0x00, 0x00, 0x00, 0x00, 0x00, 0x00, 0x00, 0x00, 0x00, 0x00, 0x00, 0x00, 0x00, 0x00, 
0x00, 0x00, 0x00, 0x00, 0x00, 0x00, 0x00, 0x00, 0x00, 0x00, 0x00, 0x00, 0x00, 0x00, 0x00, 0x00, 
0x00, 0x00, 0x00, 0x00, 0x00, 0x00, 0x00, 0x00, 0x00, 0x00, 0x00, 0x00, 0x00, 0x00, 0x00, 0x00, 
0x00, 0x00, 0x00, 0x00, 0x00, 0x00, 0x00, 0x00, 0x00, 0x00, 0x00, 0x00, 0x00, 0x00, 0x00, 0x00, 
0x00, 0x00, 0x00, 0x00, 0x00, 0x00, 0x00, 0x00, 0x00, 0x00, 0x00, 0x00, 0x00, 0x00, 0x00, 0x00, 
0x00, 0x00, 0x00, 0x00, 0x00, 0x00, 0x00, 0x00, 0x00, 0x00, 0x00, 0x00, 0x00, 0x00, 0x00, 0x00, 
0x00, 0x00, 0x00, 0x00, 0x00, 0x00, 0x00, 0x00, 0x00, 0x00, 0x00, 0x00, 0x00, 0x00, 0x00, 0x00, 
0x00, 0x00, 0x00, 0x00, 0x00, 0x00, 0x00, 0x00, 0x00, 0x00, 0x00, 0x00, 0x00, 0x00, 0x00, 0x00, 
0x00, 0x00, 0x00, 0x00, 0x00, 0x00, 0x00, 0x00, 0x00, 0x00, 0x00, 0x00, 0x00, 0x00, 0x00, 0x00, 
0x00, 0x00, 0x00, 0x00, 0x00, 0x00, 0x00, 0x00, 0x00, 0x00, 0x00, 0x00, 0x00, 0x00, 0x00, 0x00, 
0x00, 0x00, 0x00, 0x00, 0x00, 0x00, 0x00, 0x00, 0x00, 0x00, 0x00, 0x00, 0x00, 0x00, 0x00, 0x00, 
0x00, 0x00, 0x00, 0x00, 0x00, 0x00, 0x00, 0x00, 0x00, 0x00, 0x00, 0x00, 0x00, 0x00, 0x00, 0x00, 
0x00, 0x00, 0x00, 0x00, 0x00, 0x00, 0x00, 0x00, 0x00, 0x00, 0x00, 0x00, 0x00, 0x00, 0x00, 0x00, 
0x00, 0x00, 0x00, 0x00, 0x00, 0x00, 0x00, 0x00, 0x00, 0x00, 0x00, 0x00, 0x00, 0x00, 0x00, 0x00, 
0x00, 0x00, 0x00, 0x00, 0x00, 0x00, 0x00, 0x00, 0x00, 0x00, 0x21, 0x45, 0x21, 0x45, 0x21, 0x45, 
0x21, 0x45, 0x21, 0x45, 0x21, 0x45, 0x00, 0x00, 0x00, 0x00, 0x00, 0x00, 0x00, 0x00, 0x21, 0x45, 
0x21, 0x45, 0x00, 0x00, 0x00, 0x00, 0x00, 0x00, 0x00, 0x00, 0x00, 0x00, 0x00, 0x00, 0x00, 0x00, 
0x00, 0x00, 0x00, 0x00, 0x00, 0x00, 0x00, 0x00, 0x00, 0x00, 0x00, 0x00, 0x00, 0x00, 0x02, 0x44, 
0x02, 0x44, 0x02, 0x44, 0x02, 0x44, 0x02, 0x44, 0x21, 0x45, 0x31, 0xC7, 0x31, 0xC7, 0x42, 0x49, 
0x42, 0x49, 0x42, 0x49, 0x42, 0x49, 0x21, 0x45, 0x00, 0x00, 0x00, 0x00, 0x21, 0x45, 0x52, 0xCB, 
0x52, 0xCB, 0x21, 0x45, 0x00, 0x00, 0x00, 0x00, 0x00, 0x00, 0x00, 0x00, 0x00, 0x00, 0x00, 0x00, 
0x00, 0x00, 0x00, 0x00, 0x00, 0x00, 0x00, 0x00, 0x00, 0x00, 0x00, 0x00, 0x02, 0x44, 0x15, 0x8D, 
0x15, 0x8D, 0x03, 0xE8, 0x03, 0xE8, 0x02, 0x44, 0x31, 0xC7, 0x31, 0xC7, 0x52, 0xCB, 0x52, 0xCB, 
0x52, 0xCB, 0x52, 0xCB, 0x52, 0xCB, 0x52, 0xCB, 0x21, 0x45, 0x21, 0x45, 0x52, 0xCB, 0x5B, 0x0C, 
0x07, 0xE0, 0x00, 0x1F, 0x21, 0x45, 0x00, 0x00, 0x00, 0x00, 0x00, 0x00, 0x00, 0x00, 0x00, 0x00, 
0x00, 0x00, 0x00, 0x00, 0x00, 0x00, 0x00, 0x00, 0x00, 0x00, 0x02, 0x44, 0x15, 0x8D, 0x15, 0x8D, 
0x15, 0x8D, 0x03, 0xE8, 0x03, 0xE8, 0x02, 0x44, 0x02, 0x44, 0x52, 0xCB, 0x5B, 0x0C, 0x5B, 0x0C, 
0x5B, 0x0C, 0x5B, 0x0C, 0x5B, 0x0C, 0x52, 0xCB, 0x52, 0xCB, 0x21, 0x45, 0x5B, 0x0C, 0x63, 0x4D, 
0x00, 0x1F, 0x00, 0x1F, 0x42, 0x49, 0x21, 0x45, 0x00, 0x00, 0x00, 0x00, 0x00, 0x00, 0x00, 0x00, 
0x00, 0x00, 0x00, 0x00, 0x00, 0x00, 0x00, 0x00, 0x02, 0x44, 0x12, 0xA6, 0x03, 0xE8, 0x15, 0x8D, 
0x15, 0x8D, 0x03, 0xE8, 0x03, 0xE8, 0x1B, 0x07, 0x02, 0x44, 0x5B, 0x0C, 0x63, 0x4D, 0x63, 0x4D, 
0x63, 0x4D, 0x63, 0x4D, 0x07, 0xE0, 0x00, 0x1F, 0x52, 0xCB, 0x21, 0x45, 0x63, 0x4D, 0x63, 0x4D, 
0x63, 0x4D, 0x42, 0x49, 0x52, 0xCB, 0x52, 0xCB, 0x21, 0x45, 0x00, 0x00, 0x00, 0x00, 0x00, 0x00, 
0x00, 0x00, 0x00, 0x00, 0x00, 0x00, 0x02, 0x44, 0x15, 0x8D, 0x12, 0xA6, 0x12, 0xA6, 0x03, 0xE8, 
0x03, 0xE8, 0x03, 0xE8, 0x03, 0xE8, 0x1B, 0x07, 0x02, 0x44, 0x5B, 0x0C, 0x63, 0x4D, 0x63, 0x4D, 
0x63, 0x4D, 0x63, 0x4D, 0x00, 0x1F, 0x00, 0x1F, 0x52, 0xCB, 0x21, 0x45, 0x63, 0x4D, 0x63, 0x4D, 
0x42, 0x49, 0x5B, 0x0C, 0x5B, 0x0C, 0x52, 0xCB, 0x8B, 0x69, 0x8B, 0x69, 0x00, 0x00, 0x00, 0x00, 
0x00, 0x00, 0x00, 0x00, 0x02, 0x44, 0x15, 0x8D, 0x15, 0x8D, 0x15, 0x8D, 0x12, 0xA6, 0x12, 0xA6, 
0x03, 0xE8, 0x03, 0xE8, 0x1B, 0x07, 0x1B, 0x07, 0x02, 0x44, 0x5B, 0x0C, 0x1C, 0x7E, 0x1C, 0x7E, 
0x1C, 0x7E, 0x1C, 0x7E, 0x63, 0x4D, 0x5B, 0x0C, 0x5B, 0x0C, 0x52, 0xCB, 0x21, 0x45, 0x42, 0x49, 
0x63, 0x4D, 0x63, 0x4D, 0x63, 0x4D, 0x5B, 0x0C, 0x8B, 0x69, 0x8B, 0x69, 0x00, 0x00, 0x00, 0x00, 
0x00, 0x00, 0x00, 0x00, 0x02, 0x44, 0x15, 0x8D, 0x15, 0x8D, 0x15, 0x8D, 0x03, 0xE8, 0x12, 0xA6, 
0x12, 0xA6, 0x03, 0xE8, 0x1B, 0x07, 0x1B, 0x07, 0x02, 0x44, 0x5B, 0x0C, 0x1C, 0x7E, 0x5E, 0x7E, 
0x5E, 0x7E, 0x1C, 0x7E, 0x63, 0x4D, 0x5B, 0x0C, 0x5B, 0x0C, 0x52, 0xCB, 0x21, 0x45, 0x63, 0x4D, 
0x63, 0x4D, 0x63, 0x4D, 0x63, 0x4D, 0x5B, 0x0C, 0x8B, 0x69, 0x6A, 0x65, 0x00, 0x00, 0x00, 0x00, 
0x00, 0x00, 0x00, 0x00, 0x02, 0x44, 0x15, 0x8D, 0x15, 0x8D, 0x15, 0x8D, 0x03, 0xE8, 0x03, 0xE8, 
0x12, 0xA6, 0x12, 0xA6, 0x1B, 0x07, 0x1B, 0x07, 0x02, 0x44, 0x5B, 0x0C, 0x63, 0x4D, 0x63, 0x4D, 
0x63, 0x4D, 0x63, 0x4D, 0x63, 0x4D, 0x5B, 0x0C, 0x5B, 0x0C, 0x52, 0xCB, 0x21, 0x45, 0x63, 0x4D, 
0xFC, 0x29, 0xFC, 0x29, 0xF8, 0x00, 0xE2, 0x21, 0x6A, 0x65, 0x6A, 0x65, 0x00, 0x00, 0x00, 0x00, 
0x00, 0x00, 0x00, 0x00, 0x02, 0x44, 0x15, 0x8D, 0x15, 0x8D, 0x15, 0x8D, 0x03, 0xE8, 0x03, 0xE8, 
0x03, 0xE8, 0x12, 0xA6, 0x1B, 0x07, 0x1B, 0x07, 0x02, 0x44, 0x5B, 0x0C, 0x63, 0x4D, 0x63, 0x4D, 
0x63, 0x4D, 0x63, 0x4D, 0x63, 0x4D, 0x00, 0x1F, 0x5B, 0x0C, 0x52, 0xCB, 0x21, 0x45, 0xFC, 0x29, 
0xFC, 0x29, 0xF8, 0x00, 0xF2, 0xA3, 0xE2, 0x21, 0x6A, 0x65, 0x6A, 0x65, 0x00, 0x00, 0x00, 0x00, 
0x00, 0x00, 0x00, 0x00, 0x02, 0x44, 0x15, 0x8D, 0x15, 0x8D, 0x15, 0x8D, 0x03, 0xE8, 0x03, 0xE8, 
0x03, 0xE8, 0x1B, 0x07, 0x12, 0xA6, 0x1B, 0x07, 0x02, 0x44, 0x5B, 0x0C, 0x63, 0x4D, 0x63, 0x4D, 
0x63, 0x4D, 0x63, 0x4D, 0x5B, 0x0C, 0x00, 0x1F, 0x5B, 0x0C, 0x52, 0xCB, 0x42, 0x49, 0xFC, 0x29, 
0xF8, 0x00, 0xF8, 0x00, 0xF2, 0xA3, 0xE2, 0x21, 0x6A, 0x65, 0x6A, 0x65, 0x00, 0x00, 0x00, 0x00, 
0x00, 0x00, 0x00, 0x00, 0x02, 0x44, 0x15, 0x8D, 0x15, 0x8D, 0x15, 0x8D, 0x03, 0xE8, 0x03, 0xE8, 
0x03, 0xE8, 0x1B, 0x07, 0x12, 0xA6, 0x1B, 0x07, 0x02, 0x44, 0x5B, 0x0C, 0x5B, 0x0C, 0x63, 0x4D, 
0x63, 0x4D, 0x5B, 0x0C, 0x5B, 0x0C, 0x00, 0x1F, 0x5B, 0x0C, 0x52, 0xCB, 0x42, 0x49, 0xF8, 0x00, 
0xF8, 0x00, 0xF8, 0x00, 0xF2, 0xA3, 0xE2, 0x21, 0x42, 0x49, 0x00, 0x00, 0x00, 0x00, 0x00, 0x00, 
0x00, 0x00, 0x00, 0x00, 0x02, 0x44, 0x03, 0xE8, 0x15, 0x8D, 0x15, 0x8D, 0x03, 0xE8, 0x03, 0xE8, 
0x03, 0xE8, 0x1B, 0x07, 0x12, 0xA6, 0x1B, 0x07, 0x02, 0x44, 0x5B, 0x0C, 0x5B, 0x0C, 0x5B, 0x0C, 
0x5B, 0x0C, 0x5B, 0x0C, 0x5B, 0x0C, 0x00, 0x1F, 0x5B, 0x0C, 0x52, 0xCB, 0x42, 0x49, 0xF2, 0xA3, 
0xF2, 0xA3, 0xF2, 0xA3, 0xF2, 0xA3, 0xE2, 0x21, 0x42, 0x49, 0x00, 0x00, 0x00, 0x00, 0x00, 0x00, 
0x00, 0x00, 0x00, 0x00, 0x02, 0x44, 0x03, 0xE8, 0x03, 0xE8, 0x03, 0xE8, 0x03, 0xE8, 0x03, 0xE8, 
0x03, 0xE8, 0x1B, 0x07, 0x12, 0xA6, 0x1B, 0x07, 0x02, 0x44, 0x52, 0xCB, 0x5B, 0x0C, 0x5B, 0x0C, 
0x5B, 0x0C, 0x5B, 0x0C, 0x5B, 0x0C, 0x00, 0x1F, 0x5B, 0x0C, 0x42, 0x49, 0x42, 0x49, 0xF2, 0xA3, 
0xF2, 0xA3, 0xF2, 0xA3, 0xF2, 0xA3, 0xE2, 0x21, 0x8B, 0x69, 0x8B, 0x69, 0x00, 0x00, 0x00, 0x00, 
0x00, 0x00, 0x00, 0x00, 0x02, 0x44, 0x12, 0xA6, 0x03, 0xE8, 0x03, 0xE8, 0x03, 0xE8, 0x03, 0xE8, 
0x03, 0xE8, 0x1B, 0x07, 0x12, 0xA6, 0x12, 0xA6, 0x02, 0x44, 0x52, 0xCB, 0x52, 0xCB, 0x5B, 0x0C, 
0x5B, 0x0C, 0x5B, 0x0C, 0x5B, 0x0C, 0x00, 0x1F, 0x52, 0xCB, 0x42, 0x49, 0x42, 0x49, 0x52, 0xCB, 
0xE2, 0x21, 0xE2, 0x21, 0xE2, 0x21, 0xE2, 0x21, 0x8B, 0x69, 0x8B, 0x69, 0x00, 0x00, 0x00, 0x00, 
0x00, 0x00, 0x00, 0x00, 0x02, 0x44, 0x12, 0xA6, 0x12, 0xA6, 0x03, 0xE8, 0x03, 0xE8, 0x03, 0xE8, 
0x03, 0xE8, 0x1B, 0x07, 0x1B, 0x07, 0x12, 0xA6, 0x02, 0x44, 0x52, 0xCB, 0x52, 0xCB, 0x52, 0xCB, 
0x52, 0xCB, 0x52, 0xCB, 0x52, 0xCB, 0x52, 0xCB, 0x52, 0xCB, 0x42, 0x49, 0x21, 0x45, 0x42, 0x49, 
0xE2, 0x21, 0xE2, 0x21, 0xE2, 0x21, 0xE2, 0x21, 0x8B, 0x69, 0x6A, 0x65, 0x00, 0x00, 0x00, 0x00, 
0x00, 0x00, 0x02, 0x44, 0x15, 0x8D, 0x15, 0x8D, 0x12, 0xA6, 0x12, 0xA6, 0x03, 0xE8, 0x03, 0xE8, 
0x1B, 0x07, 0x1B, 0x07, 0x1B, 0x07, 0x12, 0xA6, 0x02, 0x44, 0x52, 0xCB, 0x1C, 0x7E, 0x5E, 0x7E, 
0x5E, 0x7E, 0x1C, 0x7E, 0x52, 0xCB, 0x52, 0xCB, 0x52, 0xCB, 0x42, 0x49, 0x21, 0x45, 0x42, 0x49, 
0x52, 0xCB, 0x52, 0xCB, 0x52, 0xCB, 0x52, 0xCB, 0x6A, 0x65, 0x6A, 0x65, 0x00, 0x00, 0x00, 0x00, 
0x00, 0x00, 0x02, 0x44, 0x15, 0x8D, 0x15, 0x8D, 0x03, 0xE8, 0x12, 0xA6, 0x1B, 0x07, 0x1B, 0x07, 
0x1B, 0x07, 0x1B, 0x07, 0x1B, 0x07, 0x12, 0xA6, 0x02, 0x44, 0x52, 0xCB, 0x1C, 0x7E, 0x1C, 0x7E, 
0x1C, 0x7E, 0x1C, 0x7E, 0x52, 0xCB, 0x52, 0xCB, 0x52, 0xCB, 0x42, 0x49, 0x21, 0x45, 0x21, 0x45, 
0x42, 0x49, 0x42, 0x49, 0x42, 0x49, 0x42, 0x49, 0x6A, 0x65, 0x6A, 0x65, 0x00, 0x00, 0x00, 0x00, 
0x00, 0x00, 0x02, 0x44, 0x03, 0xE8, 0x03, 0xE8, 0x03, 0xE8, 0x12, 0xA6, 0x12, 0xA6, 0x1B, 0x07, 
0x1B, 0x07, 0x1B, 0x07, 0x1B, 0x07, 0x12, 0xA6, 0x02, 0x44, 0x42, 0x49, 0x52, 0xCB, 0x52, 0xCB, 
0x52, 0xCB, 0x52, 0xCB, 0x07, 0xE0, 0x00, 0x1F, 0x42, 0x49, 0x21, 0x45, 0x42, 0x49, 0x42, 0x49, 
0x21, 0x45, 0x42, 0x49, 0x42, 0x49, 0x21, 0x45, 0x6A, 0x65, 0x6A, 0x65, 0x00, 0x00, 0x00, 0x00, 
0x00, 0x00, 0x02, 0x44, 0x03, 0xE8, 0x03, 0xE8, 0x03, 0xE8, 0x03, 0xE8, 0x12, 0xA6, 0x1B, 0x07, 
0x1B, 0x07, 0x1B, 0x07, 0x1B, 0x07, 0x12, 0xA6, 0x02, 0x44, 0x42, 0x49, 0x42, 0x49, 0x42, 0x49, 
0x42, 0x49, 0x42, 0x49, 0x00, 0x1F, 0x00, 0x1F, 0x42, 0x49, 0x21, 0x45, 0x31, 0xC7, 0x42, 0x49, 
0x42, 0x49, 0x21, 0x45, 0x42, 0x49, 0x42, 0x49, 0x42, 0x49, 0x00, 0x00, 0x00, 0x00, 0x00, 0x00, 
0x02, 0x44, 0x03, 0xE8, 0x03, 0xE8, 0x03, 0xE8, 0x03, 0xE8, 0x1B, 0x07, 0x12, 0xA6, 0x12, 0xA6, 
0x1B, 0x07, 0x1B, 0x07, 0x1B, 0x07, 0x12, 0xA6, 0x02, 0x44, 0x31, 0xC7, 0x42, 0x49, 0x42, 0x49, 
0x42, 0x49, 0x42, 0x49, 0x42, 0x49, 0x42, 0x49, 0x31, 0xC7, 0x21, 0x45, 0x31, 0xC7, 0x31, 0xC7, 
0x07, 0xE0, 0x00, 0x1F, 0x31, 0xC7, 0x21, 0x45, 0x52, 0xCB, 0x21, 0x45, 0x00, 0x00, 0x00, 0x00, 
0x02, 0x44, 0x03, 0xE8, 0x03, 0xE8, 0x1B, 0x07, 0x1B, 0x07, 0x1B, 0x07, 0x1B, 0x07, 0x12, 0xA6, 
0x1B, 0x07, 0x1B, 0x07, 0x12, 0xA6, 0x12, 0xA6, 0x02, 0x44, 0x31, 0xC7, 0x31, 0xC7, 0x31, 0xC7, 
0x31, 0xC7, 0x31, 0xC7, 0x31, 0xC7, 0x31, 0xC7, 0x21, 0x45, 0x21, 0x45, 0x31, 0xC7, 0x31, 0xC7, 
0x00, 0x1F, 0x00, 0x1F, 0x21, 0x45, 0x5B, 0x0C, 0x52, 0xCB, 0x21, 0x45, 0x00, 0x00, 0x00, 0x00, 
0x00, 0x00, 0x02, 0x44, 0x1B, 0x07, 0x1B, 0x07, 0x1B, 0x07, 0x1B, 0x07, 0x1B, 0x07, 0x12, 0xA6, 
0x12, 0xA6, 0x12, 0xA6, 0x12, 0xA6, 0x12, 0xA6, 0x12, 0xA6, 0x02, 0x44, 0x31, 0xC7, 0x31, 0xC7, 
0x31, 0xC7, 0x31, 0xC7, 0x31, 0xC7, 0x21, 0x45, 0x00, 0x00, 0x00, 0x00, 0x21, 0x45, 0x31, 0xC7, 
0x31, 0xC7, 0x21, 0x45, 0x21, 0x45, 0x52, 0xCB, 0x52, 0xCB, 0x21, 0x45, 0x00, 0x00, 0x00, 0x00, 
0x00, 0x00, 0x00, 0x00, 0x02, 0x44, 0x02, 0x44, 0x02, 0x44, 0x02, 0x44, 0x02, 0x44, 0x02, 0x44, 
0x12, 0xA6, 0x12, 0xA6, 0x12, 0xA6, 0x12, 0xA6, 0x12, 0xA6, 0x02, 0x44, 0x21, 0x45, 0x21, 0x45, 
0x21, 0x45, 0x21, 0x45, 0x21, 0x45, 0x00, 0x00, 0x00, 0x00, 0x00, 0x00, 0x00, 0x00, 0x21, 0x45, 
0x21, 0x45, 0x00, 0x00, 0x21, 0x45, 0x42, 0x49, 0x42, 0x49, 0x21, 0x45, 0x00, 0x00, 0x00, 0x00, 
0x00, 0x00, 0x00, 0x00, 0x00, 0x00, 0x00, 0x00, 0x00, 0x00, 0x00, 0x00, 0x00, 0x00, 0x00, 0x00, 
0x02, 0x44, 0x12, 0xA6, 0x12, 0xA6, 0x12, 0xA6, 0x12, 0xA6, 0x02, 0x44, 0x00, 0x00, 0x00, 0x00, 
0x00, 0x00, 0x00, 0x00, 0x00, 0x00, 0x00, 0x00, 0x00, 0x00, 0x00, 0x00, 0x00, 0x00, 0x00, 0x00, 
0x00, 0x00, 0x00, 0x00, 0x21, 0x45, 0x42, 0x49, 0x31, 0xC7, 0x21, 0x45, 0x00, 0x00, 0x00, 0x00, 
0x00, 0x00, 0x00, 0x00, 0x00, 0x00, 0x00, 0x00, 0x00, 0x00, 0x00, 0x00, 0x00, 0x00, 0x00, 0x00, 
0x00, 0x00, 0x02, 0x44, 0x02, 0x44, 0x02, 0x44, 0x02, 0x44, 0x00, 0x00, 0x00, 0x00, 0x00, 0x00, 
0x00, 0x00, 0x00, 0x00, 0x00, 0x00, 0x00, 0x00, 0x00, 0x00, 0x00, 0x00, 0x00, 0x00, 0x00, 0x00, 
0x00, 0x00, 0x00, 0x00, 0x00, 0x00, 0x21, 0x45, 0x31, 0xC7, 0x21, 0x45, 0x00, 0x00, 0x00, 0x00, 
0x00, 0x00, 0x00, 0x00, 0x00, 0x00, 0x00, 0x00, 0x00, 0x00, 0x00, 0x00, 0x00, 0x00, 0x00, 0x00, 
0x00, 0x00, 0x00, 0x00, 0x00, 0x00, 0x00, 0x00, 0x00, 0x00, 0x00, 0x00, 0x00, 0x00, 0x00, 0x00, 
0x00, 0x00, 0x00, 0x00, 0x00, 0x00, 0x00, 0x00, 0x00, 0x00, 0x00, 0x00, 0x00, 0x00, 0x00, 0x00, 
0x00, 0x00, 0x00, 0x00, 0x00, 0x00, 0x00, 0x00, 0x21, 0x45, 0x00, 0x00, 0x00, 0x00, 0x00, 0x00, 
0x00, 0x00, 0x00, 0x00, 0x00, 0x00, 0x00, 0x00, 0x00, 0x00, 0x00, 0x00, 0x00, 0x00, 0x00, 0x00, 
0x00, 0x00, 0x00, 0x00, 0x00, 0x00, 0x00, 0x00, 0x00, 0x00, 0x00, 0x00, 0x00, 0x00, 0x00, 0x00, 
0x00, 0x00, 0x00, 0x00, 0x00, 0x00, 0x00, 0x00, 0x00, 0x00, 0x00, 0x00, 0x00, 0x00, 0x00, 0x00, 
0x00, 0x00, 0x00, 0x00, 0x00, 0x00, 0x00, 0x00, 0x00, 0x00, 0x00, 0x00, 0x00, 0x00, 0x00, 0x00
}
,
{
0x00, 0x00, 0x00, 0x00, 0x00, 0x00, 0x00, 0x00, 0x00, 0x00, 0x00, 0x00, 0x00, 0x00, 0x00, 0x00, 
0x00, 0x00, 0x00, 0x00, 0x00, 0x00, 0x00, 0x00, 0x00, 0x00, 0x00, 0x00, 0x00, 0x00, 0x00, 0x00, 
0x00, 0x00, 0x00, 0x00, 0x00, 0x00, 0x00, 0x00, 0x00, 0x00, 0x00, 0x00, 0x00, 0x00, 0x00, 0x00, 
0x00, 0x00, 0x00, 0x00, 0x00, 0x00, 0x00, 0x00, 0x00, 0x00, 0x00, 0x00, 0x00, 0x00, 0x00, 0x00, 
0x00, 0x00, 0x00, 0x00, 0x00, 0x00, 0x00, 0x00, 0x00, 0x00, 0x00, 0x00, 0x00, 0x00, 0x00, 0x00, 
0x00, 0x00, 0x00, 0x00, 0x00, 0x00, 0x00, 0x00, 0x00, 0x00, 0x00, 0x00, 0x00, 0x00, 0x00, 0x00, 
0x00, 0x00, 0x00, 0x00, 0x00, 0x00, 0x00, 0x00, 0x00, 0x00, 0x00, 0x00, 0x00, 0x00, 0x00, 0x00, 
0x00, 0x00, 0x00, 0x00, 0x00, 0x00, 0x00, 0x00, 0x00, 0x00, 0x00, 0x00, 0x00, 0x00, 0x00, 0x00, 
0x00, 0x00, 0x00, 0x00, 0x00, 0x00, 0x00, 0x00, 0x00, 0x00, 0x00, 0x00, 0x00, 0x00, 0x00, 0x00, 
0x00, 0x00, 0x00, 0x00, 0x00, 0x00, 0x00, 0x00, 0x00, 0x00, 0x00, 0x00, 0x00, 0x00, 0x00, 0x00, 
0x00, 0x00, 0x00, 0x00, 0x00, 0x00, 0x00, 0x00, 0x00, 0x00, 0x00, 0x00, 0x00, 0x00, 0x00, 0x00, 
0x00, 0x00, 0x00, 0x00, 0x00, 0x00, 0x00, 0x00, 0x00, 0x00, 0x00, 0x00, 0x00, 0x00, 0x00, 0x00, 
0x00, 0x00, 0x00, 0x00, 0x00, 0x00, 0x00, 0x00, 0x00, 0x00, 0x00, 0x00, 0x00, 0x00, 0x00, 0x00, 
0x00, 0x00, 0x00, 0x00, 0x00, 0x00, 0x00, 0x00, 0x00, 0x00, 0x00, 0x00, 0x00, 0x00, 0x00, 0x00, 
0x00, 0x00, 0x00, 0x00, 0x00, 0x00, 0x00, 0x00, 0x00, 0x00, 0x00, 0x00, 0x00, 0x00, 0x00, 0x00, 
0x00, 0x00, 0x00, 0x00, 0x00, 0x00, 0x00, 0x00, 0x00, 0x00, 0x00, 0x00, 0x00, 0x00, 0x00, 0x00, 
0x00, 0x00, 0x00, 0x00, 0x00, 0x00, 0x00, 0x00, 0x00, 0x00, 0x00, 0x00, 0x00, 0x00, 0x00, 0x00, 
0x00, 0x00, 0x00, 0x00, 0x00, 0x00, 0x00, 0x00, 0x00, 0x00, 0x00, 0x00, 0x21, 0x45, 0x21, 0x45, 
0x21, 0x45, 0x21, 0x45, 0x21, 0x45, 0x21, 0x45, 0x00, 0x00, 0x00, 0x00, 0x00, 0x00, 0x00, 0x00, 
0x21, 0x45, 0x21, 0x45, 0x00, 0x00, 0x00, 0x00, 0x00, 0x00, 0x00, 0x00, 0x00, 0x00, 0x00, 0x00, 
0x00, 0x00, 0x00, 0x00, 0x00, 0x00, 0x00, 0x00, 0x00, 0x00, 0x00, 0x00, 0x00, 0x00, 0x00, 0x00, 
0x02, 0x44, 0x02, 0x44, 0x02, 0x44, 0x02, 0x44, 0x02, 0x44, 0x21, 0x45, 0x31, 0xC7, 0x31, 0xC7, 
0x42, 0x49, 0x42, 0x49, 0x42, 0x49, 0x42, 0x49, 0x21, 0x45, 0x00, 0x00, 0x00, 0x00, 0x21, 0x45, 
0x52, 0xCB, 0x52, 0xCB, 0x21, 0x45, 0x00, 0x00, 0x00, 0x00, 0x00, 0x00, 0x00, 0x00, 0x00, 0x00, 
0x00, 0x00, 0x00, 0x00, 0x00, 0x00, 0x00, 0x00, 0x00, 0x00, 0x00, 0x00, 0x00, 0x00, 0x02, 0x44, 
0x15, 0x8D, 0x15, 0x8D, 0x03, 0xE8, 0x03, 0xE8, 0x02, 0x44, 0x31, 0xC7, 0x31, 0xC7, 0x52, 0xCB, 
0x52, 0xCB, 0x52, 0xCB, 0x52, 0xCB, 0x52, 0xCB, 0x52, 0xCB, 0x21, 0x45, 0x21, 0x45, 0x52, 0xCB, 
0x07, 0xE0, 0x00, 0x1F, 0x42, 0x49, 0x21, 0x45, 0x00, 0x00, 0x00, 0x00, 0x00, 0x00, 0x00, 0x00, 
0x00, 0x00, 0x00, 0x00, 0x00, 0x00, 0x00, 0x00, 0x00, 0x00, 0x00, 0x00, 0x02, 0x44, 0x15, 0x8D, 
0x15, 0x8D, 0x15, 0x8D, 0x03, 0xE8, 0x03, 0xE8, 0x02, 0x44, 0x02, 0x44, 0x52, 0xCB, 0x5B, 0x0C, 
0x5B, 0x0C, 0x5B, 0x0C, 0x5B, 0x0C, 0x5B, 0x0C, 0x52, 0xCB, 0x52, 0xCB, 0x21, 0x45, 0x5B, 0x0C, 
0x00, 0x1F, 0x00, 0x1F, 0x42, 0x49, 0x42, 0x49, 0x21, 0x45, 0x00, 0x00, 0x00, 0x00, 0x00, 0x00, 
0x00, 0x00, 0x00, 0x00, 0x00, 0x00, 0x00, 0x00, 0x00, 0x00, 0x02, 0x44, 0x12, 0xA6, 0x03, 0xE8, 
0x15, 0x8D, 0x15, 0x8D, 0x03, 0xE8, 0x03, 0xE8, 0x1B, 0x07, 0x02, 0x44, 0x5B, 0x0C, 0x63, 0x4D, 
0x63, 0x4D, 0x63, 0x4D, 0x63, 0x4D, 0x07, 0xE0, 0x00, 0x1F, 0x52, 0xCB, 0x21, 0x45, 0x63, 0x4D, 
0x63, 0x4D, 0x42, 0x49, 0x5B, 0x0C, 0x52, 0xCB, 0x52, 0xCB, 0x21, 0x45, 0x00, 0x00, 0x00, 0x00, 
0x00, 0x00, 0x00, 0x00, 0x00, 0x00, 0x00, 0x00, 0x02, 0x44, 0x15, 0x8D, 0x12, 0xA6, 0x12, 0xA6, 
0x03, 0xE8, 0x03, 0xE8, 0x03, 0xE8, 0x03, 0xE8, 0x1B, 0x07, 0x02, 0x44, 0x5B, 0x0C, 0x63, 0x4D, 
0x63, 0x4D, 0x63, 0x4D, 0x63, 0x4D, 0x00, 0x1F, 0x00, 0x1F, 0x52, 0xCB, 0x21, 0x45, 0x63, 0x4D, 
0x63, 0x4D, 0x42, 0x49, 0x5B, 0x0C, 0x5B, 0x0C, 0x52, 0xCB, 0x52, 0xCB, 0x8B, 0x69, 0x8B, 0x69, 
0x00, 0x00, 0x00, 0x00, 0x00, 0x00, 0x02, 0x44, 0x15, 0x8D, 0x15, 0x8D, 0x15, 0x8D, 0x12, 0xA6, 
0x12, 0xA6, 0x03, 0xE8, 0x03, 0xE8, 0x1B, 0x07, 0x1B, 0x07, 0x02, 0x44, 0x5B, 0x0C, 0x1C, 0x7E, 
0x1C, 0x7E, 0x1C, 0x7E, 0x1C, 0x7E, 0x63, 0x4D, 0x5B, 0x0C, 0x5B, 0x0C, 0x52, 0xCB, 0x21, 0x45, 
0x42, 0x49, 0x63, 0x4D, 0x63, 0x4D, 0x63, 0x4D, 0x5B, 0x0C, 0x52, 0xCB, 0x8B, 0x69, 0x8B, 0x69, 
0x00, 0x00, 0x00, 0x00, 0x00, 0x00, 0x02, 0x44, 0x15, 0x8D, 0x15, 0x8D, 0x15, 0x8D, 0x03, 0xE8, 
0x12, 0xA6, 0x12, 0xA6, 0x03, 0xE8, 0x1B, 0x07, 0x1B, 0x07, 0x02, 0x44, 0x5B, 0x0C, 0x1C, 0x7E, 
0x5E, 0x7E, 0x5E, 0x7E, 0x1C, 0x7E, 0x63, 0x4D, 0x5B, 0x0C, 0x5B, 0x0C, 0x52, 0xCB, 0x21, 0x45, 
0x63, 0x4D, 0x63, 0x4D, 0x63, 0x4D, 0x63, 0x4D, 0x5B, 0x0C, 0x52, 0xCB, 0x8B, 0x69, 0x6A, 0x65, 
0x00, 0x00, 0x00, 0x00, 0x00, 0x00, 0x02, 0x44, 0x15, 0x8D, 0x15, 0x8D, 0x15, 0x8D, 0x03, 0xE8, 
0x03, 0xE8, 0x12, 0xA6, 0x12, 0xA6, 0x1B, 0x07, 0x1B, 0x07, 0x02, 0x44, 0x5B, 0x0C, 0x63, 0x4D, 
0x63, 0x4D, 0x63, 0x4D, 0x63, 0x4D, 0x63, 0x4D, 0x5B, 0x0C, 0x5B, 0x0C, 0x52, 0xCB, 0x21, 0x45, 
0x63, 0x4D, 0xFC, 0x29, 0xFC, 0x29, 0xF8, 0x00, 0xE2, 0x21, 0x52, 0xCB, 0x6A, 0x65, 0x6A, 0x65, 
0x00, 0x00, 0x00, 0x00, 0x00, 0x00, 0x02, 0x44, 0x15, 0x8D, 0x15, 0x8D, 0x15, 0x8D, 0x03, 0xE8, 
0x03, 0xE8, 0x03, 0xE8, 0x12, 0xA6, 0x1B, 0x07, 0x1B, 0x07, 0x02, 0x44, 0x5B, 0x0C, 0x63, 0x4D, 
0x63, 0x4D, 0x63, 0x4D, 0x63, 0x4D, 0x63, 0x4D, 0x00, 0x1F, 0x5B, 0x0C, 0x52, 0xCB, 0x21, 0x45, 
0xFC, 0x29, 0xFC, 0x29, 0xF8, 0x00, 0xF2, 0xA3, 0xE2, 0x21, 0x52, 0xCB, 0x6A, 0x65, 0x6A, 0x65, 
0x00, 0x00, 0x00, 0x00, 0x00, 0x00, 0x02, 0x44, 0x15, 0x8D, 0x15, 0x8D, 0x15, 0x8D, 0x03, 0xE8, 
0x03, 0xE8, 0x03, 0xE8, 0x1B, 0x07, 0x12, 0xA6, 0x1B, 0x07, 0x02, 0x44, 0x5B, 0x0C, 0x63, 0x4D, 
0x63, 0x4D, 0x63, 0x4D, 0x63, 0x4D, 0x5B, 0x0C, 0x00, 0x1F, 0x5B, 0x0C, 0x52, 0xCB, 0x42, 0x49, 
0xFC, 0x29, 0xF8, 0x00, 0xF8, 0x00, 0xF2, 0xA3, 0xE2, 0x21, 0x52, 0xCB, 0x6A, 0x65, 0x6A, 0x65, 
0x00, 0x00, 0x00, 0x00, 0x00, 0x00, 0x02, 0x44, 0x15, 0x8D, 0x15, 0x8D, 0x15, 0x8D, 0x03, 0xE8, 
0x03, 0xE8, 0x03, 0xE8, 0x1B, 0x07, 0x12, 0xA6, 0x1B, 0x07, 0x02, 0x44, 0x5B, 0x0C, 0x5B, 0x0C, 
0x63, 0x4D, 0x63, 0x4D, 0x5B, 0x0C, 0x5B, 0x0C, 0x00, 0x1F, 0x5B, 0x0C, 0x52, 0xCB, 0x42, 0x49, 
0xF8, 0x00, 0xF8, 0x00, 0xF8, 0x00, 0xF2, 0xA3, 0xE2, 0x21, 0x42, 0x49, 0x00, 0x00, 0x00, 0x00, 
0x00, 0x00, 0x00, 0x00, 0x00, 0x00, 0x02, 0x44, 0x03, 0xE8, 0x15, 0x8D, 0x15, 0x8D, 0x03, 0xE8, 
0x03, 0xE8, 0x03, 0xE8, 0x1B, 0x07, 0x12, 0xA6, 0x1B, 0x07, 0x02, 0x44, 0x5B, 0x0C, 0x5B, 0x0C, 
0x5B, 0x0C, 0x5B, 0x0C, 0x5B, 0x0C, 0x5B, 0x0C, 0x00, 0x1F, 0x5B, 0x0C, 0x52, 0xCB, 0x42, 0x49, 
0xF2, 0xA3, 0xF2, 0xA3, 0xF2, 0xA3, 0xF2, 0xA3, 0xE2, 0x21, 0x42, 0x49, 0x00, 0x00, 0x00, 0x00, 
0x00, 0x00, 0x00, 0x00, 0x00, 0x00, 0x02, 0x44, 0x03, 0xE8, 0x03, 0xE8, 0x03, 0xE8, 0x03, 0xE8, 
0x03, 0xE8, 0x03, 0xE8, 0x1B, 0x07, 0x12, 0xA6, 0x1B, 0x07, 0x02, 0x44, 0x52, 0xCB, 0x5B, 0x0C, 
0x5B, 0x0C, 0x5B, 0x0C, 0x5B, 0x0C, 0x5B, 0x0C, 0x00, 0x1F, 0x5B, 0x0C, 0x42, 0x49, 0x42, 0x49, 
0xF2, 0xA3, 0xF2, 0xA3, 0xF2, 0xA3, 0xF2, 0xA3, 0xE2, 0x21, 0x8B, 0x69, 0x8B, 0x69, 0x00, 0x00, 
0x00, 0x00, 0x00, 0x00, 0x00, 0x00, 0x02, 0x44, 0x12, 0xA6, 0x03, 0xE8, 0x03, 0xE8, 0x03, 0xE8, 
0x03, 0xE8, 0x03, 0xE8, 0x1B, 0x07, 0x12, 0xA6, 0x12, 0xA6, 0x02, 0x44, 0x52, 0xCB, 0x52, 0xCB, 
0x5B, 0x0C, 0x5B, 0x0C, 0x5B, 0x0C, 0x5B, 0x0C, 0x00, 0x1F, 0x52, 0xCB, 0x42, 0x49, 0x42, 0x49, 
0x52, 0xCB, 0xE2, 0x21, 0xE2, 0x21, 0xE2, 0x21, 0xE2, 0x21, 0x8B, 0x69, 0x8B, 0x69, 0x00, 0x00, 
0x00, 0x00, 0x00, 0x00, 0x00, 0x00, 0x02, 0x44, 0x12, 0xA6, 0x12, 0xA6, 0x03, 0xE8, 0x03, 0xE8, 
0x03, 0xE8, 0x03, 0xE8, 0x1B, 0x07, 0x1B, 0x07, 0x12, 0xA6, 0x02, 0x44, 0x52, 0xCB, 0x52, 0xCB, 
0x52, 0xCB, 0x52, 0xCB, 0x52, 0xCB, 0x52, 0xCB, 0x52, 0xCB, 0x52, 0xCB, 0x42, 0x49, 0x21, 0x45, 
0x42, 0x49, 0xE2, 0x21, 0xE2, 0x21, 0xE2, 0x21, 0xE2, 0x21, 0x8B, 0x69, 0x6A, 0x65, 0x00, 0x00, 
0x00, 0x00, 0x00, 0x00, 0x02, 0x44, 0x15, 0x8D, 0x15, 0x8D, 0x12, 0xA6, 0x12, 0xA6, 0x03, 0xE8, 
0x03, 0xE8, 0x1B, 0x07, 0x1B, 0x07, 0x1B, 0x07, 0x12, 0xA6, 0x02, 0x44, 0x52, 0xCB, 0x1C, 0x7E, 
0x5E, 0x7E, 0x5E, 0x7E, 0x1C, 0x7E, 0x52, 0xCB, 0x52, 0xCB, 0x52, 0xCB, 0x42, 0x49, 0x21, 0x45, 
0x42, 0x49, 0x52, 0xCB, 0x52, 0xCB, 0x52, 0xCB, 0x52, 0xCB, 0x6A, 0x65, 0x6A, 0x65, 0x00, 0x00, 
0x00, 0x00, 0x00, 0x00, 0x02, 0x44, 0x15, 0x8D, 0x15, 0x8D, 0x03, 0xE8, 0x12, 0xA6, 0x1B, 0x07, 
0x1B, 0x07, 0x1B, 0x07, 0x1B, 0x07, 0x1B, 0x07, 0x12, 0xA6, 0x02, 0x44, 0x52, 0xCB, 0x1C, 0x7E, 
0x1C, 0x7E, 0x1C, 0x7E, 0x1C, 0x7E, 0x52, 0xCB, 0x52, 0xCB, 0x52, 0xCB, 0x42, 0x49, 0x21, 0x45, 
0x21, 0x45, 0x21, 0x45, 0x42, 0x49, 0x42, 0x49, 0x42, 0x49, 0x6A, 0x65, 0x6A, 0x65, 0x00, 0x00, 
0x00, 0x00, 0x00, 0x00, 0x02, 0x44, 0x03, 0xE8, 0x03, 0xE8, 0x03, 0xE8, 0x12, 0xA6, 0x12, 0xA6, 
0x1B, 0x07, 0x1B, 0x07, 0x1B, 0x07, 0x1B, 0x07, 0x12, 0xA6, 0x02, 0x44, 0x42, 0x49, 0x52, 0xCB, 
0x52, 0xCB, 0x52, 0xCB, 0x52, 0xCB, 0x07, 0xE0, 0x00, 0x1F, 0x42, 0x49, 0x21, 0x45, 0x42, 0x49, 
0x42, 0x49, 0x42, 0x49, 0x07, 0xE0, 0x00, 0x1F, 0x21, 0x45, 0x6A, 0x65, 0x6A, 0x65, 0x00, 0x00, 
0x00, 0x00, 0x00, 0x00, 0x02, 0x44, 0x03, 0xE8, 0x03, 0xE8, 0x03, 0xE8, 0x03, 0xE8, 0x12, 0xA6, 
0x1B, 0x07, 0x1B, 0x07, 0x1B, 0x07, 0x1B, 0x07, 0x12, 0xA6, 0x02, 0x44, 0x42, 0x49, 0x42, 0x49, 
0x42, 0x49, 0x42, 0x49, 0x42, 0x49, 0x00, 0x1F, 0x00, 0x1F, 0x42, 0x49, 0x21, 0x45, 0x31, 0xC7, 
0x42, 0x49, 0x42, 0x49, 0x00, 0x1F, 0x00, 0x1F, 0x42, 0x49, 0x42, 0x49, 0x00, 0x00, 0x00, 0x00, 
0x00, 0x00, 0x02, 0x44, 0x03, 0xE8, 0x03, 0xE8, 0x03, 0xE8, 0x03, 0xE8, 0x1B, 0x07, 0x12, 0xA6, 
0x12, 0xA6, 0x1B, 0x07, 0x1B, 0x07, 0x1B, 0x07, 0x12, 0xA6, 0x02, 0x44, 0x31, 0xC7, 0x42, 0x49, 
0x42, 0x49, 0x42, 0x49, 0x42, 0x49, 0x42, 0x49, 0x42, 0x49, 0x31, 0xC7, 0x21, 0x45, 0x21, 0x45, 
0x21, 0x45, 0x42, 0x49, 0x42, 0x49, 0x31, 0xC7, 0x21, 0x45, 0x52, 0xCB, 0x21, 0x45, 0x00, 0x00, 
0x00, 0x00, 0x02, 0x44, 0x03, 0xE8, 0x03, 0xE8, 0x1B, 0x07, 0x1B, 0x07, 0x1B, 0x07, 0x1B, 0x07, 
0x12, 0xA6, 0x1B, 0x07, 0x1B, 0x07, 0x12, 0xA6, 0x12, 0xA6, 0x02, 0x44, 0x31, 0xC7, 0x31, 0xC7, 
0x31, 0xC7, 0x31, 0xC7, 0x31, 0xC7, 0x31, 0xC7, 0x31, 0xC7, 0x21, 0x45, 0x00, 0x00, 0x00, 0x00, 
0x21, 0x45, 0x21, 0x45, 0x21, 0x45, 0x21, 0x45, 0x5B, 0x0C, 0x52, 0xCB, 0x21, 0x45, 0x00, 0x00, 
0x00, 0x00, 0x00, 0x00, 0x02, 0x44, 0x1B, 0x07, 0x1B, 0x07, 0x1B, 0x07, 0x1B, 0x07, 0x1B, 0x07, 
0x12, 0xA6, 0x12, 0xA6, 0x12, 0xA6, 0x12, 0xA6, 0x12, 0xA6, 0x12, 0xA6, 0x02, 0x44, 0x31, 0xC7, 
0x31, 0xC7, 0x31, 0xC7, 0x31, 0xC7, 0x31, 0xC7, 0x21, 0x45, 0x00, 0x00, 0x00, 0x00, 0x00, 0x00, 
0x00, 0x00, 0x00, 0x00, 0x00, 0x00, 0x21, 0x45, 0x52, 0xCB, 0x52, 0xCB, 0x21, 0x45, 0x00, 0x00, 
0x00, 0x00, 0x00, 0x00, 0x00, 0x00, 0x02, 0x44, 0x02, 0x44, 0x02, 0x44, 0x02, 0x44, 0x02, 0x44, 
0x02, 0x44, 0x12, 0xA6, 0x12, 0xA6, 0x12, 0xA6, 0x12, 0xA6, 0x12, 0xA6, 0x02, 0x44, 0x21, 0x45, 
0x21, 0x45, 0x21, 0x45, 0x21, 0x45, 0x21, 0x45, 0x00, 0x00, 0x00, 0x00, 0x00, 0x00, 0x00, 0x00, 
0x00, 0x00, 0x00, 0x00, 0x00, 0x00, 0x21, 0x45, 0x42, 0x49, 0x42, 0x49, 0x21, 0x45, 0x00, 0x00, 
0x00, 0x00, 0x00, 0x00, 0x00, 0x00, 0x00, 0x00, 0x00, 0x00, 0x00, 0x00, 0x00, 0x00, 0x00, 0x00, 
0x00, 0x00, 0x02, 0x44, 0x12, 0xA6, 0x12, 0xA6, 0x12, 0xA6, 0x12, 0xA6, 0x02, 0x44, 0x00, 0x00, 
0x00, 0x00, 0x00, 0x00, 0x00, 0x00, 0x00, 0x00, 0x00, 0x00, 0x00, 0x00, 0x00, 0x00, 0x00, 0x00, 
0x00, 0x00, 0x00, 0x00, 0x00, 0x00, 0x21, 0x45, 0x42, 0x49, 0x21, 0x45, 0x00, 0x00, 0x00, 0x00, 
0x00, 0x00, 0x00, 0x00, 0x00, 0x00, 0x00, 0x00, 0x00, 0x00, 0x00, 0x00, 0x00, 0x00, 0x00, 0x00, 
0x00, 0x00, 0x00, 0x00, 0x02, 0x44, 0x02, 0x44, 0x02, 0x44, 0x02, 0x44, 0x00, 0x00, 0x00, 0x00, 
0x00, 0x00, 0x00, 0x00, 0x00, 0x00, 0x00, 0x00, 0x00, 0x00, 0x00, 0x00, 0x00, 0x00, 0x00, 0x00, 
0x00, 0x00, 0x00, 0x00, 0x21, 0x45, 0x42, 0x49, 0x21, 0x45, 0x00, 0x00, 0x00, 0x00, 0x00, 0x00, 
0x00, 0x00, 0x00, 0x00, 0x00, 0x00, 0x00, 0x00, 0x00, 0x00, 0x00, 0x00, 0x00, 0x00, 0x00, 0x00, 
0x00, 0x00, 0x00, 0x00, 0x00, 0x00, 0x00, 0x00, 0x00, 0x00, 0x00, 0x00, 0x00, 0x00, 0x00, 0x00, 
0x00, 0x00, 0x00, 0x00, 0x00, 0x00, 0x00, 0x00, 0x00, 0x00, 0x00, 0x00, 0x00, 0x00, 0x00, 0x00, 
0x00, 0x00, 0x00, 0x00, 0x21, 0x45, 0x21, 0x45, 0x00, 0x00, 0x00, 0x00, 0x00, 0x00, 0x00, 0x00, 
0x00, 0x00, 0x00, 0x00, 0x00, 0x00, 0x00, 0x00, 0x00, 0x00, 0x00, 0x00, 0x00, 0x00, 0x00, 0x00, 
0x00, 0x00, 0x00, 0x00, 0x00, 0x00, 0x00, 0x00, 0x00, 0x00, 0x00, 0x00, 0x00, 0x00, 0x00, 0x00, 
0x00, 0x00, 0x00, 0x00, 0x00, 0x00, 0x00, 0x00, 0x00, 0x00, 0x00, 0x00, 0x00, 0x00, 0x00, 0x00, 
0x00, 0x00, 0x00, 0x00, 0x00, 0x00, 0x00, 0x00, 0x00, 0x00, 0x00, 0x00, 0x00, 0x00, 0x00, 0x00
}
},
{
{
0x00, 0x00, 0x00, 0x00, 0x00, 0x00, 0x00, 0x00, 0x00, 0x00, 0x00, 0x00, 0x00, 0x00, 0x00, 0x00, 
0x00, 0x00, 0x00, 0x00, 0x00, 0x00, 0x00, 0x00, 0x00, 0x00, 0x00, 0x00, 0x00, 0x00, 0x00, 0x00, 
0x00, 0x00, 0x00, 0x00, 0x00, 0x00, 0x00, 0x00, 0x00, 0x00, 0x00, 0x00, 0x00, 0x00, 0x00, 0x00, 
0x00, 0x00, 0x00, 0x00, 0x00, 0x00, 0x00, 0x00, 0x00, 0x00, 0x00, 0x00, 0x00, 0x00, 0x00, 0x00, 
0x00, 0x00, 0x00, 0x00, 0x00, 0x00, 0x00, 0x00, 0x00, 0x00, 0x00, 0x00, 0x00, 0x00, 0x00, 0x00, 
0x00, 0x00, 0x00, 0x00, 0x00, 0x00, 0x00, 0x00, 0x00, 0x00, 0x00, 0x00, 0x00, 0x00, 0x00, 0x00, 
0x00, 0x00, 0x00, 0x00, 0x00, 0x00, 0x00, 0x00, 0x00, 0x00, 0x00, 0x00, 0x00, 0x00, 0x00, 0x00, 
0x00, 0x00, 0x00, 0x00, 0x00, 0x00, 0x00, 0x00, 0x00, 0x00, 0x00, 0x00, 0x00, 0x00, 0x00, 0x00, 
0x00, 0x00, 0x00, 0x00, 0x00, 0x00, 0x00, 0x00, 0x00, 0x00, 0x00, 0x00, 0x00, 0x00, 0x00, 0x00, 
0x00, 0x00, 0x00, 0x00, 0x00, 0x00, 0x00, 0x00, 0x00, 0x00, 0x00, 0x00, 0x00, 0x00, 0x00, 0x00, 
0x00, 0x00, 0x00, 0x00, 0x00, 0x00, 0x00, 0x00, 0x00, 0x00, 0x00, 0x00, 0x00, 0x00, 0x00, 0x00, 
0x00, 0x00, 0x00, 0x00, 0x00, 0x00, 0x00, 0x00, 0x00, 0x00, 0x00, 0x00, 0x00, 0x00, 0x00, 0x00, 
0x00, 0x00, 0x00, 0x00, 0x00, 0x00, 0x00, 0x00, 0x00, 0x00, 0x00, 0x00, 0x00, 0x00, 0x00, 0x00, 
0x00, 0x00, 0x00, 0x00, 0x00, 0x00, 0x00, 0x00, 0x00, 0x00, 0x00, 0x00, 0x00, 0x00, 0x00, 0x00, 
0x00, 0x00, 0x00, 0x00, 0x00, 0x00, 0x00, 0x00, 0x00, 0x00, 0x00, 0x00, 0x00, 0x00, 0x00, 0x00, 
0x00, 0x00, 0x00, 0x00, 0x00, 0x00, 0x00, 0x00, 0x00, 0x00, 0x00, 0x00, 0x00, 0x00, 0x00, 0x00, 
0x00, 0x00, 0x00, 0x00, 0x00, 0x00, 0x00, 0x00, 0x00, 0x00, 0x00, 0x00, 0x00, 0x00, 0x00, 0x00, 
0x00, 0x00, 0x02, 0x44, 0x02, 0x44, 0x02, 0x44, 0x00, 0x00, 0x00, 0x00, 0x00, 0x00, 0x00, 0x00, 
0x00, 0x00, 0x00, 0x00, 0x00, 0x00, 0x00, 0x00, 0x00, 0x00, 0x00, 0x00, 0x00, 0x00, 0x00, 0x00, 
0x00, 0x00, 0x00, 0x00, 0x00, 0x00, 0x00, 0x00, 0x00, 0x00, 0x00, 0x00, 0x00, 0x00, 0x00, 0x00, 
0x00, 0x00, 0x00, 0x00, 0x00, 0x00, 0x00, 0x00, 0x00, 0x00, 0x00, 0x00, 0x00, 0x00, 0x02, 0x44, 
0x02, 0x44, 0x03, 0xE8, 0x1B, 0x07, 0x02, 0x44, 0x52, 0xCB, 0x52, 0xCB, 0x52, 0xCB, 0x52, 0xCB, 
0x52, 0xCB, 0x52, 0xCB, 0x52, 0xCB, 0x00, 0x1F, 0x00, 0x00, 0x00, 0x00, 0x00, 0x00, 0x00, 0x00, 
0x00, 0x00, 0x00, 0x00, 0x00, 0x00, 0x00, 0x00, 0x00, 0x00, 0x00, 0x00, 0x00, 0x00, 0x00, 0x00, 
0x00, 0x00, 0x00, 0x00, 0x00, 0x00, 0x00, 0x00, 0x00, 0x00, 0x02, 0x44, 0x02, 0x44, 0x03, 0xE8, 
0x03, 0xE8, 0x03, 0xE8, 0x1B, 0x07, 0x02, 0x44, 0x63, 0x4D, 0x63, 0x4D, 0x63, 0x4D, 0x63, 0x4D, 
0x63, 0x4D, 0x63, 0x4D, 0x63, 0x4D, 0x00, 0x1F, 0x63, 0x4D, 0x00, 0x00, 0x00, 0x00, 0x00, 0x00, 
0x00, 0x00, 0x00, 0x00, 0x00, 0x00, 0x00, 0x00, 0x00, 0x00, 0x00, 0x00, 0x00, 0x00, 0x00, 0x00, 
0x00, 0x00, 0x00, 0x00, 0x00, 0x00, 0x00, 0x00, 0x02, 0x44, 0x03, 0xE8, 0x15, 0x8D, 0x15, 0x8D, 
0x03, 0xE8, 0x03, 0xE8, 0x1B, 0x07, 0x02, 0x44, 0x63, 0x4D, 0x63, 0x4D, 0x63, 0x4D, 0x63, 0x4D, 
0x63, 0x4D, 0x63, 0x4D, 0x63, 0x4D, 0x00, 0x1F, 0x52, 0xCB, 0x42, 0x49, 0x00, 0x00, 0x00, 0x00, 
0x00, 0x00, 0x00, 0x00, 0x00, 0x00, 0x00, 0x00, 0x00, 0x00, 0x00, 0x00, 0x00, 0x00, 0x00, 0x00, 
0x00, 0x00, 0x00, 0x00, 0x00, 0x00, 0x02, 0x44, 0x03, 0xE8, 0x15, 0x8D, 0x15, 0x8D, 0x15, 0x8D, 
0x03, 0xE8, 0x03, 0xE8, 0x1B, 0x07, 0x02, 0x44, 0x5B, 0x0C, 0x5B, 0x0C, 0x5B, 0x0C, 0x5B, 0x0C, 
0x5B, 0x0C, 0x5B, 0x0C, 0x5B, 0x0C, 0x00, 0x1F, 0x52, 0xCB, 0x42, 0x49, 0x21, 0x45, 0x00, 0x00, 
0x00, 0x00, 0x00, 0x00, 0x00, 0x00, 0x00, 0x00, 0x00, 0x00, 0x00, 0x00, 0x00, 0x00, 0x00, 0x00, 
0x00, 0x00, 0x00, 0x00, 0x00, 0x00, 0x02, 0x44, 0x03, 0xE8, 0x15, 0x8D, 0x15, 0x8D, 0x15, 0x8D, 
0x03, 0xE8, 0x03, 0xE8, 0x1B, 0x07, 0x02, 0x44, 0x5B, 0x0C, 0x5B, 0x0C, 0x5B, 0x0C, 0x5B, 0x0C, 
0x5B, 0x0C, 0x5B, 0x0C, 0x5B, 0x0C, 0x00, 0x1F, 0x52, 0xCB, 0x42, 0x49, 0x21, 0x45, 0x42, 0x49, 
0xFC, 0x29, 0xFC, 0x29, 0xFC, 0x29, 0x00, 0x00, 0x00, 0x00, 0x00, 0x00, 0x00, 0x00, 0x00, 0x00, 
0x00, 0x00, 0x00, 0x00, 0x00, 0x00, 0x02, 0x44, 0x15, 0x8D, 0x15, 0x8D, 0x15, 0x8D, 0x15, 0x8D, 
0x03, 0xE8, 0x03, 0xE8, 0x1B, 0x07, 0x02, 0x44, 0x52, 0xCB, 0x52, 0xCB, 0x52, 0xCB, 0x52, 0xCB, 
0x52, 0xCB, 0x52, 0xCB, 0x52, 0xCB, 0x52, 0xCB, 0x52, 0xCB, 0x42, 0x49, 0x21, 0x45, 0x31, 0xC7, 
0xF8, 0x00, 0xF8, 0x00, 0xF8, 0x00, 0xF8, 0x00, 0x00, 0x00, 0x00, 0x00, 0x00, 0x00, 0x00, 0x00, 
0x00, 0x00, 0x00, 0x00, 0x02, 0x44, 0x1B, 0x07, 0x15, 0x8D, 0x15, 0x8D, 0x15, 0x8D, 0x03, 0xE8, 
0x03, 0xE8, 0x03, 0xE8, 0x1B, 0x07, 0x02, 0x44, 0x52, 0xCB, 0x52, 0xCB, 0x1C, 0x7E, 0x5E, 0x7E, 
0x5E, 0x7E, 0x1C, 0x7E, 0x52, 0xCB, 0x52, 0xCB, 0x42, 0x49, 0x42, 0x49, 0x21, 0x45, 0x31, 0xC7, 
0xF2, 0xA3, 0xF8, 0x00, 0xF8, 0x00, 0xF8, 0x00, 0x21, 0x45, 0x00, 0x00, 0x00, 0x00, 0x00, 0x00, 
0x00, 0x00, 0x02, 0x44, 0x1B, 0x07, 0x1B, 0x07, 0x15, 0x8D, 0x15, 0x8D, 0x03, 0xE8, 0x03, 0xE8, 
0x03, 0xE8, 0x03, 0xE8, 0x1B, 0x07, 0x02, 0x44, 0x52, 0xCB, 0x52, 0xCB, 0x1C, 0x7E, 0x1C, 0x7E, 
0x1C, 0x7E, 0x1C, 0x7E, 0x52, 0xCB, 0x42, 0x49, 0x42, 0x49, 0x42, 0x49, 0x21, 0x45, 0x31, 0xC7, 
0xF2, 0xA3, 0xF2, 0xA3, 0xF2, 0xA3, 0xF8, 0x00, 0x8B, 0x69, 0x8B, 0x69, 0x00, 0x00, 0x00, 0x00, 
0x00, 0x00, 0x02, 0x44, 0x1B, 0x07, 0x1B, 0x07, 0x03, 0xE8, 0x03, 0xE8, 0x03, 0xE8, 0x03, 0xE8, 
0x03, 0xE8, 0x03, 0xE8, 0x1B, 0x07, 0x02, 0x44, 0x42, 0x49, 0x52, 0xCB, 0x52, 0xCB, 0x52, 0xCB, 
0x52, 0xCB, 0x52, 0xCB, 0x52, 0xCB, 0x42, 0x49, 0x42, 0x49, 0x42, 0x49, 0x21, 0x45, 0x31, 0xC7, 
0x31, 0xC7, 0x31, 0xC7, 0xF2, 0xA3, 0xF2, 0xA3, 0x8B, 0x69, 0x8B, 0x69, 0x00, 0x00, 0x00, 0x00, 
0x00, 0x00, 0x02, 0x44, 0x1B, 0x07, 0x1B, 0x07, 0x1B, 0x07, 0x03, 0xE8, 0x03, 0xE8, 0x03, 0xE8, 
0x03, 0xE8, 0x03, 0xE8, 0x1B, 0x07, 0x02, 0x44, 0x42, 0x49, 0x52, 0xCB, 0x52, 0xCB, 0x52, 0xCB, 
0x52, 0xCB, 0x52, 0xCB, 0x07, 0xE0, 0x00, 0x1F, 0x42, 0x49, 0x42, 0x49, 0x21, 0x45, 0x31, 0xC7, 
0x31, 0xC7, 0x31, 0xC7, 0xF2, 0xA3, 0xF2, 0xA3, 0x8B, 0x69, 0x8B, 0x69, 0x00, 0x00, 0x00, 0x00, 
0x00, 0x00, 0x02, 0x44, 0x03, 0xE8, 0x03, 0xE8, 0x1B, 0x07, 0x1B, 0x07, 0x03, 0xE8, 0x03, 0xE8, 
0x03, 0xE8, 0x1B, 0x07, 0x1B, 0x07, 0x02, 0x44, 0x42, 0x49, 0x42, 0x49, 0x42, 0x49, 0x42, 0x49, 
0x42, 0x49, 0x42, 0x49, 0x00, 0x1F, 0x00, 0x1F, 0x42, 0x49, 0x42, 0x49, 0x21, 0x45, 0x31, 0xC7, 
0x31, 0xC7, 0x31, 0xC7, 0xE2, 0x21, 0xE2, 0x21, 0x8B, 0x69, 0x8B, 0x69, 0x00, 0x00, 0x00, 0x00, 
0x00, 0x00, 0x02, 0x44, 0x15, 0x8D, 0x15, 0x8D, 0x03, 0xE8, 0x1B, 0x07, 0x03, 0xE8, 0x1B, 0x07, 
0x1B, 0x07, 0x1B, 0x07, 0x1B, 0x07, 0x02, 0x44, 0x42, 0x49, 0x42, 0x49, 0x42, 0x49, 0x42, 0x49, 
0x42, 0x49, 0x42, 0x49, 0x42, 0x49, 0x42, 0x49, 0x31, 0xC7, 0x31, 0xC7, 0x21, 0x45, 0x31, 0xC7, 
0x31, 0xC7, 0x31, 0xC7, 0x31, 0xC7, 0x31, 0xC7, 0x6A, 0x65, 0x8B, 0x69, 0x00, 0x00, 0x00, 0x00, 
0x00, 0x00, 0x02, 0x44, 0x15, 0x8D, 0x15, 0x8D, 0x15, 0x8D, 0x03, 0xE8, 0x1B, 0x07, 0x1B, 0x07, 
0x1B, 0x07, 0x12, 0xA6, 0x12, 0xA6, 0x02, 0x44, 0x42, 0x49, 0x42, 0x49, 0x42, 0x49, 0x42, 0x49, 
0x42, 0x49, 0x42, 0x49, 0x42, 0x49, 0x31, 0xC7, 0x31, 0xC7, 0x31, 0xC7, 0x21, 0x45, 0x31, 0xC7, 
0x31, 0xC7, 0x31, 0xC7, 0x31, 0xC7, 0x31, 0xC7, 0x6A, 0x65, 0x6A, 0x65, 0x00, 0x00, 0x00, 0x00, 
0x00, 0x00, 0x02, 0x44, 0x15, 0x8D, 0x15, 0x8D, 0x15, 0x8D, 0x03, 0xE8, 0x1B, 0x07, 0x1B, 0x07, 
0x12, 0xA6, 0x12, 0xA6, 0x12, 0xA6, 0x02, 0x44, 0x31, 0xC7, 0x42, 0x49, 0x42, 0x49, 0x42, 0x49, 
0x31, 0xC7, 0x31, 0xC7, 0x31, 0xC7, 0x31, 0xC7, 0x31, 0xC7, 0x21, 0x45, 0x31, 0xC7, 0x31, 0xC7, 
0x31, 0xC7, 0x31, 0xC7, 0x31, 0xC7, 0x31, 0xC7, 0x6A, 0x65, 0x6A, 0x65, 0x00, 0x00, 0x00, 0x00, 
0x00, 0x00, 0x02, 0x44, 0x03, 0xE8, 0x15, 0x8D, 0x15, 0x8D, 0x03, 0xE8, 0x03, 0xE8, 0x1B, 0x07, 
0x12, 0xA6, 0x12, 0xA6, 0x12, 0xA6, 0x02, 0x44, 0x31, 0xC7, 0x31, 0xC7, 0x31, 0xC7, 0x31, 0xC7, 
0x31, 0xC7, 0x31, 0xC7, 0x31, 0xC7, 0x31, 0xC7, 0x31, 0xC7, 0x21, 0x45, 0x31, 0xC7, 0x31, 0xC7, 
0x31, 0xC7, 0x31, 0xC7, 0x31, 0xC7, 0x31, 0xC7, 0x6A, 0x65, 0x6A, 0x65, 0x00, 0x00, 0x00, 0x00, 
0x00, 0x00, 0x02, 0x44, 0x03, 0xE8, 0x03, 0xE8, 0x15, 0x8D, 0x03, 0xE8, 0x03, 0xE8, 0x1B, 0x07, 
0x12, 0xA6, 0x12, 0xA6, 0x12, 0xA6, 0x02, 0x44, 0x02, 0x44, 0x31, 0xC7, 0x31, 0xC7, 0x31, 0xC7, 
0x31, 0xC7, 0x31, 0xC7, 0x31, 0xC7, 0x31, 0xC7, 0x31, 0xC7, 0x21, 0x45, 0x31, 0xC7, 0x31, 0xC7, 
0x07, 0xE0, 0x00, 0x1F, 0x31, 0xC7, 0x21, 0x45, 0x00, 0x00, 0x00, 0x00, 0x00, 0x00, 0x00, 0x00, 
0x00, 0x00, 0x02, 0x44, 0x03, 0xE8, 0x03, 0xE8, 0x03, 0xE8, 0x03, 0xE8, 0x03, 0xE8, 0x03, 0xE8, 
0x1B, 0x07, 0x12, 0xA6, 0x12, 0xA6, 0x02, 0x44, 0x02, 0x44, 0x31, 0xC7, 0x31, 0xC7, 0x31, 0xC7, 
0x31, 0xC7, 0x31, 0xC7, 0x31, 0xC7, 0x31, 0xC7, 0x31, 0xC7, 0x21, 0x45, 0x31, 0xC7, 0x31, 0xC7, 
0x00, 0x1F, 0x00, 0x1F, 0x31, 0xC7, 0x21, 0x45, 0x00, 0x00, 0x00, 0x00, 0x00, 0x00, 0x00, 0x00, 
0x00, 0x00, 0x00, 0x00, 0x02, 0x44, 0x1B, 0x07, 0x03, 0xE8, 0x03, 0xE8, 0x03, 0xE8, 0x03, 0xE8, 
0x1B, 0x07, 0x1B, 0x07, 0x12, 0xA6, 0x02, 0x44, 0x02, 0x44, 0x02, 0x44, 0x31, 0xC7, 0x31, 0xC7, 
0x31, 0xC7, 0x31, 0xC7, 0x31, 0xC7, 0x31, 0xC7, 0x31, 0xC7, 0x21, 0x45, 0x31, 0xC7, 0x31, 0xC7, 
0x31, 0xC7, 0x31, 0xC7, 0x31, 0xC7, 0x21, 0x45, 0x00, 0x00, 0x00, 0x00, 0x00, 0x00, 0x00, 0x00, 
0x00, 0x00, 0x00, 0x00, 0x02, 0x44, 0x1B, 0x07, 0x1B, 0x07, 0x03, 0xE8, 0x03, 0xE8, 0x03, 0xE8, 
0x03, 0xE8, 0x1B, 0x07, 0x12, 0xA6, 0x02, 0x44, 0x02, 0x44, 0x02, 0x44, 0x31, 0xC7, 0x31, 0xC7, 
0x31, 0xC7, 0x31, 0xC7, 0x31, 0xC7, 0x31, 0xC7, 0x31, 0xC7, 0x21, 0x45, 0x21, 0x45, 0x21, 0x45, 
0x21, 0x45, 0x31, 0xC7, 0x31, 0xC7, 0x21, 0x45, 0x00, 0x00, 0x00, 0x00, 0x00, 0x00, 0x00, 0x00, 
0x00, 0x00, 0x02, 0x44, 0x15, 0x8D, 0x1B, 0x07, 0x1B, 0x07, 0x1B, 0x07, 0x1B, 0x07, 0x03, 0xE8, 
0x03, 0xE8, 0x03, 0xE8, 0x1B, 0x07, 0x02, 0x44, 0x02, 0x44, 0x02, 0x44, 0x02, 0x44, 0x31, 0xC7, 
0x31, 0xC7, 0x31, 0xC7, 0x31, 0xC7, 0x31, 0xC7, 0x31, 0xC7, 0x21, 0x45, 0x00, 0x00, 0x00, 0x00, 
0x21, 0x45, 0x31, 0xC7, 0x31, 0xC7, 0x21, 0x45, 0x00, 0x00, 0x00, 0x00, 0x00, 0x00, 0x00, 0x00, 
0x00, 0x00, 0x02, 0x44, 0x15, 0x8D, 0x03, 0xE8, 0x1B, 0x07, 0x1B, 0x07, 0x1B, 0x07, 0x1B, 0x07, 
0x03, 0xE8, 0x03, 0xE8, 0x1B, 0x07, 0x1B, 0x07, 0x02, 0x44, 0x02, 0x44, 0x02, 0x44, 0x02, 0x44, 
0x31, 0xC7, 0x31, 0xC7, 0x31, 0xC7, 0x31, 0xC7, 0x21, 0x45, 0x00, 0x00, 0x00, 0x00, 0x00, 0x00, 
0x21, 0x45, 0x31, 0xC7, 0x31, 0xC7, 0x21, 0x45, 0x00, 0x00, 0x00, 0x00, 0x00, 0x00, 0x00, 0x00, 
0x00, 0x00, 0x02, 0x44, 0x15, 0x8D, 0x03, 0xE8, 0x1B, 0x07, 0x12, 0xA6, 0x12, 0xA6, 0x1B, 0x07, 
0x1B, 0x07, 0x03, 0xE8, 0x03, 0xE8, 0x1B, 0x07, 0x02, 0x44, 0x02, 0x44, 0x02, 0x44, 0x02, 0x44, 
0x31, 0xC7, 0x31, 0xC7, 0x31, 0xC7, 0x21, 0x45, 0x00, 0x00, 0x00, 0x00, 0x00, 0x00, 0x00, 0x00, 
0x21, 0x45, 0x31, 0xC7, 0x31, 0xC7, 0x21, 0x45, 0x00, 0x00, 0x00, 0x00, 0x00, 0x00, 0x00, 0x00, 
0x02, 0x44, 0x03, 0xE8, 0x03, 0xE8, 0x1B, 0x07, 0x1B, 0x07, 0x12, 0xA6, 0x12, 0xA6, 0x12, 0xA6, 
0x1B, 0x07, 0x1B, 0x07, 0x03, 0xE8, 0x1B, 0x07, 0x1B, 0x07, 0x02, 0x44, 0x02, 0x44, 0x02, 0x44, 
0x21, 0x45, 0x21, 0x45, 0x21, 0x45, 0x00, 0x00, 0x00, 0x00, 0x00, 0x00, 0x00, 0x00, 0x00, 0x00, 
0x00, 0x00, 0x21, 0x45, 0x31, 0xC7, 0x21, 0x45, 0x00, 0x00, 0x00, 0x00, 0x00, 0x00, 0x00, 0x00, 
0x02, 0x44, 0x1B, 0x07, 0x1B, 0x07, 0x1B, 0x07, 0x1B, 0x07, 0x12, 0xA6, 0x12, 0xA6, 0x12, 0xA6, 
0x12, 0xA6, 0x1B, 0x07, 0x03, 0xE8, 0x03, 0xE8, 0x1B, 0x07, 0x02, 0x44, 0x02, 0x44, 0x02, 0x44, 
0x00, 0x00, 0x00, 0x00, 0x00, 0x00, 0x00, 0x00, 0x00, 0x00, 0x00, 0x00, 0x00, 0x00, 0x00, 0x00, 
0x00, 0x00, 0x21, 0x45, 0x31, 0xC7, 0x21, 0x45, 0x00, 0x00, 0x00, 0x00, 0x00, 0x00, 0x00, 0x00, 
0x00, 0x00, 0x02, 0x44, 0x1B, 0x07, 0x1B, 0x07, 0x1B, 0x07, 0x12, 0xA6, 0x02, 0x44, 0x02, 0x44, 
0x02, 0x44, 0x12, 0xA6, 0x03, 0xE8, 0x03, 0xE8, 0x1B, 0x07, 0x02, 0x44, 0x02, 0x44, 0x00, 0x00, 
0x00, 0x00, 0x00, 0x00, 0x00, 0x00, 0x00, 0x00, 0x00, 0x00, 0x00, 0x00, 0x00, 0x00, 0x00, 0x00, 
0x00, 0x00, 0x21, 0x45, 0x31, 0xC7, 0x21, 0x45, 0x00, 0x00, 0x00, 0x00, 0x00, 0x00, 0x00, 0x00, 
0x00, 0x00, 0x00, 0x00, 0x02, 0x44, 0x02, 0x44, 0x02, 0x44, 0x02, 0x44, 0x00, 0x00, 0x00, 0x00, 
0x00, 0x00, 0x02, 0x44, 0x02, 0x44, 0x02, 0x44, 0x02, 0x44, 0x00, 0x00, 0x00, 0x00, 0x00, 0x00, 
0x00, 0x00, 0x00, 0x00, 0x00, 0x00, 0x00, 0x00, 0x00, 0x00, 0x00, 0x00, 0x00, 0x00, 0x00, 0x00, 
0x00, 0x00, 0x21, 0x45, 0x31, 0xC7, 0x21, 0x45, 0x00, 0x00, 0x00, 0x00, 0x00, 0x00, 0x00, 0x00, 
0x00, 0x00, 0x00, 0x00, 0x00, 0x00, 0x00, 0x00, 0x00, 0x00, 0x00, 0x00, 0x00, 0x00, 0x00, 0x00, 
0x00, 0x00, 0x00, 0x00, 0x00, 0x00, 0x00, 0x00, 0x00, 0x00, 0x00, 0x00, 0x00, 0x00, 0x00, 0x00, 
0x00, 0x00, 0x00, 0x00, 0x00, 0x00, 0x00, 0x00, 0x00, 0x00, 0x00, 0x00, 0x00, 0x00, 0x00, 0x00, 
0x00, 0x00, 0x00, 0x00, 0x21, 0x45, 0x21, 0x45, 0x00, 0x00, 0x00, 0x00, 0x00, 0x00, 0x00, 0x00
}
,
{
0x00, 0x00, 0x00, 0x00, 0x00, 0x00, 0x00, 0x00, 0x00, 0x00, 0x00, 0x00, 0x00, 0x00, 0x00, 0x00, 
0x00, 0x00, 0x00, 0x00, 0x00, 0x00, 0x00, 0x00, 0x00, 0x00, 0x00, 0x00, 0x00, 0x00, 0x00, 0x00, 
0x00, 0x00, 0x00, 0x00, 0x00, 0x00, 0x00, 0x00, 0x00, 0x00, 0x00, 0x00, 0x00, 0x00, 0x00, 0x00, 
0x00, 0x00, 0x00, 0x00, 0x00, 0x00, 0x00, 0x00, 0x00, 0x00, 0x00, 0x00, 0x00, 0x00, 0x00, 0x00, 
0x00, 0x00, 0x00, 0x00, 0x00, 0x00, 0x00, 0x00, 0x00, 0x00, 0x00, 0x00, 0x00, 0x00, 0x00, 0x00, 
0x00, 0x00, 0x00, 0x00, 0x00, 0x00, 0x00, 0x00, 0x00, 0x00, 0x00, 0x00, 0x00, 0x00, 0x00, 0x00, 
0x00, 0x00, 0x00, 0x00, 0x00, 0x00, 0x00, 0x00, 0x00, 0x00, 0x00, 0x00, 0x00, 0x00, 0x00, 0x00, 
0x00, 0x00, 0x00, 0x00, 0x00, 0x00, 0x00, 0x00, 0x00, 0x00, 0x00, 0x00, 0x00, 0x00, 0x00, 0x00, 
0x00, 0x00, 0x00, 0x00, 0x00, 0x00, 0x00, 0x00, 0x00, 0x00, 0x00, 0x00, 0x00, 0x00, 0x00, 0x00, 
0x00, 0x00, 0x00, 0x00, 0x00, 0x00, 0x00, 0x00, 0x00, 0x00, 0x00, 0x00, 0x00, 0x00, 0x00, 0x00, 
0x00, 0x00, 0x00, 0x00, 0x00, 0x00, 0x00, 0x00, 0x00, 0x00, 0x00, 0x00, 0x00, 0x00, 0x00, 0x00, 
0x00, 0x00, 0x00, 0x00, 0x00, 0x00, 0x00, 0x00, 0x00, 0x00, 0x00, 0x00, 0x00, 0x00, 0x00, 0x00, 
0x00, 0x00, 0x00, 0x00, 0x00, 0x00, 0x00, 0x00, 0x00, 0x00, 0x00, 0x00, 0x00, 0x00, 0x00, 0x00, 
0x00, 0x00, 0x00, 0x00, 0x00, 0x00, 0x00, 0x00, 0x00, 0x00, 0x00, 0x00, 0x00, 0x00, 0x00, 0x00, 
0x00, 0x00, 0x00, 0x00, 0x00, 0x00, 0x00, 0x00, 0x00, 0x00, 0x00, 0x00, 0x00, 0x00, 0x00, 0x00, 
0x00, 0x00, 0x00, 0x00, 0x00, 0x00, 0x00, 0x00, 0x00, 0x00, 0x00, 0x00, 0x00, 0x00, 0x00, 0x00, 
0x00, 0x00, 0x00, 0x00, 0x00, 0x00, 0x00, 0x00, 0x00, 0x00, 0x00, 0x00, 0x00, 0x00, 0x00, 0x00, 
0x00, 0x00, 0x00, 0x00, 0x02, 0x44, 0x02, 0x44, 0x02, 0x44, 0x00, 0x00, 0x00, 0x00, 0x00, 0x00, 
0x00, 0x00, 0x00, 0x00, 0x00, 0x00, 0x00, 0x00, 0x00, 0x00, 0x00, 0x00, 0x00, 0x00, 0x00, 0x00, 
0x00, 0x00, 0x00, 0x00, 0x00, 0x00, 0x00, 0x00, 0x00, 0x00, 0x00, 0x00, 0x00, 0x00, 0x00, 0x00, 
0x00, 0x00, 0x00, 0x00, 0x00, 0x00, 0x00, 0x00, 0x00, 0x00, 0x00, 0x00, 0x00, 0x00, 0x00, 0x00, 
0x02, 0x44, 0x02, 0x44, 0x03, 0xE8, 0x1B, 0x07, 0x02, 0x44, 0x52, 0xCB, 0x52, 0xCB, 0x52, 0xCB, 
0x52, 0xCB, 0x52, 0xCB, 0x52, 0xCB, 0x52, 0xCB, 0x00, 0x1F, 0x00, 0x00, 0x00, 0x00, 0x00, 0x00, 
0x00, 0x00, 0x00, 0x00, 0x00, 0x00, 0x00, 0x00, 0x00, 0x00, 0x00, 0x00, 0x00, 0x00, 0x00, 0x00, 
0x00, 0x00, 0x00, 0x00, 0x00, 0x00, 0x00, 0x00, 0x00, 0x00, 0x00, 0x00, 0x02, 0x44, 0x02, 0x44, 
0x03, 0xE8, 0x03, 0xE8, 0x03, 0xE8, 0x1B, 0x07, 0x02, 0x44, 0x63, 0x4D, 0x63, 0x4D, 0x63, 0x4D, 
0x63, 0x4D, 0x63, 0x4D, 0x63, 0x4D, 0x63, 0x4D, 0x00, 0x1F, 0x63, 0x4D, 0x00, 0x00, 0x00, 0x00, 
0x00, 0x00, 0x00, 0x00, 0x00, 0x00, 0x00, 0x00, 0x00, 0x00, 0x00, 0x00, 0x00, 0x00, 0x00, 0x00, 
0x00, 0x00, 0x00, 0x00, 0x00, 0x00, 0x00, 0x00, 0x00, 0x00, 0x02, 0x44, 0x03, 0xE8, 0x15, 0x8D, 
0x15, 0x8D, 0x03, 0xE8, 0x03, 0xE8, 0x1B, 0x07, 0x02, 0x44, 0x63, 0x4D, 0x63, 0x4D, 0x63, 0x4D, 
0x63, 0x4D, 0x63, 0x4D, 0x63, 0x4D, 0x63, 0x4D, 0x00, 0x1F, 0x52, 0xCB, 0x42, 0x49, 0x00, 0x00, 
0x00, 0x00, 0x00, 0x00, 0x00, 0x00, 0x00, 0x00, 0x00, 0x00, 0x00, 0x00, 0x00, 0x00, 0x00, 0x00, 
0x00, 0x00, 0x00, 0x00, 0x00, 0x00, 0x00, 0x00, 0x02, 0x44, 0x03, 0xE8, 0x15, 0x8D, 0x15, 0x8D, 
0x15, 0x8D, 0x03, 0xE8, 0x03, 0xE8, 0x1B, 0x07, 0x02, 0x44, 0x5B, 0x0C, 0x5B, 0x0C, 0x5B, 0x0C, 
0x5B, 0x0C, 0x5B, 0x0C, 0x5B, 0x0C, 0x5B, 0x0C, 0x00, 0x1F, 0x52, 0xCB, 0x42, 0x49, 0x21, 0x45, 
0x00, 0x00, 0x00, 0x00, 0x00, 0x00, 0x00, 0x00, 0x00, 0x00, 0x00, 0x00, 0x00, 0x00, 0x00, 0x00, 
0x00, 0x00, 0x00, 0x00, 0x00, 0x00, 0x00, 0x00, 0x02, 0x44, 0x03, 0xE8, 0x15, 0x8D, 0x15, 0x8D, 
0x15, 0x8D, 0x03, 0xE8, 0x03, 0xE8, 0x1B, 0x07, 0x02, 0x44, 0x5B, 0x0C, 0x5B, 0x0C, 0x5B, 0x0C, 
0x5B, 0x0C, 0x5B, 0x0C, 0x5B, 0x0C, 0x5B, 0x0C, 0x00, 0x1F, 0x52, 0xCB, 0x42, 0x49, 0x21, 0x45, 
0x42, 0x49, 0xFC, 0x29, 0xFC, 0x29, 0xFC, 0x29, 0x00, 0x00, 0x8B, 0x69, 0x8B, 0x69, 0x00, 0x00, 
0x00, 0x00, 0x00, 0x00, 0x00, 0x00, 0x00, 0x00, 0x02, 0x44, 0x15, 0x8D, 0x15, 0x8D, 0x15, 0x8D, 
0x15, 0x8D, 0x03, 0xE8, 0x03, 0xE8, 0x1B, 0x07, 0x02, 0x44, 0x52, 0xCB, 0x52, 0xCB, 0x52, 0xCB, 
0x52, 0xCB, 0x52, 0xCB, 0x52, 0xCB, 0x52, 0xCB, 0x52, 0xCB, 0x52, 0xCB, 0x42, 0x49, 0x21, 0x45, 
0x31, 0xC7, 0xF8, 0x00, 0xF8, 0x00, 0xF8, 0x00, 0xF8, 0x00, 0x8B, 0x69, 0x8B, 0x69, 0x00, 0x00, 
0x00, 0x00, 0x00, 0x00, 0x00, 0x00, 0x02, 0x44, 0x1B, 0x07, 0x15, 0x8D, 0x15, 0x8D, 0x15, 0x8D, 
0x03, 0xE8, 0x03, 0xE8, 0x03, 0xE8, 0x1B, 0x07, 0x02, 0x44, 0x52, 0xCB, 0x52, 0xCB, 0x1C, 0x7E, 
0x5E, 0x7E, 0x5E, 0x7E, 0x1C, 0x7E, 0x52, 0xCB, 0x52, 0xCB, 0x42, 0x49, 0x42, 0x49, 0x21, 0x45, 
0x31, 0xC7, 0xF2, 0xA3, 0xF2, 0xA3, 0xF8, 0x00, 0xF8, 0x00, 0x8B, 0x69, 0x8B, 0x69, 0x00, 0x00, 
0x00, 0x00, 0x00, 0x00, 0x02, 0x44, 0x1B, 0x07, 0x1B, 0x07, 0x15, 0x8D, 0x15, 0x8D, 0x03, 0xE8, 
0x03, 0xE8, 0x03, 0xE8, 0x03, 0xE8, 0x1B, 0x07, 0x02, 0x44, 0x52, 0xCB, 0x52, 0xCB, 0x1C, 0x7E, 
0x1C, 0x7E, 0x1C, 0x7E, 0x1C, 0x7E, 0x52, 0xCB, 0x42, 0x49, 0x42, 0x49, 0x42, 0x49, 0x21, 0x45, 
0x31, 0xC7, 0xF2, 0xA3, 0xF2, 0xA3, 0xF2, 0xA3, 0xF2, 0xA3, 0x8B, 0x69, 0x8B, 0x69, 0x00, 0x00, 
0x00, 0x00, 0x00, 0x00, 0x02, 0x44, 0x1B, 0x07, 0x1B, 0x07, 0x03, 0xE8, 0x03, 0xE8, 0x03, 0xE8, 
0x03, 0xE8, 0x03, 0xE8, 0x03, 0xE8, 0x1B, 0x07, 0x02, 0x44, 0x42, 0x49, 0x52, 0xCB, 0x52, 0xCB, 
0x52, 0xCB, 0x52, 0xCB, 0x52, 0xCB, 0x52, 0xCB, 0x42, 0x49, 0x42, 0x49, 0x42, 0x49, 0x21, 0x45, 
0x31, 0xC7, 0x31, 0xC7, 0x31, 0xC7, 0xF2, 0xA3, 0xF2, 0xA3, 0x6A, 0x65, 0x6A, 0x65, 0x00, 0x00, 
0x00, 0x00, 0x00, 0x00, 0x02, 0x44, 0x1B, 0x07, 0x1B, 0x07, 0x1B, 0x07, 0x03, 0xE8, 0x03, 0xE8, 
0x03, 0xE8, 0x03, 0xE8, 0x03, 0xE8, 0x1B, 0x07, 0x02, 0x44, 0x42, 0x49, 0x52, 0xCB, 0x52, 0xCB, 
0x52, 0xCB, 0x52, 0xCB, 0x52, 0xCB, 0x07, 0xE0, 0x00, 0x1F, 0x42, 0x49, 0x42, 0x49, 0x21, 0x45, 
0x31, 0xC7, 0x31, 0xC7, 0x31, 0xC7, 0xF2, 0xA3, 0xF2, 0xA3, 0x6A, 0x65, 0x6A, 0x65, 0x00, 0x00, 
0x00, 0x00, 0x00, 0x00, 0x02, 0x44, 0x03, 0xE8, 0x03, 0xE8, 0x1B, 0x07, 0x1B, 0x07, 0x03, 0xE8, 
0x03, 0xE8, 0x03, 0xE8, 0x1B, 0x07, 0x1B, 0x07, 0x02, 0x44, 0x42, 0x49, 0x42, 0x49, 0x42, 0x49, 
0x42, 0x49, 0x42, 0x49, 0x42, 0x49, 0x00, 0x1F, 0x00, 0x1F, 0x42, 0x49, 0x42, 0x49, 0x21, 0x45, 
0x31, 0xC7, 0x31, 0xC7, 0x31, 0xC7, 0xE2, 0x21, 0xE2, 0x21, 0x6A, 0x65, 0x6A, 0x65, 0x00, 0x00, 
0x00, 0x00, 0x00, 0x00, 0x02, 0x44, 0x15, 0x8D, 0x15, 0x8D, 0x03, 0xE8, 0x1B, 0x07, 0x03, 0xE8, 
0x1B, 0x07, 0x1B, 0x07, 0x1B, 0x07, 0x1B, 0x07, 0x02, 0x44, 0x42, 0x49, 0x42, 0x49, 0x42, 0x49, 
0x42, 0x49, 0x42, 0x49, 0x42, 0x49, 0x42, 0x49, 0x42, 0x49, 0x31, 0xC7, 0x31, 0xC7, 0x21, 0x45, 
0x31, 0xC7, 0x31, 0xC7, 0x31, 0xC7, 0x31, 0xC7, 0x31, 0xC7, 0x21, 0x45, 0x00, 0x00, 0x00, 0x00, 
0x00, 0x00, 0x00, 0x00, 0x02, 0x44, 0x15, 0x8D, 0x15, 0x8D, 0x15, 0x8D, 0x03, 0xE8, 0x1B, 0x07, 
0x1B, 0x07, 0x1B, 0x07, 0x12, 0xA6, 0x12, 0xA6, 0x02, 0x44, 0x42, 0x49, 0x42, 0x49, 0x42, 0x49, 
0x42, 0x49, 0x42, 0x49, 0x42, 0x49, 0x42, 0x49, 0x31, 0xC7, 0x31, 0xC7, 0x31, 0xC7, 0x21, 0x45, 
0x31, 0xC7, 0x31, 0xC7, 0x31, 0xC7, 0x31, 0xC7, 0x31, 0xC7, 0x21, 0x45, 0x00, 0x00, 0x00, 0x00, 
0x00, 0x00, 0x00, 0x00, 0x02, 0x44, 0x15, 0x8D, 0x15, 0x8D, 0x15, 0x8D, 0x03, 0xE8, 0x1B, 0x07, 
0x1B, 0x07, 0x12, 0xA6, 0x12, 0xA6, 0x12, 0xA6, 0x02, 0x44, 0x31, 0xC7, 0x42, 0x49, 0x42, 0x49, 
0x42, 0x49, 0x31, 0xC7, 0x31, 0xC7, 0x31, 0xC7, 0x31, 0xC7, 0x31, 0xC7, 0x21, 0x45, 0x31, 0xC7, 
0x31, 0xC7, 0x07, 0xE0, 0x00, 0x1F, 0x31, 0xC7, 0x31, 0xC7, 0x21, 0x45, 0x00, 0x00, 0x00, 0x00, 
0x00, 0x00, 0x00, 0x00, 0x02, 0x44, 0x03, 0xE8, 0x15, 0x8D, 0x15, 0x8D, 0x03, 0xE8, 0x03, 0xE8, 
0x1B, 0x07, 0x12, 0xA6, 0x12, 0xA6, 0x12, 0xA6, 0x02, 0x44, 0x31, 0xC7, 0x31, 0xC7, 0x31, 0xC7, 
0x31, 0xC7, 0x31, 0xC7, 0x31, 0xC7, 0x31, 0xC7, 0x31, 0xC7, 0x31, 0xC7, 0x21, 0x45, 0x31, 0xC7, 
0x31, 0xC7, 0x00, 0x1F, 0x00, 0x1F, 0x31, 0xC7, 0x31, 0xC7, 0x8B, 0x69, 0x8B, 0x69, 0x00, 0x00, 
0x00, 0x00, 0x00, 0x00, 0x02, 0x44, 0x03, 0xE8, 0x03, 0xE8, 0x15, 0x8D, 0x03, 0xE8, 0x03, 0xE8, 
0x1B, 0x07, 0x12, 0xA6, 0x12, 0xA6, 0x12, 0xA6, 0x02, 0x44, 0x02, 0x44, 0x31, 0xC7, 0x31, 0xC7, 
0x31, 0xC7, 0x31, 0xC7, 0x31, 0xC7, 0x31, 0xC7, 0x31, 0xC7, 0x31, 0xC7, 0x21, 0x45, 0x31, 0xC7, 
0x31, 0xC7, 0x31, 0xC7, 0x31, 0xC7, 0x31, 0xC7, 0x21, 0x45, 0x6A, 0x65, 0x6A, 0x65, 0x00, 0x00, 
0x00, 0x00, 0x00, 0x00, 0x02, 0x44, 0x03, 0xE8, 0x03, 0xE8, 0x03, 0xE8, 0x03, 0xE8, 0x03, 0xE8, 
0x03, 0xE8, 0x1B, 0x07, 0x12, 0xA6, 0x12, 0xA6, 0x02, 0x44, 0x02, 0x44, 0x31, 0xC7, 0x31, 0xC7, 
0x31, 0xC7, 0x31, 0xC7, 0x31, 0xC7, 0x31, 0xC7, 0x31, 0xC7, 0x31, 0xC7, 0x21, 0x45, 0x31, 0xC7, 
0x31, 0xC7, 0x31, 0xC7, 0x31, 0xC7, 0x31, 0xC7, 0x21, 0x45, 0x6A, 0x65, 0x6A, 0x65, 0x00, 0x00, 
0x00, 0x00, 0x00, 0x00, 0x00, 0x00, 0x02, 0x44, 0x1B, 0x07, 0x03, 0xE8, 0x03, 0xE8, 0x03, 0xE8, 
0x03, 0xE8, 0x1B, 0x07, 0x1B, 0x07, 0x12, 0xA6, 0x02, 0x44, 0x02, 0x44, 0x02, 0x44, 0x31, 0xC7, 
0x31, 0xC7, 0x31, 0xC7, 0x31, 0xC7, 0x31, 0xC7, 0x31, 0xC7, 0x31, 0xC7, 0x21, 0x45, 0x31, 0xC7, 
0x31, 0xC7, 0x31, 0xC7, 0x31, 0xC7, 0x31, 0xC7, 0x21, 0x45, 0x6A, 0x65, 0x00, 0x00, 0x00, 0x00, 
0x00, 0x00, 0x00, 0x00, 0x00, 0x00, 0x02, 0x44, 0x1B, 0x07, 0x1B, 0x07, 0x03, 0xE8, 0x03, 0xE8, 
0x03, 0xE8, 0x03, 0xE8, 0x1B, 0x07, 0x12, 0xA6, 0x02, 0x44, 0x02, 0x44, 0x02, 0x44, 0x31, 0xC7, 
0x31, 0xC7, 0x31, 0xC7, 0x31, 0xC7, 0x31, 0xC7, 0x31, 0xC7, 0x31, 0xC7, 0x21, 0x45, 0x21, 0x45, 
0x21, 0x45, 0x21, 0x45, 0x31, 0xC7, 0x31, 0xC7, 0x21, 0x45, 0x00, 0x00, 0x00, 0x00, 0x00, 0x00, 
0x00, 0x00, 0x00, 0x00, 0x02, 0x44, 0x15, 0x8D, 0x1B, 0x07, 0x1B, 0x07, 0x1B, 0x07, 0x1B, 0x07, 
0x03, 0xE8, 0x03, 0xE8, 0x03, 0xE8, 0x1B, 0x07, 0x02, 0x44, 0x02, 0x44, 0x02, 0x44, 0x02, 0x44, 
0x31, 0xC7, 0x31, 0xC7, 0x31, 0xC7, 0x31, 0xC7, 0x31, 0xC7, 0x31, 0xC7, 0x21, 0x45, 0x00, 0x00, 
0x00, 0x00, 0x21, 0x45, 0x31, 0xC7, 0x31, 0xC7, 0x21, 0x45, 0x00, 0x00, 0x00, 0x00, 0x00, 0x00, 
0x00, 0x00, 0x00, 0x00, 0x02, 0x44, 0x15, 0x8D, 0x03, 0xE8, 0x1B, 0x07, 0x1B, 0x07, 0x1B, 0x07, 
0x1B, 0x07, 0x03, 0xE8, 0x03, 0xE8, 0x1B, 0x07, 0x1B, 0x07, 0x02, 0x44, 0x02, 0x44, 0x02, 0x44, 
0x02, 0x44, 0x31, 0xC7, 0x31, 0xC7, 0x31, 0xC7, 0x31, 0xC7, 0x21, 0x45, 0x00, 0x00, 0x00, 0x00, 
0x00, 0x00, 0x21, 0x45, 0x31, 0xC7, 0x31, 0xC7, 0x21, 0x45, 0x00, 0x00, 0x00, 0x00, 0x00, 0x00, 
0x00, 0x00, 0x00, 0x00, 0x02, 0x44, 0x15, 0x8D, 0x03, 0xE8, 0x1B, 0x07, 0x12, 0xA6, 0x12, 0xA6, 
0x1B, 0x07, 0x1B, 0x07, 0x03, 0xE8, 0x03, 0xE8, 0x1B, 0x07, 0x02, 0x44, 0x02, 0x44, 0x02, 0x44, 
0x02, 0x44, 0x31, 0xC7, 0x31, 0xC7, 0x31, 0xC7, 0x21, 0x45, 0x00, 0x00, 0x00, 0x00, 0x00, 0x00, 
0x00, 0x00, 0x21, 0x45, 0x31, 0xC7, 0x21, 0x45, 0x00, 0x00, 0x00, 0x00, 0x00, 0x00, 0x00, 0x00, 
0x00, 0x00, 0x02, 0x44, 0x03, 0xE8, 0x03, 0xE8, 0x1B, 0x07, 0x1B, 0x07, 0x12, 0xA6, 0x12, 0xA6, 
0x12, 0xA6, 0x1B, 0x07, 0x1B, 0x07, 0x03, 0xE8, 0x1B, 0x07, 0x1B, 0x07, 0x02, 0x44, 0x02, 0x44, 
0x02, 0x44, 0x21, 0x45, 0x21, 0x45, 0x21, 0x45, 0x00, 0x00, 0x00, 0x00, 0x00, 0x00, 0x00, 0x00, 
0x21, 0x45, 0x31, 0xC7, 0x31, 0xC7, 0x21, 0x45, 0x00, 0x00, 0x00, 0x00, 0x00, 0x00, 0x00, 0x00, 
0x00, 0x00, 0x02, 0x44, 0x1B, 0x07, 0x1B, 0x07, 0x1B, 0x07, 0x1B, 0x07, 0x12, 0xA6, 0x12, 0xA6, 
0x12, 0xA6, 0x12, 0xA6, 0x1B, 0x07, 0x03, 0xE8, 0x03, 0xE8, 0x1B, 0x07, 0x02, 0x44, 0x02, 0x44, 
0x02, 0x44, 0x00, 0x00, 0x00, 0x00, 0x00, 0x00, 0x00, 0x00, 0x00, 0x00, 0x00, 0x00, 0x00, 0x00, 
0x21, 0x45, 0x31, 0xC7, 0x31, 0xC7, 0x21, 0x45, 0x00, 0x00, 0x00, 0x00, 0x00, 0x00, 0x00, 0x00, 
0x00, 0x00, 0x00, 0x00, 0x02, 0x44, 0x1B, 0x07, 0x1B, 0x07, 0x1B, 0x07, 0x12, 0xA6, 0x02, 0x44, 
0x02, 0x44, 0x02, 0x44, 0x12, 0xA6, 0x03, 0xE8, 0x03, 0xE8, 0x1B, 0x07, 0x02, 0x44, 0x02, 0x44, 
0x00, 0x00, 0x00, 0x00, 0x00, 0x00, 0x00, 0x00, 0x00, 0x00, 0x00, 0x00, 0x00, 0x00, 0x00, 0x00, 
0x21, 0x45, 0x31, 0xC7, 0x31, 0xC7, 0x21, 0x45, 0x00, 0x00, 0x00, 0x00, 0x00, 0x00, 0x00, 0x00, 
0x00, 0x00, 0x00, 0x00, 0x00, 0x00, 0x02, 0x44, 0x02, 0x44, 0x02, 0x44, 0x02, 0x44, 0x00, 0x00, 
0x00, 0x00, 0x00, 0x00, 0x02, 0x44, 0x02, 0x44, 0x02, 0x44, 0x02, 0x44, 0x00, 0x00, 0x00, 0x00, 
0x00, 0x00, 0x00, 0x00, 0x00, 0x00, 0x00, 0x00, 0x00, 0x00, 0x00, 0x00, 0x00, 0x00, 0x21, 0x45, 
0x31, 0xC7, 0x31, 0xC7, 0x21, 0x45, 0x00, 0x00, 0x00, 0x00, 0x00, 0x00, 0x00, 0x00, 0x00, 0x00, 
0x00, 0x00, 0x00, 0x00, 0x00, 0x00, 0x00, 0x00, 0x00, 0x00, 0x00, 0x00, 0x00, 0x00, 0x00, 0x00, 
0x00, 0x00, 0x00, 0x00, 0x00, 0x00, 0x00, 0x00, 0x00, 0x00, 0x00, 0x00, 0x00, 0x00, 0x00, 0x00, 
0x00, 0x00, 0x00, 0x00, 0x00, 0x00, 0x00, 0x00, 0x00, 0x00, 0x00, 0x00, 0x00, 0x00, 0x21, 0x45, 
0x21, 0x45, 0x21, 0x45, 0x00, 0x00, 0x00, 0x00, 0x00, 0x00, 0x00, 0x00, 0x00, 0x00, 0x00, 0x00
}
,
{
0x00, 0x00, 0x00, 0x00, 0x00, 0x00, 0x00, 0x00, 0x00, 0x00, 0x00, 0x00, 0x00, 0x00, 0x00, 0x00, 
0x00, 0x00, 0x00, 0x00, 0x00, 0x00, 0x00, 0x00, 0x00, 0x00, 0x00, 0x00, 0x00, 0x00, 0x00, 0x00, 
0x00, 0x00, 0x00, 0x00, 0x00, 0x00, 0x00, 0x00, 0x00, 0x00, 0x00, 0x00, 0x00, 0x00, 0x00, 0x00, 
0x00, 0x00, 0x00, 0x00, 0x00, 0x00, 0x00, 0x00, 0x00, 0x00, 0x00, 0x00, 0x00, 0x00, 0x00, 0x00, 
0x00, 0x00, 0x00, 0x00, 0x00, 0x00, 0x00, 0x00, 0x00, 0x00, 0x00, 0x00, 0x00, 0x00, 0x00, 0x00, 
0x00, 0x00, 0x00, 0x00, 0x00, 0x00, 0x00, 0x00, 0x00, 0x00, 0x00, 0x00, 0x00, 0x00, 0x00, 0x00, 
0x00, 0x00, 0x00, 0x00, 0x00, 0x00, 0x00, 0x00, 0x00, 0x00, 0x00, 0x00, 0x00, 0x00, 0x00, 0x00, 
0x00, 0x00, 0x00, 0x00, 0x00, 0x00, 0x00, 0x00, 0x00, 0x00, 0x00, 0x00, 0x00, 0x00, 0x00, 0x00, 
0x00, 0x00, 0x00, 0x00, 0x00, 0x00, 0x00, 0x00, 0x00, 0x00, 0x00, 0x00, 0x00, 0x00, 0x00, 0x00, 
0x00, 0x00, 0x00, 0x00, 0x00, 0x00, 0x00, 0x00, 0x00, 0x00, 0x00, 0x00, 0x00, 0x00, 0x00, 0x00, 
0x00, 0x00, 0x00, 0x00, 0x00, 0x00, 0x00, 0x00, 0x00, 0x00, 0x00, 0x00, 0x00, 0x00, 0x00, 0x00, 
0x00, 0x00, 0x00, 0x00, 0x00, 0x00, 0x00, 0x00, 0x00, 0x00, 0x00, 0x00, 0x00, 0x00, 0x00, 0x00, 
0x00, 0x00, 0x00, 0x00, 0x00, 0x00, 0x00, 0x00, 0x00, 0x00, 0x00, 0x00, 0x00, 0x00, 0x00, 0x00, 
0x00, 0x00, 0x00, 0x00, 0x00, 0x00, 0x00, 0x00, 0x00, 0x00, 0x00, 0x00, 0x00, 0x00, 0x00, 0x00, 
0x00, 0x00, 0x00, 0x00, 0x00, 0x00, 0x00, 0x00, 0x00, 0x00, 0x00, 0x00, 0x00, 0x00, 0x00, 0x00, 
0x00, 0x00, 0x00, 0x00, 0x00, 0x00, 0x00, 0x00, 0x00, 0x00, 0x00, 0x00, 0x00, 0x00, 0x00, 0x00, 
0x00, 0x00, 0x00, 0x00, 0x00, 0x00, 0x00, 0x00, 0x00, 0x00, 0x00, 0x00, 0x00, 0x00, 0x00, 0x00, 
0x00, 0x00, 0x02, 0x44, 0x02, 0x44, 0x02, 0x44, 0x00, 0x00, 0x00, 0x00, 0x00, 0x00, 0x00, 0x00, 
0x00, 0x00, 0x00, 0x00, 0x00, 0x00, 0x00, 0x00, 0x00, 0x00, 0x00, 0x00, 0x00, 0x00, 0x00, 0x00, 
0x00, 0x00, 0x00, 0x00, 0x00, 0x00, 0x00, 0x00, 0x00, 0x00, 0x00, 0x00, 0x00, 0x00, 0x00, 0x00, 
0x00, 0x00, 0x00, 0x00, 0x00, 0x00, 0x00, 0x00, 0x00, 0x00, 0x00, 0x00, 0x00, 0x00, 0x02, 0x44, 
0x02, 0x44, 0x03, 0xE8, 0x1B, 0x07, 0x02, 0x44, 0x52, 0xCB, 0x52, 0xCB, 0x52, 0xCB, 0x52, 0xCB, 
0x52, 0xCB, 0x52, 0xCB, 0x52, 0xCB, 0x00, 0x1F, 0x00, 0x00, 0x00, 0x00, 0x00, 0x00, 0x00, 0x00, 
0x00, 0x00, 0x00, 0x00, 0x00, 0x00, 0x00, 0x00, 0x00, 0x00, 0x00, 0x00, 0x00, 0x00, 0x00, 0x00, 
0x00, 0x00, 0x00, 0x00, 0x00, 0x00, 0x00, 0x00, 0x00, 0x00, 0x02, 0x44, 0x02, 0x44, 0x03, 0xE8, 
0x03, 0xE8, 0x03, 0xE8, 0x1B, 0x07, 0x02, 0x44, 0x63, 0x4D, 0x63, 0x4D, 0x63, 0x4D, 0x63, 0x4D, 
0x63, 0x4D, 0x63, 0x4D, 0x63, 0x4D, 0x00, 0x1F, 0x63, 0x4D, 0x00, 0x00, 0x00, 0x00, 0x00, 0x00, 
0x00, 0x00, 0x00, 0x00, 0x00, 0x00, 0x00, 0x00, 0x00, 0x00, 0x00, 0x00, 0x00, 0x00, 0x00, 0x00, 
0x00, 0x00, 0x00, 0x00, 0x00, 0x00, 0x00, 0x00, 0x02, 0x44, 0x03, 0xE8, 0x15, 0x8D, 0x15, 0x8D, 
0x03, 0xE8, 0x03, 0xE8, 0x1B, 0x07, 0x02, 0x44, 0x63, 0x4D, 0x63, 0x4D, 0x63, 0x4D, 0x63, 0x4D, 
0x63, 0x4D, 0x63, 0x4D, 0x63, 0x4D, 0x00, 0x1F, 0x52, 0xCB, 0x42, 0x49, 0x00, 0x00, 0x00, 0x00, 
0x00, 0x00, 0x00, 0x00, 0x00, 0x00, 0x00, 0x00, 0x00, 0x00, 0x00, 0x00, 0x00, 0x00, 0x00, 0x00, 
0x00, 0x00, 0x00, 0x00, 0x00, 0x00, 0x02, 0x44, 0x03, 0xE8, 0x15, 0x8D, 0x15, 0x8D, 0x15, 0x8D, 
0x03, 0xE8, 0x03, 0xE8, 0x1B, 0x07, 0x02, 0x44, 0x5B, 0x0C, 0x5B, 0x0C, 0x5B, 0x0C, 0x5B, 0x0C, 
0x5B, 0x0C, 0x5B, 0x0C, 0x5B, 0x0C, 0x00, 0x1F, 0x52, 0xCB, 0x42, 0x49, 0x21, 0x45, 0x00, 0x00, 
0x00, 0x00, 0x00, 0x00, 0x00, 0x00, 0x00, 0x00, 0x00, 0x00, 0x00, 0x00, 0x00, 0x00, 0x00, 0x00, 
0x00, 0x00, 0x00, 0x00, 0x00, 0x00, 0x02, 0x44, 0x03, 0xE8, 0x15, 0x8D, 0x15, 0x8D, 0x15, 0x8D, 
0x03, 0xE8, 0x03, 0xE8, 0x1B, 0x07, 0x02, 0x44, 0x5B, 0x0C, 0x5B, 0x0C, 0x5B, 0x0C, 0x5B, 0x0C, 
0x5B, 0x0C, 0x5B, 0x0C, 0x5B, 0x0C, 0x00, 0x1F, 0x52, 0xCB, 0x42, 0x49, 0x21, 0x45, 0x42, 0x49, 
0xFC, 0x29, 0xFC, 0x29, 0xFC, 0x29, 0x00, 0x00, 0x00, 0x00, 0x00, 0x00, 0x00, 0x00, 0x00, 0x00, 
0x00, 0x00, 0x00, 0x00, 0x00, 0x00, 0x02, 0x44, 0x15, 0x8D, 0x15, 0x8D, 0x15, 0x8D, 0x15, 0x8D, 
0x03, 0xE8, 0x03, 0xE8, 0x1B, 0x07, 0x02, 0x44, 0x52, 0xCB, 0x52, 0xCB, 0x52, 0xCB, 0x52, 0xCB, 
0x52, 0xCB, 0x52, 0xCB, 0x52, 0xCB, 0x52, 0xCB, 0x52, 0xCB, 0x42, 0x49, 0x21, 0x45, 0x31, 0xC7, 
0xF8, 0x00, 0xF8, 0x00, 0xF8, 0x00, 0xF8, 0x00, 0x00, 0x00, 0x00, 0x00, 0x00, 0x00, 0x00, 0x00, 
0x00, 0x00, 0x00, 0x00, 0x02, 0x44, 0x1B, 0x07, 0x15, 0x8D, 0x15, 0x8D, 0x15, 0x8D, 0x03, 0xE8, 
0x03, 0xE8, 0x03, 0xE8, 0x1B, 0x07, 0x02, 0x44, 0x52, 0xCB, 0x52, 0xCB, 0x1C, 0x7E, 0x5E, 0x7E, 
0x5E, 0x7E, 0x1C, 0x7E, 0x52, 0xCB, 0x52, 0xCB, 0x42, 0x49, 0x42, 0x49, 0x21, 0x45, 0x31, 0xC7, 
0xF2, 0xA3, 0xF8, 0x00, 0xF8, 0x00, 0xF8, 0x00, 0x21, 0x45, 0x00, 0x00, 0x00, 0x00, 0x00, 0x00, 
0x00, 0x00, 0x02, 0x44, 0x1B, 0x07, 0x1B, 0x07, 0x15, 0x8D, 0x15, 0x8D, 0x03, 0xE8, 0x03, 0xE8, 
0x03, 0xE8, 0x03, 0xE8, 0x1B, 0x07, 0x02, 0x44, 0x52, 0xCB, 0x52, 0xCB, 0x1C, 0x7E, 0x1C, 0x7E, 
0x1C, 0x7E, 0x1C, 0x7E, 0x52, 0xCB, 0x42, 0x49, 0x42, 0x49, 0x42, 0x49, 0x21, 0x45, 0x31, 0xC7, 
0xF2, 0xA3, 0xF2, 0xA3, 0xF2, 0xA3, 0xF8, 0x00, 0x8B, 0x69, 0x8B, 0x69, 0x00, 0x00, 0x00, 0x00, 
0x00, 0x00, 0x02, 0x44, 0x1B, 0x07, 0x1B, 0x07, 0x03, 0xE8, 0x03, 0xE8, 0x03, 0xE8, 0x03, 0xE8, 
0x03, 0xE8, 0x03, 0xE8, 0x1B, 0x07, 0x02, 0x44, 0x42, 0x49, 0x52, 0xCB, 0x52, 0xCB, 0x52, 0xCB, 
0x52, 0xCB, 0x52, 0xCB, 0x52, 0xCB, 0x42, 0x49, 0x42, 0x49, 0x42, 0x49, 0x21, 0x45, 0x31, 0xC7, 
0x31, 0xC7, 0x31, 0xC7, 0xF2, 0xA3, 0xF2, 0xA3, 0x8B, 0x69, 0x8B, 0x69, 0x00, 0x00, 0x00, 0x00, 
0x00, 0x00, 0x02, 0x44, 0x1B, 0x07, 0x1B, 0x07, 0x1B, 0x07, 0x03, 0xE8, 0x03, 0xE8, 0x03, 0xE8, 
0x03, 0xE8, 0x03, 0xE8, 0x1B, 0x07, 0x02, 0x44, 0x42, 0x49, 0x52, 0xCB, 0x52, 0xCB, 0x52, 0xCB, 
0x52, 0xCB, 0x52, 0xCB, 0x07, 0xE0, 0x00, 0x1F, 0x42, 0x49, 0x42, 0x49, 0x21, 0x45, 0x31, 0xC7, 
0x31, 0xC7, 0x31, 0xC7, 0xF2, 0xA3, 0xF2, 0xA3, 0x8B, 0x69, 0x8B, 0x69, 0x00, 0x00, 0x00, 0x00, 
0x00, 0x00, 0x02, 0x44, 0x03, 0xE8, 0x03, 0xE8, 0x1B, 0x07, 0x1B, 0x07, 0x03, 0xE8, 0x03, 0xE8, 
0x03, 0xE8, 0x1B, 0x07, 0x1B, 0x07, 0x02, 0x44, 0x42, 0x49, 0x42, 0x49, 0x42, 0x49, 0x42, 0x49, 
0x42, 0x49, 0x42, 0x49, 0x00, 0x1F, 0x00, 0x1F, 0x42, 0x49, 0x42, 0x49, 0x21, 0x45, 0x31, 0xC7, 
0x31, 0xC7, 0x31, 0xC7, 0xE2, 0x21, 0xE2, 0x21, 0x8B, 0x69, 0x8B, 0x69, 0x00, 0x00, 0x00, 0x00, 
0x00, 0x00, 0x02, 0x44, 0x15, 0x8D, 0x15, 0x8D, 0x03, 0xE8, 0x1B, 0x07, 0x03, 0xE8, 0x1B, 0x07, 
0x1B, 0x07, 0x1B, 0x07, 0x1B, 0x07, 0x02, 0x44, 0x42, 0x49, 0x42, 0x49, 0x42, 0x49, 0x42, 0x49, 
0x42, 0x49, 0x42, 0x49, 0x42, 0x49, 0x42, 0x49, 0x31, 0xC7, 0x31, 0xC7, 0x21, 0x45, 0x31, 0xC7, 
0x31, 0xC7, 0x31, 0xC7, 0x31, 0xC7, 0x31, 0xC7, 0x6A, 0x65, 0x8B, 0x69, 0x00, 0x00, 0x00, 0x00, 
0x00, 0x00, 0x02, 0x44, 0x15, 0x8D, 0x15, 0x8D, 0x15, 0x8D, 0x03, 0xE8, 0x1B, 0x07, 0x1B, 0x07, 
0x1B, 0x07, 0x12, 0xA6, 0x12, 0xA6, 0x02, 0x44, 0x42, 0x49, 0x42, 0x49, 0x42, 0x49, 0x42, 0x49, 
0x42, 0x49, 0x42, 0x49, 0x42, 0x49, 0x31, 0xC7, 0x31, 0xC7, 0x31, 0xC7, 0x21, 0x45, 0x31, 0xC7, 
0x31, 0xC7, 0x31, 0xC7, 0x31, 0xC7, 0x31, 0xC7, 0x6A, 0x65, 0x6A, 0x65, 0x00, 0x00, 0x00, 0x00, 
0x00, 0x00, 0x02, 0x44, 0x15, 0x8D, 0x15, 0x8D, 0x15, 0x8D, 0x03, 0xE8, 0x1B, 0x07, 0x1B, 0x07, 
0x12, 0xA6, 0x12, 0xA6, 0x12, 0xA6, 0x02, 0x44, 0x31, 0xC7, 0x42, 0x49, 0x42, 0x49, 0x42, 0x49, 
0x31, 0xC7, 0x31, 0xC7, 0x31, 0xC7, 0x31, 0xC7, 0x31, 0xC7, 0x21, 0x45, 0x31, 0xC7, 0x31, 0xC7, 
0x31, 0xC7, 0x31, 0xC7, 0x31, 0xC7, 0x31, 0xC7, 0x6A, 0x65, 0x6A, 0x65, 0x00, 0x00, 0x00, 0x00, 
0x00, 0x00, 0x02, 0x44, 0x03, 0xE8, 0x15, 0x8D, 0x15, 0x8D, 0x03, 0xE8, 0x03, 0xE8, 0x1B, 0x07, 
0x12, 0xA6, 0x12, 0xA6, 0x12, 0xA6, 0x02, 0x44, 0x31, 0xC7, 0x31, 0xC7, 0x31, 0xC7, 0x31, 0xC7, 
0x31, 0xC7, 0x31, 0xC7, 0x31, 0xC7, 0x31, 0xC7, 0x31, 0xC7, 0x21, 0x45, 0x31, 0xC7, 0x31, 0xC7, 
0x31, 0xC7, 0x31, 0xC7, 0x31, 0xC7, 0x31, 0xC7, 0x6A, 0x65, 0x6A, 0x65, 0x00, 0x00, 0x00, 0x00, 
0x00, 0x00, 0x02, 0x44, 0x03, 0xE8, 0x03, 0xE8, 0x15, 0x8D, 0x03, 0xE8, 0x03, 0xE8, 0x1B, 0x07, 
0x12, 0xA6, 0x12, 0xA6, 0x12, 0xA6, 0x02, 0x44, 0x02, 0x44, 0x31, 0xC7, 0x31, 0xC7, 0x31, 0xC7, 
0x31, 0xC7, 0x31, 0xC7, 0x31, 0xC7, 0x31, 0xC7, 0x31, 0xC7, 0x21, 0x45, 0x31, 0xC7, 0x31, 0xC7, 
0x07, 0xE0, 0x00, 0x1F, 0x31, 0xC7, 0x21, 0x45, 0x00, 0x00, 0x00, 0x00, 0x00, 0x00, 0x00, 0x00, 
0x00, 0x00, 0x02, 0x44, 0x03, 0xE8, 0x03, 0xE8, 0x03, 0xE8, 0x03, 0xE8, 0x03, 0xE8, 0x03, 0xE8, 
0x1B, 0x07, 0x12, 0xA6, 0x12, 0xA6, 0x02, 0x44, 0x02, 0x44, 0x31, 0xC7, 0x31, 0xC7, 0x31, 0xC7, 
0x31, 0xC7, 0x31, 0xC7, 0x31, 0xC7, 0x31, 0xC7, 0x31, 0xC7, 0x21, 0x45, 0x31, 0xC7, 0x31, 0xC7, 
0x00, 0x1F, 0x00, 0x1F, 0x31, 0xC7, 0x21, 0x45, 0x00, 0x00, 0x00, 0x00, 0x00, 0x00, 0x00, 0x00, 
0x00, 0x00, 0x00, 0x00, 0x02, 0x44, 0x1B, 0x07, 0x03, 0xE8, 0x03, 0xE8, 0x03, 0xE8, 0x03, 0xE8, 
0x1B, 0x07, 0x1B, 0x07, 0x12, 0xA6, 0x02, 0x44, 0x02, 0x44, 0x02, 0x44, 0x31, 0xC7, 0x31, 0xC7, 
0x31, 0xC7, 0x31, 0xC7, 0x31, 0xC7, 0x31, 0xC7, 0x31, 0xC7, 0x21, 0x45, 0x31, 0xC7, 0x31, 0xC7, 
0x31, 0xC7, 0x31, 0xC7, 0x31, 0xC7, 0x21, 0x45, 0x00, 0x00, 0x00, 0x00, 0x00, 0x00, 0x00, 0x00, 
0x00, 0x00, 0x00, 0x00, 0x02, 0x44, 0x1B, 0x07, 0x1B, 0x07, 0x03, 0xE8, 0x03, 0xE8, 0x03, 0xE8, 
0x03, 0xE8, 0x1B, 0x07, 0x12, 0xA6, 0x02, 0x44, 0x02, 0x44, 0x02, 0x44, 0x31, 0xC7, 0x31, 0xC7, 
0x31, 0xC7, 0x31, 0xC7, 0x31, 0xC7, 0x31, 0xC7, 0x31, 0xC7, 0x21, 0x45, 0x21, 0x45, 0x21, 0x45, 
0x21, 0x45, 0x31, 0xC7, 0x31, 0xC7, 0x21, 0x45, 0x00, 0x00, 0x00, 0x00, 0x00, 0x00, 0x00, 0x00, 
0x00, 0x00, 0x02, 0x44, 0x15, 0x8D, 0x1B, 0x07, 0x1B, 0x07, 0x1B, 0x07, 0x1B, 0x07, 0x03, 0xE8, 
0x03, 0xE8, 0x03, 0xE8, 0x1B, 0x07, 0x02, 0x44, 0x02, 0x44, 0x02, 0x44, 0x02, 0x44, 0x31, 0xC7, 
0x31, 0xC7, 0x31, 0xC7, 0x31, 0xC7, 0x31, 0xC7, 0x31, 0xC7, 0x21, 0x45, 0x00, 0x00, 0x00, 0x00, 
0x21, 0x45, 0x31, 0xC7, 0x31, 0xC7, 0x21, 0x45, 0x00, 0x00, 0x00, 0x00, 0x00, 0x00, 0x00, 0x00, 
0x00, 0x00, 0x02, 0x44, 0x15, 0x8D, 0x03, 0xE8, 0x1B, 0x07, 0x1B, 0x07, 0x1B, 0x07, 0x1B, 0x07, 
0x03, 0xE8, 0x03, 0xE8, 0x1B, 0x07, 0x1B, 0x07, 0x02, 0x44, 0x02, 0x44, 0x02, 0x44, 0x02, 0x44, 
0x31, 0xC7, 0x31, 0xC7, 0x31, 0xC7, 0x31, 0xC7, 0x21, 0x45, 0x00, 0x00, 0x00, 0x00, 0x00, 0x00, 
0x21, 0x45, 0x31, 0xC7, 0x31, 0xC7, 0x21, 0x45, 0x00, 0x00, 0x00, 0x00, 0x00, 0x00, 0x00, 0x00, 
0x00, 0x00, 0x02, 0x44, 0x15, 0x8D, 0x03, 0xE8, 0x1B, 0x07, 0x12, 0xA6, 0x12, 0xA6, 0x1B, 0x07, 
0x1B, 0x07, 0x03, 0xE8, 0x03, 0xE8, 0x1B, 0x07, 0x02, 0x44, 0x02, 0x44, 0x02, 0x44, 0x02, 0x44, 
0x31, 0xC7, 0x31, 0xC7, 0x31, 0xC7, 0x21, 0x45, 0x00, 0x00, 0x00, 0x00, 0x00, 0x00, 0x00, 0x00, 
0x21, 0x45, 0x31, 0xC7, 0x31, 0xC7, 0x21, 0x45, 0x00, 0x00, 0x00, 0x00, 0x00, 0x00, 0x00, 0x00, 
0x02, 0x44, 0x03, 0xE8, 0x03, 0xE8, 0x1B, 0x07, 0x1B, 0x07, 0x12, 0xA6, 0x12, 0xA6, 0x12, 0xA6, 
0x1B, 0x07, 0x1B, 0x07, 0x03, 0xE8, 0x1B, 0x07, 0x1B, 0x07, 0x02, 0x44, 0x02, 0x44, 0x02, 0x44, 
0x21, 0x45, 0x21, 0x45, 0x21, 0x45, 0x00, 0x00, 0x00, 0x00, 0x00, 0x00, 0x00, 0x00, 0x00, 0x00, 
0x00, 0x00, 0x21, 0x45, 0x31, 0xC7, 0x21, 0x45, 0x00, 0x00, 0x00, 0x00, 0x00, 0x00, 0x00, 0x00, 
0x02, 0x44, 0x1B, 0x07, 0x1B, 0x07, 0x1B, 0x07, 0x1B, 0x07, 0x12, 0xA6, 0x12, 0xA6, 0x12, 0xA6, 
0x12, 0xA6, 0x1B, 0x07, 0x03, 0xE8, 0x03, 0xE8, 0x1B, 0x07, 0x02, 0x44, 0x02, 0x44, 0x02, 0x44, 
0x00, 0x00, 0x00, 0x00, 0x00, 0x00, 0x00, 0x00, 0x00, 0x00, 0x00, 0x00, 0x00, 0x00, 0x00, 0x00, 
0x00, 0x00, 0x21, 0x45, 0x31, 0xC7, 0x21, 0x45, 0x00, 0x00, 0x00, 0x00, 0x00, 0x00, 0x00, 0x00, 
0x00, 0x00, 0x02, 0x44, 0x1B, 0x07, 0x1B, 0x07, 0x1B, 0x07, 0x12, 0xA6, 0x02, 0x44, 0x02, 0x44, 
0x02, 0x44, 0x12, 0xA6, 0x03, 0xE8, 0x03, 0xE8, 0x1B, 0x07, 0x02, 0x44, 0x02, 0x44, 0x00, 0x00, 
0x00, 0x00, 0x00, 0x00, 0x00, 0x00, 0x00, 0x00, 0x00, 0x00, 0x00, 0x00, 0x00, 0x00, 0x00, 0x00, 
0x00, 0x00, 0x21, 0x45, 0x31, 0xC7, 0x21, 0x45, 0x00, 0x00, 0x00, 0x00, 0x00, 0x00, 0x00, 0x00, 
0x00, 0x00, 0x00, 0x00, 0x02, 0x44, 0x02, 0x44, 0x02, 0x44, 0x02, 0x44, 0x00, 0x00, 0x00, 0x00, 
0x00, 0x00, 0x02, 0x44, 0x02, 0x44, 0x02, 0x44, 0x02, 0x44, 0x00, 0x00, 0x00, 0x00, 0x00, 0x00, 
0x00, 0x00, 0x00, 0x00, 0x00, 0x00, 0x00, 0x00, 0x00, 0x00, 0x00, 0x00, 0x00, 0x00, 0x00, 0x00, 
0x00, 0x00, 0x21, 0x45, 0x31, 0xC7, 0x21, 0x45, 0x00, 0x00, 0x00, 0x00, 0x00, 0x00, 0x00, 0x00, 
0x00, 0x00, 0x00, 0x00, 0x00, 0x00, 0x00, 0x00, 0x00, 0x00, 0x00, 0x00, 0x00, 0x00, 0x00, 0x00, 
0x00, 0x00, 0x00, 0x00, 0x00, 0x00, 0x00, 0x00, 0x00, 0x00, 0x00, 0x00, 0x00, 0x00, 0x00, 0x00, 
0x00, 0x00, 0x00, 0x00, 0x00, 0x00, 0x00, 0x00, 0x00, 0x00, 0x00, 0x00, 0x00, 0x00, 0x00, 0x00, 
0x00, 0x00, 0x00, 0x00, 0x21, 0x45, 0x21, 0x45, 0x00, 0x00, 0x00, 0x00, 0x00, 0x00, 0x00, 0x00
}
,
{
0x00, 0x00, 0x00, 0x00, 0x00, 0x00, 0x00, 0x00, 0x00, 0x00, 0x00, 0x00, 0x00, 0x00, 0x00, 0x00, 
0x00, 0x00, 0x00, 0x00, 0x00, 0x00, 0x00, 0x00, 0x00, 0x00, 0x00, 0x00, 0x00, 0x00, 0x00, 0x00, 
0x00, 0x00, 0x00, 0x00, 0x00, 0x00, 0x00, 0x00, 0x00, 0x00, 0x00, 0x00, 0x00, 0x00, 0x00, 0x00, 
0x00, 0x00, 0x00, 0x00, 0x00, 0x00, 0x00, 0x00, 0x00, 0x00, 0x00, 0x00, 0x00, 0x00, 0x00, 0x00, 
0x00, 0x00, 0x00, 0x00, 0x00, 0x00, 0x00, 0x00, 0x00, 0x00, 0x00, 0x00, 0x00, 0x00, 0x00, 0x00, 
0x00, 0x00, 0x00, 0x00, 0x00, 0x00, 0x00, 0x00, 0x00, 0x00, 0x00, 0x00, 0x00, 0x00, 0x00, 0x00, 
0x00, 0x00, 0x00, 0x00, 0x00, 0x00, 0x00, 0x00, 0x00, 0x00, 0x00, 0x00, 0x00, 0x00, 0x00, 0x00, 
0x00, 0x00, 0x00, 0x00, 0x00, 0x00, 0x00, 0x00, 0x00, 0x00, 0x00, 0x00, 0x00, 0x00, 0x00, 0x00, 
0x00, 0x00, 0x00, 0x00, 0x00, 0x00, 0x00, 0x00, 0x00, 0x00, 0x00, 0x00, 0x00, 0x00, 0x00, 0x00, 
0x00, 0x00, 0x00, 0x00, 0x00, 0x00, 0x00, 0x00, 0x00, 0x00, 0x00, 0x00, 0x00, 0x00, 0x00, 0x00, 
0x00, 0x00, 0x00, 0x00, 0x00, 0x00, 0x00, 0x00, 0x00, 0x00, 0x00, 0x00, 0x00, 0x00, 0x00, 0x00, 
0x00, 0x00, 0x00, 0x00, 0x00, 0x00, 0x00, 0x00, 0x00, 0x00, 0x00, 0x00, 0x00, 0x00, 0x00, 0x00, 
0x00, 0x00, 0x00, 0x00, 0x00, 0x00, 0x00, 0x00, 0x00, 0x00, 0x00, 0x00, 0x00, 0x00, 0x00, 0x00, 
0x00, 0x00, 0x00, 0x00, 0x00, 0x00, 0x00, 0x00, 0x00, 0x00, 0x00, 0x00, 0x00, 0x00, 0x00, 0x00, 
0x00, 0x00, 0x00, 0x00, 0x00, 0x00, 0x00, 0x00, 0x00, 0x00, 0x00, 0x00, 0x00, 0x00, 0x00, 0x00, 
0x00, 0x00, 0x00, 0x00, 0x00, 0x00, 0x00, 0x00, 0x00, 0x00, 0x00, 0x00, 0x00, 0x00, 0x00, 0x00, 
0x00, 0x00, 0x00, 0x00, 0x00, 0x00, 0x00, 0x00, 0x00, 0x00, 0x00, 0x00, 0x00, 0x00, 0x00, 0x00, 
0x00, 0x00, 0x00, 0x00, 0x02, 0x44, 0x02, 0x44, 0x02, 0x44, 0x00, 0x00, 0x00, 0x00, 0x00, 0x00, 
0x00, 0x00, 0x00, 0x00, 0x00, 0x00, 0x00, 0x00, 0x00, 0x00, 0x00, 0x00, 0x00, 0x00, 0x00, 0x00, 
0x00, 0x00, 0x00, 0x00, 0x00, 0x00, 0x00, 0x00, 0x00, 0x00, 0x00, 0x00, 0x00, 0x00, 0x00, 0x00, 
0x00, 0x00, 0x00, 0x00, 0x00, 0x00, 0x00, 0x00, 0x00, 0x00, 0x00, 0x00, 0x00, 0x00, 0x00, 0x00, 
0x02, 0x44, 0x02, 0x44, 0x03, 0xE8, 0x1B, 0x07, 0x02, 0x44, 0x52, 0xCB, 0x52, 0xCB, 0x52, 0xCB, 
0x52, 0xCB, 0x52, 0xCB, 0x52, 0xCB, 0x52, 0xCB, 0x00, 0x1F, 0x00, 0x00, 0x00, 0x00, 0x00, 0x00, 
0x00, 0x00, 0x00, 0x00, 0x00, 0x00, 0x00, 0x00, 0x00, 0x00, 0x00, 0x00, 0x00, 0x00, 0x00, 0x00, 
0x00, 0x00, 0x00, 0x00, 0x00, 0x00, 0x00, 0x00, 0x00, 0x00, 0x00, 0x00, 0x02, 0x44, 0x02, 0x44, 
0x03, 0xE8, 0x03, 0xE8, 0x03, 0xE8, 0x1B, 0x07, 0x02, 0x44, 0x63, 0x4D, 0x63, 0x4D, 0x63, 0x4D, 
0x63, 0x4D, 0x63, 0x4D, 0x63, 0x4D, 0x63, 0x4D, 0x00, 0x1F, 0x63, 0x4D, 0x00, 0x00, 0x00, 0x00, 
0x00, 0x00, 0x00, 0x00, 0x00, 0x00, 0x00, 0x00, 0x00, 0x00, 0x00, 0x00, 0x00, 0x00, 0x00, 0x00, 
0x00, 0x00, 0x00, 0x00, 0x00, 0x00, 0x00, 0x00, 0x00, 0x00, 0x02, 0x44, 0x03, 0xE8, 0x15, 0x8D, 
0x15, 0x8D, 0x03, 0xE8, 0x03, 0xE8, 0x1B, 0x07, 0x02, 0x44, 0x63, 0x4D, 0x63, 0x4D, 0x63, 0x4D, 
0x63, 0x4D, 0x63, 0x4D, 0x63, 0x4D, 0x63, 0x4D, 0x00, 0x1F, 0x52, 0xCB, 0x42, 0x49, 0x00, 0x00, 
0x00, 0x00, 0x00, 0x00, 0x00, 0x00, 0x00, 0x00, 0x00, 0x00, 0x00, 0x00, 0x00, 0x00, 0x00, 0x00, 
0x00, 0x00, 0x00, 0x00, 0x00, 0x00, 0x00, 0x00, 0x02, 0x44, 0x03, 0xE8, 0x15, 0x8D, 0x15, 0x8D, 
0x15, 0x8D, 0x03, 0xE8, 0x03, 0xE8, 0x1B, 0x07, 0x02, 0x44, 0x5B, 0x0C, 0x5B, 0x0C, 0x5B, 0x0C, 
0x5B, 0x0C, 0x5B, 0x0C, 0x5B, 0x0C, 0x5B, 0x0C, 0x00, 0x1F, 0x52, 0xCB, 0x42, 0x49, 0x21, 0x45, 
0x00, 0x00, 0x00, 0x00, 0x00, 0x00, 0x00, 0x00, 0x00, 0x00, 0x00, 0x00, 0x00, 0x00, 0x00, 0x00, 
0x00, 0x00, 0x00, 0x00, 0x00, 0x00, 0x00, 0x00, 0x02, 0x44, 0x03, 0xE8, 0x15, 0x8D, 0x15, 0x8D, 
0x15, 0x8D, 0x03, 0xE8, 0x03, 0xE8, 0x1B, 0x07, 0x02, 0x44, 0x5B, 0x0C, 0x5B, 0x0C, 0x5B, 0x0C, 
0x5B, 0x0C, 0x5B, 0x0C, 0x5B, 0x0C, 0x5B, 0x0C, 0x00, 0x1F, 0x52, 0xCB, 0x42, 0x49, 0x21, 0x45, 
0x42, 0x49, 0xFC, 0x29, 0xFC, 0x29, 0xFC, 0x29, 0x00, 0x00, 0x8B, 0x69, 0x8B, 0x69, 0x00, 0x00, 
0x00, 0x00, 0x00, 0x00, 0x00, 0x00, 0x00, 0x00, 0x02, 0x44, 0x15, 0x8D, 0x15, 0x8D, 0x15, 0x8D, 
0x15, 0x8D, 0x03, 0xE8, 0x03, 0xE8, 0x1B, 0x07, 0x02, 0x44, 0x52, 0xCB, 0x52, 0xCB, 0x52, 0xCB, 
0x52, 0xCB, 0x52, 0xCB, 0x52, 0xCB, 0x52, 0xCB, 0x52, 0xCB, 0x52, 0xCB, 0x42, 0x49, 0x21, 0x45, 
0x31, 0xC7, 0xF8, 0x00, 0xF8, 0x00, 0xF8, 0x00, 0xF8, 0x00, 0x8B, 0x69, 0x8B, 0x69, 0x00, 0x00, 
0x00, 0x00, 0x00, 0x00, 0x00, 0x00, 0x02, 0x44, 0x1B, 0x07, 0x15, 0x8D, 0x15, 0x8D, 0x15, 0x8D, 
0x03, 0xE8, 0x03, 0xE8, 0x03, 0xE8, 0x1B, 0x07, 0x02, 0x44, 0x52, 0xCB, 0x52, 0xCB, 0x1C, 0x7E, 
0x5E, 0x7E, 0x5E, 0x7E, 0x1C, 0x7E, 0x52, 0xCB, 0x52, 0xCB, 0x42, 0x49, 0x42, 0x49, 0x21, 0x45, 
0x31, 0xC7, 0xF2, 0xA3, 0xF2, 0xA3, 0xF8, 0x00, 0xF8, 0x00, 0x8B, 0x69, 0x8B, 0x69, 0x00, 0x00, 
0x00, 0x00, 0x00, 0x00, 0x02, 0x44, 0x1B, 0x07, 0x1B, 0x07, 0x15, 0x8D, 0x15, 0x8D, 0x03, 0xE8, 
0x03, 0xE8, 0x03, 0xE8, 0x03, 0xE8, 0x1B, 0x07, 0x02, 0x44, 0x52, 0xCB, 0x52, 0xCB, 0x1C, 0x7E, 
0x1C, 0x7E, 0x1C, 0x7E, 0x1C, 0x7E, 0x52, 0xCB, 0x42, 0x49, 0x42, 0x49, 0x42, 0x49, 0x21, 0x45, 
0x31, 0xC7, 0xF2, 0xA3, 0xF2, 0xA3, 0xF2, 0xA3, 0xF2, 0xA3, 0x8B, 0x69, 0x8B, 0x69, 0x00, 0x00, 
0x00, 0x00, 0x00, 0x00, 0x02, 0x44, 0x1B, 0x07, 0x1B, 0x07, 0x03, 0xE8, 0x03, 0xE8, 0x03, 0xE8, 
0x03, 0xE8, 0x03, 0xE8, 0x03, 0xE8, 0x1B, 0x07, 0x02, 0x44, 0x42, 0x49, 0x52, 0xCB, 0x52, 0xCB, 
0x52, 0xCB, 0x52, 0xCB, 0x52, 0xCB, 0x52, 0xCB, 0x42, 0x49, 0x42, 0x49, 0x42, 0x49, 0x21, 0x45, 
0x31, 0xC7, 0x31, 0xC7, 0x31, 0xC7, 0xF2, 0xA3, 0xF2, 0xA3, 0x6A, 0x65, 0x6A, 0x65, 0x00, 0x00, 
0x00, 0x00, 0x00, 0x00, 0x02, 0x44, 0x1B, 0x07, 0x1B, 0x07, 0x1B, 0x07, 0x03, 0xE8, 0x03, 0xE8, 
0x03, 0xE8, 0x03, 0xE8, 0x03, 0xE8, 0x1B, 0x07, 0x02, 0x44, 0x42, 0x49, 0x52, 0xCB, 0x52, 0xCB, 
0x52, 0xCB, 0x52, 0xCB, 0x52, 0xCB, 0x07, 0xE0, 0x00, 0x1F, 0x42, 0x49, 0x42, 0x49, 0x21, 0x45, 
0x31, 0xC7, 0x31, 0xC7, 0x31, 0xC7, 0xF2, 0xA3, 0xF2, 0xA3, 0x6A, 0x65, 0x6A, 0x65, 0x00, 0x00, 
0x00, 0x00, 0x00, 0x00, 0x02, 0x44, 0x03, 0xE8, 0x03, 0xE8, 0x1B, 0x07, 0x1B, 0x07, 0x03, 0xE8, 
0x03, 0xE8, 0x03, 0xE8, 0x1B, 0x07, 0x1B, 0x07, 0x02, 0x44, 0x42, 0x49, 0x42, 0x49, 0x42, 0x49, 
0x42, 0x49, 0x42, 0x49, 0x42, 0x49, 0x00, 0x1F, 0x00, 0x1F, 0x42, 0x49, 0x42, 0x49, 0x21, 0x45, 
0x31, 0xC7, 0x31, 0xC7, 0x31, 0xC7, 0xE2, 0x21, 0xE2, 0x21, 0x6A, 0x65, 0x6A, 0x65, 0x00, 0x00, 
0x00, 0x00, 0x00, 0x00, 0x02, 0x44, 0x15, 0x8D, 0x15, 0x8D, 0x03, 0xE8, 0x1B, 0x07, 0x03, 0xE8, 
0x1B, 0x07, 0x1B, 0x07, 0x1B, 0x07, 0x1B, 0x07, 0x02, 0x44, 0x42, 0x49, 0x42, 0x49, 0x42, 0x49, 
0x42, 0x49, 0x42, 0x49, 0x42, 0x49, 0x42, 0x49, 0x42, 0x49, 0x31, 0xC7, 0x31, 0xC7, 0x21, 0x45, 
0x31, 0xC7, 0x31, 0xC7, 0x31, 0xC7, 0x31, 0xC7, 0x31, 0xC7, 0x21, 0x45, 0x00, 0x00, 0x00, 0x00, 
0x00, 0x00, 0x00, 0x00, 0x02, 0x44, 0x15, 0x8D, 0x15, 0x8D, 0x15, 0x8D, 0x03, 0xE8, 0x1B, 0x07, 
0x1B, 0x07, 0x1B, 0x07, 0x12, 0xA6, 0x12, 0xA6, 0x02, 0x44, 0x42, 0x49, 0x42, 0x49, 0x42, 0x49, 
0x42, 0x49, 0x42, 0x49, 0x42, 0x49, 0x42, 0x49, 0x31, 0xC7, 0x31, 0xC7, 0x31, 0xC7, 0x21, 0x45, 
0x31, 0xC7, 0x31, 0xC7, 0x31, 0xC7, 0x31, 0xC7, 0x31, 0xC7, 0x21, 0x45, 0x00, 0x00, 0x00, 0x00, 
0x00, 0x00, 0x00, 0x00, 0x02, 0x44, 0x15, 0x8D, 0x15, 0x8D, 0x15, 0x8D, 0x03, 0xE8, 0x1B, 0x07, 
0x1B, 0x07, 0x12, 0xA6, 0x12, 0xA6, 0x12, 0xA6, 0x02, 0x44, 0x31, 0xC7, 0x42, 0x49, 0x42, 0x49, 
0x42, 0x49, 0x31, 0xC7, 0x31, 0xC7, 0x31, 0xC7, 0x31, 0xC7, 0x31, 0xC7, 0x21, 0x45, 0x31, 0xC7, 
0x31, 0xC7, 0x07, 0xE0, 0x00, 0x1F, 0x31, 0xC7, 0x31, 0xC7, 0x21, 0x45, 0x00, 0x00, 0x00, 0x00, 
0x00, 0x00, 0x00, 0x00, 0x02, 0x44, 0x03, 0xE8, 0x15, 0x8D, 0x15, 0x8D, 0x03, 0xE8, 0x03, 0xE8, 
0x1B, 0x07, 0x12, 0xA6, 0x12, 0xA6, 0x12, 0xA6, 0x02, 0x44, 0x31, 0xC7, 0x31, 0xC7, 0x31, 0xC7, 
0x31, 0xC7, 0x31, 0xC7, 0x31, 0xC7, 0x31, 0xC7, 0x31, 0xC7, 0x31, 0xC7, 0x21, 0x45, 0x31, 0xC7, 
0x31, 0xC7, 0x00, 0x1F, 0x00, 0x1F, 0x31, 0xC7, 0x31, 0xC7, 0x8B, 0x69, 0x8B, 0x69, 0x00, 0x00, 
0x00, 0x00, 0x00, 0x00, 0x02, 0x44, 0x03, 0xE8, 0x03, 0xE8, 0x15, 0x8D, 0x03, 0xE8, 0x03, 0xE8, 
0x1B, 0x07, 0x12, 0xA6, 0x12, 0xA6, 0x12, 0xA6, 0x02, 0x44, 0x02, 0x44, 0x31, 0xC7, 0x31, 0xC7, 
0x31, 0xC7, 0x31, 0xC7, 0x31, 0xC7, 0x31, 0xC7, 0x31, 0xC7, 0x31, 0xC7, 0x21, 0x45, 0x31, 0xC7, 
0x31, 0xC7, 0x31, 0xC7, 0x31, 0xC7, 0x31, 0xC7, 0x21, 0x45, 0x6A, 0x65, 0x6A, 0x65, 0x00, 0x00, 
0x00, 0x00, 0x00, 0x00, 0x02, 0x44, 0x03, 0xE8, 0x03, 0xE8, 0x03, 0xE8, 0x03, 0xE8, 0x03, 0xE8, 
0x03, 0xE8, 0x1B, 0x07, 0x12, 0xA6, 0x12, 0xA6, 0x02, 0x44, 0x02, 0x44, 0x31, 0xC7, 0x31, 0xC7, 
0x31, 0xC7, 0x31, 0xC7, 0x31, 0xC7, 0x31, 0xC7, 0x31, 0xC7, 0x31, 0xC7, 0x21, 0x45, 0x31, 0xC7, 
0x31, 0xC7, 0x31, 0xC7, 0x31, 0xC7, 0x31, 0xC7, 0x21, 0x45, 0x6A, 0x65, 0x6A, 0x65, 0x00, 0x00, 
0x00, 0x00, 0x00, 0x00, 0x00, 0x00, 0x02, 0x44, 0x1B, 0x07, 0x03, 0xE8, 0x03, 0xE8, 0x03, 0xE8, 
0x03, 0xE8, 0x1B, 0x07, 0x1B, 0x07, 0x12, 0xA6, 0x02, 0x44, 0x02, 0x44, 0x02, 0x44, 0x31, 0xC7, 
0x31, 0xC7, 0x31, 0xC7, 0x31, 0xC7, 0x31, 0xC7, 0x31, 0xC7, 0x31, 0xC7, 0x21, 0x45, 0x31, 0xC7, 
0x31, 0xC7, 0x31, 0xC7, 0x31, 0xC7, 0x31, 0xC7, 0x21, 0x45, 0x6A, 0x65, 0x00, 0x00, 0x00, 0x00, 
0x00, 0x00, 0x00, 0x00, 0x00, 0x00, 0x02, 0x44, 0x1B, 0x07, 0x1B, 0x07, 0x03, 0xE8, 0x03, 0xE8, 
0x03, 0xE8, 0x03, 0xE8, 0x1B, 0x07, 0x12, 0xA6, 0x02, 0x44, 0x02, 0x44, 0x02, 0x44, 0x31, 0xC7, 
0x31, 0xC7, 0x31, 0xC7, 0x31, 0xC7, 0x31, 0xC7, 0x31, 0xC7, 0x31, 0xC7, 0x21, 0x45, 0x21, 0x45, 
0x21, 0x45, 0x21, 0x45, 0x31, 0xC7, 0x31, 0xC7, 0x21, 0x45, 0x00, 0x00, 0x00, 0x00, 0x00, 0x00, 
0x00, 0x00, 0x00, 0x00, 0x02, 0x44, 0x15, 0x8D, 0x1B, 0x07, 0x1B, 0x07, 0x1B, 0x07, 0x1B, 0x07, 
0x03, 0xE8, 0x03, 0xE8, 0x03, 0xE8, 0x1B, 0x07, 0x02, 0x44, 0x02, 0x44, 0x02, 0x44, 0x02, 0x44, 
0x31, 0xC7, 0x31, 0xC7, 0x31, 0xC7, 0x31, 0xC7, 0x31, 0xC7, 0x31, 0xC7, 0x21, 0x45, 0x00, 0x00, 
0x00, 0x00, 0x21, 0x45, 0x31, 0xC7, 0x31, 0xC7, 0x21, 0x45, 0x00, 0x00, 0x00, 0x00, 0x00, 0x00, 
0x00, 0x00, 0x00, 0x00, 0x02, 0x44, 0x15, 0x8D, 0x03, 0xE8, 0x1B, 0x07, 0x1B, 0x07, 0x1B, 0x07, 
0x1B, 0x07, 0x03, 0xE8, 0x03, 0xE8, 0x1B, 0x07, 0x1B, 0x07, 0x02, 0x44, 0x02, 0x44, 0x02, 0x44, 
0x02, 0x44, 0x31, 0xC7, 0x31, 0xC7, 0x31, 0xC7, 0x31, 0xC7, 0x21, 0x45, 0x00, 0x00, 0x00, 0x00, 
0x00, 0x00, 0x21, 0x45, 0x31, 0xC7, 0x31, 0xC7, 0x21, 0x45, 0x00, 0x00, 0x00, 0x00, 0x00, 0x00, 
0x00, 0x00, 0x00, 0x00, 0x02, 0x44, 0x15, 0x8D, 0x03, 0xE8, 0x1B, 0x07, 0x12, 0xA6, 0x12, 0xA6, 
0x1B, 0x07, 0x1B, 0x07, 0x03, 0xE8, 0x03, 0xE8, 0x1B, 0x07, 0x02, 0x44, 0x02, 0x44, 0x02, 0x44, 
0x02, 0x44, 0x31, 0xC7, 0x31, 0xC7, 0x31, 0xC7, 0x21, 0x45, 0x00, 0x00, 0x00, 0x00, 0x00, 0x00, 
0x00, 0x00, 0x21, 0x45, 0x31, 0xC7, 0x21, 0x45, 0x00, 0x00, 0x00, 0x00, 0x00, 0x00, 0x00, 0x00, 
0x00, 0x00, 0x02, 0x44, 0x03, 0xE8, 0x03, 0xE8, 0x1B, 0x07, 0x1B, 0x07, 0x12, 0xA6, 0x12, 0xA6, 
0x12, 0xA6, 0x1B, 0x07, 0x1B, 0x07, 0x03, 0xE8, 0x1B, 0x07, 0x1B, 0x07, 0x02, 0x44, 0x02, 0x44, 
0x02, 0x44, 0x21, 0x45, 0x21, 0x45, 0x21, 0x45, 0x00, 0x00, 0x00, 0x00, 0x00, 0x00, 0x00, 0x00, 
0x21, 0x45, 0x31, 0xC7, 0x31, 0xC7, 0x21, 0x45, 0x00, 0x00, 0x00, 0x00, 0x00, 0x00, 0x00, 0x00, 
0x00, 0x00, 0x02, 0x44, 0x1B, 0x07, 0x1B, 0x07, 0x1B, 0x07, 0x1B, 0x07, 0x12, 0xA6, 0x12, 0xA6, 
0x12, 0xA6, 0x12, 0xA6, 0x1B, 0x07, 0x03, 0xE8, 0x03, 0xE8, 0x1B, 0x07, 0x02, 0x44, 0x02, 0x44, 
0x02, 0x44, 0x00, 0x00, 0x00, 0x00, 0x00, 0x00, 0x00, 0x00, 0x00, 0x00, 0x00, 0x00, 0x00, 0x00, 
0x21, 0x45, 0x31, 0xC7, 0x31, 0xC7, 0x21, 0x45, 0x00, 0x00, 0x00, 0x00, 0x00, 0x00, 0x00, 0x00, 
0x00, 0x00, 0x00, 0x00, 0x02, 0x44, 0x1B, 0x07, 0x1B, 0x07, 0x1B, 0x07, 0x12, 0xA6, 0x02, 0x44, 
0x02, 0x44, 0x02, 0x44, 0x12, 0xA6, 0x03, 0xE8, 0x03, 0xE8, 0x1B, 0x07, 0x02, 0x44, 0x02, 0x44, 
0x00, 0x00, 0x00, 0x00, 0x00, 0x00, 0x00, 0x00, 0x00, 0x00, 0x00, 0x00, 0x00, 0x00, 0x00, 0x00, 
0x21, 0x45, 0x31, 0xC7, 0x31, 0xC7, 0x21, 0x45, 0x00, 0x00, 0x00, 0x00, 0x00, 0x00, 0x00, 0x00, 
0x00, 0x00, 0x00, 0x00, 0x00, 0x00, 0x02, 0x44, 0x02, 0x44, 0x02, 0x44, 0x02, 0x44, 0x00, 0x00, 
0x00, 0x00, 0x00, 0x00, 0x02, 0x44, 0x02, 0x44, 0x02, 0x44, 0x02, 0x44, 0x00, 0x00, 0x00, 0x00, 
0x00, 0x00, 0x00, 0x00, 0x00, 0x00, 0x00, 0x00, 0x00, 0x00, 0x00, 0x00, 0x00, 0x00, 0x21, 0x45, 
0x31, 0xC7, 0x31, 0xC7, 0x21, 0x45, 0x00, 0x00, 0x00, 0x00, 0x00, 0x00, 0x00, 0x00, 0x00, 0x00, 
0x00, 0x00, 0x00, 0x00, 0x00, 0x00, 0x00, 0x00, 0x00, 0x00, 0x00, 0x00, 0x00, 0x00, 0x00, 0x00, 
0x00, 0x00, 0x00, 0x00, 0x00, 0x00, 0x00, 0x00, 0x00, 0x00, 0x00, 0x00, 0x00, 0x00, 0x00, 0x00, 
0x00, 0x00, 0x00, 0x00, 0x00, 0x00, 0x00, 0x00, 0x00, 0x00, 0x00, 0x00, 0x00, 0x00, 0x21, 0x45, 
0x21, 0x45, 0x21, 0x45, 0x00, 0x00, 0x00, 0x00, 0x00, 0x00, 0x00, 0x00, 0x00, 0x00, 0x00, 0x00
}
},
{
{
0x00, 0x00, 0x00, 0x00, 0x00, 0x00, 0x00, 0x00, 0x00, 0x00, 0x00, 0x00, 0x00, 0x00, 0x00, 0x00, 
0x00, 0x00, 0x00, 0x00, 0x00, 0x00, 0x00, 0x00, 0x00, 0x00, 0x00, 0x00, 0x00, 0x00, 0x00, 0x00, 
0x00, 0x00, 0x00, 0x00, 0x00, 0x00, 0x00, 0x00, 0x00, 0x00, 0x00, 0x00, 0x00, 0x00, 0x00, 0x00, 
0x00, 0x00, 0x00, 0x00, 0x21, 0x45, 0x21, 0x45, 0x00, 0x00, 0x00, 0x00, 0x00, 0x00, 0x00, 0x00, 
0x00, 0x00, 0x00, 0x00, 0x02, 0x44, 0x02, 0x44, 0x02, 0x44, 0x02, 0x44, 0x00, 0x00, 0x00, 0x00, 
0x00, 0x00, 0x02, 0x44, 0x02, 0x44, 0x02, 0x44, 0x02, 0x44, 0x00, 0x00, 0x00, 0x00, 0x00, 0x00, 
0x00, 0x00, 0x00, 0x00, 0x00, 0x00, 0x00, 0x00, 0x00, 0x00, 0x00, 0x00, 0x00, 0x00, 0x00, 0x00, 
0x00, 0x00, 0x21, 0x45, 0x31, 0xC7, 0x21, 0x45, 0x00, 0x00, 0x00, 0x00, 0x00, 0x00, 0x00, 0x00, 
0x00, 0x00, 0x02, 0x44, 0x1B, 0x07, 0x1B, 0x07, 0x1B, 0x07, 0x12, 0xA6, 0x02, 0x44, 0x02, 0x44, 
0x02, 0x44, 0x12, 0xA6, 0x03, 0xE8, 0x03, 0xE8, 0x1B, 0x07, 0x02, 0x44, 0x02, 0x44, 0x00, 0x00, 
0x00, 0x00, 0x00, 0x00, 0x00, 0x00, 0x00, 0x00, 0x00, 0x00, 0x00, 0x00, 0x00, 0x00, 0x00, 0x00, 
0x00, 0x00, 0x21, 0x45, 0x31, 0xC7, 0x21, 0x45, 0x00, 0x00, 0x00, 0x00, 0x00, 0x00, 0x00, 0x00, 
0x02, 0x44, 0x1B, 0x07, 0x1B, 0x07, 0x1B, 0x07, 0x1B, 0x07, 0x12, 0xA6, 0x12, 0xA6, 0x12, 0xA6, 
0x12, 0xA6, 0x1B, 0x07, 0x03, 0xE8, 0x03, 0xE8, 0x1B, 0x07, 0x02, 0x44, 0x02, 0x44, 0x02, 0x44, 
0x00, 0x00, 0x00, 0x00, 0x00, 0x00, 0x00, 0x00, 0x00, 0x00, 0x00, 0x00, 0x00, 0x00, 0x00, 0x00, 
0x00, 0x00, 0x21, 0x45, 0x31, 0xC7, 0x21, 0x45, 0x00, 0x00, 0x00, 0x00, 0x00, 0x00, 0x00, 0x00, 
0x02, 0x44, 0x03, 0xE8, 0x03, 0xE8, 0x1B, 0x07, 0x1B, 0x07, 0x12, 0xA6, 0x12, 0xA6, 0x12, 0xA6, 
0x1B, 0x07, 0x1B, 0x07, 0x03, 0xE8, 0x1B, 0x07, 0x1B, 0x07, 0x02, 0x44, 0x02, 0x44, 0x02, 0x44, 
0x21, 0x45, 0x21, 0x45, 0x21, 0x45, 0x00, 0x00, 0x00, 0x00, 0x00, 0x00, 0x00, 0x00, 0x00, 0x00, 
0x00, 0x00, 0x21, 0x45, 0x31, 0xC7, 0x21, 0x45, 0x00, 0x00, 0x00, 0x00, 0x00, 0x00, 0x00, 0x00, 
0x00, 0x00, 0x02, 0x44, 0x15, 0x8D, 0x03, 0xE8, 0x1B, 0x07, 0x12, 0xA6, 0x12, 0xA6, 0x1B, 0x07, 
0x1B, 0x07, 0x03, 0xE8, 0x03, 0xE8, 0x1B, 0x07, 0x02, 0x44, 0x02, 0x44, 0x02, 0x44, 0x02, 0x44, 
0x31, 0xC7, 0x31, 0xC7, 0x31, 0xC7, 0x21, 0x45, 0x00, 0x00, 0x00, 0x00, 0x00, 0x00, 0x00, 0x00, 
0x21, 0x45, 0x31, 0xC7, 0x31, 0xC7, 0x21, 0x45, 0x00, 0x00, 0x00, 0x00, 0x00, 0x00, 0x00, 0x00, 
0x00, 0x00, 0x02, 0x44, 0x15, 0x8D, 0x03, 0xE8, 0x1B, 0x07, 0x1B, 0x07, 0x1B, 0x07, 0x1B, 0x07, 
0x03, 0xE8, 0x03, 0xE8, 0x1B, 0x07, 0x1B, 0x07, 0x02, 0x44, 0x02, 0x44, 0x02, 0x44, 0x02, 0x44, 
0x31, 0xC7, 0x31, 0xC7, 0x31, 0xC7, 0x31, 0xC7, 0x21, 0x45, 0x00, 0x00, 0x00, 0x00, 0x00, 0x00, 
0x21, 0x45, 0x31, 0xC7, 0x31, 0xC7, 0x21, 0x45, 0x00, 0x00, 0x00, 0x00, 0x00, 0x00, 0x00, 0x00, 
0x00, 0x00, 0x02, 0x44, 0x15, 0x8D, 0x1B, 0x07, 0x1B, 0x07, 0x1B, 0x07, 0x1B, 0x07, 0x03, 0xE8, 
0x03, 0xE8, 0x03, 0xE8, 0x1B, 0x07, 0x02, 0x44, 0x02, 0x44, 0x02, 0x44, 0x02, 0x44, 0x31, 0xC7, 
0x31, 0xC7, 0x31, 0xC7, 0x31, 0xC7, 0x31, 0xC7, 0x31, 0xC7, 0x21, 0x45, 0x00, 0x00, 0x00, 0x00, 
0x21, 0x45, 0x31, 0xC7, 0x31, 0xC7, 0x21, 0x45, 0x00, 0x00, 0x00, 0x00, 0x00, 0x00, 0x00, 0x00, 
0x00, 0x00, 0x00, 0x00, 0x02, 0x44, 0x1B, 0x07, 0x1B, 0x07, 0x03, 0xE8, 0x03, 0xE8, 0x03, 0xE8, 
0x03, 0xE8, 0x1B, 0x07, 0x12, 0xA6, 0x02, 0x44, 0x02, 0x44, 0x02, 0x44, 0x31, 0xC7, 0x31, 0xC7, 
0x31, 0xC7, 0x31, 0xC7, 0x31, 0xC7, 0x31, 0xC7, 0x31, 0xC7, 0x21, 0x45, 0x21, 0x45, 0x21, 0x45, 
0x21, 0x45, 0x31, 0xC7, 0x31, 0xC7, 0x21, 0x45, 0x00, 0x00, 0x00, 0x00, 0x00, 0x00, 0x00, 0x00, 
0x00, 0x00, 0x00, 0x00, 0x02, 0x44, 0x1B, 0x07, 0x03, 0xE8, 0x03, 0xE8, 0x03, 0xE8, 0x03, 0xE8, 
0x1B, 0x07, 0x1B, 0x07, 0x12, 0xA6, 0x02, 0x44, 0x02, 0x44, 0x02, 0x44, 0x31, 0xC7, 0x31, 0xC7, 
0x31, 0xC7, 0x31, 0xC7, 0x31, 0xC7, 0x31, 0xC7, 0x31, 0xC7, 0x21, 0x45, 0x31, 0xC7, 0x31, 0xC7, 
0x31, 0xC7, 0x31, 0xC7, 0x31, 0xC7, 0x21, 0x45, 0x00, 0x00, 0x00, 0x00, 0x00, 0x00, 0x00, 0x00, 
0x00, 0x00, 0x02, 0x44, 0x03, 0xE8, 0x03, 0xE8, 0x03, 0xE8, 0x03, 0xE8, 0x03, 0xE8, 0x03, 0xE8, 
0x1B, 0x07, 0x12, 0xA6, 0x12, 0xA6, 0x02, 0x44, 0x02, 0x44, 0x31, 0xC7, 0x31, 0xC7, 0x31, 0xC7, 
0x31, 0xC7, 0x31, 0xC7, 0x31, 0xC7, 0x31, 0xC7, 0x31, 0xC7, 0x21, 0x45, 0x31, 0xC7, 0x31, 0xC7, 
0x07, 0xE0, 0x00, 0x1F, 0x31, 0xC7, 0x21, 0x45, 0x00, 0x00, 0x00, 0x00, 0x00, 0x00, 0x00, 0x00, 
0x00, 0x00, 0x02, 0x44, 0x03, 0xE8, 0x03, 0xE8, 0x15, 0x8D, 0x03, 0xE8, 0x03, 0xE8, 0x1B, 0x07, 
0x12, 0xA6, 0x12, 0xA6, 0x12, 0xA6, 0x02, 0x44, 0x02, 0x44, 0x31, 0xC7, 0x31, 0xC7, 0x31, 0xC7, 
0x31, 0xC7, 0x31, 0xC7, 0x31, 0xC7, 0x31, 0xC7, 0x31, 0xC7, 0x21, 0x45, 0x31, 0xC7, 0x31, 0xC7, 
0x00, 0x1F, 0x00, 0x1F, 0x31, 0xC7, 0x21, 0x45, 0x00, 0x00, 0x00, 0x00, 0x00, 0x00, 0x00, 0x00, 
0x00, 0x00, 0x02, 0x44, 0x03, 0xE8, 0x15, 0x8D, 0x15, 0x8D, 0x03, 0xE8, 0x03, 0xE8, 0x1B, 0x07, 
0x12, 0xA6, 0x12, 0xA6, 0x12, 0xA6, 0x02, 0x44, 0x31, 0xC7, 0x31, 0xC7, 0x31, 0xC7, 0x31, 0xC7, 
0x31, 0xC7, 0x31, 0xC7, 0x31, 0xC7, 0x31, 0xC7, 0x31, 0xC7, 0x21, 0x45, 0x31, 0xC7, 0x31, 0xC7, 
0x31, 0xC7, 0x31, 0xC7, 0x31, 0xC7, 0x31, 0xC7, 0x6A, 0x65, 0x6A, 0x65, 0x00, 0x00, 0x00, 0x00, 
0x00, 0x00, 0x02, 0x44, 0x15, 0x8D, 0x15, 0x8D, 0x15, 0x8D, 0x03, 0xE8, 0x1B, 0x07, 0x1B, 0x07, 
0x12, 0xA6, 0x12, 0xA6, 0x12, 0xA6, 0x02, 0x44, 0x31, 0xC7, 0x42, 0x49, 0x42, 0x49, 0x42, 0x49, 
0x31, 0xC7, 0x31, 0xC7, 0x31, 0xC7, 0x31, 0xC7, 0x31, 0xC7, 0x21, 0x45, 0x31, 0xC7, 0x31, 0xC7, 
0x31, 0xC7, 0x31, 0xC7, 0x31, 0xC7, 0x31, 0xC7, 0x6A, 0x65, 0x6A, 0x65, 0x00, 0x00, 0x00, 0x00, 
0x00, 0x00, 0x02, 0x44, 0x15, 0x8D, 0x15, 0x8D, 0x15, 0x8D, 0x03, 0xE8, 0x1B, 0x07, 0x1B, 0x07, 
0x1B, 0x07, 0x12, 0xA6, 0x12, 0xA6, 0x02, 0x44, 0x42, 0x49, 0x42, 0x49, 0x42, 0x49, 0x42, 0x49, 
0x42, 0x49, 0x42, 0x49, 0x42, 0x49, 0x31, 0xC7, 0x31, 0xC7, 0x31, 0xC7, 0x21, 0x45, 0x31, 0xC7, 
0x31, 0xC7, 0x31, 0xC7, 0x31, 0xC7, 0x31, 0xC7, 0x6A, 0x65, 0x6A, 0x65, 0x00, 0x00, 0x00, 0x00, 
0x00, 0x00, 0x02, 0x44, 0x15, 0x8D, 0x15, 0x8D, 0x03, 0xE8, 0x1B, 0x07, 0x03, 0xE8, 0x1B, 0x07, 
0x1B, 0x07, 0x1B, 0x07, 0x1B, 0x07, 0x02, 0x44, 0x42, 0x49, 0x42, 0x49, 0x42, 0x49, 0x42, 0x49, 
0x42, 0x49, 0x42, 0x49, 0x42, 0x49, 0x42, 0x49, 0x31, 0xC7, 0x31, 0xC7, 0x21, 0x45, 0x31, 0xC7, 
0x31, 0xC7, 0x31, 0xC7, 0x31, 0xC7, 0x31, 0xC7, 0x6A, 0x65, 0x8B, 0x69, 0x00, 0x00, 0x00, 0x00, 
0x00, 0x00, 0x02, 0x44, 0x03, 0xE8, 0x03, 0xE8, 0x1B, 0x07, 0x1B, 0x07, 0x03, 0xE8, 0x03, 0xE8, 
0x03, 0xE8, 0x1B, 0x07, 0x1B, 0x07, 0x02, 0x44, 0x42, 0x49, 0x42, 0x49, 0x42, 0x49, 0x42, 0x49, 
0x42, 0x49, 0x42, 0x49, 0x07, 0xE0, 0x00, 0x1F, 0x42, 0x49, 0x42, 0x49, 0x21, 0x45, 0x31, 0xC7, 
0x31, 0xC7, 0x31, 0xC7, 0xE2, 0x21, 0xE2, 0x21, 0x8B, 0x69, 0x8B, 0x69, 0x00, 0x00, 0x00, 0x00, 
0x00, 0x00, 0x02, 0x44, 0x1B, 0x07, 0x1B, 0x07, 0x1B, 0x07, 0x03, 0xE8, 0x03, 0xE8, 0x03, 0xE8, 
0x03, 0xE8, 0x03, 0xE8, 0x1B, 0x07, 0x02, 0x44, 0x42, 0x49, 0x52, 0xCB, 0x52, 0xCB, 0x52, 0xCB, 
0x52, 0xCB, 0x52, 0xCB, 0x00, 0x1F, 0x00, 0x1F, 0x42, 0x49, 0x42, 0x49, 0x21, 0x45, 0x31, 0xC7, 
0x31, 0xC7, 0x31, 0xC7, 0xF2, 0xA3, 0xF2, 0xA3, 0x8B, 0x69, 0x8B, 0x69, 0x00, 0x00, 0x00, 0x00, 
0x00, 0x00, 0x02, 0x44, 0x1B, 0x07, 0x1B, 0x07, 0x03, 0xE8, 0x03, 0xE8, 0x03, 0xE8, 0x03, 0xE8, 
0x03, 0xE8, 0x03, 0xE8, 0x1B, 0x07, 0x02, 0x44, 0x42, 0x49, 0x52, 0xCB, 0x52, 0xCB, 0x52, 0xCB, 
0x52, 0xCB, 0x52, 0xCB, 0x52, 0xCB, 0x42, 0x49, 0x42, 0x49, 0x42, 0x49, 0x21, 0x45, 0x31, 0xC7, 
0x31, 0xC7, 0x31, 0xC7, 0xF2, 0xA3, 0xF2, 0xA3, 0x8B, 0x69, 0x8B, 0x69, 0x00, 0x00, 0x00, 0x00, 
0x00, 0x00, 0x02, 0x44, 0x1B, 0x07, 0x1B, 0x07, 0x15, 0x8D, 0x15, 0x8D, 0x03, 0xE8, 0x03, 0xE8, 
0x03, 0xE8, 0x03, 0xE8, 0x1B, 0x07, 0x02, 0x44, 0x52, 0xCB, 0x52, 0xCB, 0x1C, 0x7E, 0x1C, 0x7E, 
0x1C, 0x7E, 0x1C, 0x7E, 0x52, 0xCB, 0x42, 0x49, 0x42, 0x49, 0x42, 0x49, 0x21, 0x45, 0x31, 0xC7, 
0xF2, 0xA3, 0xF2, 0xA3, 0xF2, 0xA3, 0xF8, 0x00, 0x8B, 0x69, 0x8B, 0x69, 0x00, 0x00, 0x00, 0x00, 
0x00, 0x00, 0x00, 0x00, 0x02, 0x44, 0x1B, 0x07, 0x15, 0x8D, 0x15, 0x8D, 0x15, 0x8D, 0x03, 0xE8, 
0x03, 0xE8, 0x03, 0xE8, 0x1B, 0x07, 0x02, 0x44, 0x52, 0xCB, 0x52, 0xCB, 0x1C, 0x7E, 0x5E, 0x7E, 
0x5E, 0x7E, 0x1C, 0x7E, 0x52, 0xCB, 0x52, 0xCB, 0x42, 0x49, 0x42, 0x49, 0x21, 0x45, 0x31, 0xC7, 
0xF2, 0xA3, 0xF8, 0x00, 0xF8, 0x00, 0xF8, 0x00, 0x21, 0x45, 0x00, 0x00, 0x00, 0x00, 0x00, 0x00, 
0x00, 0x00, 0x00, 0x00, 0x00, 0x00, 0x02, 0x44, 0x15, 0x8D, 0x15, 0x8D, 0x15, 0x8D, 0x15, 0x8D, 
0x03, 0xE8, 0x03, 0xE8, 0x1B, 0x07, 0x02, 0x44, 0x52, 0xCB, 0x52, 0xCB, 0x52, 0xCB, 0x52, 0xCB, 
0x52, 0xCB, 0x52, 0xCB, 0x52, 0xCB, 0x52, 0xCB, 0x52, 0xCB, 0x42, 0x49, 0x21, 0x45, 0x31, 0xC7, 
0xF8, 0x00, 0xF8, 0x00, 0xF8, 0x00, 0xF8, 0x00, 0x00, 0x00, 0x00, 0x00, 0x00, 0x00, 0x00, 0x00, 
0x00, 0x00, 0x00, 0x00, 0x00, 0x00, 0x02, 0x44, 0x03, 0xE8, 0x15, 0x8D, 0x15, 0x8D, 0x15, 0x8D, 
0x03, 0xE8, 0x03, 0xE8, 0x1B, 0x07, 0x02, 0x44, 0x5B, 0x0C, 0x5B, 0x0C, 0x5B, 0x0C, 0x5B, 0x0C, 
0x5B, 0x0C, 0x5B, 0x0C, 0x5B, 0x0C, 0x00, 0x1F, 0x52, 0xCB, 0x42, 0x49, 0x21, 0x45, 0x42, 0x49, 
0xFC, 0x29, 0xFC, 0x29, 0xFC, 0x29, 0x00, 0x00, 0x00, 0x00, 0x00, 0x00, 0x00, 0x00, 0x00, 0x00, 
0x00, 0x00, 0x00, 0x00, 0x00, 0x00, 0x02, 0x44, 0x03, 0xE8, 0x15, 0x8D, 0x15, 0x8D, 0x15, 0x8D, 
0x03, 0xE8, 0x03, 0xE8, 0x1B, 0x07, 0x02, 0x44, 0x5B, 0x0C, 0x5B, 0x0C, 0x5B, 0x0C, 0x5B, 0x0C, 
0x5B, 0x0C, 0x5B, 0x0C, 0x5B, 0x0C, 0x00, 0x1F, 0x52, 0xCB, 0x42, 0x49, 0x21, 0x45, 0x00, 0x00, 
0x00, 0x00, 0x00, 0x00, 0x00, 0x00, 0x00, 0x00, 0x00, 0x00, 0x00, 0x00, 0x00, 0x00, 0x00, 0x00, 
0x00, 0x00, 0x00, 0x00, 0x00, 0x00, 0x00, 0x00, 0x02, 0x44, 0x03, 0xE8, 0x15, 0x8D, 0x15, 0x8D, 
0x03, 0xE8, 0x03, 0xE8, 0x1B, 0x07, 0x02, 0x44, 0x63, 0x4D, 0x63, 0x4D, 0x63, 0x4D, 0x63, 0x4D, 
0x63, 0x4D, 0x63, 0x4D, 0x63, 0x4D, 0x00, 0x1F, 0x52, 0xCB, 0x42, 0x49, 0x00, 0x00, 0x00, 0x00, 
0x00, 0x00, 0x00, 0x00, 0x00, 0x00, 0x00, 0x00, 0x00, 0x00, 0x00, 0x00, 0x00, 0x00, 0x00, 0x00, 
0x00, 0x00, 0x00, 0x00, 0x00, 0x00, 0x00, 0x00, 0x00, 0x00, 0x02, 0x44, 0x02, 0x44, 0x03, 0xE8, 
0x03, 0xE8, 0x03, 0xE8, 0x1B, 0x07, 0x02, 0x44, 0x63, 0x4D, 0x63, 0x4D, 0x63, 0x4D, 0x63, 0x4D, 
0x63, 0x4D, 0x63, 0x4D, 0x63, 0x4D, 0x00, 0x1F, 0x63, 0x4D, 0x00, 0x00, 0x00, 0x00, 0x00, 0x00, 
0x00, 0x00, 0x00, 0x00, 0x00, 0x00, 0x00, 0x00, 0x00, 0x00, 0x00, 0x00, 0x00, 0x00, 0x00, 0x00, 
0x00, 0x00, 0x00, 0x00, 0x00, 0x00, 0x00, 0x00, 0x00, 0x00, 0x00, 0x00, 0x00, 0x00, 0x02, 0x44, 
0x02, 0x44, 0x03, 0xE8, 0x1B, 0x07, 0x02, 0x44, 0x52, 0xCB, 0x52, 0xCB, 0x52, 0xCB, 0x52, 0xCB, 
0x52, 0xCB, 0x52, 0xCB, 0x52, 0xCB, 0x00, 0x1F, 0x00, 0x00, 0x00, 0x00, 0x00, 0x00, 0x00, 0x00, 
0x00, 0x00, 0x00, 0x00, 0x00, 0x00, 0x00, 0x00, 0x00, 0x00, 0x00, 0x00, 0x00, 0x00, 0x00, 0x00, 
0x00, 0x00, 0x00, 0x00, 0x00, 0x00, 0x00, 0x00, 0x00, 0x00, 0x00, 0x00, 0x00, 0x00, 0x00, 0x00, 
0x00, 0x00, 0x02, 0x44, 0x02, 0x44, 0x02, 0x44, 0x00, 0x00, 0x00, 0x00, 0x00, 0x00, 0x00, 0x00, 
0x00, 0x00, 0x00, 0x00, 0x00, 0x00, 0x00, 0x00, 0x00, 0x00, 0x00, 0x00, 0x00, 0x00, 0x00, 0x00, 
0x00, 0x00, 0x00, 0x00, 0x00, 0x00, 0x00, 0x00, 0x00, 0x00, 0x00, 0x00, 0x00, 0x00, 0x00, 0x00, 
0x00, 0x00, 0x00, 0x00, 0x00, 0x00, 0x00, 0x00, 0x00, 0x00, 0x00, 0x00, 0x00, 0x00, 0x00, 0x00, 
0x00, 0x00, 0x00, 0x00, 0x00, 0x00, 0x00, 0x00, 0x00, 0x00, 0x00, 0x00, 0x00, 0x00, 0x00, 0x00, 
0x00, 0x00, 0x00, 0x00, 0x00, 0x00, 0x00, 0x00, 0x00, 0x00, 0x00, 0x00, 0x00, 0x00, 0x00, 0x00, 
0x00, 0x00, 0x00, 0x00, 0x00, 0x00, 0x00, 0x00, 0x00, 0x00, 0x00, 0x00, 0x00, 0x00, 0x00, 0x00, 
0x00, 0x00, 0x00, 0x00, 0x00, 0x00, 0x00, 0x00, 0x00, 0x00, 0x00, 0x00, 0x00, 0x00, 0x00, 0x00, 
0x00, 0x00, 0x00, 0x00, 0x00, 0x00, 0x00, 0x00, 0x00, 0x00, 0x00, 0x00, 0x00, 0x00, 0x00, 0x00, 
0x00, 0x00, 0x00, 0x00, 0x00, 0x00, 0x00, 0x00, 0x00, 0x00, 0x00, 0x00, 0x00, 0x00, 0x00, 0x00, 
0x00, 0x00, 0x00, 0x00, 0x00, 0x00, 0x00, 0x00, 0x00, 0x00, 0x00, 0x00, 0x00, 0x00, 0x00, 0x00, 
0x00, 0x00, 0x00, 0x00, 0x00, 0x00, 0x00, 0x00, 0x00, 0x00, 0x00, 0x00, 0x00, 0x00, 0x00, 0x00, 
0x00, 0x00, 0x00, 0x00, 0x00, 0x00, 0x00, 0x00, 0x00, 0x00, 0x00, 0x00, 0x00, 0x00, 0x00, 0x00, 
0x00, 0x00, 0x00, 0x00, 0x00, 0x00, 0x00, 0x00, 0x00, 0x00, 0x00, 0x00, 0x00, 0x00, 0x00, 0x00, 
0x00, 0x00, 0x00, 0x00, 0x00, 0x00, 0x00, 0x00, 0x00, 0x00, 0x00, 0x00, 0x00, 0x00, 0x00, 0x00, 
0x00, 0x00, 0x00, 0x00, 0x00, 0x00, 0x00, 0x00, 0x00, 0x00, 0x00, 0x00, 0x00, 0x00, 0x00, 0x00, 
0x00, 0x00, 0x00, 0x00, 0x00, 0x00, 0x00, 0x00, 0x00, 0x00, 0x00, 0x00, 0x00, 0x00, 0x00, 0x00, 
0x00, 0x00, 0x00, 0x00, 0x00, 0x00, 0x00, 0x00, 0x00, 0x00, 0x00, 0x00, 0x00, 0x00, 0x00, 0x00, 
0x00, 0x00, 0x00, 0x00, 0x00, 0x00, 0x00, 0x00, 0x00, 0x00, 0x00, 0x00, 0x00, 0x00, 0x00, 0x00
}
,
{
0x00, 0x00, 0x00, 0x00, 0x00, 0x00, 0x00, 0x00, 0x00, 0x00, 0x00, 0x00, 0x00, 0x00, 0x00, 0x00, 
0x00, 0x00, 0x00, 0x00, 0x00, 0x00, 0x00, 0x00, 0x00, 0x00, 0x00, 0x00, 0x00, 0x00, 0x00, 0x00, 
0x00, 0x00, 0x00, 0x00, 0x00, 0x00, 0x00, 0x00, 0x00, 0x00, 0x00, 0x00, 0x00, 0x00, 0x21, 0x45, 
0x21, 0x45, 0x21, 0x45, 0x00, 0x00, 0x00, 0x00, 0x00, 0x00, 0x00, 0x00, 0x00, 0x00, 0x00, 0x00, 
0x00, 0x00, 0x00, 0x00, 0x00, 0x00, 0x02, 0x44, 0x02, 0x44, 0x02, 0x44, 0x02, 0x44, 0x00, 0x00, 
0x00, 0x00, 0x00, 0x00, 0x02, 0x44, 0x02, 0x44, 0x02, 0x44, 0x02, 0x44, 0x00, 0x00, 0x00, 0x00, 
0x00, 0x00, 0x00, 0x00, 0x00, 0x00, 0x00, 0x00, 0x00, 0x00, 0x00, 0x00, 0x00, 0x00, 0x21, 0x45, 
0x31, 0xC7, 0x31, 0xC7, 0x21, 0x45, 0x00, 0x00, 0x00, 0x00, 0x00, 0x00, 0x00, 0x00, 0x00, 0x00, 
0x00, 0x00, 0x00, 0x00, 0x02, 0x44, 0x1B, 0x07, 0x1B, 0x07, 0x1B, 0x07, 0x12, 0xA6, 0x02, 0x44, 
0x02, 0x44, 0x02, 0x44, 0x12, 0xA6, 0x03, 0xE8, 0x03, 0xE8, 0x1B, 0x07, 0x02, 0x44, 0x02, 0x44, 
0x00, 0x00, 0x00, 0x00, 0x00, 0x00, 0x00, 0x00, 0x00, 0x00, 0x00, 0x00, 0x00, 0x00, 0x00, 0x00, 
0x21, 0x45, 0x31, 0xC7, 0x31, 0xC7, 0x21, 0x45, 0x00, 0x00, 0x00, 0x00, 0x00, 0x00, 0x00, 0x00, 
0x00, 0x00, 0x02, 0x44, 0x1B, 0x07, 0x1B, 0x07, 0x1B, 0x07, 0x1B, 0x07, 0x12, 0xA6, 0x12, 0xA6, 
0x12, 0xA6, 0x12, 0xA6, 0x1B, 0x07, 0x03, 0xE8, 0x03, 0xE8, 0x1B, 0x07, 0x02, 0x44, 0x02, 0x44, 
0x02, 0x44, 0x00, 0x00, 0x00, 0x00, 0x00, 0x00, 0x00, 0x00, 0x00, 0x00, 0x00, 0x00, 0x00, 0x00, 
0x21, 0x45, 0x31, 0xC7, 0x31, 0xC7, 0x21, 0x45, 0x00, 0x00, 0x00, 0x00, 0x00, 0x00, 0x00, 0x00, 
0x00, 0x00, 0x02, 0x44, 0x03, 0xE8, 0x03, 0xE8, 0x1B, 0x07, 0x1B, 0x07, 0x12, 0xA6, 0x12, 0xA6, 
0x12, 0xA6, 0x1B, 0x07, 0x1B, 0x07, 0x03, 0xE8, 0x1B, 0x07, 0x1B, 0x07, 0x02, 0x44, 0x02, 0x44, 
0x02, 0x44, 0x21, 0x45, 0x21, 0x45, 0x21, 0x45, 0x00, 0x00, 0x00, 0x00, 0x00, 0x00, 0x00, 0x00, 
0x21, 0x45, 0x31, 0xC7, 0x31, 0xC7, 0x21, 0x45, 0x00, 0x00, 0x00, 0x00, 0x00, 0x00, 0x00, 0x00, 
0x00, 0x00, 0x00, 0x00, 0x02, 0x44, 0x15, 0x8D, 0x03, 0xE8, 0x1B, 0x07, 0x12, 0xA6, 0x12, 0xA6, 
0x1B, 0x07, 0x1B, 0x07, 0x03, 0xE8, 0x03, 0xE8, 0x1B, 0x07, 0x02, 0x44, 0x02, 0x44, 0x02, 0x44, 
0x02, 0x44, 0x31, 0xC7, 0x31, 0xC7, 0x31, 0xC7, 0x21, 0x45, 0x00, 0x00, 0x00, 0x00, 0x00, 0x00, 
0x00, 0x00, 0x21, 0x45, 0x31, 0xC7, 0x21, 0x45, 0x00, 0x00, 0x00, 0x00, 0x00, 0x00, 0x00, 0x00, 
0x00, 0x00, 0x00, 0x00, 0x02, 0x44, 0x15, 0x8D, 0x03, 0xE8, 0x1B, 0x07, 0x1B, 0x07, 0x1B, 0x07, 
0x1B, 0x07, 0x03, 0xE8, 0x03, 0xE8, 0x1B, 0x07, 0x1B, 0x07, 0x02, 0x44, 0x02, 0x44, 0x02, 0x44, 
0x02, 0x44, 0x31, 0xC7, 0x31, 0xC7, 0x31, 0xC7, 0x31, 0xC7, 0x21, 0x45, 0x00, 0x00, 0x00, 0x00, 
0x00, 0x00, 0x21, 0x45, 0x31, 0xC7, 0x31, 0xC7, 0x21, 0x45, 0x00, 0x00, 0x00, 0x00, 0x00, 0x00, 
0x00, 0x00, 0x00, 0x00, 0x02, 0x44, 0x15, 0x8D, 0x1B, 0x07, 0x1B, 0x07, 0x1B, 0x07, 0x1B, 0x07, 
0x03, 0xE8, 0x03, 0xE8, 0x03, 0xE8, 0x1B, 0x07, 0x02, 0x44, 0x02, 0x44, 0x02, 0x44, 0x02, 0x44, 
0x31, 0xC7, 0x31, 0xC7, 0x31, 0xC7, 0x31, 0xC7, 0x31, 0xC7, 0x31, 0xC7, 0x21, 0x45, 0x00, 0x00, 
0x00, 0x00, 0x21, 0x45, 0x31, 0xC7, 0x31, 0xC7, 0x21, 0x45, 0x00, 0x00, 0x00, 0x00, 0x00, 0x00, 
0x00, 0x00, 0x00, 0x00, 0x00, 0x00, 0x02, 0x44, 0x1B, 0x07, 0x1B, 0x07, 0x03, 0xE8, 0x03, 0xE8, 
0x03, 0xE8, 0x03, 0xE8, 0x1B, 0x07, 0x12, 0xA6, 0x02, 0x44, 0x02, 0x44, 0x02, 0x44, 0x31, 0xC7, 
0x31, 0xC7, 0x31, 0xC7, 0x31, 0xC7, 0x31, 0xC7, 0x31, 0xC7, 0x31, 0xC7, 0x21, 0x45, 0x21, 0x45, 
0x21, 0x45, 0x21, 0x45, 0x31, 0xC7, 0x31, 0xC7, 0x21, 0x45, 0x00, 0x00, 0x00, 0x00, 0x00, 0x00, 
0x00, 0x00, 0x00, 0x00, 0x00, 0x00, 0x02, 0x44, 0x1B, 0x07, 0x03, 0xE8, 0x03, 0xE8, 0x03, 0xE8, 
0x03, 0xE8, 0x1B, 0x07, 0x1B, 0x07, 0x12, 0xA6, 0x02, 0x44, 0x02, 0x44, 0x02, 0x44, 0x31, 0xC7, 
0x31, 0xC7, 0x31, 0xC7, 0x31, 0xC7, 0x31, 0xC7, 0x31, 0xC7, 0x31, 0xC7, 0x21, 0x45, 0x31, 0xC7, 
0x31, 0xC7, 0x31, 0xC7, 0x31, 0xC7, 0x31, 0xC7, 0x21, 0x45, 0x6A, 0x65, 0x00, 0x00, 0x00, 0x00, 
0x00, 0x00, 0x00, 0x00, 0x02, 0x44, 0x03, 0xE8, 0x03, 0xE8, 0x03, 0xE8, 0x03, 0xE8, 0x03, 0xE8, 
0x03, 0xE8, 0x1B, 0x07, 0x12, 0xA6, 0x12, 0xA6, 0x02, 0x44, 0x02, 0x44, 0x31, 0xC7, 0x31, 0xC7, 
0x31, 0xC7, 0x31, 0xC7, 0x31, 0xC7, 0x31, 0xC7, 0x31, 0xC7, 0x31, 0xC7, 0x21, 0x45, 0x31, 0xC7, 
0x31, 0xC7, 0x31, 0xC7, 0x31, 0xC7, 0x31, 0xC7, 0x21, 0x45, 0x6A, 0x65, 0x6A, 0x65, 0x00, 0x00, 
0x00, 0x00, 0x00, 0x00, 0x02, 0x44, 0x03, 0xE8, 0x03, 0xE8, 0x15, 0x8D, 0x03, 0xE8, 0x03, 0xE8, 
0x1B, 0x07, 0x12, 0xA6, 0x12, 0xA6, 0x12, 0xA6, 0x02, 0x44, 0x02, 0x44, 0x31, 0xC7, 0x31, 0xC7, 
0x31, 0xC7, 0x31, 0xC7, 0x31, 0xC7, 0x31, 0xC7, 0x31, 0xC7, 0x31, 0xC7, 0x21, 0x45, 0x31, 0xC7, 
0x31, 0xC7, 0x31, 0xC7, 0x31, 0xC7, 0x31, 0xC7, 0x21, 0x45, 0x6A, 0x65, 0x6A, 0x65, 0x00, 0x00, 
0x00, 0x00, 0x00, 0x00, 0x02, 0x44, 0x03, 0xE8, 0x15, 0x8D, 0x15, 0x8D, 0x03, 0xE8, 0x03, 0xE8, 
0x1B, 0x07, 0x12, 0xA6, 0x12, 0xA6, 0x12, 0xA6, 0x02, 0x44, 0x31, 0xC7, 0x31, 0xC7, 0x31, 0xC7, 
0x31, 0xC7, 0x31, 0xC7, 0x31, 0xC7, 0x31, 0xC7, 0x31, 0xC7, 0x31, 0xC7, 0x21, 0x45, 0x31, 0xC7, 
0x31, 0xC7, 0x07, 0xE0, 0x00, 0x1F, 0x31, 0xC7, 0x31, 0xC7, 0x8B, 0x69, 0x8B, 0x69, 0x00, 0x00, 
0x00, 0x00, 0x00, 0x00, 0x02, 0x44, 0x15, 0x8D, 0x15, 0x8D, 0x15, 0x8D, 0x03, 0xE8, 0x1B, 0x07, 
0x1B, 0x07, 0x12, 0xA6, 0x12, 0xA6, 0x12, 0xA6, 0x02, 0x44, 0x31, 0xC7, 0x42, 0x49, 0x42, 0x49, 
0x42, 0x49, 0x31, 0xC7, 0x31, 0xC7, 0x31, 0xC7, 0x31, 0xC7, 0x31, 0xC7, 0x21, 0x45, 0x31, 0xC7, 
0x31, 0xC7, 0x00, 0x1F, 0x00, 0x1F, 0x31, 0xC7, 0x31, 0xC7, 0x21, 0x45, 0x00, 0x00, 0x00, 0x00, 
0x00, 0x00, 0x00, 0x00, 0x02, 0x44, 0x15, 0x8D, 0x15, 0x8D, 0x15, 0x8D, 0x03, 0xE8, 0x1B, 0x07, 
0x1B, 0x07, 0x1B, 0x07, 0x12, 0xA6, 0x12, 0xA6, 0x02, 0x44, 0x42, 0x49, 0x42, 0x49, 0x42, 0x49, 
0x42, 0x49, 0x42, 0x49, 0x42, 0x49, 0x42, 0x49, 0x31, 0xC7, 0x31, 0xC7, 0x31, 0xC7, 0x21, 0x45, 
0x31, 0xC7, 0x31, 0xC7, 0x31, 0xC7, 0x31, 0xC7, 0x31, 0xC7, 0x21, 0x45, 0x00, 0x00, 0x00, 0x00, 
0x00, 0x00, 0x00, 0x00, 0x02, 0x44, 0x15, 0x8D, 0x15, 0x8D, 0x03, 0xE8, 0x1B, 0x07, 0x03, 0xE8, 
0x1B, 0x07, 0x1B, 0x07, 0x1B, 0x07, 0x1B, 0x07, 0x02, 0x44, 0x42, 0x49, 0x42, 0x49, 0x42, 0x49, 
0x42, 0x49, 0x42, 0x49, 0x42, 0x49, 0x42, 0x49, 0x42, 0x49, 0x31, 0xC7, 0x31, 0xC7, 0x21, 0x45, 
0x31, 0xC7, 0x31, 0xC7, 0x31, 0xC7, 0x31, 0xC7, 0x31, 0xC7, 0x21, 0x45, 0x00, 0x00, 0x00, 0x00, 
0x00, 0x00, 0x00, 0x00, 0x02, 0x44, 0x03, 0xE8, 0x03, 0xE8, 0x1B, 0x07, 0x1B, 0x07, 0x03, 0xE8, 
0x03, 0xE8, 0x03, 0xE8, 0x1B, 0x07, 0x1B, 0x07, 0x02, 0x44, 0x42, 0x49, 0x42, 0x49, 0x42, 0x49, 
0x42, 0x49, 0x42, 0x49, 0x42, 0x49, 0x07, 0xE0, 0x00, 0x1F, 0x42, 0x49, 0x42, 0x49, 0x21, 0x45, 
0x31, 0xC7, 0x31, 0xC7, 0x31, 0xC7, 0xE2, 0x21, 0xE2, 0x21, 0x6A, 0x65, 0x6A, 0x65, 0x00, 0x00, 
0x00, 0x00, 0x00, 0x00, 0x02, 0x44, 0x1B, 0x07, 0x1B, 0x07, 0x1B, 0x07, 0x03, 0xE8, 0x03, 0xE8, 
0x03, 0xE8, 0x03, 0xE8, 0x03, 0xE8, 0x1B, 0x07, 0x02, 0x44, 0x42, 0x49, 0x52, 0xCB, 0x52, 0xCB, 
0x52, 0xCB, 0x52, 0xCB, 0x52, 0xCB, 0x00, 0x1F, 0x00, 0x1F, 0x42, 0x49, 0x42, 0x49, 0x21, 0x45, 
0x31, 0xC7, 0x31, 0xC7, 0x31, 0xC7, 0xF2, 0xA3, 0xF2, 0xA3, 0x6A, 0x65, 0x6A, 0x65, 0x00, 0x00, 
0x00, 0x00, 0x00, 0x00, 0x02, 0x44, 0x1B, 0x07, 0x1B, 0x07, 0x03, 0xE8, 0x03, 0xE8, 0x03, 0xE8, 
0x03, 0xE8, 0x03, 0xE8, 0x03, 0xE8, 0x1B, 0x07, 0x02, 0x44, 0x42, 0x49, 0x52, 0xCB, 0x52, 0xCB, 
0x52, 0xCB, 0x52, 0xCB, 0x52, 0xCB, 0x52, 0xCB, 0x42, 0x49, 0x42, 0x49, 0x42, 0x49, 0x21, 0x45, 
0x31, 0xC7, 0x31, 0xC7, 0x31, 0xC7, 0xF2, 0xA3, 0xF2, 0xA3, 0x6A, 0x65, 0x6A, 0x65, 0x00, 0x00, 
0x00, 0x00, 0x00, 0x00, 0x02, 0x44, 0x1B, 0x07, 0x1B, 0x07, 0x15, 0x8D, 0x15, 0x8D, 0x03, 0xE8, 
0x03, 0xE8, 0x03, 0xE8, 0x03, 0xE8, 0x1B, 0x07, 0x02, 0x44, 0x52, 0xCB, 0x52, 0xCB, 0x1C, 0x7E, 
0x1C, 0x7E, 0x1C, 0x7E, 0x1C, 0x7E, 0x52, 0xCB, 0x42, 0x49, 0x42, 0x49, 0x42, 0x49, 0x21, 0x45, 
0x31, 0xC7, 0xF2, 0xA3, 0xF2, 0xA3, 0xF2, 0xA3, 0xF2, 0xA3, 0x8B, 0x69, 0x8B, 0x69, 0x00, 0x00, 
0x00, 0x00, 0x00, 0x00, 0x00, 0x00, 0x02, 0x44, 0x1B, 0x07, 0x15, 0x8D, 0x15, 0x8D, 0x15, 0x8D, 
0x03, 0xE8, 0x03, 0xE8, 0x03, 0xE8, 0x1B, 0x07, 0x02, 0x44, 0x52, 0xCB, 0x52, 0xCB, 0x1C, 0x7E, 
0x5E, 0x7E, 0x5E, 0x7E, 0x1C, 0x7E, 0x52, 0xCB, 0x52, 0xCB, 0x42, 0x49, 0x42, 0x49, 0x21, 0x45, 
0x31, 0xC7, 0xF2, 0xA3, 0xF2, 0xA3, 0xF8, 0x00, 0xF8, 0x00, 0x8B, 0x69, 0x8B, 0x69, 0x00, 0x00, 
0x00, 0x00, 0x00, 0x00, 0x00, 0x00, 0x00, 0x00, 0x02, 0x44, 0x15, 0x8D, 0x15, 0x8D, 0x15, 0x8D, 
0x15, 0x8D, 0x03, 0xE8, 0x03, 0xE8, 0x1B, 0x07, 0x02, 0x44, 0x52, 0xCB, 0x52, 0xCB, 0x52, 0xCB, 
0x52, 0xCB, 0x52, 0xCB, 0x52, 0xCB, 0x52, 0xCB, 0x52, 0xCB, 0x52, 0xCB, 0x42, 0x49, 0x21, 0x45, 
0x31, 0xC7, 0xF8, 0x00, 0xF8, 0x00, 0xF8, 0x00, 0xF8, 0x00, 0x8B, 0x69, 0x8B, 0x69, 0x00, 0x00, 
0x00, 0x00, 0x00, 0x00, 0x00, 0x00, 0x00, 0x00, 0x02, 0x44, 0x03, 0xE8, 0x15, 0x8D, 0x15, 0x8D, 
0x15, 0x8D, 0x03, 0xE8, 0x03, 0xE8, 0x1B, 0x07, 0x02, 0x44, 0x5B, 0x0C, 0x5B, 0x0C, 0x5B, 0x0C, 
0x5B, 0x0C, 0x5B, 0x0C, 0x5B, 0x0C, 0x5B, 0x0C, 0x00, 0x1F, 0x52, 0xCB, 0x42, 0x49, 0x21, 0x45, 
0x42, 0x49, 0xFC, 0x29, 0xFC, 0x29, 0xFC, 0x29, 0x00, 0x00, 0x8B, 0x69, 0x8B, 0x69, 0x00, 0x00, 
0x00, 0x00, 0x00, 0x00, 0x00, 0x00, 0x00, 0x00, 0x02, 0x44, 0x03, 0xE8, 0x15, 0x8D, 0x15, 0x8D, 
0x15, 0x8D, 0x03, 0xE8, 0x03, 0xE8, 0x1B, 0x07, 0x02, 0x44, 0x5B, 0x0C, 0x5B, 0x0C, 0x5B, 0x0C, 
0x5B, 0x0C, 0x5B, 0x0C, 0x5B, 0x0C, 0x5B, 0x0C, 0x00, 0x1F, 0x52, 0xCB, 0x42, 0x49, 0x21, 0x45, 
0x00, 0x00, 0x00, 0x00, 0x00, 0x00, 0x00, 0x00, 0x00, 0x00, 0x00, 0x00, 0x00, 0x00, 0x00, 0x00, 
0x00, 0x00, 0x00, 0x00, 0x00, 0x00, 0x00, 0x00, 0x00, 0x00, 0x02, 0x44, 0x03, 0xE8, 0x15, 0x8D, 
0x15, 0x8D, 0x03, 0xE8, 0x03, 0xE8, 0x1B, 0x07, 0x02, 0x44, 0x63, 0x4D, 0x63, 0x4D, 0x63, 0x4D, 
0x63, 0x4D, 0x63, 0x4D, 0x63, 0x4D, 0x63, 0x4D, 0x00, 0x1F, 0x52, 0xCB, 0x42, 0x49, 0x00, 0x00, 
0x00, 0x00, 0x00, 0x00, 0x00, 0x00, 0x00, 0x00, 0x00, 0x00, 0x00, 0x00, 0x00, 0x00, 0x00, 0x00, 
0x00, 0x00, 0x00, 0x00, 0x00, 0x00, 0x00, 0x00, 0x00, 0x00, 0x00, 0x00, 0x02, 0x44, 0x02, 0x44, 
0x03, 0xE8, 0x03, 0xE8, 0x03, 0xE8, 0x1B, 0x07, 0x02, 0x44, 0x63, 0x4D, 0x63, 0x4D, 0x63, 0x4D, 
0x63, 0x4D, 0x63, 0x4D, 0x63, 0x4D, 0x63, 0x4D, 0x00, 0x1F, 0x63, 0x4D, 0x00, 0x00, 0x00, 0x00, 
0x00, 0x00, 0x00, 0x00, 0x00, 0x00, 0x00, 0x00, 0x00, 0x00, 0x00, 0x00, 0x00, 0x00, 0x00, 0x00, 
0x00, 0x00, 0x00, 0x00, 0x00, 0x00, 0x00, 0x00, 0x00, 0x00, 0x00, 0x00, 0x00, 0x00, 0x00, 0x00, 
0x02, 0x44, 0x02, 0x44, 0x03, 0xE8, 0x1B, 0x07, 0x02, 0x44, 0x52, 0xCB, 0x52, 0xCB, 0x52, 0xCB, 
0x52, 0xCB, 0x52, 0xCB, 0x52, 0xCB, 0x52, 0xCB, 0x00, 0x1F, 0x00, 0x00, 0x00, 0x00, 0x00, 0x00, 
0x00, 0x00, 0x00, 0x00, 0x00, 0x00, 0x00, 0x00, 0x00, 0x00, 0x00, 0x00, 0x00, 0x00, 0x00, 0x00, 
0x00, 0x00, 0x00, 0x00, 0x00, 0x00, 0x00, 0x00, 0x00, 0x00, 0x00, 0x00, 0x00, 0x00, 0x00, 0x00, 
0x00, 0x00, 0x00, 0x00, 0x02, 0x44, 0x02, 0x44, 0x02, 0x44, 0x00, 0x00, 0x00, 0x00, 0x00, 0x00, 
0x00, 0x00, 0x00, 0x00, 0x00, 0x00, 0x00, 0x00, 0x00, 0x00, 0x00, 0x00, 0x00, 0x00, 0x00, 0x00, 
0x00, 0x00, 0x00, 0x00, 0x00, 0x00, 0x00, 0x00, 0x00, 0x00, 0x00, 0x00, 0x00, 0x00, 0x00, 0x00, 
0x00, 0x00, 0x00, 0x00, 0x00, 0x00, 0x00, 0x00, 0x00, 0x00, 0x00, 0x00, 0x00, 0x00, 0x00, 0x00, 
0x00, 0x00, 0x00, 0x00, 0x00, 0x00, 0x00, 0x00, 0x00, 0x00, 0x00, 0x00, 0x00, 0x00, 0x00, 0x00, 
0x00, 0x00, 0x00, 0x00, 0x00, 0x00, 0x00, 0x00, 0x00, 0x00, 0x00, 0x00, 0x00, 0x00, 0x00, 0x00, 
0x00, 0x00, 0x00, 0x00, 0x00, 0x00, 0x00, 0x00, 0x00, 0x00, 0x00, 0x00, 0x00, 0x00, 0x00, 0x00, 
0x00, 0x00, 0x00, 0x00, 0x00, 0x00, 0x00, 0x00, 0x00, 0x00, 0x00, 0x00, 0x00, 0x00, 0x00, 0x00, 
0x00, 0x00, 0x00, 0x00, 0x00, 0x00, 0x00, 0x00, 0x00, 0x00, 0x00, 0x00, 0x00, 0x00, 0x00, 0x00, 
0x00, 0x00, 0x00, 0x00, 0x00, 0x00, 0x00, 0x00, 0x00, 0x00, 0x00, 0x00, 0x00, 0x00, 0x00, 0x00, 
0x00, 0x00, 0x00, 0x00, 0x00, 0x00, 0x00, 0x00, 0x00, 0x00, 0x00, 0x00, 0x00, 0x00, 0x00, 0x00, 
0x00, 0x00, 0x00, 0x00, 0x00, 0x00, 0x00, 0x00, 0x00, 0x00, 0x00, 0x00, 0x00, 0x00, 0x00, 0x00, 
0x00, 0x00, 0x00, 0x00, 0x00, 0x00, 0x00, 0x00, 0x00, 0x00, 0x00, 0x00, 0x00, 0x00, 0x00, 0x00, 
0x00, 0x00, 0x00, 0x00, 0x00, 0x00, 0x00, 0x00, 0x00, 0x00, 0x00, 0x00, 0x00, 0x00, 0x00, 0x00, 
0x00, 0x00, 0x00, 0x00, 0x00, 0x00, 0x00, 0x00, 0x00, 0x00, 0x00, 0x00, 0x00, 0x00, 0x00, 0x00, 
0x00, 0x00, 0x00, 0x00, 0x00, 0x00, 0x00, 0x00, 0x00, 0x00, 0x00, 0x00, 0x00, 0x00, 0x00, 0x00, 
0x00, 0x00, 0x00, 0x00, 0x00, 0x00, 0x00, 0x00, 0x00, 0x00, 0x00, 0x00, 0x00, 0x00, 0x00, 0x00, 
0x00, 0x00, 0x00, 0x00, 0x00, 0x00, 0x00, 0x00, 0x00, 0x00, 0x00, 0x00, 0x00, 0x00, 0x00, 0x00, 
0x00, 0x00, 0x00, 0x00, 0x00, 0x00, 0x00, 0x00, 0x00, 0x00, 0x00, 0x00, 0x00, 0x00, 0x00, 0x00
}
,
{
0x00, 0x00, 0x00, 0x00, 0x00, 0x00, 0x00, 0x00, 0x00, 0x00, 0x00, 0x00, 0x00, 0x00, 0x00, 0x00, 
0x00, 0x00, 0x00, 0x00, 0x00, 0x00, 0x00, 0x00, 0x00, 0x00, 0x00, 0x00, 0x00, 0x00, 0x00, 0x00, 
0x00, 0x00, 0x00, 0x00, 0x00, 0x00, 0x00, 0x00, 0x00, 0x00, 0x00, 0x00, 0x00, 0x00, 0x00, 0x00, 
0x00, 0x00, 0x00, 0x00, 0x21, 0x45, 0x21, 0x45, 0x00, 0x00, 0x00, 0x00, 0x00, 0x00, 0x00, 0x00, 
0x00, 0x00, 0x00, 0x00, 0x02, 0x44, 0x02, 0x44, 0x02, 0x44, 0x02, 0x44, 0x00, 0x00, 0x00, 0x00, 
0x00, 0x00, 0x02, 0x44, 0x02, 0x44, 0x02, 0x44, 0x02, 0x44, 0x00, 0x00, 0x00, 0x00, 0x00, 0x00, 
0x00, 0x00, 0x00, 0x00, 0x00, 0x00, 0x00, 0x00, 0x00, 0x00, 0x00, 0x00, 0x00, 0x00, 0x00, 0x00, 
0x00, 0x00, 0x21, 0x45, 0x31, 0xC7, 0x21, 0x45, 0x00, 0x00, 0x00, 0x00, 0x00, 0x00, 0x00, 0x00, 
0x00, 0x00, 0x02, 0x44, 0x1B, 0x07, 0x1B, 0x07, 0x1B, 0x07, 0x12, 0xA6, 0x02, 0x44, 0x02, 0x44, 
0x02, 0x44, 0x12, 0xA6, 0x03, 0xE8, 0x03, 0xE8, 0x1B, 0x07, 0x02, 0x44, 0x02, 0x44, 0x00, 0x00, 
0x00, 0x00, 0x00, 0x00, 0x00, 0x00, 0x00, 0x00, 0x00, 0x00, 0x00, 0x00, 0x00, 0x00, 0x00, 0x00, 
0x00, 0x00, 0x21, 0x45, 0x31, 0xC7, 0x21, 0x45, 0x00, 0x00, 0x00, 0x00, 0x00, 0x00, 0x00, 0x00, 
0x02, 0x44, 0x1B, 0x07, 0x1B, 0x07, 0x1B, 0x07, 0x1B, 0x07, 0x12, 0xA6, 0x12, 0xA6, 0x12, 0xA6, 
0x12, 0xA6, 0x1B, 0x07, 0x03, 0xE8, 0x03, 0xE8, 0x1B, 0x07, 0x02, 0x44, 0x02, 0x44, 0x02, 0x44, 
0x00, 0x00, 0x00, 0x00, 0x00, 0x00, 0x00, 0x00, 0x00, 0x00, 0x00, 0x00, 0x00, 0x00, 0x00, 0x00, 
0x00, 0x00, 0x21, 0x45, 0x31, 0xC7, 0x21, 0x45, 0x00, 0x00, 0x00, 0x00, 0x00, 0x00, 0x00, 0x00, 
0x02, 0x44, 0x03, 0xE8, 0x03, 0xE8, 0x1B, 0x07, 0x1B, 0x07, 0x12, 0xA6, 0x12, 0xA6, 0x12, 0xA6, 
0x1B, 0x07, 0x1B, 0x07, 0x03, 0xE8, 0x1B, 0x07, 0x1B, 0x07, 0x02, 0x44, 0x02, 0x44, 0x02, 0x44, 
0x21, 0x45, 0x21, 0x45, 0x21, 0x45, 0x00, 0x00, 0x00, 0x00, 0x00, 0x00, 0x00, 0x00, 0x00, 0x00, 
0x00, 0x00, 0x21, 0x45, 0x31, 0xC7, 0x21, 0x45, 0x00, 0x00, 0x00, 0x00, 0x00, 0x00, 0x00, 0x00, 
0x00, 0x00, 0x02, 0x44, 0x15, 0x8D, 0x03, 0xE8, 0x1B, 0x07, 0x12, 0xA6, 0x12, 0xA6, 0x1B, 0x07, 
0x1B, 0x07, 0x03, 0xE8, 0x03, 0xE8, 0x1B, 0x07, 0x02, 0x44, 0x02, 0x44, 0x02, 0x44, 0x02, 0x44, 
0x31, 0xC7, 0x31, 0xC7, 0x31, 0xC7, 0x21, 0x45, 0x00, 0x00, 0x00, 0x00, 0x00, 0x00, 0x00, 0x00, 
0x21, 0x45, 0x31, 0xC7, 0x31, 0xC7, 0x21, 0x45, 0x00, 0x00, 0x00, 0x00, 0x00, 0x00, 0x00, 0x00, 
0x00, 0x00, 0x02, 0x44, 0x15, 0x8D, 0x03, 0xE8, 0x1B, 0x07, 0x1B, 0x07, 0x1B, 0x07, 0x1B, 0x07, 
0x03, 0xE8, 0x03, 0xE8, 0x1B, 0x07, 0x1B, 0x07, 0x02, 0x44, 0x02, 0x44, 0x02, 0x44, 0x02, 0x44, 
0x31, 0xC7, 0x31, 0xC7, 0x31, 0xC7, 0x31, 0xC7, 0x21, 0x45, 0x00, 0x00, 0x00, 0x00, 0x00, 0x00, 
0x21, 0x45, 0x31, 0xC7, 0x31, 0xC7, 0x21, 0x45, 0x00, 0x00, 0x00, 0x00, 0x00, 0x00, 0x00, 0x00, 
0x00, 0x00, 0x02, 0x44, 0x15, 0x8D, 0x1B, 0x07, 0x1B, 0x07, 0x1B, 0x07, 0x1B, 0x07, 0x03, 0xE8, 
0x03, 0xE8, 0x03, 0xE8, 0x1B, 0x07, 0x02, 0x44, 0x02, 0x44, 0x02, 0x44, 0x02, 0x44, 0x31, 0xC7, 
0x31, 0xC7, 0x31, 0xC7, 0x31, 0xC7, 0x31, 0xC7, 0x31, 0xC7, 0x21, 0x45, 0x00, 0x00, 0x00, 0x00, 
0x21, 0x45, 0x31, 0xC7, 0x31, 0xC7, 0x21, 0x45, 0x00, 0x00, 0x00, 0x00, 0x00, 0x00, 0x00, 0x00, 
0x00, 0x00, 0x00, 0x00, 0x02, 0x44, 0x1B, 0x07, 0x1B, 0x07, 0x03, 0xE8, 0x03, 0xE8, 0x03, 0xE8, 
0x03, 0xE8, 0x1B, 0x07, 0x12, 0xA6, 0x02, 0x44, 0x02, 0x44, 0x02, 0x44, 0x31, 0xC7, 0x31, 0xC7, 
0x31, 0xC7, 0x31, 0xC7, 0x31, 0xC7, 0x31, 0xC7, 0x31, 0xC7, 0x21, 0x45, 0x21, 0x45, 0x21, 0x45, 
0x21, 0x45, 0x31, 0xC7, 0x31, 0xC7, 0x21, 0x45, 0x00, 0x00, 0x00, 0x00, 0x00, 0x00, 0x00, 0x00, 
0x00, 0x00, 0x00, 0x00, 0x02, 0x44, 0x1B, 0x07, 0x03, 0xE8, 0x03, 0xE8, 0x03, 0xE8, 0x03, 0xE8, 
0x1B, 0x07, 0x1B, 0x07, 0x12, 0xA6, 0x02, 0x44, 0x02, 0x44, 0x02, 0x44, 0x31, 0xC7, 0x31, 0xC7, 
0x31, 0xC7, 0x31, 0xC7, 0x31, 0xC7, 0x31, 0xC7, 0x31, 0xC7, 0x21, 0x45, 0x31, 0xC7, 0x31, 0xC7, 
0x31, 0xC7, 0x31, 0xC7, 0x31, 0xC7, 0x21, 0x45, 0x00, 0x00, 0x00, 0x00, 0x00, 0x00, 0x00, 0x00, 
0x00, 0x00, 0x02, 0x44, 0x03, 0xE8, 0x03, 0xE8, 0x03, 0xE8, 0x03, 0xE8, 0x03, 0xE8, 0x03, 0xE8, 
0x1B, 0x07, 0x12, 0xA6, 0x12, 0xA6, 0x02, 0x44, 0x02, 0x44, 0x31, 0xC7, 0x31, 0xC7, 0x31, 0xC7, 
0x31, 0xC7, 0x31, 0xC7, 0x31, 0xC7, 0x31, 0xC7, 0x31, 0xC7, 0x21, 0x45, 0x31, 0xC7, 0x31, 0xC7, 
0x07, 0xE0, 0x00, 0x1F, 0x31, 0xC7, 0x21, 0x45, 0x00, 0x00, 0x00, 0x00, 0x00, 0x00, 0x00, 0x00, 
0x00, 0x00, 0x02, 0x44, 0x03, 0xE8, 0x03, 0xE8, 0x15, 0x8D, 0x03, 0xE8, 0x03, 0xE8, 0x1B, 0x07, 
0x12, 0xA6, 0x12, 0xA6, 0x12, 0xA6, 0x02, 0x44, 0x02, 0x44, 0x31, 0xC7, 0x31, 0xC7, 0x31, 0xC7, 
0x31, 0xC7, 0x31, 0xC7, 0x31, 0xC7, 0x31, 0xC7, 0x31, 0xC7, 0x21, 0x45, 0x31, 0xC7, 0x31, 0xC7, 
0x00, 0x1F, 0x00, 0x1F, 0x31, 0xC7, 0x21, 0x45, 0x00, 0x00, 0x00, 0x00, 0x00, 0x00, 0x00, 0x00, 
0x00, 0x00, 0x02, 0x44, 0x03, 0xE8, 0x15, 0x8D, 0x15, 0x8D, 0x03, 0xE8, 0x03, 0xE8, 0x1B, 0x07, 
0x12, 0xA6, 0x12, 0xA6, 0x12, 0xA6, 0x02, 0x44, 0x31, 0xC7, 0x31, 0xC7, 0x31, 0xC7, 0x31, 0xC7, 
0x31, 0xC7, 0x31, 0xC7, 0x31, 0xC7, 0x31, 0xC7, 0x31, 0xC7, 0x21, 0x45, 0x31, 0xC7, 0x31, 0xC7, 
0x31, 0xC7, 0x31, 0xC7, 0x31, 0xC7, 0x31, 0xC7, 0x6A, 0x65, 0x6A, 0x65, 0x00, 0x00, 0x00, 0x00, 
0x00, 0x00, 0x02, 0x44, 0x15, 0x8D, 0x15, 0x8D, 0x15, 0x8D, 0x03, 0xE8, 0x1B, 0x07, 0x1B, 0x07, 
0x12, 0xA6, 0x12, 0xA6, 0x12, 0xA6, 0x02, 0x44, 0x31, 0xC7, 0x42, 0x49, 0x42, 0x49, 0x42, 0x49, 
0x31, 0xC7, 0x31, 0xC7, 0x31, 0xC7, 0x31, 0xC7, 0x31, 0xC7, 0x21, 0x45, 0x31, 0xC7, 0x31, 0xC7, 
0x31, 0xC7, 0x31, 0xC7, 0x31, 0xC7, 0x31, 0xC7, 0x6A, 0x65, 0x6A, 0x65, 0x00, 0x00, 0x00, 0x00, 
0x00, 0x00, 0x02, 0x44, 0x15, 0x8D, 0x15, 0x8D, 0x15, 0x8D, 0x03, 0xE8, 0x1B, 0x07, 0x1B, 0x07, 
0x1B, 0x07, 0x12, 0xA6, 0x12, 0xA6, 0x02, 0x44, 0x42, 0x49, 0x42, 0x49, 0x42, 0x49, 0x42, 0x49, 
0x42, 0x49, 0x42, 0x49, 0x42, 0x49, 0x31, 0xC7, 0x31, 0xC7, 0x31, 0xC7, 0x21, 0x45, 0x31, 0xC7, 
0x31, 0xC7, 0x31, 0xC7, 0x31, 0xC7, 0x31, 0xC7, 0x6A, 0x65, 0x6A, 0x65, 0x00, 0x00, 0x00, 0x00, 
0x00, 0x00, 0x02, 0x44, 0x15, 0x8D, 0x15, 0x8D, 0x03, 0xE8, 0x1B, 0x07, 0x03, 0xE8, 0x1B, 0x07, 
0x1B, 0x07, 0x1B, 0x07, 0x1B, 0x07, 0x02, 0x44, 0x42, 0x49, 0x42, 0x49, 0x42, 0x49, 0x42, 0x49, 
0x42, 0x49, 0x42, 0x49, 0x42, 0x49, 0x42, 0x49, 0x31, 0xC7, 0x31, 0xC7, 0x21, 0x45, 0x31, 0xC7, 
0x31, 0xC7, 0x31, 0xC7, 0x31, 0xC7, 0x31, 0xC7, 0x6A, 0x65, 0x8B, 0x69, 0x00, 0x00, 0x00, 0x00, 
0x00, 0x00, 0x02, 0x44, 0x03, 0xE8, 0x03, 0xE8, 0x1B, 0x07, 0x1B, 0x07, 0x03, 0xE8, 0x03, 0xE8, 
0x03, 0xE8, 0x1B, 0x07, 0x1B, 0x07, 0x02, 0x44, 0x42, 0x49, 0x42, 0x49, 0x42, 0x49, 0x42, 0x49, 
0x42, 0x49, 0x42, 0x49, 0x07, 0xE0, 0x00, 0x1F, 0x42, 0x49, 0x42, 0x49, 0x21, 0x45, 0x31, 0xC7, 
0x31, 0xC7, 0x31, 0xC7, 0xE2, 0x21, 0xE2, 0x21, 0x8B, 0x69, 0x8B, 0x69, 0x00, 0x00, 0x00, 0x00, 
0x00, 0x00, 0x02, 0x44, 0x1B, 0x07, 0x1B, 0x07, 0x1B, 0x07, 0x03, 0xE8, 0x03, 0xE8, 0x03, 0xE8, 
0x03, 0xE8, 0x03, 0xE8, 0x1B, 0x07, 0x02, 0x44, 0x42, 0x49, 0x52, 0xCB, 0x52, 0xCB, 0x52, 0xCB, 
0x52, 0xCB, 0x52, 0xCB, 0x00, 0x1F, 0x00, 0x1F, 0x42, 0x49, 0x42, 0x49, 0x21, 0x45, 0x31, 0xC7, 
0x31, 0xC7, 0x31, 0xC7, 0xF2, 0xA3, 0xF2, 0xA3, 0x8B, 0x69, 0x8B, 0x69, 0x00, 0x00, 0x00, 0x00, 
0x00, 0x00, 0x02, 0x44, 0x1B, 0x07, 0x1B, 0x07, 0x03, 0xE8, 0x03, 0xE8, 0x03, 0xE8, 0x03, 0xE8, 
0x03, 0xE8, 0x03, 0xE8, 0x1B, 0x07, 0x02, 0x44, 0x42, 0x49, 0x52, 0xCB, 0x52, 0xCB, 0x52, 0xCB, 
0x52, 0xCB, 0x52, 0xCB, 0x52, 0xCB, 0x42, 0x49, 0x42, 0x49, 0x42, 0x49, 0x21, 0x45, 0x31, 0xC7, 
0x31, 0xC7, 0x31, 0xC7, 0xF2, 0xA3, 0xF2, 0xA3, 0x8B, 0x69, 0x8B, 0x69, 0x00, 0x00, 0x00, 0x00, 
0x00, 0x00, 0x02, 0x44, 0x1B, 0x07, 0x1B, 0x07, 0x15, 0x8D, 0x15, 0x8D, 0x03, 0xE8, 0x03, 0xE8, 
0x03, 0xE8, 0x03, 0xE8, 0x1B, 0x07, 0x02, 0x44, 0x52, 0xCB, 0x52, 0xCB, 0x1C, 0x7E, 0x1C, 0x7E, 
0x1C, 0x7E, 0x1C, 0x7E, 0x52, 0xCB, 0x42, 0x49, 0x42, 0x49, 0x42, 0x49, 0x21, 0x45, 0x31, 0xC7, 
0xF2, 0xA3, 0xF2, 0xA3, 0xF2, 0xA3, 0xF8, 0x00, 0x8B, 0x69, 0x8B, 0x69, 0x00, 0x00, 0x00, 0x00, 
0x00, 0x00, 0x00, 0x00, 0x02, 0x44, 0x1B, 0x07, 0x15, 0x8D, 0x15, 0x8D, 0x15, 0x8D, 0x03, 0xE8, 
0x03, 0xE8, 0x03, 0xE8, 0x1B, 0x07, 0x02, 0x44, 0x52, 0xCB, 0x52, 0xCB, 0x1C, 0x7E, 0x5E, 0x7E, 
0x5E, 0x7E, 0x1C, 0x7E, 0x52, 0xCB, 0x52, 0xCB, 0x42, 0x49, 0x42, 0x49, 0x21, 0x45, 0x31, 0xC7, 
0xF2, 0xA3, 0xF8, 0x00, 0xF8, 0x00, 0xF8, 0x00, 0x21, 0x45, 0x00, 0x00, 0x00, 0x00, 0x00, 0x00, 
0x00, 0x00, 0x00, 0x00, 0x00, 0x00, 0x02, 0x44, 0x15, 0x8D, 0x15, 0x8D, 0x15, 0x8D, 0x15, 0x8D, 
0x03, 0xE8, 0x03, 0xE8, 0x1B, 0x07, 0x02, 0x44, 0x52, 0xCB, 0x52, 0xCB, 0x52, 0xCB, 0x52, 0xCB, 
0x52, 0xCB, 0x52, 0xCB, 0x52, 0xCB, 0x52, 0xCB, 0x52, 0xCB, 0x42, 0x49, 0x21, 0x45, 0x31, 0xC7, 
0xF8, 0x00, 0xF8, 0x00, 0xF8, 0x00, 0xF8, 0x00, 0x00, 0x00, 0x00, 0x00, 0x00, 0x00, 0x00, 0x00, 
0x00, 0x00, 0x00, 0x00, 0x00, 0x00, 0x02, 0x44, 0x03, 0xE8, 0x15, 0x8D, 0x15, 0x8D, 0x15, 0x8D, 
0x03, 0xE8, 0x03, 0xE8, 0x1B, 0x07, 0x02, 0x44, 0x5B, 0x0C, 0x5B, 0x0C, 0x5B, 0x0C, 0x5B, 0x0C, 
0x5B, 0x0C, 0x5B, 0x0C, 0x5B, 0x0C, 0x00, 0x1F, 0x52, 0xCB, 0x42, 0x49, 0x21, 0x45, 0x42, 0x49, 
0xFC, 0x29, 0xFC, 0x29, 0xFC, 0x29, 0x00, 0x00, 0x00, 0x00, 0x00, 0x00, 0x00, 0x00, 0x00, 0x00, 
0x00, 0x00, 0x00, 0x00, 0x00, 0x00, 0x02, 0x44, 0x03, 0xE8, 0x15, 0x8D, 0x15, 0x8D, 0x15, 0x8D, 
0x03, 0xE8, 0x03, 0xE8, 0x1B, 0x07, 0x02, 0x44, 0x5B, 0x0C, 0x5B, 0x0C, 0x5B, 0x0C, 0x5B, 0x0C, 
0x5B, 0x0C, 0x5B, 0x0C, 0x5B, 0x0C, 0x00, 0x1F, 0x52, 0xCB, 0x42, 0x49, 0x21, 0x45, 0x00, 0x00, 
0x00, 0x00, 0x00, 0x00, 0x00, 0x00, 0x00, 0x00, 0x00, 0x00, 0x00, 0x00, 0x00, 0x00, 0x00, 0x00, 
0x00, 0x00, 0x00, 0x00, 0x00, 0x00, 0x00, 0x00, 0x02, 0x44, 0x03, 0xE8, 0x15, 0x8D, 0x15, 0x8D, 
0x03, 0xE8, 0x03, 0xE8, 0x1B, 0x07, 0x02, 0x44, 0x63, 0x4D, 0x63, 0x4D, 0x63, 0x4D, 0x63, 0x4D, 
0x63, 0x4D, 0x63, 0x4D, 0x63, 0x4D, 0x00, 0x1F, 0x52, 0xCB, 0x42, 0x49, 0x00, 0x00, 0x00, 0x00, 
0x00, 0x00, 0x00, 0x00, 0x00, 0x00, 0x00, 0x00, 0x00, 0x00, 0x00, 0x00, 0x00, 0x00, 0x00, 0x00, 
0x00, 0x00, 0x00, 0x00, 0x00, 0x00, 0x00, 0x00, 0x00, 0x00, 0x02, 0x44, 0x02, 0x44, 0x03, 0xE8, 
0x03, 0xE8, 0x03, 0xE8, 0x1B, 0x07, 0x02, 0x44, 0x63, 0x4D, 0x63, 0x4D, 0x63, 0x4D, 0x63, 0x4D, 
0x63, 0x4D, 0x63, 0x4D, 0x63, 0x4D, 0x00, 0x1F, 0x63, 0x4D, 0x00, 0x00, 0x00, 0x00, 0x00, 0x00, 
0x00, 0x00, 0x00, 0x00, 0x00, 0x00, 0x00, 0x00, 0x00, 0x00, 0x00, 0x00, 0x00, 0x00, 0x00, 0x00, 
0x00, 0x00, 0x00, 0x00, 0x00, 0x00, 0x00, 0x00, 0x00, 0x00, 0x00, 0x00, 0x00, 0x00, 0x02, 0x44, 
0x02, 0x44, 0x03, 0xE8, 0x1B, 0x07, 0x02, 0x44, 0x52, 0xCB, 0x52, 0xCB, 0x52, 0xCB, 0x52, 0xCB, 
0x52, 0xCB, 0x52, 0xCB, 0x52, 0xCB, 0x00, 0x1F, 0x00, 0x00, 0x00, 0x00, 0x00, 0x00, 0x00, 0x00, 
0x00, 0x00, 0x00, 0x00, 0x00, 0x00, 0x00, 0x00, 0x00, 0x00, 0x00, 0x00, 0x00, 0x00, 0x00, 0x00, 
0x00, 0x00, 0x00, 0x00, 0x00, 0x00, 0x00, 0x00, 0x00, 0x00, 0x00, 0x00, 0x00, 0x00, 0x00, 0x00, 
0x00, 0x00, 0x02, 0x44, 0x02, 0x44, 0x02, 0x44, 0x00, 0x00, 0x00, 0x00, 0x00, 0x00, 0x00, 0x00, 
0x00, 0x00, 0x00, 0x00, 0x00, 0x00, 0x00, 0x00, 0x00, 0x00, 0x00, 0x00, 0x00, 0x00, 0x00, 0x00, 
0x00, 0x00, 0x00, 0x00, 0x00, 0x00, 0x00, 0x00, 0x00, 0x00, 0x00, 0x00, 0x00, 0x00, 0x00, 0x00, 
0x00, 0x00, 0x00, 0x00, 0x00, 0x00, 0x00, 0x00, 0x00, 0x00, 0x00, 0x00, 0x00, 0x00, 0x00, 0x00, 
0x00, 0x00, 0x00, 0x00, 0x00, 0x00, 0x00, 0x00, 0x00, 0x00, 0x00, 0x00, 0x00, 0x00, 0x00, 0x00, 
0x00, 0x00, 0x00, 0x00, 0x00, 0x00, 0x00, 0x00, 0x00, 0x00, 0x00, 0x00, 0x00, 0x00, 0x00, 0x00, 
0x00, 0x00, 0x00, 0x00, 0x00, 0x00, 0x00, 0x00, 0x00, 0x00, 0x00, 0x00, 0x00, 0x00, 0x00, 0x00, 
0x00, 0x00, 0x00, 0x00, 0x00, 0x00, 0x00, 0x00, 0x00, 0x00, 0x00, 0x00, 0x00, 0x00, 0x00, 0x00, 
0x00, 0x00, 0x00, 0x00, 0x00, 0x00, 0x00, 0x00, 0x00, 0x00, 0x00, 0x00, 0x00, 0x00, 0x00, 0x00, 
0x00, 0x00, 0x00, 0x00, 0x00, 0x00, 0x00, 0x00, 0x00, 0x00, 0x00, 0x00, 0x00, 0x00, 0x00, 0x00, 
0x00, 0x00, 0x00, 0x00, 0x00, 0x00, 0x00, 0x00, 0x00, 0x00, 0x00, 0x00, 0x00, 0x00, 0x00, 0x00, 
0x00, 0x00, 0x00, 0x00, 0x00, 0x00, 0x00, 0x00, 0x00, 0x00, 0x00, 0x00, 0x00, 0x00, 0x00, 0x00, 
0x00, 0x00, 0x00, 0x00, 0x00, 0x00, 0x00, 0x00, 0x00, 0x00, 0x00, 0x00, 0x00, 0x00, 0x00, 0x00, 
0x00, 0x00, 0x00, 0x00, 0x00, 0x00, 0x00, 0x00, 0x00, 0x00, 0x00, 0x00, 0x00, 0x00, 0x00, 0x00, 
0x00, 0x00, 0x00, 0x00, 0x00, 0x00, 0x00, 0x00, 0x00, 0x00, 0x00, 0x00, 0x00, 0x00, 0x00, 0x00, 
0x00, 0x00, 0x00, 0x00, 0x00, 0x00, 0x00, 0x00, 0x00, 0x00, 0x00, 0x00, 0x00, 0x00, 0x00, 0x00, 
0x00, 0x00, 0x00, 0x00, 0x00, 0x00, 0x00, 0x00, 0x00, 0x00, 0x00, 0x00, 0x00, 0x00, 0x00, 0x00, 
0x00, 0x00, 0x00, 0x00, 0x00, 0x00, 0x00, 0x00, 0x00, 0x00, 0x00, 0x00, 0x00, 0x00, 0x00, 0x00, 
0x00, 0x00, 0x00, 0x00, 0x00, 0x00, 0x00, 0x00, 0x00, 0x00, 0x00, 0x00, 0x00, 0x00, 0x00, 0x00
}
,
{
0x00, 0x00, 0x00, 0x00, 0x00, 0x00, 0x00, 0x00, 0x00, 0x00, 0x00, 0x00, 0x00, 0x00, 0x00, 0x00, 
0x00, 0x00, 0x00, 0x00, 0x00, 0x00, 0x00, 0x00, 0x00, 0x00, 0x00, 0x00, 0x00, 0x00, 0x00, 0x00, 
0x00, 0x00, 0x00, 0x00, 0x00, 0x00, 0x00, 0x00, 0x00, 0x00, 0x00, 0x00, 0x00, 0x00, 0x21, 0x45, 
0x21, 0x45, 0x21, 0x45, 0x00, 0x00, 0x00, 0x00, 0x00, 0x00, 0x00, 0x00, 0x00, 0x00, 0x00, 0x00, 
0x00, 0x00, 0x00, 0x00, 0x00, 0x00, 0x02, 0x44, 0x02, 0x44, 0x02, 0x44, 0x02, 0x44, 0x00, 0x00, 
0x00, 0x00, 0x00, 0x00, 0x02, 0x44, 0x02, 0x44, 0x02, 0x44, 0x02, 0x44, 0x00, 0x00, 0x00, 0x00, 
0x00, 0x00, 0x00, 0x00, 0x00, 0x00, 0x00, 0x00, 0x00, 0x00, 0x00, 0x00, 0x00, 0x00, 0x21, 0x45, 
0x31, 0xC7, 0x31, 0xC7, 0x21, 0x45, 0x00, 0x00, 0x00, 0x00, 0x00, 0x00, 0x00, 0x00, 0x00, 0x00, 
0x00, 0x00, 0x00, 0x00, 0x02, 0x44, 0x1B, 0x07, 0x1B, 0x07, 0x1B, 0x07, 0x12, 0xA6, 0x02, 0x44, 
0x02, 0x44, 0x02, 0x44, 0x12, 0xA6, 0x03, 0xE8, 0x03, 0xE8, 0x1B, 0x07, 0x02, 0x44, 0x02, 0x44, 
0x00, 0x00, 0x00, 0x00, 0x00, 0x00, 0x00, 0x00, 0x00, 0x00, 0x00, 0x00, 0x00, 0x00, 0x00, 0x00, 
0x21, 0x45, 0x31, 0xC7, 0x31, 0xC7, 0x21, 0x45, 0x00, 0x00, 0x00, 0x00, 0x00, 0x00, 0x00, 0x00, 
0x00, 0x00, 0x02, 0x44, 0x1B, 0x07, 0x1B, 0x07, 0x1B, 0x07, 0x1B, 0x07, 0x12, 0xA6, 0x12, 0xA6, 
0x12, 0xA6, 0x12, 0xA6, 0x1B, 0x07, 0x03, 0xE8, 0x03, 0xE8, 0x1B, 0x07, 0x02, 0x44, 0x02, 0x44, 
0x02, 0x44, 0x00, 0x00, 0x00, 0x00, 0x00, 0x00, 0x00, 0x00, 0x00, 0x00, 0x00, 0x00, 0x00, 0x00, 
0x21, 0x45, 0x31, 0xC7, 0x31, 0xC7, 0x21, 0x45, 0x00, 0x00, 0x00, 0x00, 0x00, 0x00, 0x00, 0x00, 
0x00, 0x00, 0x02, 0x44, 0x03, 0xE8, 0x03, 0xE8, 0x1B, 0x07, 0x1B, 0x07, 0x12, 0xA6, 0x12, 0xA6, 
0x12, 0xA6, 0x1B, 0x07, 0x1B, 0x07, 0x03, 0xE8, 0x1B, 0x07, 0x1B, 0x07, 0x02, 0x44, 0x02, 0x44, 
0x02, 0x44, 0x21, 0x45, 0x21, 0x45, 0x21, 0x45, 0x00, 0x00, 0x00, 0x00, 0x00, 0x00, 0x00, 0x00, 
0x21, 0x45, 0x31, 0xC7, 0x31, 0xC7, 0x21, 0x45, 0x00, 0x00, 0x00, 0x00, 0x00, 0x00, 0x00, 0x00, 
0x00, 0x00, 0x00, 0x00, 0x02, 0x44, 0x15, 0x8D, 0x03, 0xE8, 0x1B, 0x07, 0x12, 0xA6, 0x12, 0xA6, 
0x1B, 0x07, 0x1B, 0x07, 0x03, 0xE8, 0x03, 0xE8, 0x1B, 0x07, 0x02, 0x44, 0x02, 0x44, 0x02, 0x44, 
0x02, 0x44, 0x31, 0xC7, 0x31, 0xC7, 0x31, 0xC7, 0x21, 0x45, 0x00, 0x00, 0x00, 0x00, 0x00, 0x00, 
0x00, 0x00, 0x21, 0x45, 0x31, 0xC7, 0x21, 0x45, 0x00, 0x00, 0x00, 0x00, 0x00, 0x00, 0x00, 0x00, 
0x00, 0x00, 0x00, 0x00, 0x02, 0x44, 0x15, 0x8D, 0x03, 0xE8, 0x1B, 0x07, 0x1B, 0x07, 0x1B, 0x07, 
0x1B, 0x07, 0x03, 0xE8, 0x03, 0xE8, 0x1B, 0x07, 0x1B, 0x07, 0x02, 0x44, 0x02, 0x44, 0x02, 0x44, 
0x02, 0x44, 0x31, 0xC7, 0x31, 0xC7, 0x31, 0xC7, 0x31, 0xC7, 0x21, 0x45, 0x00, 0x00, 0x00, 0x00, 
0x00, 0x00, 0x21, 0x45, 0x31, 0xC7, 0x31, 0xC7, 0x21, 0x45, 0x00, 0x00, 0x00, 0x00, 0x00, 0x00, 
0x00, 0x00, 0x00, 0x00, 0x02, 0x44, 0x15, 0x8D, 0x1B, 0x07, 0x1B, 0x07, 0x1B, 0x07, 0x1B, 0x07, 
0x03, 0xE8, 0x03, 0xE8, 0x03, 0xE8, 0x1B, 0x07, 0x02, 0x44, 0x02, 0x44, 0x02, 0x44, 0x02, 0x44, 
0x31, 0xC7, 0x31, 0xC7, 0x31, 0xC7, 0x31, 0xC7, 0x31, 0xC7, 0x31, 0xC7, 0x21, 0x45, 0x00, 0x00, 
0x00, 0x00, 0x21, 0x45, 0x31, 0xC7, 0x31, 0xC7, 0x21, 0x45, 0x00, 0x00, 0x00, 0x00, 0x00, 0x00, 
0x00, 0x00, 0x00, 0x00, 0x00, 0x00, 0x02, 0x44, 0x1B, 0x07, 0x1B, 0x07, 0x03, 0xE8, 0x03, 0xE8, 
0x03, 0xE8, 0x03, 0xE8, 0x1B, 0x07, 0x12, 0xA6, 0x02, 0x44, 0x02, 0x44, 0x02, 0x44, 0x31, 0xC7, 
0x31, 0xC7, 0x31, 0xC7, 0x31, 0xC7, 0x31, 0xC7, 0x31, 0xC7, 0x31, 0xC7, 0x21, 0x45, 0x21, 0x45, 
0x21, 0x45, 0x21, 0x45, 0x31, 0xC7, 0x31, 0xC7, 0x21, 0x45, 0x00, 0x00, 0x00, 0x00, 0x00, 0x00, 
0x00, 0x00, 0x00, 0x00, 0x00, 0x00, 0x02, 0x44, 0x1B, 0x07, 0x03, 0xE8, 0x03, 0xE8, 0x03, 0xE8, 
0x03, 0xE8, 0x1B, 0x07, 0x1B, 0x07, 0x12, 0xA6, 0x02, 0x44, 0x02, 0x44, 0x02, 0x44, 0x31, 0xC7, 
0x31, 0xC7, 0x31, 0xC7, 0x31, 0xC7, 0x31, 0xC7, 0x31, 0xC7, 0x31, 0xC7, 0x21, 0x45, 0x31, 0xC7, 
0x31, 0xC7, 0x31, 0xC7, 0x31, 0xC7, 0x31, 0xC7, 0x21, 0x45, 0x6A, 0x65, 0x00, 0x00, 0x00, 0x00, 
0x00, 0x00, 0x00, 0x00, 0x02, 0x44, 0x03, 0xE8, 0x03, 0xE8, 0x03, 0xE8, 0x03, 0xE8, 0x03, 0xE8, 
0x03, 0xE8, 0x1B, 0x07, 0x12, 0xA6, 0x12, 0xA6, 0x02, 0x44, 0x02, 0x44, 0x31, 0xC7, 0x31, 0xC7, 
0x31, 0xC7, 0x31, 0xC7, 0x31, 0xC7, 0x31, 0xC7, 0x31, 0xC7, 0x31, 0xC7, 0x21, 0x45, 0x31, 0xC7, 
0x31, 0xC7, 0x31, 0xC7, 0x31, 0xC7, 0x31, 0xC7, 0x21, 0x45, 0x6A, 0x65, 0x6A, 0x65, 0x00, 0x00, 
0x00, 0x00, 0x00, 0x00, 0x02, 0x44, 0x03, 0xE8, 0x03, 0xE8, 0x15, 0x8D, 0x03, 0xE8, 0x03, 0xE8, 
0x1B, 0x07, 0x12, 0xA6, 0x12, 0xA6, 0x12, 0xA6, 0x02, 0x44, 0x02, 0x44, 0x31, 0xC7, 0x31, 0xC7, 
0x31, 0xC7, 0x31, 0xC7, 0x31, 0xC7, 0x31, 0xC7, 0x31, 0xC7, 0x31, 0xC7, 0x21, 0x45, 0x31, 0xC7, 
0x31, 0xC7, 0x31, 0xC7, 0x31, 0xC7, 0x31, 0xC7, 0x21, 0x45, 0x6A, 0x65, 0x6A, 0x65, 0x00, 0x00, 
0x00, 0x00, 0x00, 0x00, 0x02, 0x44, 0x03, 0xE8, 0x15, 0x8D, 0x15, 0x8D, 0x03, 0xE8, 0x03, 0xE8, 
0x1B, 0x07, 0x12, 0xA6, 0x12, 0xA6, 0x12, 0xA6, 0x02, 0x44, 0x31, 0xC7, 0x31, 0xC7, 0x31, 0xC7, 
0x31, 0xC7, 0x31, 0xC7, 0x31, 0xC7, 0x31, 0xC7, 0x31, 0xC7, 0x31, 0xC7, 0x21, 0x45, 0x31, 0xC7, 
0x31, 0xC7, 0x07, 0xE0, 0x00, 0x1F, 0x31, 0xC7, 0x31, 0xC7, 0x8B, 0x69, 0x8B, 0x69, 0x00, 0x00, 
0x00, 0x00, 0x00, 0x00, 0x02, 0x44, 0x15, 0x8D, 0x15, 0x8D, 0x15, 0x8D, 0x03, 0xE8, 0x1B, 0x07, 
0x1B, 0x07, 0x12, 0xA6, 0x12, 0xA6, 0x12, 0xA6, 0x02, 0x44, 0x31, 0xC7, 0x42, 0x49, 0x42, 0x49, 
0x42, 0x49, 0x31, 0xC7, 0x31, 0xC7, 0x31, 0xC7, 0x31, 0xC7, 0x31, 0xC7, 0x21, 0x45, 0x31, 0xC7, 
0x31, 0xC7, 0x00, 0x1F, 0x00, 0x1F, 0x31, 0xC7, 0x31, 0xC7, 0x21, 0x45, 0x00, 0x00, 0x00, 0x00, 
0x00, 0x00, 0x00, 0x00, 0x02, 0x44, 0x15, 0x8D, 0x15, 0x8D, 0x15, 0x8D, 0x03, 0xE8, 0x1B, 0x07, 
0x1B, 0x07, 0x1B, 0x07, 0x12, 0xA6, 0x12, 0xA6, 0x02, 0x44, 0x42, 0x49, 0x42, 0x49, 0x42, 0x49, 
0x42, 0x49, 0x42, 0x49, 0x42, 0x49, 0x42, 0x49, 0x31, 0xC7, 0x31, 0xC7, 0x31, 0xC7, 0x21, 0x45, 
0x31, 0xC7, 0x31, 0xC7, 0x31, 0xC7, 0x31, 0xC7, 0x31, 0xC7, 0x21, 0x45, 0x00, 0x00, 0x00, 0x00, 
0x00, 0x00, 0x00, 0x00, 0x02, 0x44, 0x15, 0x8D, 0x15, 0x8D, 0x03, 0xE8, 0x1B, 0x07, 0x03, 0xE8, 
0x1B, 0x07, 0x1B, 0x07, 0x1B, 0x07, 0x1B, 0x07, 0x02, 0x44, 0x42, 0x49, 0x42, 0x49, 0x42, 0x49, 
0x42, 0x49, 0x42, 0x49, 0x42, 0x49, 0x42, 0x49, 0x42, 0x49, 0x31, 0xC7, 0x31, 0xC7, 0x21, 0x45, 
0x31, 0xC7, 0x31, 0xC7, 0x31, 0xC7, 0x31, 0xC7, 0x31, 0xC7, 0x21, 0x45, 0x00, 0x00, 0x00, 0x00, 
0x00, 0x00, 0x00, 0x00, 0x02, 0x44, 0x03, 0xE8, 0x03, 0xE8, 0x1B, 0x07, 0x1B, 0x07, 0x03, 0xE8, 
0x03, 0xE8, 0x03, 0xE8, 0x1B, 0x07, 0x1B, 0x07, 0x02, 0x44, 0x42, 0x49, 0x42, 0x49, 0x42, 0x49, 
0x42, 0x49, 0x42, 0x49, 0x42, 0x49, 0x07, 0xE0, 0x00, 0x1F, 0x42, 0x49, 0x42, 0x49, 0x21, 0x45, 
0x31, 0xC7, 0x31, 0xC7, 0x31, 0xC7, 0xE2, 0x21, 0xE2, 0x21, 0x6A, 0x65, 0x6A, 0x65, 0x00, 0x00, 
0x00, 0x00, 0x00, 0x00, 0x02, 0x44, 0x1B, 0x07, 0x1B, 0x07, 0x1B, 0x07, 0x03, 0xE8, 0x03, 0xE8, 
0x03, 0xE8, 0x03, 0xE8, 0x03, 0xE8, 0x1B, 0x07, 0x02, 0x44, 0x42, 0x49, 0x52, 0xCB, 0x52, 0xCB, 
0x52, 0xCB, 0x52, 0xCB, 0x52, 0xCB, 0x00, 0x1F, 0x00, 0x1F, 0x42, 0x49, 0x42, 0x49, 0x21, 0x45, 
0x31, 0xC7, 0x31, 0xC7, 0x31, 0xC7, 0xF2, 0xA3, 0xF2, 0xA3, 0x6A, 0x65, 0x6A, 0x65, 0x00, 0x00, 
0x00, 0x00, 0x00, 0x00, 0x02, 0x44, 0x1B, 0x07, 0x1B, 0x07, 0x03, 0xE8, 0x03, 0xE8, 0x03, 0xE8, 
0x03, 0xE8, 0x03, 0xE8, 0x03, 0xE8, 0x1B, 0x07, 0x02, 0x44, 0x42, 0x49, 0x52, 0xCB, 0x52, 0xCB, 
0x52, 0xCB, 0x52, 0xCB, 0x52, 0xCB, 0x52, 0xCB, 0x42, 0x49, 0x42, 0x49, 0x42, 0x49, 0x21, 0x45, 
0x31, 0xC7, 0x31, 0xC7, 0x31, 0xC7, 0xF2, 0xA3, 0xF2, 0xA3, 0x6A, 0x65, 0x6A, 0x65, 0x00, 0x00, 
0x00, 0x00, 0x00, 0x00, 0x02, 0x44, 0x1B, 0x07, 0x1B, 0x07, 0x15, 0x8D, 0x15, 0x8D, 0x03, 0xE8, 
0x03, 0xE8, 0x03, 0xE8, 0x03, 0xE8, 0x1B, 0x07, 0x02, 0x44, 0x52, 0xCB, 0x52, 0xCB, 0x1C, 0x7E, 
0x1C, 0x7E, 0x1C, 0x7E, 0x1C, 0x7E, 0x52, 0xCB, 0x42, 0x49, 0x42, 0x49, 0x42, 0x49, 0x21, 0x45, 
0x31, 0xC7, 0xF2, 0xA3, 0xF2, 0xA3, 0xF2, 0xA3, 0xF2, 0xA3, 0x8B, 0x69, 0x8B, 0x69, 0x00, 0x00, 
0x00, 0x00, 0x00, 0x00, 0x00, 0x00, 0x02, 0x44, 0x1B, 0x07, 0x15, 0x8D, 0x15, 0x8D, 0x15, 0x8D, 
0x03, 0xE8, 0x03, 0xE8, 0x03, 0xE8, 0x1B, 0x07, 0x02, 0x44, 0x52, 0xCB, 0x52, 0xCB, 0x1C, 0x7E, 
0x5E, 0x7E, 0x5E, 0x7E, 0x1C, 0x7E, 0x52, 0xCB, 0x52, 0xCB, 0x42, 0x49, 0x42, 0x49, 0x21, 0x45, 
0x31, 0xC7, 0xF2, 0xA3, 0xF2, 0xA3, 0xF8, 0x00, 0xF8, 0x00, 0x8B, 0x69, 0x8B, 0x69, 0x00, 0x00, 
0x00, 0x00, 0x00, 0x00, 0x00, 0x00, 0x00, 0x00, 0x02, 0x44, 0x15, 0x8D, 0x15, 0x8D, 0x15, 0x8D, 
0x15, 0x8D, 0x03, 0xE8, 0x03, 0xE8, 0x1B, 0x07, 0x02, 0x44, 0x52, 0xCB, 0x52, 0xCB, 0x52, 0xCB, 
0x52, 0xCB, 0x52, 0xCB, 0x52, 0xCB, 0x52, 0xCB, 0x52, 0xCB, 0x52, 0xCB, 0x42, 0x49, 0x21, 0x45, 
0x31, 0xC7, 0xF8, 0x00, 0xF8, 0x00, 0xF8, 0x00, 0xF8, 0x00, 0x8B, 0x69, 0x8B, 0x69, 0x00, 0x00, 
0x00, 0x00, 0x00, 0x00, 0x00, 0x00, 0x00, 0x00, 0x02, 0x44, 0x03, 0xE8, 0x15, 0x8D, 0x15, 0x8D, 
0x15, 0x8D, 0x03, 0xE8, 0x03, 0xE8, 0x1B, 0x07, 0x02, 0x44, 0x5B, 0x0C, 0x5B, 0x0C, 0x5B, 0x0C, 
0x5B, 0x0C, 0x5B, 0x0C, 0x5B, 0x0C, 0x5B, 0x0C, 0x00, 0x1F, 0x52, 0xCB, 0x42, 0x49, 0x21, 0x45, 
0x42, 0x49, 0xFC, 0x29, 0xFC, 0x29, 0xFC, 0x29, 0x00, 0x00, 0x8B, 0x69, 0x8B, 0x69, 0x00, 0x00, 
0x00, 0x00, 0x00, 0x00, 0x00, 0x00, 0x00, 0x00, 0x02, 0x44, 0x03, 0xE8, 0x15, 0x8D, 0x15, 0x8D, 
0x15, 0x8D, 0x03, 0xE8, 0x03, 0xE8, 0x1B, 0x07, 0x02, 0x44, 0x5B, 0x0C, 0x5B, 0x0C, 0x5B, 0x0C, 
0x5B, 0x0C, 0x5B, 0x0C, 0x5B, 0x0C, 0x5B, 0x0C, 0x00, 0x1F, 0x52, 0xCB, 0x42, 0x49, 0x21, 0x45, 
0x00, 0x00, 0x00, 0x00, 0x00, 0x00, 0x00, 0x00, 0x00, 0x00, 0x00, 0x00, 0x00, 0x00, 0x00, 0x00, 
0x00, 0x00, 0x00, 0x00, 0x00, 0x00, 0x00, 0x00, 0x00, 0x00, 0x02, 0x44, 0x03, 0xE8, 0x15, 0x8D, 
0x15, 0x8D, 0x03, 0xE8, 0x03, 0xE8, 0x1B, 0x07, 0x02, 0x44, 0x63, 0x4D, 0x63, 0x4D, 0x63, 0x4D, 
0x63, 0x4D, 0x63, 0x4D, 0x63, 0x4D, 0x63, 0x4D, 0x00, 0x1F, 0x52, 0xCB, 0x42, 0x49, 0x00, 0x00, 
0x00, 0x00, 0x00, 0x00, 0x00, 0x00, 0x00, 0x00, 0x00, 0x00, 0x00, 0x00, 0x00, 0x00, 0x00, 0x00, 
0x00, 0x00, 0x00, 0x00, 0x00, 0x00, 0x00, 0x00, 0x00, 0x00, 0x00, 0x00, 0x02, 0x44, 0x02, 0x44, 
0x03, 0xE8, 0x03, 0xE8, 0x03, 0xE8, 0x1B, 0x07, 0x02, 0x44, 0x63, 0x4D, 0x63, 0x4D, 0x63, 0x4D, 
0x63, 0x4D, 0x63, 0x4D, 0x63, 0x4D, 0x63, 0x4D, 0x00, 0x1F, 0x63, 0x4D, 0x00, 0x00, 0x00, 0x00, 
0x00, 0x00, 0x00, 0x00, 0x00, 0x00, 0x00, 0x00, 0x00, 0x00, 0x00, 0x00, 0x00, 0x00, 0x00, 0x00, 
0x00, 0x00, 0x00, 0x00, 0x00, 0x00, 0x00, 0x00, 0x00, 0x00, 0x00, 0x00, 0x00, 0x00, 0x00, 0x00, 
0x02, 0x44, 0x02, 0x44, 0x03, 0xE8, 0x1B, 0x07, 0x02, 0x44, 0x52, 0xCB, 0x52, 0xCB, 0x52, 0xCB, 
0x52, 0xCB, 0x52, 0xCB, 0x52, 0xCB, 0x52, 0xCB, 0x00, 0x1F, 0x00, 0x00, 0x00, 0x00, 0x00, 0x00, 
0x00, 0x00, 0x00, 0x00, 0x00, 0x00, 0x00, 0x00, 0x00, 0x00, 0x00, 0x00, 0x00, 0x00, 0x00, 0x00, 
0x00, 0x00, 0x00, 0x00, 0x00, 0x00, 0x00, 0x00, 0x00, 0x00, 0x00, 0x00, 0x00, 0x00, 0x00, 0x00, 
0x00, 0x00, 0x00, 0x00, 0x02, 0x44, 0x02, 0x44, 0x02, 0x44, 0x00, 0x00, 0x00, 0x00, 0x00, 0x00, 
0x00, 0x00, 0x00, 0x00, 0x00, 0x00, 0x00, 0x00, 0x00, 0x00, 0x00, 0x00, 0x00, 0x00, 0x00, 0x00, 
0x00, 0x00, 0x00, 0x00, 0x00, 0x00, 0x00, 0x00, 0x00, 0x00, 0x00, 0x00, 0x00, 0x00, 0x00, 0x00, 
0x00, 0x00, 0x00, 0x00, 0x00, 0x00, 0x00, 0x00, 0x00, 0x00, 0x00, 0x00, 0x00, 0x00, 0x00, 0x00, 
0x00, 0x00, 0x00, 0x00, 0x00, 0x00, 0x00, 0x00, 0x00, 0x00, 0x00, 0x00, 0x00, 0x00, 0x00, 0x00, 
0x00, 0x00, 0x00, 0x00, 0x00, 0x00, 0x00, 0x00, 0x00, 0x00, 0x00, 0x00, 0x00, 0x00, 0x00, 0x00, 
0x00, 0x00, 0x00, 0x00, 0x00, 0x00, 0x00, 0x00, 0x00, 0x00, 0x00, 0x00, 0x00, 0x00, 0x00, 0x00, 
0x00, 0x00, 0x00, 0x00, 0x00, 0x00, 0x00, 0x00, 0x00, 0x00, 0x00, 0x00, 0x00, 0x00, 0x00, 0x00, 
0x00, 0x00, 0x00, 0x00, 0x00, 0x00, 0x00, 0x00, 0x00, 0x00, 0x00, 0x00, 0x00, 0x00, 0x00, 0x00, 
0x00, 0x00, 0x00, 0x00, 0x00, 0x00, 0x00, 0x00, 0x00, 0x00, 0x00, 0x00, 0x00, 0x00, 0x00, 0x00, 
0x00, 0x00, 0x00, 0x00, 0x00, 0x00, 0x00, 0x00, 0x00, 0x00, 0x00, 0x00, 0x00, 0x00, 0x00, 0x00, 
0x00, 0x00, 0x00, 0x00, 0x00, 0x00, 0x00, 0x00, 0x00, 0x00, 0x00, 0x00, 0x00, 0x00, 0x00, 0x00, 
0x00, 0x00, 0x00, 0x00, 0x00, 0x00, 0x00, 0x00, 0x00, 0x00, 0x00, 0x00, 0x00, 0x00, 0x00, 0x00, 
0x00, 0x00, 0x00, 0x00, 0x00, 0x00, 0x00, 0x00, 0x00, 0x00, 0x00, 0x00, 0x00, 0x00, 0x00, 0x00, 
0x00, 0x00, 0x00, 0x00, 0x00, 0x00, 0x00, 0x00, 0x00, 0x00, 0x00, 0x00, 0x00, 0x00, 0x00, 0x00, 
0x00, 0x00, 0x00, 0x00, 0x00, 0x00, 0x00, 0x00, 0x00, 0x00, 0x00, 0x00, 0x00, 0x00, 0x00, 0x00, 
0x00, 0x00, 0x00, 0x00, 0x00, 0x00, 0x00, 0x00, 0x00, 0x00, 0x00, 0x00, 0x00, 0x00, 0x00, 0x00, 
0x00, 0x00, 0x00, 0x00, 0x00, 0x00, 0x00, 0x00, 0x00, 0x00, 0x00, 0x00, 0x00, 0x00, 0x00, 0x00, 
0x00, 0x00, 0x00, 0x00, 0x00, 0x00, 0x00, 0x00, 0x00, 0x00, 0x00, 0x00, 0x00, 0x00, 0x00, 0x00
}
},
{
{
0x00, 0x00, 0x00, 0x00, 0x00, 0x00, 0x00, 0x00, 0x00, 0x00, 0x00, 0x00, 0x00, 0x00, 0x00, 0x00, 
0x00, 0x00, 0x00, 0x00, 0x00, 0x00, 0x00, 0x00, 0x00, 0x00, 0x00, 0x00, 0x00, 0x00, 0x00, 0x00, 
0x00, 0x00, 0x00, 0x00, 0x00, 0x00, 0x00, 0x00, 0x00, 0x00, 0x00, 0x00, 0x00, 0x00, 0x00, 0x00, 
0x00, 0x00, 0x00, 0x00, 0x00, 0x00, 0x00, 0x00, 0x00, 0x00, 0x00, 0x00, 0x00, 0x00, 0x00, 0x00, 
0x00, 0x00, 0x00, 0x00, 0x00, 0x00, 0x00, 0x00, 0x00, 0x00, 0x00, 0x00, 0x00, 0x00, 0x00, 0x00, 
0x00, 0x00, 0x00, 0x00, 0x00, 0x00, 0x00, 0x00, 0x00, 0x00, 0x00, 0x00, 0x00, 0x00, 0x00, 0x00, 
0x00, 0x00, 0x00, 0x00, 0x00, 0x00, 0x00, 0x00, 0x00, 0x00, 0x00, 0x00, 0x00, 0x00, 0x00, 0x00, 
0x00, 0x00, 0x00, 0x00, 0x00, 0x00, 0x00, 0x00, 0x21, 0x45, 0x00, 0x00, 0x00, 0x00, 0x00, 0x00, 
0x00, 0x00, 0x00, 0x00, 0x00, 0x00, 0x00, 0x00, 0x00, 0x00, 0x00, 0x00, 0x00, 0x00, 0x00, 0x00, 
0x00, 0x00, 0x02, 0x44, 0x02, 0x44, 0x02, 0x44, 0x02, 0x44, 0x00, 0x00, 0x00, 0x00, 0x00, 0x00, 
0x00, 0x00, 0x00, 0x00, 0x00, 0x00, 0x00, 0x00, 0x00, 0x00, 0x00, 0x00, 0x00, 0x00, 0x00, 0x00, 
0x00, 0x00, 0x00, 0x00, 0x00, 0x00, 0x21, 0x45, 0x31, 0xC7, 0x21, 0x45, 0x00, 0x00, 0x00, 0x00, 
0x00, 0x00, 0x00, 0x00, 0x00, 0x00, 0x00, 0x00, 0x00, 0x00, 0x00, 0x00, 0x00, 0x00, 0x00, 0x00, 
0x02, 0x44, 0x12, 0xA6, 0x03, 0xE8, 0x1B, 0x07, 0x12, 0xA6, 0x02, 0x44, 0x00, 0x00, 0x00, 0x00, 
0x00, 0x00, 0x00, 0x00, 0x00, 0x00, 0x00, 0x00, 0x00, 0x00, 0x00, 0x00, 0x00, 0x00, 0x00, 0x00, 
0x00, 0x00, 0x00, 0x00, 0x21, 0x45, 0x42, 0x49, 0x31, 0xC7, 0x21, 0x45, 0x00, 0x00, 0x00, 0x00, 
0x00, 0x00, 0x00, 0x00, 0x02, 0x44, 0x02, 0x44, 0x02, 0x44, 0x02, 0x44, 0x02, 0x44, 0x02, 0x44, 
0x12, 0xA6, 0x15, 0x8D, 0x03, 0xE8, 0x1B, 0x07, 0x12, 0xA6, 0x02, 0x44, 0x02, 0x44, 0x21, 0x45, 
0x21, 0x45, 0x21, 0x45, 0x21, 0x45, 0x00, 0x00, 0x00, 0x00, 0x00, 0x00, 0x00, 0x00, 0x21, 0x45, 
0x21, 0x45, 0x00, 0x00, 0x21, 0x45, 0x42, 0x49, 0x42, 0x49, 0x21, 0x45, 0x00, 0x00, 0x00, 0x00, 
0x00, 0x00, 0x02, 0x44, 0x15, 0x8D, 0x15, 0x8D, 0x03, 0xE8, 0x03, 0xE8, 0x1B, 0x07, 0x12, 0xA6, 
0x15, 0x8D, 0x15, 0x8D, 0x03, 0xE8, 0x1B, 0x07, 0x12, 0xA6, 0x03, 0xE8, 0x12, 0xA6, 0x02, 0x44, 
0x42, 0x49, 0x42, 0x49, 0x42, 0x49, 0x21, 0x45, 0x00, 0x00, 0x00, 0x00, 0x21, 0x45, 0x52, 0xCB, 
0x52, 0xCB, 0x21, 0x45, 0x21, 0x45, 0x52, 0xCB, 0x42, 0x49, 0x21, 0x45, 0x00, 0x00, 0x00, 0x00, 
0x02, 0x44, 0x15, 0x8D, 0x15, 0x8D, 0x15, 0x8D, 0x03, 0xE8, 0x03, 0xE8, 0x1B, 0x07, 0x12, 0xA6, 
0x15, 0x8D, 0x15, 0x8D, 0x03, 0xE8, 0x1B, 0x07, 0x12, 0xA6, 0x03, 0xE8, 0x12, 0xA6, 0x12, 0xA6, 
0x02, 0x44, 0x52, 0xCB, 0x52, 0xCB, 0x52, 0xCB, 0x21, 0x45, 0x21, 0x45, 0x52, 0xCB, 0x5B, 0x0C, 
0x63, 0x4D, 0x5B, 0x0C, 0x21, 0x45, 0x52, 0xCB, 0x42, 0x49, 0x21, 0x45, 0x00, 0x00, 0x00, 0x00, 
0x02, 0x44, 0x03, 0xE8, 0x15, 0x8D, 0x15, 0x8D, 0x03, 0xE8, 0x03, 0xE8, 0x12, 0xA6, 0x12, 0xA6, 
0x15, 0x8D, 0x03, 0xE8, 0x03, 0xE8, 0x1B, 0x07, 0x12, 0xA6, 0x03, 0xE8, 0x1B, 0x07, 0x12, 0xA6, 
0x02, 0x44, 0x5B, 0x0C, 0x5B, 0x0C, 0x52, 0xCB, 0x52, 0xCB, 0x21, 0x45, 0x5B, 0x0C, 0x63, 0x4D, 
0x63, 0x4D, 0x5B, 0x0C, 0x21, 0x45, 0x5B, 0x0C, 0x42, 0x49, 0x21, 0x45, 0x00, 0x00, 0x00, 0x00, 
0x00, 0x00, 0x02, 0x44, 0x03, 0xE8, 0x03, 0xE8, 0x03, 0xE8, 0x03, 0xE8, 0x12, 0xA6, 0x15, 0x8D, 
0x15, 0x8D, 0x03, 0xE8, 0x03, 0xE8, 0x12, 0xA6, 0x12, 0xA6, 0x03, 0xE8, 0x1B, 0x07, 0x12, 0xA6, 
0x02, 0x44, 0x63, 0x4D, 0x5B, 0x0C, 0x5B, 0x0C, 0x52, 0xCB, 0x21, 0x45, 0x63, 0x4D, 0x63, 0x4D, 
0x63, 0x4D, 0x5B, 0x0C, 0x21, 0x45, 0x5B, 0x0C, 0x42, 0x49, 0x21, 0x45, 0x00, 0x00, 0x00, 0x00, 
0x00, 0x00, 0x02, 0x44, 0x03, 0xE8, 0x03, 0xE8, 0x03, 0xE8, 0x12, 0xA6, 0x12, 0xA6, 0x15, 0x8D, 
0x15, 0x8D, 0x03, 0xE8, 0x03, 0xE8, 0x12, 0xA6, 0x03, 0xE8, 0x03, 0xE8, 0x1B, 0x07, 0x1B, 0x07, 
0x12, 0xA6, 0x02, 0x44, 0x63, 0x4D, 0x5B, 0x0C, 0x52, 0xCB, 0x21, 0x45, 0x63, 0x4D, 0x63, 0x4D, 
0x63, 0x4D, 0x21, 0x45, 0x63, 0x4D, 0x52, 0xCB, 0x42, 0x49, 0x21, 0x45, 0x00, 0x00, 0x00, 0x00, 
0x00, 0x00, 0x02, 0x44, 0x03, 0xE8, 0x1B, 0x07, 0x1B, 0x07, 0x12, 0xA6, 0x15, 0x8D, 0x15, 0x8D, 
0x03, 0xE8, 0x03, 0xE8, 0x1B, 0x07, 0x12, 0xA6, 0x03, 0xE8, 0x03, 0xE8, 0x1B, 0x07, 0x1B, 0x07, 
0x12, 0xA6, 0x02, 0x44, 0x63, 0x4D, 0x5B, 0x0C, 0x5B, 0x0C, 0x52, 0xCB, 0x21, 0x45, 0x63, 0x4D, 
0x63, 0x4D, 0x21, 0x45, 0x52, 0xCB, 0x52, 0xCB, 0x21, 0x45, 0x6A, 0x65, 0x00, 0x00, 0x00, 0x00, 
0x00, 0x00, 0x02, 0x44, 0x1B, 0x07, 0x1B, 0x07, 0x12, 0xA6, 0x12, 0xA6, 0x15, 0x8D, 0x15, 0x8D, 
0x03, 0xE8, 0x03, 0xE8, 0x1B, 0x07, 0x12, 0xA6, 0x03, 0xE8, 0x03, 0xE8, 0x1B, 0x07, 0x1B, 0x07, 
0x12, 0xA6, 0x02, 0x44, 0x63, 0x4D, 0x5B, 0x0C, 0x5B, 0x0C, 0x52, 0xCB, 0x21, 0x45, 0x63, 0x4D, 
0x63, 0x4D, 0x21, 0x45, 0x52, 0xCB, 0x52, 0xCB, 0x21, 0x45, 0x6A, 0x65, 0x00, 0x00, 0x00, 0x00, 
0x00, 0x00, 0x00, 0x00, 0x02, 0x44, 0x12, 0xA6, 0x12, 0xA6, 0x15, 0x8D, 0x15, 0x8D, 0x03, 0xE8, 
0x03, 0xE8, 0x03, 0xE8, 0x1B, 0x07, 0x12, 0xA6, 0x03, 0xE8, 0x03, 0xE8, 0x1B, 0x07, 0x1B, 0x07, 
0x12, 0xA6, 0x02, 0x44, 0x63, 0x4D, 0x5B, 0x0C, 0x5B, 0x0C, 0x52, 0xCB, 0x21, 0x45, 0x63, 0x4D, 
0x52, 0xCB, 0x21, 0x45, 0x52, 0xCB, 0x52, 0xCB, 0x21, 0x45, 0x6A, 0x65, 0x00, 0x00, 0x00, 0x00, 
0x00, 0x00, 0x00, 0x00, 0x02, 0x44, 0x12, 0xA6, 0x15, 0x8D, 0x15, 0x8D, 0x03, 0xE8, 0x03, 0xE8, 
0x03, 0xE8, 0x1B, 0x07, 0x12, 0xA6, 0x12, 0xA6, 0x03, 0xE8, 0x03, 0xE8, 0x1B, 0x07, 0x1B, 0x07, 
0x12, 0xA6, 0x02, 0x44, 0x63, 0x4D, 0x5B, 0x0C, 0x5B, 0x0C, 0x52, 0xCB, 0x21, 0x45, 0x52, 0xCB, 
0x52, 0xCB, 0x21, 0x45, 0x52, 0xCB, 0x52, 0xCB, 0x21, 0x45, 0x8B, 0x69, 0x00, 0x00, 0x00, 0x00, 
0x00, 0x00, 0x00, 0x00, 0x02, 0x44, 0x15, 0x8D, 0x15, 0x8D, 0x03, 0xE8, 0x03, 0xE8, 0x03, 0xE8, 
0x1B, 0x07, 0x1B, 0x07, 0x12, 0xA6, 0x1B, 0x07, 0x03, 0xE8, 0x03, 0xE8, 0x1B, 0x07, 0x12, 0xA6, 
0x12, 0xA6, 0x02, 0x44, 0x5B, 0x0C, 0x5B, 0x0C, 0x5B, 0x0C, 0x52, 0xCB, 0x42, 0x49, 0x52, 0xCB, 
0x21, 0x45, 0x52, 0xCB, 0x52, 0xCB, 0x52, 0xCB, 0x21, 0x45, 0x6A, 0x65, 0x00, 0x00, 0x00, 0x00, 
0x00, 0x00, 0x00, 0x00, 0x02, 0x44, 0x15, 0x8D, 0x15, 0x8D, 0x03, 0xE8, 0x03, 0xE8, 0x03, 0xE8, 
0x1B, 0x07, 0x1B, 0x07, 0x12, 0xA6, 0x03, 0xE8, 0x03, 0xE8, 0x1B, 0x07, 0x1B, 0x07, 0x12, 0xA6, 
0x12, 0xA6, 0x02, 0x44, 0x5B, 0x0C, 0x5B, 0x0C, 0x5B, 0x0C, 0x52, 0xCB, 0x42, 0x49, 0x52, 0xCB, 
0x21, 0x45, 0x52, 0xCB, 0x52, 0xCB, 0x52, 0xCB, 0x21, 0x45, 0x00, 0x00, 0x00, 0x00, 0x00, 0x00, 
0x00, 0x00, 0x00, 0x00, 0x02, 0x44, 0x03, 0xE8, 0x03, 0xE8, 0x03, 0xE8, 0x03, 0xE8, 0x03, 0xE8, 
0x1B, 0x07, 0x1B, 0x07, 0x12, 0xA6, 0x03, 0xE8, 0x03, 0xE8, 0x1B, 0x07, 0x1B, 0x07, 0x12, 0xA6, 
0x12, 0xA6, 0x02, 0x44, 0x5B, 0x0C, 0x5B, 0x0C, 0x5B, 0x0C, 0x52, 0xCB, 0x42, 0x49, 0x52, 0xCB, 
0x52, 0xCB, 0x52, 0xCB, 0x52, 0xCB, 0x52, 0xCB, 0x21, 0x45, 0x00, 0x00, 0x00, 0x00, 0x00, 0x00, 
0x00, 0x00, 0x00, 0x00, 0x02, 0x44, 0x03, 0xE8, 0x03, 0xE8, 0x03, 0xE8, 0x1B, 0x07, 0x1B, 0x07, 
0x1B, 0x07, 0x1B, 0x07, 0x12, 0xA6, 0x03, 0xE8, 0x03, 0xE8, 0x1B, 0x07, 0x1B, 0x07, 0x12, 0xA6, 
0x12, 0xA6, 0x02, 0x44, 0x5B, 0x0C, 0x5B, 0x0C, 0x5B, 0x0C, 0x42, 0x49, 0x42, 0x49, 0x52, 0xCB, 
0x52, 0xCB, 0x52, 0xCB, 0x52, 0xCB, 0x52, 0xCB, 0x21, 0x45, 0x6A, 0x65, 0x00, 0x00, 0x00, 0x00, 
0x00, 0x00, 0x00, 0x00, 0x02, 0x44, 0x03, 0xE8, 0x03, 0xE8, 0x03, 0xE8, 0x1B, 0x07, 0x1B, 0x07, 
0x1B, 0x07, 0x12, 0xA6, 0x15, 0x8D, 0x03, 0xE8, 0x03, 0xE8, 0x1B, 0x07, 0x12, 0xA6, 0x12, 0xA6, 
0x12, 0xA6, 0x02, 0x44, 0x5B, 0x0C, 0x5B, 0x0C, 0x52, 0xCB, 0x42, 0x49, 0x42, 0x49, 0x52, 0xCB, 
0x52, 0xCB, 0x52, 0xCB, 0x52, 0xCB, 0x52, 0xCB, 0x21, 0x45, 0x6A, 0x65, 0x00, 0x00, 0x00, 0x00, 
0x00, 0x00, 0x00, 0x00, 0x02, 0x44, 0x1B, 0x07, 0x03, 0xE8, 0x1B, 0x07, 0x1B, 0x07, 0x1B, 0x07, 
0x12, 0xA6, 0x12, 0xA6, 0x15, 0x8D, 0x1B, 0x07, 0x1B, 0x07, 0x1B, 0x07, 0x12, 0xA6, 0x12, 0xA6, 
0x12, 0xA6, 0x02, 0x44, 0x52, 0xCB, 0x52, 0xCB, 0x52, 0xCB, 0x42, 0x49, 0x21, 0x45, 0x42, 0x49, 
0x52, 0xCB, 0x52, 0xCB, 0x52, 0xCB, 0x52, 0xCB, 0x21, 0x45, 0x6A, 0x65, 0x00, 0x00, 0x00, 0x00, 
0x00, 0x00, 0x00, 0x00, 0x02, 0x44, 0x1B, 0x07, 0x03, 0xE8, 0x1B, 0x07, 0x1B, 0x07, 0x12, 0xA6, 
0x12, 0xA6, 0x15, 0x8D, 0x03, 0xE8, 0x1B, 0x07, 0x1B, 0x07, 0x1B, 0x07, 0x12, 0xA6, 0x12, 0xA6, 
0x12, 0xA6, 0x02, 0x44, 0x52, 0xCB, 0x52, 0xCB, 0x52, 0xCB, 0x42, 0x49, 0x21, 0x45, 0x42, 0x49, 
0x52, 0xCB, 0x52, 0xCB, 0x52, 0xCB, 0x52, 0xCB, 0x21, 0x45, 0x6A, 0x65, 0x00, 0x00, 0x00, 0x00, 
0x00, 0x00, 0x00, 0x00, 0x02, 0x44, 0x1B, 0x07, 0x1B, 0x07, 0x1B, 0x07, 0x12, 0xA6, 0x12, 0xA6, 
0x03, 0xE8, 0x03, 0xE8, 0x03, 0xE8, 0x1B, 0x07, 0x1B, 0x07, 0x12, 0xA6, 0x12, 0xA6, 0x12, 0xA6, 
0x02, 0x44, 0x52, 0xCB, 0x52, 0xCB, 0x52, 0xCB, 0x52, 0xCB, 0x42, 0x49, 0x21, 0x45, 0x42, 0x49, 
0x42, 0x49, 0x52, 0xCB, 0x52, 0xCB, 0x52, 0xCB, 0x21, 0x45, 0x8B, 0x69, 0x00, 0x00, 0x00, 0x00, 
0x00, 0x00, 0x00, 0x00, 0x00, 0x00, 0x02, 0x44, 0x1B, 0x07, 0x12, 0xA6, 0x12, 0xA6, 0x03, 0xE8, 
0x03, 0xE8, 0x03, 0xE8, 0x1B, 0x07, 0x1B, 0x07, 0x12, 0xA6, 0x12, 0xA6, 0x12, 0xA6, 0x12, 0xA6, 
0x02, 0x44, 0x52, 0xCB, 0x52, 0xCB, 0x52, 0xCB, 0x42, 0x49, 0x21, 0x45, 0x42, 0x49, 0x42, 0x49, 
0x42, 0x49, 0x42, 0x49, 0x21, 0x45, 0x5B, 0x0C, 0x21, 0x45, 0x6A, 0x65, 0x00, 0x00, 0x00, 0x00, 
0x00, 0x00, 0x00, 0x00, 0x00, 0x00, 0x00, 0x00, 0x02, 0x44, 0x12, 0xA6, 0x03, 0xE8, 0x03, 0xE8, 
0x03, 0xE8, 0x03, 0xE8, 0x1B, 0x07, 0x1B, 0x07, 0x12, 0xA6, 0x12, 0xA6, 0x12, 0xA6, 0x02, 0x44, 
0x42, 0x49, 0x42, 0x49, 0x42, 0x49, 0x42, 0x49, 0x42, 0x49, 0x21, 0x45, 0x31, 0xC7, 0x42, 0x49, 
0x42, 0x49, 0x52, 0xCB, 0x21, 0x45, 0x52, 0xCB, 0x21, 0x45, 0x00, 0x00, 0x00, 0x00, 0x00, 0x00, 
0x00, 0x00, 0x00, 0x00, 0x00, 0x00, 0x00, 0x00, 0x00, 0x00, 0x02, 0x44, 0x03, 0xE8, 0x03, 0xE8, 
0x1B, 0x07, 0x1B, 0x07, 0x1B, 0x07, 0x12, 0xA6, 0x12, 0xA6, 0x12, 0xA6, 0x12, 0xA6, 0x02, 0x44, 
0x42, 0x49, 0x42, 0x49, 0x42, 0x49, 0x42, 0x49, 0x31, 0xC7, 0x21, 0x45, 0x31, 0xC7, 0x31, 0xC7, 
0x52, 0xCB, 0x52, 0xCB, 0x21, 0x45, 0x21, 0x45, 0x00, 0x00, 0x00, 0x00, 0x00, 0x00, 0x00, 0x00, 
0x00, 0x00, 0x00, 0x00, 0x00, 0x00, 0x00, 0x00, 0x00, 0x00, 0x00, 0x00, 0x02, 0x44, 0x1B, 0x07, 
0x1B, 0x07, 0x1B, 0x07, 0x12, 0xA6, 0x12, 0xA6, 0x12, 0xA6, 0x12, 0xA6, 0x02, 0x44, 0x31, 0xC7, 
0x31, 0xC7, 0x31, 0xC7, 0x31, 0xC7, 0x31, 0xC7, 0x21, 0x45, 0x21, 0x45, 0x31, 0xC7, 0x31, 0xC7, 
0x52, 0xCB, 0x52, 0xCB, 0x21, 0x45, 0x00, 0x00, 0x00, 0x00, 0x00, 0x00, 0x00, 0x00, 0x00, 0x00, 
0x00, 0x00, 0x00, 0x00, 0x00, 0x00, 0x00, 0x00, 0x00, 0x00, 0x00, 0x00, 0x00, 0x00, 0x02, 0x44, 
0x02, 0x44, 0x02, 0x44, 0x02, 0x44, 0x02, 0x44, 0x02, 0x44, 0x02, 0x44, 0x31, 0xC7, 0x31, 0xC7, 
0x31, 0xC7, 0x31, 0xC7, 0x31, 0xC7, 0x21, 0x45, 0x00, 0x00, 0x00, 0x00, 0x21, 0x45, 0x31, 0xC7, 
0x31, 0xC7, 0x21, 0x45, 0x00, 0x00, 0x00, 0x00, 0x00, 0x00, 0x00, 0x00, 0x00, 0x00, 0x00, 0x00, 
0x00, 0x00, 0x00, 0x00, 0x00, 0x00, 0x00, 0x00, 0x00, 0x00, 0x00, 0x00, 0x00, 0x00, 0x00, 0x00, 
0x00, 0x00, 0x00, 0x00, 0x00, 0x00, 0x00, 0x00, 0x00, 0x00, 0x21, 0x45, 0x21, 0x45, 0x21, 0x45, 
0x21, 0x45, 0x21, 0x45, 0x21, 0x45, 0x00, 0x00, 0x00, 0x00, 0x00, 0x00, 0x00, 0x00, 0x21, 0x45, 
0x21, 0x45, 0x00, 0x00, 0x00, 0x00, 0x00, 0x00, 0x00, 0x00, 0x00, 0x00, 0x00, 0x00, 0x00, 0x00, 
0x00, 0x00, 0x00, 0x00, 0x00, 0x00, 0x00, 0x00, 0x00, 0x00, 0x00, 0x00, 0x00, 0x00, 0x00, 0x00, 
0x00, 0x00, 0x00, 0x00, 0x00, 0x00, 0x00, 0x00, 0x00, 0x00, 0x00, 0x00, 0x00, 0x00, 0x00, 0x00, 
0x00, 0x00, 0x00, 0x00, 0x00, 0x00, 0x00, 0x00, 0x00, 0x00, 0x00, 0x00, 0x00, 0x00, 0x00, 0x00, 
0x00, 0x00, 0x00, 0x00, 0x00, 0x00, 0x00, 0x00, 0x00, 0x00, 0x00, 0x00, 0x00, 0x00, 0x00, 0x00, 
0x00, 0x00, 0x00, 0x00, 0x00, 0x00, 0x00, 0x00, 0x00, 0x00, 0x00, 0x00, 0x00, 0x00, 0x00, 0x00, 
0x00, 0x00, 0x00, 0x00, 0x00, 0x00, 0x00, 0x00, 0x00, 0x00, 0x00, 0x00, 0x00, 0x00, 0x00, 0x00, 
0x00, 0x00, 0x00, 0x00, 0x00, 0x00, 0x00, 0x00, 0x00, 0x00, 0x00, 0x00, 0x00, 0x00, 0x00, 0x00, 
0x00, 0x00, 0x00, 0x00, 0x00, 0x00, 0x00, 0x00, 0x00, 0x00, 0x00, 0x00, 0x00, 0x00, 0x00, 0x00, 
0x00, 0x00, 0x00, 0x00, 0x00, 0x00, 0x00, 0x00, 0x00, 0x00, 0x00, 0x00, 0x00, 0x00, 0x00, 0x00, 
0x00, 0x00, 0x00, 0x00, 0x00, 0x00, 0x00, 0x00, 0x00, 0x00, 0x00, 0x00, 0x00, 0x00, 0x00, 0x00, 
0x00, 0x00, 0x00, 0x00, 0x00, 0x00, 0x00, 0x00, 0x00, 0x00, 0x00, 0x00, 0x00, 0x00, 0x00, 0x00, 
0x00, 0x00, 0x00, 0x00, 0x00, 0x00, 0x00, 0x00, 0x00, 0x00, 0x00, 0x00, 0x00, 0x00, 0x00, 0x00, 
0x00, 0x00, 0x00, 0x00, 0x00, 0x00, 0x00, 0x00, 0x00, 0x00, 0x00, 0x00, 0x00, 0x00, 0x00, 0x00, 
0x00, 0x00, 0x00, 0x00, 0x00, 0x00, 0x00, 0x00, 0x00, 0x00, 0x00, 0x00, 0x00, 0x00, 0x00, 0x00, 
0x00, 0x00, 0x00, 0x00, 0x00, 0x00, 0x00, 0x00, 0x00, 0x00, 0x00, 0x00, 0x00, 0x00, 0x00, 0x00, 
0x00, 0x00, 0x00, 0x00, 0x00, 0x00, 0x00, 0x00, 0x00, 0x00, 0x00, 0x00, 0x00, 0x00, 0x00, 0x00
}
,
{
0x00, 0x00, 0x00, 0x00, 0x00, 0x00, 0x00, 0x00, 0x00, 0x00, 0x00, 0x00, 0x00, 0x00, 0x00, 0x00, 
0x00, 0x00, 0x00, 0x00, 0x00, 0x00, 0x00, 0x00, 0x00, 0x00, 0x00, 0x00, 0x00, 0x00, 0x00, 0x00, 
0x00, 0x00, 0x00, 0x00, 0x00, 0x00, 0x00, 0x00, 0x00, 0x00, 0x00, 0x00, 0x00, 0x00, 0x00, 0x00, 
0x00, 0x00, 0x00, 0x00, 0x00, 0x00, 0x00, 0x00, 0x00, 0x00, 0x00, 0x00, 0x00, 0x00, 0x00, 0x00, 
0x00, 0x00, 0x00, 0x00, 0x00, 0x00, 0x00, 0x00, 0x00, 0x00, 0x00, 0x00, 0x00, 0x00, 0x00, 0x00, 
0x00, 0x00, 0x00, 0x00, 0x00, 0x00, 0x00, 0x00, 0x00, 0x00, 0x00, 0x00, 0x00, 0x00, 0x00, 0x00, 
0x00, 0x00, 0x00, 0x00, 0x00, 0x00, 0x00, 0x00, 0x00, 0x00, 0x00, 0x00, 0x00, 0x00, 0x00, 0x00, 
0x00, 0x00, 0x00, 0x00, 0x00, 0x00, 0x00, 0x00, 0x00, 0x00, 0x00, 0x00, 0x00, 0x00, 0x00, 0x00, 
0x00, 0x00, 0x00, 0x00, 0x00, 0x00, 0x00, 0x00, 0x00, 0x00, 0x00, 0x00, 0x00, 0x00, 0x00, 0x00, 
0x00, 0x00, 0x00, 0x00, 0x00, 0x00, 0x00, 0x00, 0x00, 0x00, 0x00, 0x00, 0x00, 0x00, 0x00, 0x00, 
0x00, 0x00, 0x00, 0x00, 0x00, 0x00, 0x00, 0x00, 0x00, 0x00, 0x00, 0x00, 0x00, 0x00, 0x00, 0x00, 
0x00, 0x00, 0x00, 0x00, 0x31, 0xC7, 0x31, 0xC7, 0x00, 0x00, 0x00, 0x00, 0x00, 0x00, 0x00, 0x00, 
0x00, 0x00, 0x00, 0x00, 0x00, 0x00, 0x00, 0x00, 0x00, 0x00, 0x00, 0x00, 0x00, 0x00, 0x00, 0x00, 
0x00, 0x00, 0x00, 0x00, 0x02, 0x44, 0x02, 0x44, 0x02, 0x44, 0x02, 0x44, 0x00, 0x00, 0x00, 0x00, 
0x00, 0x00, 0x00, 0x00, 0x00, 0x00, 0x00, 0x00, 0x00, 0x00, 0x00, 0x00, 0x00, 0x00, 0x00, 0x00, 
0x00, 0x00, 0x00, 0x00, 0x31, 0xC7, 0x63, 0x4D, 0x31, 0xC7, 0x00, 0x00, 0x00, 0x00, 0x00, 0x00, 
0x00, 0x00, 0x00, 0x00, 0x00, 0x00, 0x00, 0x00, 0x00, 0x00, 0x00, 0x00, 0x00, 0x00, 0x00, 0x00, 
0x00, 0x00, 0x02, 0x44, 0x12, 0xA6, 0x03, 0xE8, 0x1B, 0x07, 0x12, 0xA6, 0x02, 0x44, 0x00, 0x00, 
0x00, 0x00, 0x00, 0x00, 0x00, 0x00, 0x00, 0x00, 0x00, 0x00, 0x00, 0x00, 0x00, 0x00, 0x00, 0x00, 
0x00, 0x00, 0x00, 0x00, 0x31, 0xC7, 0x63, 0x4D, 0x63, 0x4D, 0x31, 0xC7, 0x00, 0x00, 0x00, 0x00, 
0x00, 0x00, 0x00, 0x00, 0x00, 0x00, 0x02, 0x44, 0x02, 0x44, 0x02, 0x44, 0x02, 0x44, 0x02, 0x44, 
0x02, 0x44, 0x12, 0xA6, 0x15, 0x8D, 0x03, 0xE8, 0x1B, 0x07, 0x12, 0xA6, 0x02, 0x44, 0x02, 0x44, 
0x21, 0x45, 0x21, 0x45, 0x21, 0x45, 0x21, 0x45, 0x00, 0x00, 0x00, 0x00, 0x00, 0x00, 0x00, 0x00, 
0x21, 0x45, 0x21, 0x45, 0x00, 0x00, 0x31, 0xC7, 0x63, 0x4D, 0x42, 0x49, 0x31, 0xC7, 0x00, 0x00, 
0x00, 0x00, 0x00, 0x00, 0x02, 0x44, 0x15, 0x8D, 0x15, 0x8D, 0x03, 0xE8, 0x03, 0xE8, 0x1B, 0x07, 
0x12, 0xA6, 0x15, 0x8D, 0x15, 0x8D, 0x03, 0xE8, 0x1B, 0x07, 0x12, 0xA6, 0x03, 0xE8, 0x12, 0xA6, 
0x02, 0x44, 0x42, 0x49, 0x42, 0x49, 0x42, 0x49, 0x21, 0x45, 0x00, 0x00, 0x00, 0x00, 0x21, 0x45, 
0x52, 0xCB, 0x52, 0xCB, 0x21, 0x45, 0x31, 0xC7, 0x52, 0xCB, 0x42, 0x49, 0x31, 0xC7, 0x00, 0x00, 
0x00, 0x00, 0x02, 0x44, 0x15, 0x8D, 0x15, 0x8D, 0x15, 0x8D, 0x03, 0xE8, 0x03, 0xE8, 0x1B, 0x07, 
0x12, 0xA6, 0x15, 0x8D, 0x15, 0x8D, 0x03, 0xE8, 0x1B, 0x07, 0x12, 0xA6, 0x03, 0xE8, 0x12, 0xA6, 
0x12, 0xA6, 0x02, 0x44, 0x52, 0xCB, 0x52, 0xCB, 0x52, 0xCB, 0x21, 0x45, 0x21, 0x45, 0x52, 0xCB, 
0x5B, 0x0C, 0x63, 0x4D, 0x5B, 0x0C, 0x31, 0xC7, 0x52, 0xCB, 0x42, 0x49, 0x21, 0x45, 0x00, 0x00, 
0x00, 0x00, 0x02, 0x44, 0x03, 0xE8, 0x15, 0x8D, 0x15, 0x8D, 0x03, 0xE8, 0x03, 0xE8, 0x12, 0xA6, 
0x12, 0xA6, 0x15, 0x8D, 0x03, 0xE8, 0x03, 0xE8, 0x1B, 0x07, 0x12, 0xA6, 0x03, 0xE8, 0x1B, 0x07, 
0x12, 0xA6, 0x02, 0x44, 0x5B, 0x0C, 0x5B, 0x0C, 0x52, 0xCB, 0x52, 0xCB, 0x21, 0x45, 0x5B, 0x0C, 
0x63, 0x4D, 0x63, 0x4D, 0x5B, 0x0C, 0x21, 0x45, 0x52, 0xCB, 0x42, 0x49, 0x21, 0x45, 0x00, 0x00, 
0x00, 0x00, 0x00, 0x00, 0x02, 0x44, 0x03, 0xE8, 0x03, 0xE8, 0x03, 0xE8, 0x03, 0xE8, 0x12, 0xA6, 
0x15, 0x8D, 0x15, 0x8D, 0x03, 0xE8, 0x03, 0xE8, 0x12, 0xA6, 0x12, 0xA6, 0x03, 0xE8, 0x1B, 0x07, 
0x12, 0xA6, 0x02, 0x44, 0x63, 0x4D, 0x5B, 0x0C, 0x5B, 0x0C, 0x52, 0xCB, 0x21, 0x45, 0x63, 0x4D, 
0x63, 0x4D, 0x63, 0x4D, 0x5B, 0x0C, 0x21, 0x45, 0x52, 0xCB, 0x42, 0x49, 0x21, 0x45, 0x00, 0x00, 
0x00, 0x00, 0x00, 0x00, 0x02, 0x44, 0x03, 0xE8, 0x03, 0xE8, 0x03, 0xE8, 0x12, 0xA6, 0x12, 0xA6, 
0x15, 0x8D, 0x15, 0x8D, 0x03, 0xE8, 0x03, 0xE8, 0x12, 0xA6, 0x03, 0xE8, 0x03, 0xE8, 0x1B, 0x07, 
0x1B, 0x07, 0x12, 0xA6, 0x02, 0x44, 0x63, 0x4D, 0x5B, 0x0C, 0x52, 0xCB, 0x21, 0x45, 0x63, 0x4D, 
0x63, 0x4D, 0x63, 0x4D, 0x21, 0x45, 0x63, 0x4D, 0x52, 0xCB, 0x42, 0x49, 0x21, 0x45, 0x00, 0x00, 
0x00, 0x00, 0x00, 0x00, 0x02, 0x44, 0x03, 0xE8, 0x1B, 0x07, 0x1B, 0x07, 0x12, 0xA6, 0x15, 0x8D, 
0x15, 0x8D, 0x03, 0xE8, 0x03, 0xE8, 0x1B, 0x07, 0x12, 0xA6, 0x03, 0xE8, 0x03, 0xE8, 0x1B, 0x07, 
0x1B, 0x07, 0x12, 0xA6, 0x02, 0x44, 0x63, 0x4D, 0x5B, 0x0C, 0x5B, 0x0C, 0x52, 0xCB, 0x21, 0x45, 
0x63, 0x4D, 0x63, 0x4D, 0x21, 0x45, 0x52, 0xCB, 0x52, 0xCB, 0x21, 0x45, 0x8B, 0x69, 0x8B, 0x69, 
0x00, 0x00, 0x00, 0x00, 0x02, 0x44, 0x1B, 0x07, 0x1B, 0x07, 0x12, 0xA6, 0x12, 0xA6, 0x15, 0x8D, 
0x15, 0x8D, 0x03, 0xE8, 0x03, 0xE8, 0x1B, 0x07, 0x12, 0xA6, 0x03, 0xE8, 0x03, 0xE8, 0x1B, 0x07, 
0x1B, 0x07, 0x12, 0xA6, 0x02, 0x44, 0x63, 0x4D, 0x5B, 0x0C, 0x5B, 0x0C, 0x52, 0xCB, 0x21, 0x45, 
0x63, 0x4D, 0x63, 0x4D, 0x21, 0x45, 0x52, 0xCB, 0x52, 0xCB, 0x21, 0x45, 0x8B, 0x69, 0x8B, 0x69, 
0x00, 0x00, 0x00, 0x00, 0x00, 0x00, 0x02, 0x44, 0x12, 0xA6, 0x12, 0xA6, 0x15, 0x8D, 0x15, 0x8D, 
0x03, 0xE8, 0x03, 0xE8, 0x03, 0xE8, 0x1B, 0x07, 0x12, 0xA6, 0x03, 0xE8, 0x03, 0xE8, 0x1B, 0x07, 
0x1B, 0x07, 0x12, 0xA6, 0x02, 0x44, 0x63, 0x4D, 0x5B, 0x0C, 0x5B, 0x0C, 0x52, 0xCB, 0x21, 0x45, 
0x63, 0x4D, 0x52, 0xCB, 0x21, 0x45, 0x52, 0xCB, 0x52, 0xCB, 0x21, 0x45, 0x8B, 0x69, 0x6A, 0x65, 
0x00, 0x00, 0x00, 0x00, 0x00, 0x00, 0x02, 0x44, 0x12, 0xA6, 0x15, 0x8D, 0x15, 0x8D, 0x03, 0xE8, 
0x03, 0xE8, 0x03, 0xE8, 0x1B, 0x07, 0x12, 0xA6, 0x12, 0xA6, 0x03, 0xE8, 0x03, 0xE8, 0x1B, 0x07, 
0x1B, 0x07, 0x12, 0xA6, 0x02, 0x44, 0x63, 0x4D, 0x5B, 0x0C, 0x5B, 0x0C, 0x52, 0xCB, 0x21, 0x45, 
0x52, 0xCB, 0x52, 0xCB, 0x21, 0x45, 0x52, 0xCB, 0x52, 0xCB, 0x21, 0x45, 0x6A, 0x65, 0x6A, 0x65, 
0x00, 0x00, 0x00, 0x00, 0x00, 0x00, 0x02, 0x44, 0x15, 0x8D, 0x15, 0x8D, 0x03, 0xE8, 0x03, 0xE8, 
0x03, 0xE8, 0x1B, 0x07, 0x1B, 0x07, 0x12, 0xA6, 0x1B, 0x07, 0x03, 0xE8, 0x03, 0xE8, 0x1B, 0x07, 
0x12, 0xA6, 0x12, 0xA6, 0x02, 0x44, 0x5B, 0x0C, 0x5B, 0x0C, 0x5B, 0x0C, 0x52, 0xCB, 0x42, 0x49, 
0x52, 0xCB, 0x21, 0x45, 0x52, 0xCB, 0x52, 0xCB, 0x52, 0xCB, 0x21, 0x45, 0x6A, 0x65, 0x6A, 0x65, 
0x00, 0x00, 0x00, 0x00, 0x00, 0x00, 0x02, 0x44, 0x15, 0x8D, 0x15, 0x8D, 0x03, 0xE8, 0x03, 0xE8, 
0x03, 0xE8, 0x1B, 0x07, 0x1B, 0x07, 0x12, 0xA6, 0x03, 0xE8, 0x03, 0xE8, 0x1B, 0x07, 0x1B, 0x07, 
0x12, 0xA6, 0x12, 0xA6, 0x02, 0x44, 0x5B, 0x0C, 0x5B, 0x0C, 0x5B, 0x0C, 0x52, 0xCB, 0x42, 0x49, 
0x52, 0xCB, 0x21, 0x45, 0x52, 0xCB, 0x52, 0xCB, 0x52, 0xCB, 0x21, 0x45, 0x00, 0x00, 0x00, 0x00, 
0x00, 0x00, 0x00, 0x00, 0x00, 0x00, 0x02, 0x44, 0x03, 0xE8, 0x03, 0xE8, 0x03, 0xE8, 0x03, 0xE8, 
0x03, 0xE8, 0x1B, 0x07, 0x1B, 0x07, 0x12, 0xA6, 0x03, 0xE8, 0x03, 0xE8, 0x1B, 0x07, 0x1B, 0x07, 
0x12, 0xA6, 0x12, 0xA6, 0x02, 0x44, 0x5B, 0x0C, 0x5B, 0x0C, 0x5B, 0x0C, 0x52, 0xCB, 0x42, 0x49, 
0x52, 0xCB, 0x52, 0xCB, 0x52, 0xCB, 0x52, 0xCB, 0x52, 0xCB, 0x21, 0x45, 0x00, 0x00, 0x00, 0x00, 
0x00, 0x00, 0x00, 0x00, 0x00, 0x00, 0x02, 0x44, 0x03, 0xE8, 0x03, 0xE8, 0x03, 0xE8, 0x1B, 0x07, 
0x1B, 0x07, 0x1B, 0x07, 0x1B, 0x07, 0x12, 0xA6, 0x03, 0xE8, 0x03, 0xE8, 0x1B, 0x07, 0x1B, 0x07, 
0x12, 0xA6, 0x12, 0xA6, 0x02, 0x44, 0x5B, 0x0C, 0x5B, 0x0C, 0x5B, 0x0C, 0x42, 0x49, 0x42, 0x49, 
0x52, 0xCB, 0x52, 0xCB, 0x52, 0xCB, 0x52, 0xCB, 0x52, 0xCB, 0x21, 0x45, 0x8B, 0x69, 0x00, 0x00, 
0x00, 0x00, 0x00, 0x00, 0x00, 0x00, 0x02, 0x44, 0x03, 0xE8, 0x03, 0xE8, 0x03, 0xE8, 0x1B, 0x07, 
0x1B, 0x07, 0x1B, 0x07, 0x12, 0xA6, 0x15, 0x8D, 0x03, 0xE8, 0x03, 0xE8, 0x1B, 0x07, 0x12, 0xA6, 
0x12, 0xA6, 0x12, 0xA6, 0x02, 0x44, 0x5B, 0x0C, 0x5B, 0x0C, 0x52, 0xCB, 0x42, 0x49, 0x42, 0x49, 
0x52, 0xCB, 0x52, 0xCB, 0x52, 0xCB, 0x52, 0xCB, 0x52, 0xCB, 0x21, 0x45, 0x8B, 0x69, 0x00, 0x00, 
0x00, 0x00, 0x00, 0x00, 0x00, 0x00, 0x02, 0x44, 0x1B, 0x07, 0x03, 0xE8, 0x1B, 0x07, 0x1B, 0x07, 
0x1B, 0x07, 0x12, 0xA6, 0x12, 0xA6, 0x15, 0x8D, 0x1B, 0x07, 0x1B, 0x07, 0x1B, 0x07, 0x12, 0xA6, 
0x12, 0xA6, 0x12, 0xA6, 0x02, 0x44, 0x52, 0xCB, 0x52, 0xCB, 0x52, 0xCB, 0x42, 0x49, 0x21, 0x45, 
0x42, 0x49, 0x52, 0xCB, 0x52, 0xCB, 0x52, 0xCB, 0x52, 0xCB, 0x21, 0x45, 0x6A, 0x65, 0x00, 0x00, 
0x00, 0x00, 0x00, 0x00, 0x00, 0x00, 0x02, 0x44, 0x1B, 0x07, 0x03, 0xE8, 0x1B, 0x07, 0x1B, 0x07, 
0x12, 0xA6, 0x12, 0xA6, 0x15, 0x8D, 0x03, 0xE8, 0x1B, 0x07, 0x1B, 0x07, 0x1B, 0x07, 0x12, 0xA6, 
0x12, 0xA6, 0x12, 0xA6, 0x02, 0x44, 0x52, 0xCB, 0x52, 0xCB, 0x52, 0xCB, 0x42, 0x49, 0x21, 0x45, 
0x42, 0x49, 0x52, 0xCB, 0x52, 0xCB, 0x52, 0xCB, 0x52, 0xCB, 0x21, 0x45, 0x6A, 0x65, 0x00, 0x00, 
0x00, 0x00, 0x00, 0x00, 0x00, 0x00, 0x02, 0x44, 0x1B, 0x07, 0x1B, 0x07, 0x1B, 0x07, 0x12, 0xA6, 
0x12, 0xA6, 0x03, 0xE8, 0x03, 0xE8, 0x03, 0xE8, 0x1B, 0x07, 0x1B, 0x07, 0x12, 0xA6, 0x12, 0xA6, 
0x12, 0xA6, 0x02, 0x44, 0x52, 0xCB, 0x52, 0xCB, 0x52, 0xCB, 0x52, 0xCB, 0x42, 0x49, 0x21, 0x45, 
0x42, 0x49, 0x42, 0x49, 0x52, 0xCB, 0x52, 0xCB, 0x52, 0xCB, 0x21, 0x45, 0x6A, 0x65, 0x00, 0x00, 
0x00, 0x00, 0x00, 0x00, 0x00, 0x00, 0x00, 0x00, 0x02, 0x44, 0x1B, 0x07, 0x12, 0xA6, 0x12, 0xA6, 
0x03, 0xE8, 0x03, 0xE8, 0x03, 0xE8, 0x1B, 0x07, 0x1B, 0x07, 0x12, 0xA6, 0x12, 0xA6, 0x12, 0xA6, 
0x12, 0xA6, 0x02, 0x44, 0x52, 0xCB, 0x52, 0xCB, 0x52, 0xCB, 0x42, 0x49, 0x21, 0x45, 0x42, 0x49, 
0x42, 0x49, 0x42, 0x49, 0x42, 0x49, 0x21, 0x45, 0x5B, 0x0C, 0x21, 0x45, 0x6A, 0x65, 0x00, 0x00, 
0x00, 0x00, 0x00, 0x00, 0x00, 0x00, 0x00, 0x00, 0x00, 0x00, 0x02, 0x44, 0x12, 0xA6, 0x03, 0xE8, 
0x03, 0xE8, 0x03, 0xE8, 0x03, 0xE8, 0x1B, 0x07, 0x1B, 0x07, 0x12, 0xA6, 0x12, 0xA6, 0x12, 0xA6, 
0x02, 0x44, 0x42, 0x49, 0x42, 0x49, 0x42, 0x49, 0x42, 0x49, 0x42, 0x49, 0x21, 0x45, 0x31, 0xC7, 
0x42, 0x49, 0x42, 0x49, 0x52, 0xCB, 0x21, 0x45, 0x52, 0xCB, 0x21, 0x45, 0x00, 0x00, 0x00, 0x00, 
0x00, 0x00, 0x00, 0x00, 0x00, 0x00, 0x00, 0x00, 0x00, 0x00, 0x00, 0x00, 0x02, 0x44, 0x03, 0xE8, 
0x03, 0xE8, 0x1B, 0x07, 0x1B, 0x07, 0x1B, 0x07, 0x12, 0xA6, 0x12, 0xA6, 0x12, 0xA6, 0x12, 0xA6, 
0x02, 0x44, 0x42, 0x49, 0x42, 0x49, 0x42, 0x49, 0x42, 0x49, 0x31, 0xC7, 0x21, 0x45, 0x31, 0xC7, 
0x31, 0xC7, 0x52, 0xCB, 0x52, 0xCB, 0x21, 0x45, 0x21, 0x45, 0x00, 0x00, 0x00, 0x00, 0x00, 0x00, 
0x00, 0x00, 0x00, 0x00, 0x00, 0x00, 0x00, 0x00, 0x00, 0x00, 0x00, 0x00, 0x00, 0x00, 0x02, 0x44, 
0x1B, 0x07, 0x1B, 0x07, 0x1B, 0x07, 0x1B, 0x07, 0x12, 0xA6, 0x12, 0xA6, 0x12, 0xA6, 0x02, 0x44, 
0x31, 0xC7, 0x31, 0xC7, 0x31, 0xC7, 0x31, 0xC7, 0x31, 0xC7, 0x21, 0x45, 0x21, 0x45, 0x31, 0xC7, 
0x31, 0xC7, 0x52, 0xCB, 0x52, 0xCB, 0x21, 0x45, 0x00, 0x00, 0x00, 0x00, 0x00, 0x00, 0x00, 0x00, 
0x00, 0x00, 0x00, 0x00, 0x00, 0x00, 0x00, 0x00, 0x00, 0x00, 0x00, 0x00, 0x00, 0x00, 0x00, 0x00, 
0x02, 0x44, 0x02, 0x44, 0x02, 0x44, 0x02, 0x44, 0x02, 0x44, 0x02, 0x44, 0x02, 0x44, 0x31, 0xC7, 
0x31, 0xC7, 0x31, 0xC7, 0x31, 0xC7, 0x31, 0xC7, 0x21, 0x45, 0x00, 0x00, 0x00, 0x00, 0x21, 0x45, 
0x31, 0xC7, 0x31, 0xC7, 0x21, 0x45, 0x00, 0x00, 0x00, 0x00, 0x00, 0x00, 0x00, 0x00, 0x00, 0x00, 
0x00, 0x00, 0x00, 0x00, 0x00, 0x00, 0x00, 0x00, 0x00, 0x00, 0x00, 0x00, 0x00, 0x00, 0x00, 0x00, 
0x00, 0x00, 0x00, 0x00, 0x00, 0x00, 0x00, 0x00, 0x00, 0x00, 0x00, 0x00, 0x21, 0x45, 0x21, 0x45, 
0x21, 0x45, 0x21, 0x45, 0x21, 0x45, 0x21, 0x45, 0x00, 0x00, 0x00, 0x00, 0x00, 0x00, 0x00, 0x00, 
0x00, 0x00, 0x00, 0x00, 0x00, 0x00, 0x00, 0x00, 0x00, 0x00, 0x00, 0x00, 0x00, 0x00, 0x00, 0x00, 
0x00, 0x00, 0x00, 0x00, 0x00, 0x00, 0x00, 0x00, 0x00, 0x00, 0x00, 0x00, 0x00, 0x00, 0x00, 0x00, 
0x00, 0x00, 0x00, 0x00, 0x00, 0x00, 0x00, 0x00, 0x00, 0x00, 0x00, 0x00, 0x00, 0x00, 0x00, 0x00, 
0x00, 0x00, 0x00, 0x00, 0x00, 0x00, 0x00, 0x00, 0x00, 0x00, 0x00, 0x00, 0x00, 0x00, 0x00, 0x00, 
0x00, 0x00, 0x00, 0x00, 0x00, 0x00, 0x00, 0x00, 0x00, 0x00, 0x00, 0x00, 0x00, 0x00, 0x00, 0x00, 
0x00, 0x00, 0x00, 0x00, 0x00, 0x00, 0x00, 0x00, 0x00, 0x00, 0x00, 0x00, 0x00, 0x00, 0x00, 0x00, 
0x00, 0x00, 0x00, 0x00, 0x00, 0x00, 0x00, 0x00, 0x00, 0x00, 0x00, 0x00, 0x00, 0x00, 0x00, 0x00, 
0x00, 0x00, 0x00, 0x00, 0x00, 0x00, 0x00, 0x00, 0x00, 0x00, 0x00, 0x00, 0x00, 0x00, 0x00, 0x00, 
0x00, 0x00, 0x00, 0x00, 0x00, 0x00, 0x00, 0x00, 0x00, 0x00, 0x00, 0x00, 0x00, 0x00, 0x00, 0x00, 
0x00, 0x00, 0x00, 0x00, 0x00, 0x00, 0x00, 0x00, 0x00, 0x00, 0x00, 0x00, 0x00, 0x00, 0x00, 0x00, 
0x00, 0x00, 0x00, 0x00, 0x00, 0x00, 0x00, 0x00, 0x00, 0x00, 0x00, 0x00, 0x00, 0x00, 0x00, 0x00, 
0x00, 0x00, 0x00, 0x00, 0x00, 0x00, 0x00, 0x00, 0x00, 0x00, 0x00, 0x00, 0x00, 0x00, 0x00, 0x00, 
0x00, 0x00, 0x00, 0x00, 0x00, 0x00, 0x00, 0x00, 0x00, 0x00, 0x00, 0x00, 0x00, 0x00, 0x00, 0x00
}
,
{
0x00, 0x00, 0x00, 0x00, 0x00, 0x00, 0x00, 0x00, 0x00, 0x00, 0x00, 0x00, 0x00, 0x00, 0x00, 0x00, 
0x00, 0x00, 0x00, 0x00, 0x00, 0x00, 0x00, 0x00, 0x00, 0x00, 0x00, 0x00, 0x00, 0x00, 0x00, 0x00, 
0x00, 0x00, 0x00, 0x00, 0x00, 0x00, 0x00, 0x00, 0x00, 0x00, 0x00, 0x00, 0x00, 0x00, 0x00, 0x00, 
0x00, 0x00, 0x00, 0x00, 0x00, 0x00, 0x00, 0x00, 0x21, 0x45, 0x00, 0x00, 0x00, 0x00, 0x00, 0x00, 
0x00, 0x00, 0x00, 0x00, 0x00, 0x00, 0x00, 0x00, 0x00, 0x00, 0x00, 0x00, 0x00, 0x00, 0x00, 0x00, 
0x00, 0x00, 0x02, 0x44, 0x02, 0x44, 0x02, 0x44, 0x02, 0x44, 0x00, 0x00, 0x00, 0x00, 0x00, 0x00, 
0x00, 0x00, 0x00, 0x00, 0x00, 0x00, 0x00, 0x00, 0x00, 0x00, 0x00, 0x00, 0x00, 0x00, 0x00, 0x00, 
0x00, 0x00, 0x00, 0x00, 0x00, 0x00, 0x21, 0x45, 0x31, 0xC7, 0x21, 0x45, 0x00, 0x00, 0x00, 0x00, 
0x00, 0x00, 0x00, 0x00, 0x00, 0x00, 0x00, 0x00, 0x00, 0x00, 0x00, 0x00, 0x00, 0x00, 0x00, 0x00, 
0x02, 0x44, 0x12, 0xA6, 0x03, 0xE8, 0x1B, 0x07, 0x12, 0xA6, 0x02, 0x44, 0x00, 0x00, 0x00, 0x00, 
0x00, 0x00, 0x00, 0x00, 0x00, 0x00, 0x00, 0x00, 0x00, 0x00, 0x00, 0x00, 0x00, 0x00, 0x00, 0x00, 
0x00, 0x00, 0x00, 0x00, 0x21, 0x45, 0x42, 0x49, 0x31, 0xC7, 0x21, 0x45, 0x00, 0x00, 0x00, 0x00, 
0x00, 0x00, 0x00, 0x00, 0x02, 0x44, 0x02, 0x44, 0x02, 0x44, 0x02, 0x44, 0x02, 0x44, 0x02, 0x44, 
0x12, 0xA6, 0x15, 0x8D, 0x03, 0xE8, 0x1B, 0x07, 0x12, 0xA6, 0x02, 0x44, 0x02, 0x44, 0x21, 0x45, 
0x21, 0x45, 0x21, 0x45, 0x21, 0x45, 0x00, 0x00, 0x00, 0x00, 0x00, 0x00, 0x00, 0x00, 0x21, 0x45, 
0x21, 0x45, 0x00, 0x00, 0x21, 0x45, 0x42, 0x49, 0x42, 0x49, 0x21, 0x45, 0x00, 0x00, 0x00, 0x00, 
0x00, 0x00, 0x02, 0x44, 0x15, 0x8D, 0x15, 0x8D, 0x03, 0xE8, 0x03, 0xE8, 0x1B, 0x07, 0x12, 0xA6, 
0x15, 0x8D, 0x15, 0x8D, 0x03, 0xE8, 0x1B, 0x07, 0x12, 0xA6, 0x03, 0xE8, 0x12, 0xA6, 0x02, 0x44, 
0x42, 0x49, 0x42, 0x49, 0x42, 0x49, 0x21, 0x45, 0x00, 0x00, 0x00, 0x00, 0x21, 0x45, 0x52, 0xCB, 
0x52, 0xCB, 0x21, 0x45, 0x21, 0x45, 0x52, 0xCB, 0x42, 0x49, 0x21, 0x45, 0x00, 0x00, 0x00, 0x00, 
0x02, 0x44, 0x15, 0x8D, 0x15, 0x8D, 0x15, 0x8D, 0x03, 0xE8, 0x03, 0xE8, 0x1B, 0x07, 0x12, 0xA6, 
0x15, 0x8D, 0x15, 0x8D, 0x03, 0xE8, 0x1B, 0x07, 0x12, 0xA6, 0x03, 0xE8, 0x12, 0xA6, 0x12, 0xA6, 
0x02, 0x44, 0x52, 0xCB, 0x52, 0xCB, 0x52, 0xCB, 0x21, 0x45, 0x21, 0x45, 0x52, 0xCB, 0x5B, 0x0C, 
0x63, 0x4D, 0x5B, 0x0C, 0x21, 0x45, 0x52, 0xCB, 0x42, 0x49, 0x21, 0x45, 0x00, 0x00, 0x00, 0x00, 
0x02, 0x44, 0x03, 0xE8, 0x15, 0x8D, 0x15, 0x8D, 0x03, 0xE8, 0x03, 0xE8, 0x12, 0xA6, 0x12, 0xA6, 
0x15, 0x8D, 0x03, 0xE8, 0x03, 0xE8, 0x1B, 0x07, 0x12, 0xA6, 0x03, 0xE8, 0x1B, 0x07, 0x12, 0xA6, 
0x02, 0x44, 0x5B, 0x0C, 0x5B, 0x0C, 0x52, 0xCB, 0x52, 0xCB, 0x21, 0x45, 0x5B, 0x0C, 0x63, 0x4D, 
0x63, 0x4D, 0x5B, 0x0C, 0x21, 0x45, 0x5B, 0x0C, 0x42, 0x49, 0x21, 0x45, 0x00, 0x00, 0x00, 0x00, 
0x00, 0x00, 0x02, 0x44, 0x03, 0xE8, 0x03, 0xE8, 0x03, 0xE8, 0x03, 0xE8, 0x12, 0xA6, 0x15, 0x8D, 
0x15, 0x8D, 0x03, 0xE8, 0x03, 0xE8, 0x12, 0xA6, 0x12, 0xA6, 0x03, 0xE8, 0x1B, 0x07, 0x12, 0xA6, 
0x02, 0x44, 0x63, 0x4D, 0x5B, 0x0C, 0x5B, 0x0C, 0x52, 0xCB, 0x21, 0x45, 0x63, 0x4D, 0x63, 0x4D, 
0x63, 0x4D, 0x5B, 0x0C, 0x21, 0x45, 0x5B, 0x0C, 0x42, 0x49, 0x21, 0x45, 0x00, 0x00, 0x00, 0x00, 
0x00, 0x00, 0x02, 0x44, 0x03, 0xE8, 0x03, 0xE8, 0x03, 0xE8, 0x12, 0xA6, 0x12, 0xA6, 0x15, 0x8D, 
0x15, 0x8D, 0x03, 0xE8, 0x03, 0xE8, 0x12, 0xA6, 0x03, 0xE8, 0x03, 0xE8, 0x1B, 0x07, 0x1B, 0x07, 
0x12, 0xA6, 0x02, 0x44, 0x63, 0x4D, 0x5B, 0x0C, 0x52, 0xCB, 0x21, 0x45, 0x63, 0x4D, 0x63, 0x4D, 
0x63, 0x4D, 0x21, 0x45, 0x63, 0x4D, 0x52, 0xCB, 0x42, 0x49, 0x21, 0x45, 0x00, 0x00, 0x00, 0x00, 
0x00, 0x00, 0x02, 0x44, 0x03, 0xE8, 0x1B, 0x07, 0x1B, 0x07, 0x12, 0xA6, 0x15, 0x8D, 0x15, 0x8D, 
0x03, 0xE8, 0x03, 0xE8, 0x1B, 0x07, 0x12, 0xA6, 0x03, 0xE8, 0x03, 0xE8, 0x1B, 0x07, 0x1B, 0x07, 
0x12, 0xA6, 0x02, 0x44, 0x63, 0x4D, 0x5B, 0x0C, 0x5B, 0x0C, 0x52, 0xCB, 0x21, 0x45, 0x63, 0x4D, 
0x63, 0x4D, 0x21, 0x45, 0x52, 0xCB, 0x52, 0xCB, 0x21, 0x45, 0x6A, 0x65, 0x00, 0x00, 0x00, 0x00, 
0x00, 0x00, 0x02, 0x44, 0x1B, 0x07, 0x1B, 0x07, 0x12, 0xA6, 0x12, 0xA6, 0x15, 0x8D, 0x15, 0x8D, 
0x03, 0xE8, 0x03, 0xE8, 0x1B, 0x07, 0x12, 0xA6, 0x03, 0xE8, 0x03, 0xE8, 0x1B, 0x07, 0x1B, 0x07, 
0x12, 0xA6, 0x02, 0x44, 0x63, 0x4D, 0x5B, 0x0C, 0x5B, 0x0C, 0x52, 0xCB, 0x21, 0x45, 0x63, 0x4D, 
0x63, 0x4D, 0x21, 0x45, 0x52, 0xCB, 0x52, 0xCB, 0x21, 0x45, 0x6A, 0x65, 0x00, 0x00, 0x00, 0x00, 
0x00, 0x00, 0x00, 0x00, 0x02, 0x44, 0x12, 0xA6, 0x12, 0xA6, 0x15, 0x8D, 0x15, 0x8D, 0x03, 0xE8, 
0x03, 0xE8, 0x03, 0xE8, 0x1B, 0x07, 0x12, 0xA6, 0x03, 0xE8, 0x03, 0xE8, 0x1B, 0x07, 0x1B, 0x07, 
0x12, 0xA6, 0x02, 0x44, 0x63, 0x4D, 0x5B, 0x0C, 0x5B, 0x0C, 0x52, 0xCB, 0x21, 0x45, 0x63, 0x4D, 
0x52, 0xCB, 0x21, 0x45, 0x52, 0xCB, 0x52, 0xCB, 0x21, 0x45, 0x6A, 0x65, 0x00, 0x00, 0x00, 0x00, 
0x00, 0x00, 0x00, 0x00, 0x02, 0x44, 0x12, 0xA6, 0x15, 0x8D, 0x15, 0x8D, 0x03, 0xE8, 0x03, 0xE8, 
0x03, 0xE8, 0x1B, 0x07, 0x12, 0xA6, 0x12, 0xA6, 0x03, 0xE8, 0x03, 0xE8, 0x1B, 0x07, 0x1B, 0x07, 
0x12, 0xA6, 0x02, 0x44, 0x63, 0x4D, 0x5B, 0x0C, 0x5B, 0x0C, 0x52, 0xCB, 0x21, 0x45, 0x52, 0xCB, 
0x52, 0xCB, 0x21, 0x45, 0x52, 0xCB, 0x52, 0xCB, 0x21, 0x45, 0x8B, 0x69, 0x00, 0x00, 0x00, 0x00, 
0x00, 0x00, 0x00, 0x00, 0x02, 0x44, 0x15, 0x8D, 0x15, 0x8D, 0x03, 0xE8, 0x03, 0xE8, 0x03, 0xE8, 
0x1B, 0x07, 0x1B, 0x07, 0x12, 0xA6, 0x1B, 0x07, 0x03, 0xE8, 0x03, 0xE8, 0x1B, 0x07, 0x12, 0xA6, 
0x12, 0xA6, 0x02, 0x44, 0x5B, 0x0C, 0x5B, 0x0C, 0x5B, 0x0C, 0x52, 0xCB, 0x42, 0x49, 0x52, 0xCB, 
0x21, 0x45, 0x52, 0xCB, 0x52, 0xCB, 0x52, 0xCB, 0x21, 0x45, 0x6A, 0x65, 0x00, 0x00, 0x00, 0x00, 
0x00, 0x00, 0x00, 0x00, 0x02, 0x44, 0x15, 0x8D, 0x15, 0x8D, 0x03, 0xE8, 0x03, 0xE8, 0x03, 0xE8, 
0x1B, 0x07, 0x1B, 0x07, 0x12, 0xA6, 0x03, 0xE8, 0x03, 0xE8, 0x1B, 0x07, 0x1B, 0x07, 0x12, 0xA6, 
0x12, 0xA6, 0x02, 0x44, 0x5B, 0x0C, 0x5B, 0x0C, 0x5B, 0x0C, 0x52, 0xCB, 0x42, 0x49, 0x52, 0xCB, 
0x21, 0x45, 0x52, 0xCB, 0x52, 0xCB, 0x52, 0xCB, 0x21, 0x45, 0x00, 0x00, 0x00, 0x00, 0x00, 0x00, 
0x00, 0x00, 0x00, 0x00, 0x02, 0x44, 0x03, 0xE8, 0x03, 0xE8, 0x03, 0xE8, 0x03, 0xE8, 0x03, 0xE8, 
0x1B, 0x07, 0x1B, 0x07, 0x12, 0xA6, 0x03, 0xE8, 0x03, 0xE8, 0x1B, 0x07, 0x1B, 0x07, 0x12, 0xA6, 
0x12, 0xA6, 0x02, 0x44, 0x5B, 0x0C, 0x5B, 0x0C, 0x5B, 0x0C, 0x52, 0xCB, 0x42, 0x49, 0x52, 0xCB, 
0x52, 0xCB, 0x52, 0xCB, 0x52, 0xCB, 0x52, 0xCB, 0x21, 0x45, 0x00, 0x00, 0x00, 0x00, 0x00, 0x00, 
0x00, 0x00, 0x00, 0x00, 0x02, 0x44, 0x03, 0xE8, 0x03, 0xE8, 0x03, 0xE8, 0x1B, 0x07, 0x1B, 0x07, 
0x1B, 0x07, 0x1B, 0x07, 0x12, 0xA6, 0x03, 0xE8, 0x03, 0xE8, 0x1B, 0x07, 0x1B, 0x07, 0x12, 0xA6, 
0x12, 0xA6, 0x02, 0x44, 0x5B, 0x0C, 0x5B, 0x0C, 0x5B, 0x0C, 0x42, 0x49, 0x42, 0x49, 0x52, 0xCB, 
0x52, 0xCB, 0x52, 0xCB, 0x52, 0xCB, 0x52, 0xCB, 0x21, 0x45, 0x6A, 0x65, 0x00, 0x00, 0x00, 0x00, 
0x00, 0x00, 0x00, 0x00, 0x02, 0x44, 0x03, 0xE8, 0x03, 0xE8, 0x03, 0xE8, 0x1B, 0x07, 0x1B, 0x07, 
0x1B, 0x07, 0x12, 0xA6, 0x15, 0x8D, 0x03, 0xE8, 0x03, 0xE8, 0x1B, 0x07, 0x12, 0xA6, 0x12, 0xA6, 
0x12, 0xA6, 0x02, 0x44, 0x5B, 0x0C, 0x5B, 0x0C, 0x52, 0xCB, 0x42, 0x49, 0x42, 0x49, 0x52, 0xCB, 
0x52, 0xCB, 0x52, 0xCB, 0x52, 0xCB, 0x52, 0xCB, 0x21, 0x45, 0x6A, 0x65, 0x00, 0x00, 0x00, 0x00, 
0x00, 0x00, 0x00, 0x00, 0x02, 0x44, 0x1B, 0x07, 0x03, 0xE8, 0x1B, 0x07, 0x1B, 0x07, 0x1B, 0x07, 
0x12, 0xA6, 0x12, 0xA6, 0x15, 0x8D, 0x1B, 0x07, 0x1B, 0x07, 0x1B, 0x07, 0x12, 0xA6, 0x12, 0xA6, 
0x12, 0xA6, 0x02, 0x44, 0x52, 0xCB, 0x52, 0xCB, 0x52, 0xCB, 0x42, 0x49, 0x21, 0x45, 0x42, 0x49, 
0x52, 0xCB, 0x52, 0xCB, 0x52, 0xCB, 0x52, 0xCB, 0x21, 0x45, 0x6A, 0x65, 0x00, 0x00, 0x00, 0x00, 
0x00, 0x00, 0x00, 0x00, 0x02, 0x44, 0x1B, 0x07, 0x03, 0xE8, 0x1B, 0x07, 0x1B, 0x07, 0x12, 0xA6, 
0x12, 0xA6, 0x15, 0x8D, 0x03, 0xE8, 0x1B, 0x07, 0x1B, 0x07, 0x1B, 0x07, 0x12, 0xA6, 0x12, 0xA6, 
0x12, 0xA6, 0x02, 0x44, 0x52, 0xCB, 0x52, 0xCB, 0x52, 0xCB, 0x42, 0x49, 0x21, 0x45, 0x42, 0x49, 
0x52, 0xCB, 0x52, 0xCB, 0x52, 0xCB, 0x52, 0xCB, 0x21, 0x45, 0x6A, 0x65, 0x00, 0x00, 0x00, 0x00, 
0x00, 0x00, 0x00, 0x00, 0x02, 0x44, 0x1B, 0x07, 0x1B, 0x07, 0x1B, 0x07, 0x12, 0xA6, 0x12, 0xA6, 
0x03, 0xE8, 0x03, 0xE8, 0x03, 0xE8, 0x1B, 0x07, 0x1B, 0x07, 0x12, 0xA6, 0x12, 0xA6, 0x12, 0xA6, 
0x02, 0x44, 0x52, 0xCB, 0x52, 0xCB, 0x52, 0xCB, 0x52, 0xCB, 0x42, 0x49, 0x21, 0x45, 0x42, 0x49, 
0x42, 0x49, 0x52, 0xCB, 0x52, 0xCB, 0x52, 0xCB, 0x21, 0x45, 0x8B, 0x69, 0x00, 0x00, 0x00, 0x00, 
0x00, 0x00, 0x00, 0x00, 0x00, 0x00, 0x02, 0x44, 0x1B, 0x07, 0x12, 0xA6, 0x12, 0xA6, 0x03, 0xE8, 
0x03, 0xE8, 0x03, 0xE8, 0x1B, 0x07, 0x1B, 0x07, 0x12, 0xA6, 0x12, 0xA6, 0x12, 0xA6, 0x12, 0xA6, 
0x02, 0x44, 0x52, 0xCB, 0x52, 0xCB, 0x52, 0xCB, 0x42, 0x49, 0x21, 0x45, 0x42, 0x49, 0x42, 0x49, 
0x42, 0x49, 0x42, 0x49, 0x21, 0x45, 0x5B, 0x0C, 0x21, 0x45, 0x6A, 0x65, 0x00, 0x00, 0x00, 0x00, 
0x00, 0x00, 0x00, 0x00, 0x00, 0x00, 0x00, 0x00, 0x02, 0x44, 0x12, 0xA6, 0x03, 0xE8, 0x03, 0xE8, 
0x03, 0xE8, 0x03, 0xE8, 0x1B, 0x07, 0x1B, 0x07, 0x12, 0xA6, 0x12, 0xA6, 0x12, 0xA6, 0x02, 0x44, 
0x42, 0x49, 0x42, 0x49, 0x42, 0x49, 0x42, 0x49, 0x42, 0x49, 0x21, 0x45, 0x31, 0xC7, 0x42, 0x49, 
0x42, 0x49, 0x52, 0xCB, 0x21, 0x45, 0x52, 0xCB, 0x21, 0x45, 0x00, 0x00, 0x00, 0x00, 0x00, 0x00, 
0x00, 0x00, 0x00, 0x00, 0x00, 0x00, 0x00, 0x00, 0x00, 0x00, 0x02, 0x44, 0x03, 0xE8, 0x03, 0xE8, 
0x1B, 0x07, 0x1B, 0x07, 0x1B, 0x07, 0x12, 0xA6, 0x12, 0xA6, 0x12, 0xA6, 0x12, 0xA6, 0x02, 0x44, 
0x42, 0x49, 0x42, 0x49, 0x42, 0x49, 0x42, 0x49, 0x31, 0xC7, 0x21, 0x45, 0x31, 0xC7, 0x31, 0xC7, 
0x52, 0xCB, 0x52, 0xCB, 0x21, 0x45, 0x21, 0x45, 0x00, 0x00, 0x00, 0x00, 0x00, 0x00, 0x00, 0x00, 
0x00, 0x00, 0x00, 0x00, 0x00, 0x00, 0x00, 0x00, 0x00, 0x00, 0x00, 0x00, 0x02, 0x44, 0x1B, 0x07, 
0x1B, 0x07, 0x1B, 0x07, 0x12, 0xA6, 0x12, 0xA6, 0x12, 0xA6, 0x12, 0xA6, 0x02, 0x44, 0x31, 0xC7, 
0x31, 0xC7, 0x31, 0xC7, 0x31, 0xC7, 0x31, 0xC7, 0x21, 0x45, 0x21, 0x45, 0x31, 0xC7, 0x31, 0xC7, 
0x52, 0xCB, 0x52, 0xCB, 0x21, 0x45, 0x00, 0x00, 0x00, 0x00, 0x00, 0x00, 0x00, 0x00, 0x00, 0x00, 
0x00, 0x00, 0x00, 0x00, 0x00, 0x00, 0x00, 0x00, 0x00, 0x00, 0x00, 0x00, 0x00, 0x00, 0x02, 0x44, 
0x02, 0x44, 0x02, 0x44, 0x02, 0x44, 0x02, 0x44, 0x02, 0x44, 0x02, 0x44, 0x31, 0xC7, 0x31, 0xC7, 
0x31, 0xC7, 0x31, 0xC7, 0x31, 0xC7, 0x21, 0x45, 0x00, 0x00, 0x00, 0x00, 0x21, 0x45, 0x31, 0xC7, 
0x31, 0xC7, 0x21, 0x45, 0x00, 0x00, 0x00, 0x00, 0x00, 0x00, 0x00, 0x00, 0x00, 0x00, 0x00, 0x00, 
0x00, 0x00, 0x00, 0x00, 0x00, 0x00, 0x00, 0x00, 0x00, 0x00, 0x00, 0x00, 0x00, 0x00, 0x00, 0x00, 
0x00, 0x00, 0x00, 0x00, 0x00, 0x00, 0x00, 0x00, 0x00, 0x00, 0x21, 0x45, 0x21, 0x45, 0x21, 0x45, 
0x21, 0x45, 0x21, 0x45, 0x21, 0x45, 0x00, 0x00, 0x00, 0x00, 0x00, 0x00, 0x00, 0x00, 0x21, 0x45, 
0x21, 0x45, 0x00, 0x00, 0x00, 0x00, 0x00, 0x00, 0x00, 0x00, 0x00, 0x00, 0x00, 0x00, 0x00, 0x00, 
0x00, 0x00, 0x00, 0x00, 0x00, 0x00, 0x00, 0x00, 0x00, 0x00, 0x00, 0x00, 0x00, 0x00, 0x00, 0x00, 
0x00, 0x00, 0x00, 0x00, 0x00, 0x00, 0x00, 0x00, 0x00, 0x00, 0x00, 0x00, 0x00, 0x00, 0x00, 0x00, 
0x00, 0x00, 0x00, 0x00, 0x00, 0x00, 0x00, 0x00, 0x00, 0x00, 0x00, 0x00, 0x00, 0x00, 0x00, 0x00, 
0x00, 0x00, 0x00, 0x00, 0x00, 0x00, 0x00, 0x00, 0x00, 0x00, 0x00, 0x00, 0x00, 0x00, 0x00, 0x00, 
0x00, 0x00, 0x00, 0x00, 0x00, 0x00, 0x00, 0x00, 0x00, 0x00, 0x00, 0x00, 0x00, 0x00, 0x00, 0x00, 
0x00, 0x00, 0x00, 0x00, 0x00, 0x00, 0x00, 0x00, 0x00, 0x00, 0x00, 0x00, 0x00, 0x00, 0x00, 0x00, 
0x00, 0x00, 0x00, 0x00, 0x00, 0x00, 0x00, 0x00, 0x00, 0x00, 0x00, 0x00, 0x00, 0x00, 0x00, 0x00, 
0x00, 0x00, 0x00, 0x00, 0x00, 0x00, 0x00, 0x00, 0x00, 0x00, 0x00, 0x00, 0x00, 0x00, 0x00, 0x00, 
0x00, 0x00, 0x00, 0x00, 0x00, 0x00, 0x00, 0x00, 0x00, 0x00, 0x00, 0x00, 0x00, 0x00, 0x00, 0x00, 
0x00, 0x00, 0x00, 0x00, 0x00, 0x00, 0x00, 0x00, 0x00, 0x00, 0x00, 0x00, 0x00, 0x00, 0x00, 0x00, 
0x00, 0x00, 0x00, 0x00, 0x00, 0x00, 0x00, 0x00, 0x00, 0x00, 0x00, 0x00, 0x00, 0x00, 0x00, 0x00, 
0x00, 0x00, 0x00, 0x00, 0x00, 0x00, 0x00, 0x00, 0x00, 0x00, 0x00, 0x00, 0x00, 0x00, 0x00, 0x00, 
0x00, 0x00, 0x00, 0x00, 0x00, 0x00, 0x00, 0x00, 0x00, 0x00, 0x00, 0x00, 0x00, 0x00, 0x00, 0x00, 
0x00, 0x00, 0x00, 0x00, 0x00, 0x00, 0x00, 0x00, 0x00, 0x00, 0x00, 0x00, 0x00, 0x00, 0x00, 0x00, 
0x00, 0x00, 0x00, 0x00, 0x00, 0x00, 0x00, 0x00, 0x00, 0x00, 0x00, 0x00, 0x00, 0x00, 0x00, 0x00, 
0x00, 0x00, 0x00, 0x00, 0x00, 0x00, 0x00, 0x00, 0x00, 0x00, 0x00, 0x00, 0x00, 0x00, 0x00, 0x00, 
0x00, 0x00, 0x00, 0x00, 0x00, 0x00, 0x00, 0x00, 0x00, 0x00, 0x00, 0x00, 0x00, 0x00, 0x00, 0x00, 
0x00, 0x00, 0x00, 0x00, 0x00, 0x00, 0x00, 0x00, 0x00, 0x00, 0x00, 0x00, 0x00, 0x00, 0x00, 0x00, 
0x00, 0x00, 0x00, 0x00, 0x00, 0x00, 0x00, 0x00, 0x00, 0x00, 0x00, 0x00, 0x00, 0x00, 0x00, 0x00, 
0x00, 0x00, 0x00, 0x00, 0x00, 0x00, 0x00, 0x00, 0x00, 0x00, 0x00, 0x00, 0x00, 0x00, 0x00, 0x00
}
,
{
0x00, 0x00, 0x00, 0x00, 0x00, 0x00, 0x00, 0x00, 0x00, 0x00, 0x00, 0x00, 0x00, 0x00, 0x00, 0x00, 
0x00, 0x00, 0x00, 0x00, 0x00, 0x00, 0x00, 0x00, 0x00, 0x00, 0x00, 0x00, 0x00, 0x00, 0x00, 0x00, 
0x00, 0x00, 0x00, 0x00, 0x00, 0x00, 0x00, 0x00, 0x00, 0x00, 0x00, 0x00, 0x00, 0x00, 0x00, 0x00, 
0x00, 0x00, 0x00, 0x00, 0x00, 0x00, 0x00, 0x00, 0x00, 0x00, 0x00, 0x00, 0x00, 0x00, 0x00, 0x00, 
0x00, 0x00, 0x00, 0x00, 0x00, 0x00, 0x00, 0x00, 0x00, 0x00, 0x00, 0x00, 0x00, 0x00, 0x00, 0x00, 
0x00, 0x00, 0x00, 0x00, 0x00, 0x00, 0x00, 0x00, 0x00, 0x00, 0x00, 0x00, 0x00, 0x00, 0x00, 0x00, 
0x00, 0x00, 0x00, 0x00, 0x00, 0x00, 0x00, 0x00, 0x00, 0x00, 0x00, 0x00, 0x00, 0x00, 0x00, 0x00, 
0x00, 0x00, 0x00, 0x00, 0x00, 0x00, 0x00, 0x00, 0x00, 0x00, 0x00, 0x00, 0x00, 0x00, 0x00, 0x00, 
0x00, 0x00, 0x00, 0x00, 0x00, 0x00, 0x00, 0x00, 0x00, 0x00, 0x00, 0x00, 0x00, 0x00, 0x00, 0x00, 
0x00, 0x00, 0x00, 0x00, 0x00, 0x00, 0x00, 0x00, 0x00, 0x00, 0x00, 0x00, 0x00, 0x00, 0x00, 0x00, 
0x00, 0x00, 0x00, 0x00, 0x00, 0x00, 0x00, 0x00, 0x00, 0x00, 0x00, 0x00, 0x00, 0x00, 0x00, 0x00, 
0x00, 0x00, 0x00, 0x00, 0x31, 0xC7, 0x31, 0xC7, 0x00, 0x00, 0x00, 0x00, 0x00, 0x00, 0x00, 0x00, 
0x00, 0x00, 0x00, 0x00, 0x00, 0x00, 0x00, 0x00, 0x00, 0x00, 0x00, 0x00, 0x00, 0x00, 0x00, 0x00, 
0x00, 0x00, 0x00, 0x00, 0x02, 0x44, 0x02, 0x44, 0x02, 0x44, 0x02, 0x44, 0x00, 0x00, 0x00, 0x00, 
0x00, 0x00, 0x00, 0x00, 0x00, 0x00, 0x00, 0x00, 0x00, 0x00, 0x00, 0x00, 0x00, 0x00, 0x00, 0x00, 
0x00, 0x00, 0x00, 0x00, 0x31, 0xC7, 0x63, 0x4D, 0x31, 0xC7, 0x00, 0x00, 0x00, 0x00, 0x00, 0x00, 
0x00, 0x00, 0x00, 0x00, 0x00, 0x00, 0x00, 0x00, 0x00, 0x00, 0x00, 0x00, 0x00, 0x00, 0x00, 0x00, 
0x00, 0x00, 0x02, 0x44, 0x12, 0xA6, 0x03, 0xE8, 0x1B, 0x07, 0x12, 0xA6, 0x02, 0x44, 0x00, 0x00, 
0x00, 0x00, 0x00, 0x00, 0x00, 0x00, 0x00, 0x00, 0x00, 0x00, 0x00, 0x00, 0x00, 0x00, 0x00, 0x00, 
0x00, 0x00, 0x00, 0x00, 0x31, 0xC7, 0x63, 0x4D, 0x63, 0x4D, 0x31, 0xC7, 0x00, 0x00, 0x00, 0x00, 
0x00, 0x00, 0x00, 0x00, 0x00, 0x00, 0x02, 0x44, 0x02, 0x44, 0x02, 0x44, 0x02, 0x44, 0x02, 0x44, 
0x02, 0x44, 0x12, 0xA6, 0x15, 0x8D, 0x03, 0xE8, 0x1B, 0x07, 0x12, 0xA6, 0x02, 0x44, 0x02, 0x44, 
0x21, 0x45, 0x21, 0x45, 0x21, 0x45, 0x21, 0x45, 0x00, 0x00, 0x00, 0x00, 0x00, 0x00, 0x00, 0x00, 
0x00, 0x00, 0x00, 0x00, 0x00, 0x00, 0x31, 0xC7, 0x63, 0x4D, 0x42, 0x49, 0x31, 0xC7, 0x00, 0x00, 
0x00, 0x00, 0x00, 0x00, 0x02, 0x44, 0x15, 0x8D, 0x15, 0x8D, 0x03, 0xE8, 0x03, 0xE8, 0x1B, 0x07, 
0x12, 0xA6, 0x15, 0x8D, 0x15, 0x8D, 0x03, 0xE8, 0x1B, 0x07, 0x12, 0xA6, 0x03, 0xE8, 0x12, 0xA6, 
0x02, 0x44, 0x42, 0x49, 0x42, 0x49, 0x42, 0x49, 0x21, 0x45, 0x00, 0x00, 0x00, 0x00, 0x00, 0x00, 
0x00, 0x00, 0x00, 0x00, 0x00, 0x00, 0x31, 0xC7, 0x52, 0xCB, 0x42, 0x49, 0x31, 0xC7, 0x00, 0x00, 
0x00, 0x00, 0x02, 0x44, 0x15, 0x8D, 0x15, 0x8D, 0x15, 0x8D, 0x03, 0xE8, 0x03, 0xE8, 0x1B, 0x07, 
0x12, 0xA6, 0x15, 0x8D, 0x15, 0x8D, 0x03, 0xE8, 0x1B, 0x07, 0x12, 0xA6, 0x03, 0xE8, 0x12, 0xA6, 
0x12, 0xA6, 0x02, 0x44, 0x52, 0xCB, 0x52, 0xCB, 0x52, 0xCB, 0x21, 0x45, 0x21, 0x45, 0x00, 0x00, 
0x31, 0xC7, 0x31, 0xC7, 0x00, 0x00, 0x31, 0xC7, 0x52, 0xCB, 0x42, 0x49, 0x21, 0x45, 0x00, 0x00, 
0x00, 0x00, 0x02, 0x44, 0x03, 0xE8, 0x15, 0x8D, 0x15, 0x8D, 0x03, 0xE8, 0x03, 0xE8, 0x12, 0xA6, 
0x12, 0xA6, 0x15, 0x8D, 0x03, 0xE8, 0x03, 0xE8, 0x1B, 0x07, 0x12, 0xA6, 0x03, 0xE8, 0x1B, 0x07, 
0x12, 0xA6, 0x02, 0x44, 0x5B, 0x0C, 0x5B, 0x0C, 0x52, 0xCB, 0x52, 0xCB, 0x21, 0x45, 0x31, 0xC7, 
0x63, 0x4D, 0x63, 0x4D, 0x31, 0xC7, 0x21, 0x45, 0x52, 0xCB, 0x42, 0x49, 0x21, 0x45, 0x00, 0x00, 
0x00, 0x00, 0x00, 0x00, 0x02, 0x44, 0x03, 0xE8, 0x03, 0xE8, 0x03, 0xE8, 0x03, 0xE8, 0x12, 0xA6, 
0x15, 0x8D, 0x15, 0x8D, 0x03, 0xE8, 0x03, 0xE8, 0x12, 0xA6, 0x12, 0xA6, 0x03, 0xE8, 0x1B, 0x07, 
0x12, 0xA6, 0x02, 0x44, 0x63, 0x4D, 0x5B, 0x0C, 0x5B, 0x0C, 0x52, 0xCB, 0x21, 0x45, 0x63, 0x4D, 
0x63, 0x4D, 0x63, 0x4D, 0x5B, 0x0C, 0x21, 0x45, 0x52, 0xCB, 0x42, 0x49, 0x21, 0x45, 0x00, 0x00, 
0x00, 0x00, 0x00, 0x00, 0x02, 0x44, 0x03, 0xE8, 0x03, 0xE8, 0x03, 0xE8, 0x12, 0xA6, 0x12, 0xA6, 
0x15, 0x8D, 0x15, 0x8D, 0x03, 0xE8, 0x03, 0xE8, 0x12, 0xA6, 0x03, 0xE8, 0x03, 0xE8, 0x1B, 0x07, 
0x1B, 0x07, 0x12, 0xA6, 0x02, 0x44, 0x63, 0x4D, 0x5B, 0x0C, 0x52, 0xCB, 0x21, 0x45, 0x63, 0x4D, 
0x63, 0x4D, 0x63, 0x4D, 0x21, 0x45, 0x63, 0x4D, 0x52, 0xCB, 0x42, 0x49, 0x21, 0x45, 0x00, 0x00, 
0x00, 0x00, 0x00, 0x00, 0x02, 0x44, 0x03, 0xE8, 0x1B, 0x07, 0x1B, 0x07, 0x12, 0xA6, 0x15, 0x8D, 
0x15, 0x8D, 0x03, 0xE8, 0x03, 0xE8, 0x1B, 0x07, 0x12, 0xA6, 0x03, 0xE8, 0x03, 0xE8, 0x1B, 0x07, 
0x1B, 0x07, 0x12, 0xA6, 0x02, 0x44, 0x63, 0x4D, 0x5B, 0x0C, 0x5B, 0x0C, 0x52, 0xCB, 0x21, 0x45, 
0x63, 0x4D, 0x63, 0x4D, 0x21, 0x45, 0x52, 0xCB, 0x52, 0xCB, 0x21, 0x45, 0x8B, 0x69, 0x00, 0x00, 
0x00, 0x00, 0x00, 0x00, 0x02, 0x44, 0x1B, 0x07, 0x1B, 0x07, 0x12, 0xA6, 0x12, 0xA6, 0x15, 0x8D, 
0x15, 0x8D, 0x03, 0xE8, 0x03, 0xE8, 0x1B, 0x07, 0x12, 0xA6, 0x03, 0xE8, 0x03, 0xE8, 0x1B, 0x07, 
0x1B, 0x07, 0x12, 0xA6, 0x02, 0x44, 0x63, 0x4D, 0x5B, 0x0C, 0x5B, 0x0C, 0x52, 0xCB, 0x21, 0x45, 
0x63, 0x4D, 0x63, 0x4D, 0x21, 0x45, 0x52, 0xCB, 0x52, 0xCB, 0x21, 0x45, 0x8B, 0x69, 0x00, 0x00, 
0x00, 0x00, 0x00, 0x00, 0x00, 0x00, 0x02, 0x44, 0x12, 0xA6, 0x12, 0xA6, 0x15, 0x8D, 0x15, 0x8D, 
0x03, 0xE8, 0x03, 0xE8, 0x03, 0xE8, 0x1B, 0x07, 0x12, 0xA6, 0x03, 0xE8, 0x03, 0xE8, 0x1B, 0x07, 
0x1B, 0x07, 0x12, 0xA6, 0x02, 0x44, 0x63, 0x4D, 0x5B, 0x0C, 0x5B, 0x0C, 0x52, 0xCB, 0x21, 0x45, 
0x63, 0x4D, 0x52, 0xCB, 0x21, 0x45, 0x52, 0xCB, 0x52, 0xCB, 0x21, 0x45, 0x6A, 0x65, 0x00, 0x00, 
0x00, 0x00, 0x00, 0x00, 0x00, 0x00, 0x02, 0x44, 0x12, 0xA6, 0x15, 0x8D, 0x15, 0x8D, 0x03, 0xE8, 
0x03, 0xE8, 0x03, 0xE8, 0x1B, 0x07, 0x12, 0xA6, 0x12, 0xA6, 0x03, 0xE8, 0x03, 0xE8, 0x1B, 0x07, 
0x1B, 0x07, 0x12, 0xA6, 0x02, 0x44, 0x63, 0x4D, 0x5B, 0x0C, 0x5B, 0x0C, 0x52, 0xCB, 0x21, 0x45, 
0x52, 0xCB, 0x52, 0xCB, 0x21, 0x45, 0x52, 0xCB, 0x52, 0xCB, 0x21, 0x45, 0x6A, 0x65, 0x00, 0x00, 
0x00, 0x00, 0x00, 0x00, 0x00, 0x00, 0x02, 0x44, 0x15, 0x8D, 0x15, 0x8D, 0x03, 0xE8, 0x03, 0xE8, 
0x03, 0xE8, 0x1B, 0x07, 0x1B, 0x07, 0x12, 0xA6, 0x1B, 0x07, 0x03, 0xE8, 0x03, 0xE8, 0x1B, 0x07, 
0x12, 0xA6, 0x12, 0xA6, 0x02, 0x44, 0x5B, 0x0C, 0x5B, 0x0C, 0x5B, 0x0C, 0x52, 0xCB, 0x42, 0x49, 
0x52, 0xCB, 0x21, 0x45, 0x52, 0xCB, 0x52, 0xCB, 0x52, 0xCB, 0x21, 0x45, 0x6A, 0x65, 0x00, 0x00, 
0x00, 0x00, 0x00, 0x00, 0x00, 0x00, 0x02, 0x44, 0x15, 0x8D, 0x15, 0x8D, 0x03, 0xE8, 0x03, 0xE8, 
0x03, 0xE8, 0x1B, 0x07, 0x1B, 0x07, 0x12, 0xA6, 0x03, 0xE8, 0x03, 0xE8, 0x1B, 0x07, 0x1B, 0x07, 
0x12, 0xA6, 0x12, 0xA6, 0x02, 0x44, 0x5B, 0x0C, 0x5B, 0x0C, 0x5B, 0x0C, 0x52, 0xCB, 0x42, 0x49, 
0x52, 0xCB, 0x21, 0x45, 0x52, 0xCB, 0x52, 0xCB, 0x52, 0xCB, 0x21, 0x45, 0x00, 0x00, 0x00, 0x00, 
0x00, 0x00, 0x00, 0x00, 0x00, 0x00, 0x02, 0x44, 0x03, 0xE8, 0x03, 0xE8, 0x03, 0xE8, 0x03, 0xE8, 
0x03, 0xE8, 0x1B, 0x07, 0x1B, 0x07, 0x12, 0xA6, 0x03, 0xE8, 0x03, 0xE8, 0x1B, 0x07, 0x1B, 0x07, 
0x12, 0xA6, 0x12, 0xA6, 0x02, 0x44, 0x5B, 0x0C, 0x5B, 0x0C, 0x5B, 0x0C, 0x52, 0xCB, 0x42, 0x49, 
0x52, 0xCB, 0x52, 0xCB, 0x52, 0xCB, 0x52, 0xCB, 0x52, 0xCB, 0x21, 0x45, 0x00, 0x00, 0x00, 0x00, 
0x00, 0x00, 0x00, 0x00, 0x00, 0x00, 0x02, 0x44, 0x03, 0xE8, 0x03, 0xE8, 0x03, 0xE8, 0x1B, 0x07, 
0x1B, 0x07, 0x1B, 0x07, 0x1B, 0x07, 0x12, 0xA6, 0x03, 0xE8, 0x03, 0xE8, 0x1B, 0x07, 0x1B, 0x07, 
0x12, 0xA6, 0x12, 0xA6, 0x02, 0x44, 0x5B, 0x0C, 0x5B, 0x0C, 0x5B, 0x0C, 0x42, 0x49, 0x42, 0x49, 
0x52, 0xCB, 0x52, 0xCB, 0x52, 0xCB, 0x52, 0xCB, 0x52, 0xCB, 0x21, 0x45, 0x8B, 0x69, 0x8B, 0x69, 
0x00, 0x00, 0x00, 0x00, 0x00, 0x00, 0x02, 0x44, 0x03, 0xE8, 0x03, 0xE8, 0x03, 0xE8, 0x1B, 0x07, 
0x1B, 0x07, 0x1B, 0x07, 0x12, 0xA6, 0x15, 0x8D, 0x03, 0xE8, 0x03, 0xE8, 0x1B, 0x07, 0x12, 0xA6, 
0x12, 0xA6, 0x12, 0xA6, 0x02, 0x44, 0x5B, 0x0C, 0x5B, 0x0C, 0x52, 0xCB, 0x42, 0x49, 0x42, 0x49, 
0x52, 0xCB, 0x52, 0xCB, 0x52, 0xCB, 0x52, 0xCB, 0x52, 0xCB, 0x21, 0x45, 0x8B, 0x69, 0x8B, 0x69, 
0x00, 0x00, 0x00, 0x00, 0x00, 0x00, 0x02, 0x44, 0x1B, 0x07, 0x03, 0xE8, 0x1B, 0x07, 0x1B, 0x07, 
0x1B, 0x07, 0x12, 0xA6, 0x12, 0xA6, 0x15, 0x8D, 0x1B, 0x07, 0x1B, 0x07, 0x1B, 0x07, 0x12, 0xA6, 
0x12, 0xA6, 0x12, 0xA6, 0x02, 0x44, 0x52, 0xCB, 0x52, 0xCB, 0x52, 0xCB, 0x42, 0x49, 0x21, 0x45, 
0x42, 0x49, 0x52, 0xCB, 0x52, 0xCB, 0x52, 0xCB, 0x52, 0xCB, 0x21, 0x45, 0x8B, 0x69, 0x6A, 0x65, 
0x00, 0x00, 0x00, 0x00, 0x00, 0x00, 0x02, 0x44, 0x1B, 0x07, 0x03, 0xE8, 0x1B, 0x07, 0x1B, 0x07, 
0x12, 0xA6, 0x12, 0xA6, 0x15, 0x8D, 0x03, 0xE8, 0x1B, 0x07, 0x1B, 0x07, 0x1B, 0x07, 0x12, 0xA6, 
0x12, 0xA6, 0x12, 0xA6, 0x02, 0x44, 0x52, 0xCB, 0x52, 0xCB, 0x52, 0xCB, 0x42, 0x49, 0x21, 0x45, 
0x42, 0x49, 0x52, 0xCB, 0x52, 0xCB, 0x52, 0xCB, 0x52, 0xCB, 0x21, 0x45, 0x6A, 0x65, 0x6A, 0x65, 
0x00, 0x00, 0x00, 0x00, 0x00, 0x00, 0x02, 0x44, 0x1B, 0x07, 0x1B, 0x07, 0x1B, 0x07, 0x12, 0xA6, 
0x12, 0xA6, 0x03, 0xE8, 0x03, 0xE8, 0x03, 0xE8, 0x1B, 0x07, 0x1B, 0x07, 0x12, 0xA6, 0x12, 0xA6, 
0x12, 0xA6, 0x02, 0x44, 0x52, 0xCB, 0x52, 0xCB, 0x52, 0xCB, 0x52, 0xCB, 0x42, 0x49, 0x21, 0x45, 
0x42, 0x49, 0x42, 0x49, 0x52, 0xCB, 0x52, 0xCB, 0x52, 0xCB, 0x21, 0x45, 0x6A, 0x65, 0x6A, 0x65, 
0x00, 0x00, 0x00, 0x00, 0x00, 0x00, 0x00, 0x00, 0x02, 0x44, 0x1B, 0x07, 0x12, 0xA6, 0x12, 0xA6, 
0x03, 0xE8, 0x03, 0xE8, 0x03, 0xE8, 0x1B, 0x07, 0x1B, 0x07, 0x12, 0xA6, 0x12, 0xA6, 0x12, 0xA6, 
0x12, 0xA6, 0x02, 0x44, 0x52, 0xCB, 0x52, 0xCB, 0x52, 0xCB, 0x42, 0x49, 0x21, 0x45, 0x42, 0x49, 
0x42, 0x49, 0x42, 0x49, 0x42, 0x49, 0x21, 0x45, 0x5B, 0x0C, 0x21, 0x45, 0x6A, 0x65, 0x6A, 0x65, 
0x00, 0x00, 0x00, 0x00, 0x00, 0x00, 0x00, 0x00, 0x00, 0x00, 0x02, 0x44, 0x12, 0xA6, 0x03, 0xE8, 
0x03, 0xE8, 0x03, 0xE8, 0x03, 0xE8, 0x1B, 0x07, 0x1B, 0x07, 0x12, 0xA6, 0x12, 0xA6, 0x12, 0xA6, 
0x02, 0x44, 0x42, 0x49, 0x42, 0x49, 0x42, 0x49, 0x42, 0x49, 0x42, 0x49, 0x21, 0x45, 0x31, 0xC7, 
0x42, 0x49, 0x42, 0x49, 0x52, 0xCB, 0x21, 0x45, 0x52, 0xCB, 0x21, 0x45, 0x00, 0x00, 0x00, 0x00, 
0x00, 0x00, 0x00, 0x00, 0x00, 0x00, 0x00, 0x00, 0x00, 0x00, 0x00, 0x00, 0x02, 0x44, 0x03, 0xE8, 
0x03, 0xE8, 0x1B, 0x07, 0x1B, 0x07, 0x1B, 0x07, 0x12, 0xA6, 0x12, 0xA6, 0x12, 0xA6, 0x12, 0xA6, 
0x02, 0x44, 0x42, 0x49, 0x42, 0x49, 0x42, 0x49, 0x42, 0x49, 0x31, 0xC7, 0x21, 0x45, 0x31, 0xC7, 
0x31, 0xC7, 0x52, 0xCB, 0x52, 0xCB, 0x21, 0x45, 0x21, 0x45, 0x00, 0x00, 0x00, 0x00, 0x00, 0x00, 
0x00, 0x00, 0x00, 0x00, 0x00, 0x00, 0x00, 0x00, 0x00, 0x00, 0x00, 0x00, 0x00, 0x00, 0x02, 0x44, 
0x1B, 0x07, 0x1B, 0x07, 0x1B, 0x07, 0x1B, 0x07, 0x12, 0xA6, 0x12, 0xA6, 0x12, 0xA6, 0x02, 0x44, 
0x31, 0xC7, 0x31, 0xC7, 0x31, 0xC7, 0x31, 0xC7, 0x31, 0xC7, 0x21, 0x45, 0x21, 0x45, 0x31, 0xC7, 
0x31, 0xC7, 0x52, 0xCB, 0x52, 0xCB, 0x21, 0x45, 0x00, 0x00, 0x00, 0x00, 0x00, 0x00, 0x00, 0x00, 
0x00, 0x00, 0x00, 0x00, 0x00, 0x00, 0x00, 0x00, 0x00, 0x00, 0x00, 0x00, 0x00, 0x00, 0x00, 0x00, 
0x02, 0x44, 0x02, 0x44, 0x02, 0x44, 0x02, 0x44, 0x02, 0x44, 0x02, 0x44, 0x02, 0x44, 0x31, 0xC7, 
0x31, 0xC7, 0x31, 0xC7, 0x31, 0xC7, 0x31, 0xC7, 0x21, 0x45, 0x00, 0x00, 0x00, 0x00, 0x21, 0x45, 
0x31, 0xC7, 0x31, 0xC7, 0x21, 0x45, 0x00, 0x00, 0x00, 0x00, 0x00, 0x00, 0x00, 0x00, 0x00, 0x00, 
0x00, 0x00, 0x00, 0x00, 0x00, 0x00, 0x00, 0x00, 0x00, 0x00, 0x00, 0x00, 0x00, 0x00, 0x00, 0x00, 
0x00, 0x00, 0x00, 0x00, 0x00, 0x00, 0x00, 0x00, 0x00, 0x00, 0x00, 0x00, 0x21, 0x45, 0x21, 0x45, 
0x21, 0x45, 0x21, 0x45, 0x21, 0x45, 0x21, 0x45, 0x00, 0x00, 0x00, 0x00, 0x00, 0x00, 0x00, 0x00, 
0x00, 0x00, 0x00, 0x00, 0x00, 0x00, 0x00, 0x00, 0x00, 0x00, 0x00, 0x00, 0x00, 0x00, 0x00, 0x00, 
0x00, 0x00, 0x00, 0x00, 0x00, 0x00, 0x00, 0x00, 0x00, 0x00, 0x00, 0x00, 0x00, 0x00, 0x00, 0x00, 
0x00, 0x00, 0x00, 0x00, 0x00, 0x00, 0x00, 0x00, 0x00, 0x00, 0x00, 0x00, 0x00, 0x00, 0x00, 0x00, 
0x00, 0x00, 0x00, 0x00, 0x00, 0x00, 0x00, 0x00, 0x00, 0x00, 0x00, 0x00, 0x00, 0x00, 0x00, 0x00, 
0x00, 0x00, 0x00, 0x00, 0x00, 0x00, 0x00, 0x00, 0x00, 0x00, 0x00, 0x00, 0x00, 0x00, 0x00, 0x00, 
0x00, 0x00, 0x00, 0x00, 0x00, 0x00, 0x00, 0x00, 0x00, 0x00, 0x00, 0x00, 0x00, 0x00, 0x00, 0x00, 
0x00, 0x00, 0x00, 0x00, 0x00, 0x00, 0x00, 0x00, 0x00, 0x00, 0x00, 0x00, 0x00, 0x00, 0x00, 0x00, 
0x00, 0x00, 0x00, 0x00, 0x00, 0x00, 0x00, 0x00, 0x00, 0x00, 0x00, 0x00, 0x00, 0x00, 0x00, 0x00, 
0x00, 0x00, 0x00, 0x00, 0x00, 0x00, 0x00, 0x00, 0x00, 0x00, 0x00, 0x00, 0x00, 0x00, 0x00, 0x00, 
0x00, 0x00, 0x00, 0x00, 0x00, 0x00, 0x00, 0x00, 0x00, 0x00, 0x00, 0x00, 0x00, 0x00, 0x00, 0x00, 
0x00, 0x00, 0x00, 0x00, 0x00, 0x00, 0x00, 0x00, 0x00, 0x00, 0x00, 0x00, 0x00, 0x00, 0x00, 0x00, 
0x00, 0x00, 0x00, 0x00, 0x00, 0x00, 0x00, 0x00, 0x00, 0x00, 0x00, 0x00, 0x00, 0x00, 0x00, 0x00, 
0x00, 0x00, 0x00, 0x00, 0x00, 0x00, 0x00, 0x00, 0x00, 0x00, 0x00, 0x00, 0x00, 0x00, 0x00, 0x00
}
},
{
{
0x00, 0x00, 0x00, 0x00, 0x00, 0x00, 0x00, 0x00, 0x00, 0x00, 0x00, 0x00, 0x00, 0x00, 0x00, 0x00, 
0x00, 0x00, 0x00, 0x00, 0x00, 0x00, 0x00, 0x00, 0x00, 0x00, 0x00, 0x00, 0x00, 0x00, 0x00, 0x00, 
0x00, 0x00, 0x00, 0x00, 0x00, 0x00, 0x00, 0x00, 0x00, 0x00, 0x00, 0x00, 0x00, 0x00, 0x00, 0x00, 
0x00, 0x00, 0x00, 0x00, 0x00, 0x00, 0x00, 0x00, 0x00, 0x00, 0x00, 0x00, 0x00, 0x00, 0x00, 0x00, 
0x00, 0x00, 0x00, 0x00, 0x00, 0x00, 0x00, 0x00, 0x00, 0x00, 0x00, 0x00, 0x00, 0x00, 0x00, 0x00, 
0x00, 0x00, 0x00, 0x00, 0x00, 0x00, 0x00, 0x00, 0x00, 0x00, 0x00, 0x00, 0x00, 0x00, 0x00, 0x00, 
0x00, 0x00, 0x00, 0x00, 0x00, 0x00, 0x00, 0x00, 0x00, 0x00, 0x00, 0x00, 0x00, 0x00, 0x00, 0x00, 
0x00, 0x00, 0x00, 0x00, 0x00, 0x00, 0x00, 0x00, 0x00, 0x00, 0x00, 0x00, 0x00, 0x00, 0x00, 0x00, 
0x00, 0x00, 0x00, 0x00, 0x00, 0x00, 0x00, 0x00, 0x00, 0x00, 0x00, 0x00, 0x00, 0x00, 0x00, 0x00, 
0x00, 0x00, 0x00, 0x00, 0x00, 0x00, 0x00, 0x00, 0x00, 0x00, 0x00, 0x00, 0x00, 0x00, 0x00, 0x00, 
0x00, 0x00, 0x00, 0x00, 0x00, 0x00, 0x00, 0x00, 0x00, 0x00, 0x00, 0x00, 0x00, 0x00, 0x00, 0x00, 
0x00, 0x00, 0x00, 0x00, 0x00, 0x00, 0x00, 0x00, 0x00, 0x00, 0x00, 0x00, 0x00, 0x00, 0x00, 0x00, 
0x00, 0x00, 0x00, 0x00, 0x00, 0x00, 0x00, 0x00, 0x00, 0x00, 0x00, 0x00, 0x00, 0x00, 0x00, 0x00, 
0x00, 0x00, 0x00, 0x00, 0x00, 0x00, 0x00, 0x00, 0x00, 0x00, 0x00, 0x00, 0x00, 0x00, 0x00, 0x00, 
0x00, 0x00, 0x00, 0x00, 0x00, 0x00, 0x00, 0x00, 0x00, 0x00, 0x00, 0x00, 0x00, 0x00, 0x00, 0x00, 
0x00, 0x00, 0x00, 0x00, 0x00, 0x00, 0x00, 0x00, 0x00, 0x00, 0x00, 0x00, 0x00, 0x00, 0x00, 0x00, 
0x00, 0x00, 0x00, 0x00, 0x00, 0x00, 0x00, 0x00, 0x00, 0x00, 0x00, 0x00, 0x00, 0x00, 0x00, 0x00, 
0x00, 0x00, 0x00, 0x00, 0x00, 0x00, 0x00, 0x00, 0x00, 0x00, 0x21, 0x45, 0x21, 0x45, 0x21, 0x45, 
0x21, 0x45, 0x21, 0x45, 0x21, 0x45, 0x00, 0x00, 0x00, 0x00, 0x00, 0x00, 0x00, 0x00, 0x21, 0x45, 
0x21, 0x45, 0x00, 0x00, 0x00, 0x00, 0x00, 0x00, 0x00, 0x00, 0x00, 0x00, 0x00, 0x00, 0x00, 0x00, 
0x00, 0x00, 0x00, 0x00, 0x00, 0x00, 0x00, 0x00, 0x00, 0x00, 0x00, 0x00, 0x00, 0x00, 0x02, 0x44, 
0x02, 0x44, 0x02, 0x44, 0x02, 0x44, 0x02, 0x44, 0x21, 0x45, 0x31, 0xC7, 0x31, 0xC7, 0x42, 0x49, 
0x42, 0x49, 0x42, 0x49, 0x42, 0x49, 0x21, 0x45, 0x00, 0x00, 0x00, 0x00, 0x21, 0x45, 0x52, 0xCB, 
0x52, 0xCB, 0x21, 0x45, 0x00, 0x00, 0x00, 0x00, 0x00, 0x00, 0x00, 0x00, 0x00, 0x00, 0x00, 0x00, 
0x00, 0x00, 0x00, 0x00, 0x00, 0x00, 0x00, 0x00, 0x00, 0x00, 0x00, 0x00, 0x02, 0x44, 0x15, 0x8D, 
0x15, 0x8D, 0x03, 0xE8, 0x03, 0xE8, 0x02, 0x44, 0x31, 0xC7, 0x31, 0xC7, 0x52, 0xCB, 0x52, 0xCB, 
0x52, 0xCB, 0x52, 0xCB, 0x52, 0xCB, 0x52, 0xCB, 0x21, 0x45, 0x21, 0x45, 0x52, 0xCB, 0x5B, 0x0C, 
0x07, 0xE0, 0x00, 0x1F, 0x21, 0x45, 0x00, 0x00, 0x00, 0x00, 0x00, 0x00, 0x00, 0x00, 0x00, 0x00, 
0x00, 0x00, 0x00, 0x00, 0x00, 0x00, 0x00, 0x00, 0x00, 0x00, 0x02, 0x44, 0x15, 0x8D, 0x15, 0x8D, 
0x15, 0x8D, 0x03, 0xE8, 0x03, 0xE8, 0x02, 0x44, 0x02, 0x44, 0x52, 0xCB, 0x5B, 0x0C, 0x5B, 0x0C, 
0x5B, 0x0C, 0x5B, 0x0C, 0x5B, 0x0C, 0x52, 0xCB, 0x52, 0xCB, 0x21, 0x45, 0x5B, 0x0C, 0x63, 0x4D, 
0x00, 0x1F, 0x00, 0x1F, 0x42, 0x49, 0x21, 0x45, 0x00, 0x00, 0x00, 0x00, 0x00, 0x00, 0x00, 0x00, 
0x00, 0x00, 0x00, 0x00, 0x00, 0x00, 0x00, 0x00, 0x02, 0x44, 0x12, 0xA6, 0x03, 0xE8, 0x15, 0x8D, 
0x15, 0x8D, 0x03, 0xE8, 0x03, 0xE8, 0x1B, 0x07, 0x02, 0x44, 0x5B, 0x0C, 0x63, 0x4D, 0x1C, 0x7E, 
0x63, 0x4D, 0x63, 0x4D, 0x07, 0xE0, 0x00, 0x1F, 0x52, 0xCB, 0x21, 0x45, 0x63, 0x4D, 0x63, 0x4D, 
0x63, 0x4D, 0x42, 0x49, 0x52, 0xCB, 0x52, 0xCB, 0x21, 0x45, 0x00, 0x00, 0x00, 0x00, 0x00, 0x00, 
0x00, 0x00, 0x00, 0x00, 0x00, 0x00, 0x02, 0x44, 0x15, 0x8D, 0x12, 0xA6, 0x12, 0xA6, 0x03, 0xE8, 
0x03, 0xE8, 0x03, 0xE8, 0x03, 0xE8, 0x1B, 0x07, 0x02, 0x44, 0x5B, 0x0C, 0x63, 0x4D, 0x1C, 0x7E, 
0x63, 0x4D, 0x63, 0x4D, 0x00, 0x1F, 0x00, 0x1F, 0x52, 0xCB, 0x21, 0x45, 0x63, 0x4D, 0x63, 0x4D, 
0x42, 0x49, 0x5B, 0x0C, 0x5B, 0x0C, 0x52, 0xCB, 0x8B, 0x69, 0x8B, 0x69, 0x00, 0x00, 0x00, 0x00, 
0x00, 0x00, 0x00, 0x00, 0x02, 0x44, 0x15, 0x8D, 0x15, 0x8D, 0x15, 0x8D, 0x12, 0xA6, 0x12, 0xA6, 
0x03, 0xE8, 0x03, 0xE8, 0x1B, 0x07, 0x1B, 0x07, 0x02, 0x44, 0x5B, 0x0C, 0x63, 0x4D, 0x1C, 0x7E, 
0x63, 0x4D, 0x63, 0x4D, 0x63, 0x4D, 0x5B, 0x0C, 0x5B, 0x0C, 0x52, 0xCB, 0x21, 0x45, 0x42, 0x49, 
0x63, 0x4D, 0x63, 0x4D, 0x63, 0x4D, 0x5B, 0x0C, 0x8B, 0x69, 0x8B, 0x69, 0x00, 0x00, 0x00, 0x00, 
0x00, 0x00, 0x00, 0x00, 0x02, 0x44, 0x15, 0x8D, 0x15, 0x8D, 0x15, 0x8D, 0x03, 0xE8, 0x12, 0xA6, 
0x12, 0xA6, 0x03, 0xE8, 0x1B, 0x07, 0x1B, 0x07, 0x02, 0x44, 0x5B, 0x0C, 0x63, 0x4D, 0x1C, 0x7E, 
0x63, 0x4D, 0x63, 0x4D, 0x63, 0x4D, 0x5B, 0x0C, 0x5B, 0x0C, 0x52, 0xCB, 0x21, 0x45, 0x63, 0x4D, 
0x63, 0x4D, 0x63, 0x4D, 0x63, 0x4D, 0x5B, 0x0C, 0x8B, 0x69, 0x6A, 0x65, 0x00, 0x00, 0x00, 0x00, 
0x00, 0x00, 0x00, 0x00, 0x02, 0x44, 0x15, 0x8D, 0x15, 0x8D, 0x15, 0x8D, 0x03, 0xE8, 0x03, 0xE8, 
0x12, 0xA6, 0x12, 0xA6, 0x1B, 0x07, 0x1B, 0x07, 0x02, 0x44, 0x5B, 0x0C, 0x63, 0x4D, 0x1C, 0x7E, 
0x63, 0x4D, 0x63, 0x4D, 0x63, 0x4D, 0x5B, 0x0C, 0x5B, 0x0C, 0x52, 0xCB, 0x21, 0x45, 0x63, 0x4D, 
0xFC, 0x29, 0xFC, 0x29, 0xF8, 0x00, 0xE2, 0x21, 0x6A, 0x65, 0x6A, 0x65, 0x00, 0x00, 0x00, 0x00, 
0x00, 0x00, 0x00, 0x00, 0x02, 0x44, 0x15, 0x8D, 0x15, 0x8D, 0x15, 0x8D, 0x03, 0xE8, 0x03, 0xE8, 
0x03, 0xE8, 0x12, 0xA6, 0x1B, 0x07, 0x1B, 0x07, 0x02, 0x44, 0x5B, 0x0C, 0x63, 0x4D, 0x63, 0x4D, 
0x63, 0x4D, 0x63, 0x4D, 0x63, 0x4D, 0x00, 0x1F, 0x5B, 0x0C, 0x52, 0xCB, 0x21, 0x45, 0xFC, 0x29, 
0xFC, 0x29, 0xF8, 0x00, 0xF2, 0xA3, 0xE2, 0x21, 0x6A, 0x65, 0x6A, 0x65, 0x00, 0x00, 0x00, 0x00, 
0x00, 0x00, 0x00, 0x00, 0x02, 0x44, 0x15, 0x8D, 0x15, 0x8D, 0x15, 0x8D, 0x03, 0xE8, 0x03, 0xE8, 
0x03, 0xE8, 0x1B, 0x07, 0x12, 0xA6, 0x1B, 0x07, 0x02, 0x44, 0x5B, 0x0C, 0x63, 0x4D, 0x63, 0x4D, 
0x63, 0x4D, 0x63, 0x4D, 0x5B, 0x0C, 0x00, 0x1F, 0x5B, 0x0C, 0x52, 0xCB, 0x42, 0x49, 0xFC, 0x29, 
0xF8, 0x00, 0xF8, 0x00, 0xF2, 0xA3, 0xE2, 0x21, 0x6A, 0x65, 0x6A, 0x65, 0x00, 0x00, 0x00, 0x00, 
0x00, 0x00, 0x00, 0x00, 0x02, 0x44, 0x15, 0x8D, 0x15, 0x8D, 0x15, 0x8D, 0x03, 0xE8, 0x03, 0xE8, 
0x03, 0xE8, 0x1B, 0x07, 0x12, 0xA6, 0x1B, 0x07, 0x02, 0x44, 0x5B, 0x0C, 0x5B, 0x0C, 0x63, 0x4D, 
0x63, 0x4D, 0x5B, 0x0C, 0x5B, 0x0C, 0x00, 0x1F, 0x5B, 0x0C, 0x52, 0xCB, 0x42, 0x49, 0xF8, 0x00, 
0xF8, 0x00, 0xF8, 0x00, 0xF2, 0xA3, 0xE2, 0x21, 0x42, 0x49, 0x00, 0x00, 0x00, 0x00, 0x00, 0x00, 
0x00, 0x00, 0x00, 0x00, 0x02, 0x44, 0x03, 0xE8, 0x15, 0x8D, 0x15, 0x8D, 0x03, 0xE8, 0x03, 0xE8, 
0x03, 0xE8, 0x1B, 0x07, 0x12, 0xA6, 0x1B, 0x07, 0x02, 0x44, 0x5B, 0x0C, 0x5B, 0x0C, 0x5B, 0x0C, 
0x5B, 0x0C, 0x5B, 0x0C, 0x5B, 0x0C, 0x00, 0x1F, 0x5B, 0x0C, 0x52, 0xCB, 0x42, 0x49, 0xF2, 0xA3, 
0xF2, 0xA3, 0xF2, 0xA3, 0xF2, 0xA3, 0xE2, 0x21, 0x42, 0x49, 0x00, 0x00, 0x00, 0x00, 0x00, 0x00, 
0x00, 0x00, 0x00, 0x00, 0x02, 0x44, 0x03, 0xE8, 0x03, 0xE8, 0x03, 0xE8, 0x03, 0xE8, 0x03, 0xE8, 
0x03, 0xE8, 0x1B, 0x07, 0x12, 0xA6, 0x1B, 0x07, 0x02, 0x44, 0x52, 0xCB, 0x5B, 0x0C, 0x5B, 0x0C, 
0x5B, 0x0C, 0x5B, 0x0C, 0x5B, 0x0C, 0x00, 0x1F, 0x5B, 0x0C, 0x42, 0x49, 0x42, 0x49, 0xF2, 0xA3, 
0xF2, 0xA3, 0xF2, 0xA3, 0xF2, 0xA3, 0xE2, 0x21, 0x8B, 0x69, 0x8B, 0x69, 0x00, 0x00, 0x00, 0x00, 
0x00, 0x00, 0x00, 0x00, 0x02, 0x44, 0x12, 0xA6, 0x03, 0xE8, 0x03, 0xE8, 0x03, 0xE8, 0x03, 0xE8, 
0x03, 0xE8, 0x1B, 0x07, 0x12, 0xA6, 0x12, 0xA6, 0x02, 0x44, 0x52, 0xCB, 0x52, 0xCB, 0x1C, 0x7E, 
0x5B, 0x0C, 0x5B, 0x0C, 0x5B, 0x0C, 0x00, 0x1F, 0x52, 0xCB, 0x42, 0x49, 0x42, 0x49, 0x52, 0xCB, 
0xE2, 0x21, 0xE2, 0x21, 0xE2, 0x21, 0xE2, 0x21, 0x8B, 0x69, 0x8B, 0x69, 0x00, 0x00, 0x00, 0x00, 
0x00, 0x00, 0x00, 0x00, 0x02, 0x44, 0x12, 0xA6, 0x12, 0xA6, 0x03, 0xE8, 0x03, 0xE8, 0x03, 0xE8, 
0x03, 0xE8, 0x1B, 0x07, 0x1B, 0x07, 0x12, 0xA6, 0x02, 0x44, 0x52, 0xCB, 0x52, 0xCB, 0x1C, 0x7E, 
0x52, 0xCB, 0x52, 0xCB, 0x52, 0xCB, 0x52, 0xCB, 0x52, 0xCB, 0x42, 0x49, 0x21, 0x45, 0x42, 0x49, 
0xE2, 0x21, 0xE2, 0x21, 0xE2, 0x21, 0xE2, 0x21, 0x8B, 0x69, 0x6A, 0x65, 0x00, 0x00, 0x00, 0x00, 
0x00, 0x00, 0x02, 0x44, 0x15, 0x8D, 0x15, 0x8D, 0x12, 0xA6, 0x12, 0xA6, 0x03, 0xE8, 0x03, 0xE8, 
0x1B, 0x07, 0x1B, 0x07, 0x1B, 0x07, 0x12, 0xA6, 0x02, 0x44, 0x52, 0xCB, 0x52, 0xCB, 0x1C, 0x7E, 
0x52, 0xCB, 0x52, 0xCB, 0x52, 0xCB, 0x52, 0xCB, 0x52, 0xCB, 0x42, 0x49, 0x21, 0x45, 0x42, 0x49, 
0x52, 0xCB, 0x52, 0xCB, 0x52, 0xCB, 0x52, 0xCB, 0x6A, 0x65, 0x6A, 0x65, 0x00, 0x00, 0x00, 0x00, 
0x00, 0x00, 0x02, 0x44, 0x15, 0x8D, 0x15, 0x8D, 0x03, 0xE8, 0x12, 0xA6, 0x1B, 0x07, 0x1B, 0x07, 
0x1B, 0x07, 0x1B, 0x07, 0x1B, 0x07, 0x12, 0xA6, 0x02, 0x44, 0x52, 0xCB, 0x52, 0xCB, 0x1C, 0x7E, 
0x52, 0xCB, 0x52, 0xCB, 0x52, 0xCB, 0x52, 0xCB, 0x52, 0xCB, 0x42, 0x49, 0x21, 0x45, 0x21, 0x45, 
0x42, 0x49, 0x42, 0x49, 0x42, 0x49, 0x42, 0x49, 0x6A, 0x65, 0x6A, 0x65, 0x00, 0x00, 0x00, 0x00, 
0x00, 0x00, 0x02, 0x44, 0x03, 0xE8, 0x03, 0xE8, 0x03, 0xE8, 0x12, 0xA6, 0x12, 0xA6, 0x1B, 0x07, 
0x1B, 0x07, 0x1B, 0x07, 0x1B, 0x07, 0x12, 0xA6, 0x02, 0x44, 0x42, 0x49, 0x52, 0xCB, 0x1C, 0x7E, 
0x52, 0xCB, 0x52, 0xCB, 0x07, 0xE0, 0x00, 0x1F, 0x42, 0x49, 0x21, 0x45, 0x42, 0x49, 0x42, 0x49, 
0x21, 0x45, 0x42, 0x49, 0x42, 0x49, 0x21, 0x45, 0x6A, 0x65, 0x6A, 0x65, 0x00, 0x00, 0x00, 0x00, 
0x00, 0x00, 0x02, 0x44, 0x03, 0xE8, 0x03, 0xE8, 0x03, 0xE8, 0x03, 0xE8, 0x12, 0xA6, 0x1B, 0x07, 
0x1B, 0x07, 0x1B, 0x07, 0x1B, 0x07, 0x12, 0xA6, 0x02, 0x44, 0x42, 0x49, 0x42, 0x49, 0x42, 0x49, 
0x42, 0x49, 0x42, 0x49, 0x00, 0x1F, 0x00, 0x1F, 0x42, 0x49, 0x21, 0x45, 0x31, 0xC7, 0x42, 0x49, 
0x42, 0x49, 0x21, 0x45, 0x42, 0x49, 0x42, 0x49, 0x42, 0x49, 0x00, 0x00, 0x00, 0x00, 0x00, 0x00, 
0x02, 0x44, 0x03, 0xE8, 0x03, 0xE8, 0x03, 0xE8, 0x03, 0xE8, 0x1B, 0x07, 0x12, 0xA6, 0x12, 0xA6, 
0x1B, 0x07, 0x1B, 0x07, 0x1B, 0x07, 0x12, 0xA6, 0x02, 0x44, 0x31, 0xC7, 0x42, 0x49, 0x42, 0x49, 
0x42, 0x49, 0x42, 0x49, 0x42, 0x49, 0x42, 0x49, 0x31, 0xC7, 0x21, 0x45, 0x31, 0xC7, 0x31, 0xC7, 
0x07, 0xE0, 0x00, 0x1F, 0x31, 0xC7, 0x21, 0x45, 0x52, 0xCB, 0x21, 0x45, 0x00, 0x00, 0x00, 0x00, 
0x02, 0x44, 0x03, 0xE8, 0x03, 0xE8, 0x1B, 0x07, 0x1B, 0x07, 0x1B, 0x07, 0x1B, 0x07, 0x12, 0xA6, 
0x1B, 0x07, 0x1B, 0x07, 0x12, 0xA6, 0x12, 0xA6, 0x02, 0x44, 0x31, 0xC7, 0x31, 0xC7, 0x31, 0xC7, 
0x31, 0xC7, 0x31, 0xC7, 0x31, 0xC7, 0x31, 0xC7, 0x21, 0x45, 0x21, 0x45, 0x31, 0xC7, 0x31, 0xC7, 
0x00, 0x1F, 0x00, 0x1F, 0x21, 0x45, 0x5B, 0x0C, 0x52, 0xCB, 0x21, 0x45, 0x00, 0x00, 0x00, 0x00, 
0x00, 0x00, 0x02, 0x44, 0x1B, 0x07, 0x1B, 0x07, 0x1B, 0x07, 0x1B, 0x07, 0x1B, 0x07, 0x12, 0xA6, 
0x12, 0xA6, 0x12, 0xA6, 0x12, 0xA6, 0x12, 0xA6, 0x12, 0xA6, 0x02, 0x44, 0x31, 0xC7, 0x31, 0xC7, 
0x31, 0xC7, 0x31, 0xC7, 0x31, 0xC7, 0x21, 0x45, 0x00, 0x00, 0x00, 0x00, 0x21, 0x45, 0x31, 0xC7, 
0x31, 0xC7, 0x21, 0x45, 0x21, 0x45, 0x52, 0xCB, 0x52, 0xCB, 0x21, 0x45, 0x00, 0x00, 0x00, 0x00, 
0x00, 0x00, 0x00, 0x00, 0x02, 0x44, 0x02, 0x44, 0x02, 0x44, 0x02, 0x44, 0x02, 0x44, 0x02, 0x44, 
0x12, 0xA6, 0x12, 0xA6, 0x12, 0xA6, 0x12, 0xA6, 0x12, 0xA6, 0x02, 0x44, 0x21, 0x45, 0x21, 0x45, 
0x21, 0x45, 0x21, 0x45, 0x21, 0x45, 0x00, 0x00, 0x00, 0x00, 0x00, 0x00, 0x00, 0x00, 0x21, 0x45, 
0x21, 0x45, 0x00, 0x00, 0x21, 0x45, 0x42, 0x49, 0x42, 0x49, 0x21, 0x45, 0x00, 0x00, 0x00, 0x00, 
0x00, 0x00, 0x00, 0x00, 0x00, 0x00, 0x00, 0x00, 0x00, 0x00, 0x00, 0x00, 0x00, 0x00, 0x00, 0x00, 
0x02, 0x44, 0x12, 0xA6, 0x12, 0xA6, 0x12, 0xA6, 0x12, 0xA6, 0x02, 0x44, 0x00, 0x00, 0x00, 0x00, 
0x00, 0x00, 0x00, 0x00, 0x00, 0x00, 0x00, 0x00, 0x00, 0x00, 0x00, 0x00, 0x00, 0x00, 0x00, 0x00, 
0x00, 0x00, 0x00, 0x00, 0x21, 0x45, 0x42, 0x49, 0x31, 0xC7, 0x21, 0x45, 0x00, 0x00, 0x00, 0x00, 
0x00, 0x00, 0x00, 0x00, 0x00, 0x00, 0x00, 0x00, 0x00, 0x00, 0x00, 0x00, 0x00, 0x00, 0x00, 0x00, 
0x00, 0x00, 0x02, 0x44, 0x02, 0x44, 0x02, 0x44, 0x02, 0x44, 0x00, 0x00, 0x00, 0x00, 0x00, 0x00, 
0x00, 0x00, 0x00, 0x00, 0x00, 0x00, 0x00, 0x00, 0x00, 0x00, 0x00, 0x00, 0x00, 0x00, 0x00, 0x00, 
0x00, 0x00, 0x00, 0x00, 0x00, 0x00, 0x21, 0x45, 0x31, 0xC7, 0x21, 0x45, 0x00, 0x00, 0x00, 0x00, 
0x00, 0x00, 0x00, 0x00, 0x00, 0x00, 0x00, 0x00, 0x00, 0x00, 0x00, 0x00, 0x00, 0x00, 0x00, 0x00, 
0x00, 0x00, 0x00, 0x00, 0x00, 0x00, 0x00, 0x00, 0x00, 0x00, 0x00, 0x00, 0x00, 0x00, 0x00, 0x00, 
0x00, 0x00, 0x00, 0x00, 0x00, 0x00, 0x00, 0x00, 0x00, 0x00, 0x00, 0x00, 0x00, 0x00, 0x00, 0x00, 
0x00, 0x00, 0x00, 0x00, 0x00, 0x00, 0x00, 0x00, 0x21, 0x45, 0x00, 0x00, 0x00, 0x00, 0x00, 0x00, 
0x00, 0x00, 0x00, 0x00, 0x00, 0x00, 0x00, 0x00, 0x00, 0x00, 0x00, 0x00, 0x00, 0x00, 0x00, 0x00, 
0x00, 0x00, 0x00, 0x00, 0x00, 0x00, 0x00, 0x00, 0x00, 0x00, 0x00, 0x00, 0x00, 0x00, 0x00, 0x00, 
0x00, 0x00, 0x00, 0x00, 0x00, 0x00, 0x00, 0x00, 0x00, 0x00, 0x00, 0x00, 0x00, 0x00, 0x00, 0x00, 
0x00, 0x00, 0x00, 0x00, 0x00, 0x00, 0x00, 0x00, 0x00, 0x00, 0x00, 0x00, 0x00, 0x00, 0x00, 0x00
}
,
{
0x00, 0x00, 0x00, 0x00, 0x00, 0x00, 0x00, 0x00, 0x00, 0x00, 0x00, 0x00, 0x00, 0x00, 0x00, 0x00, 
0x00, 0x00, 0x00, 0x00, 0x00, 0x00, 0x00, 0x00, 0x00, 0x00, 0x00, 0x00, 0x00, 0x00, 0x00, 0x00, 
0x00, 0x00, 0x00, 0x00, 0x00, 0x00, 0x00, 0x00, 0x00, 0x00, 0x00, 0x00, 0x00, 0x00, 0x00, 0x00, 
0x00, 0x00, 0x00, 0x00, 0x00, 0x00, 0x00, 0x00, 0x00, 0x00, 0x00, 0x00, 0x00, 0x00, 0x00, 0x00, 
0x00, 0x00, 0x00, 0x00, 0x00, 0x00, 0x00, 0x00, 0x00, 0x00, 0x00, 0x00, 0x00, 0x00, 0x00, 0x00, 
0x00, 0x00, 0x00, 0x00, 0x00, 0x00, 0x00, 0x00, 0x00, 0x00, 0x00, 0x00, 0x00, 0x00, 0x00, 0x00, 
0x00, 0x00, 0x00, 0x00, 0x00, 0x00, 0x00, 0x00, 0x00, 0x00, 0x00, 0x00, 0x00, 0x00, 0x00, 0x00, 
0x00, 0x00, 0x00, 0x00, 0x00, 0x00, 0x00, 0x00, 0x00, 0x00, 0x00, 0x00, 0x00, 0x00, 0x00, 0x00, 
0x00, 0x00, 0x00, 0x00, 0x00, 0x00, 0x00, 0x00, 0x00, 0x00, 0x00, 0x00, 0x00, 0x00, 0x00, 0x00, 
0x00, 0x00, 0x00, 0x00, 0x00, 0x00, 0x00, 0x00, 0x00, 0x00, 0x00, 0x00, 0x00, 0x00, 0x00, 0x00, 
0x00, 0x00, 0x00, 0x00, 0x00, 0x00, 0x00, 0x00, 0x00, 0x00, 0x00, 0x00, 0x00, 0x00, 0x00, 0x00, 
0x00, 0x00, 0x00, 0x00, 0x00, 0x00, 0x00, 0x00, 0x00, 0x00, 0x00, 0x00, 0x00, 0x00, 0x00, 0x00, 
0x00, 0x00, 0x00, 0x00, 0x00, 0x00, 0x00, 0x00, 0x00, 0x00, 0x00, 0x00, 0x00, 0x00, 0x00, 0x00, 
0x00, 0x00, 0x00, 0x00, 0x00, 0x00, 0x00, 0x00, 0x00, 0x00, 0x00, 0x00, 0x00, 0x00, 0x00, 0x00, 
0x00, 0x00, 0x00, 0x00, 0x00, 0x00, 0x00, 0x00, 0x00, 0x00, 0x00, 0x00, 0x00, 0x00, 0x00, 0x00, 
0x00, 0x00, 0x00, 0x00, 0x00, 0x00, 0x00, 0x00, 0x00, 0x00, 0x00, 0x00, 0x00, 0x00, 0x00, 0x00, 
0x00, 0x00, 0x00, 0x00, 0x00, 0x00, 0x00, 0x00, 0x00, 0x00, 0x00, 0x00, 0x00, 0x00, 0x00, 0x00, 
0x00, 0x00, 0x00, 0x00, 0x00, 0x00, 0x00, 0x00, 0x00, 0x00, 0x00, 0x00, 0x21, 0x45, 0x21, 0x45, 
0x21, 0x45, 0x21, 0x45, 0x21, 0x45, 0x21, 0x45, 0x00, 0x00, 0x00, 0x00, 0x00, 0x00, 0x21, 0x45, 
0x21, 0x45, 0x00, 0x00, 0x00, 0x00, 0x00, 0x00, 0x00, 0x00, 0x00, 0x00, 0x00, 0x00, 0x00, 0x00, 
0x00, 0x00, 0x00, 0x00, 0x00, 0x00, 0x00, 0x00, 0x00, 0x00, 0x00, 0x00, 0x00, 0x00, 0x00, 0x00, 
0x02, 0x44, 0x02, 0x44, 0x02, 0x44, 0x02, 0x44, 0x02, 0x44, 0x21, 0x45, 0x31, 0xC7, 0x31, 0xC7, 
0x42, 0x49, 0x42, 0x49, 0x42, 0x49, 0x42, 0x49, 0x21, 0x45, 0x00, 0x00, 0x21, 0x45, 0x52, 0xCB, 
0x52, 0xCB, 0x21, 0x45, 0x00, 0x00, 0x00, 0x00, 0x00, 0x00, 0x00, 0x00, 0x00, 0x00, 0x00, 0x00, 
0x00, 0x00, 0x00, 0x00, 0x00, 0x00, 0x00, 0x00, 0x00, 0x00, 0x00, 0x00, 0x00, 0x00, 0x02, 0x44, 
0x15, 0x8D, 0x15, 0x8D, 0x03, 0xE8, 0x03, 0xE8, 0x02, 0x44, 0x31, 0xC7, 0x31, 0xC7, 0x52, 0xCB, 
0x52, 0xCB, 0x52, 0xCB, 0x52, 0xCB, 0x52, 0xCB, 0x52, 0xCB, 0x21, 0x45, 0x52, 0xCB, 0x5B, 0x0C, 
0x07, 0xE0, 0x00, 0x1F, 0x21, 0x45, 0x00, 0x00, 0x00, 0x00, 0x00, 0x00, 0x00, 0x00, 0x00, 0x00, 
0x00, 0x00, 0x00, 0x00, 0x00, 0x00, 0x00, 0x00, 0x00, 0x00, 0x00, 0x00, 0x02, 0x44, 0x15, 0x8D, 
0x15, 0x8D, 0x15, 0x8D, 0x03, 0xE8, 0x03, 0xE8, 0x02, 0x44, 0x02, 0x44, 0x52, 0xCB, 0x5B, 0x0C, 
0x5B, 0x0C, 0x5B, 0x0C, 0x5B, 0x0C, 0x5B, 0x0C, 0x52, 0xCB, 0x21, 0x45, 0x5B, 0x0C, 0x63, 0x4D, 
0x00, 0x1F, 0x00, 0x1F, 0x42, 0x49, 0x21, 0x45, 0x00, 0x00, 0x00, 0x00, 0x00, 0x00, 0x00, 0x00, 
0x00, 0x00, 0x00, 0x00, 0x00, 0x00, 0x00, 0x00, 0x00, 0x00, 0x02, 0x44, 0x12, 0xA6, 0x03, 0xE8, 
0x15, 0x8D, 0x15, 0x8D, 0x03, 0xE8, 0x03, 0xE8, 0x1B, 0x07, 0x02, 0x44, 0x5B, 0x0C, 0x63, 0x4D, 
0x1C, 0x7E, 0x63, 0x4D, 0x63, 0x4D, 0x07, 0xE0, 0x00, 0x1F, 0x21, 0x45, 0x63, 0x4D, 0x63, 0x4D, 
0x63, 0x4D, 0x42, 0x49, 0x52, 0xCB, 0x52, 0xCB, 0x21, 0x45, 0x00, 0x00, 0x00, 0x00, 0x00, 0x00, 
0x00, 0x00, 0x00, 0x00, 0x00, 0x00, 0x00, 0x00, 0x02, 0x44, 0x15, 0x8D, 0x12, 0xA6, 0x12, 0xA6, 
0x03, 0xE8, 0x03, 0xE8, 0x03, 0xE8, 0x03, 0xE8, 0x1B, 0x07, 0x02, 0x44, 0x5B, 0x0C, 0x63, 0x4D, 
0x1C, 0x7E, 0x63, 0x4D, 0x63, 0x4D, 0x00, 0x1F, 0x00, 0x1F, 0x21, 0x45, 0x63, 0x4D, 0x63, 0x4D, 
0x42, 0x49, 0x5B, 0x0C, 0x5B, 0x0C, 0x52, 0xCB, 0x8B, 0x69, 0x8B, 0x69, 0x00, 0x00, 0x00, 0x00, 
0x00, 0x00, 0x00, 0x00, 0x00, 0x00, 0x02, 0x44, 0x15, 0x8D, 0x15, 0x8D, 0x15, 0x8D, 0x12, 0xA6, 
0x12, 0xA6, 0x03, 0xE8, 0x03, 0xE8, 0x1B, 0x07, 0x1B, 0x07, 0x02, 0x44, 0x5B, 0x0C, 0x63, 0x4D, 
0x1C, 0x7E, 0x63, 0x4D, 0x63, 0x4D, 0x63, 0x4D, 0x5B, 0x0C, 0x52, 0xCB, 0x21, 0x45, 0x42, 0x49, 
0x63, 0x4D, 0x63, 0x4D, 0x63, 0x4D, 0x5B, 0x0C, 0x8B, 0x69, 0x8B, 0x69, 0x00, 0x00, 0x00, 0x00, 
0x00, 0x00, 0x00, 0x00, 0x00, 0x00, 0x02, 0x44, 0x15, 0x8D, 0x15, 0x8D, 0x15, 0x8D, 0x03, 0xE8, 
0x12, 0xA6, 0x12, 0xA6, 0x03, 0xE8, 0x1B, 0x07, 0x1B, 0x07, 0x02, 0x44, 0x5B, 0x0C, 0x63, 0x4D, 
0x1C, 0x7E, 0x63, 0x4D, 0x63, 0x4D, 0x63, 0x4D, 0x5B, 0x0C, 0x52, 0xCB, 0x21, 0x45, 0x63, 0x4D, 
0x63, 0x4D, 0x63, 0x4D, 0x63, 0x4D, 0x5B, 0x0C, 0x8B, 0x69, 0x6A, 0x65, 0x00, 0x00, 0x00, 0x00, 
0x00, 0x00, 0x00, 0x00, 0x00, 0x00, 0x02, 0x44, 0x15, 0x8D, 0x15, 0x8D, 0x15, 0x8D, 0x03, 0xE8, 
0x03, 0xE8, 0x12, 0xA6, 0x12, 0xA6, 0x1B, 0x07, 0x1B, 0x07, 0x02, 0x44, 0x5B, 0x0C, 0x63, 0x4D, 
0x1C, 0x7E, 0x63, 0x4D, 0x63, 0x4D, 0x63, 0x4D, 0x5B, 0x0C, 0x52, 0xCB, 0x21, 0x45, 0x63, 0x4D, 
0xFC, 0x29, 0xFC, 0x29, 0xF8, 0x00, 0xE2, 0x21, 0x6A, 0x65, 0x6A, 0x65, 0x00, 0x00, 0x00, 0x00, 
0x00, 0x00, 0x00, 0x00, 0x00, 0x00, 0x02, 0x44, 0x15, 0x8D, 0x15, 0x8D, 0x15, 0x8D, 0x03, 0xE8, 
0x03, 0xE8, 0x03, 0xE8, 0x12, 0xA6, 0x1B, 0x07, 0x1B, 0x07, 0x02, 0x44, 0x5B, 0x0C, 0x63, 0x4D, 
0x63, 0x4D, 0x63, 0x4D, 0x63, 0x4D, 0x63, 0x4D, 0x00, 0x1F, 0x52, 0xCB, 0x21, 0x45, 0xFC, 0x29, 
0xFC, 0x29, 0xF8, 0x00, 0xF2, 0xA3, 0xE2, 0x21, 0x6A, 0x65, 0x6A, 0x65, 0x00, 0x00, 0x00, 0x00, 
0x00, 0x00, 0x00, 0x00, 0x00, 0x00, 0x02, 0x44, 0x15, 0x8D, 0x15, 0x8D, 0x15, 0x8D, 0x03, 0xE8, 
0x03, 0xE8, 0x03, 0xE8, 0x1B, 0x07, 0x12, 0xA6, 0x1B, 0x07, 0x02, 0x44, 0x5B, 0x0C, 0x63, 0x4D, 
0x63, 0x4D, 0x63, 0x4D, 0x63, 0x4D, 0x5B, 0x0C, 0x00, 0x1F, 0x52, 0xCB, 0x42, 0x49, 0xFC, 0x29, 
0xF8, 0x00, 0xF8, 0x00, 0xF2, 0xA3, 0xE2, 0x21, 0x6A, 0x65, 0x6A, 0x65, 0x00, 0x00, 0x00, 0x00, 
0x00, 0x00, 0x00, 0x00, 0x00, 0x00, 0x02, 0x44, 0x15, 0x8D, 0x15, 0x8D, 0x15, 0x8D, 0x03, 0xE8, 
0x03, 0xE8, 0x03, 0xE8, 0x1B, 0x07, 0x12, 0xA6, 0x1B, 0x07, 0x02, 0x44, 0x5B, 0x0C, 0x5B, 0x0C, 
0x63, 0x4D, 0x63, 0x4D, 0x5B, 0x0C, 0x5B, 0x0C, 0x00, 0x1F, 0x52, 0xCB, 0x42, 0x49, 0xF8, 0x00, 
0xF8, 0x00, 0xF8, 0x00, 0xF2, 0xA3, 0xE2, 0x21, 0x42, 0x49, 0x00, 0x00, 0x00, 0x00, 0x00, 0x00, 
0x00, 0x00, 0x00, 0x00, 0x00, 0x00, 0x02, 0x44, 0x03, 0xE8, 0x15, 0x8D, 0x15, 0x8D, 0x03, 0xE8, 
0x03, 0xE8, 0x03, 0xE8, 0x1B, 0x07, 0x12, 0xA6, 0x1B, 0x07, 0x02, 0x44, 0x5B, 0x0C, 0x5B, 0x0C, 
0x5B, 0x0C, 0x5B, 0x0C, 0x5B, 0x0C, 0x5B, 0x0C, 0x00, 0x1F, 0x52, 0xCB, 0x42, 0x49, 0xF2, 0xA3, 
0xF2, 0xA3, 0xF2, 0xA3, 0xF2, 0xA3, 0xE2, 0x21, 0x42, 0x49, 0x00, 0x00, 0x00, 0x00, 0x00, 0x00, 
0x00, 0x00, 0x00, 0x00, 0x00, 0x00, 0x02, 0x44, 0x03, 0xE8, 0x03, 0xE8, 0x03, 0xE8, 0x03, 0xE8, 
0x03, 0xE8, 0x03, 0xE8, 0x1B, 0x07, 0x12, 0xA6, 0x1B, 0x07, 0x02, 0x44, 0x52, 0xCB, 0x5B, 0x0C, 
0x5B, 0x0C, 0x5B, 0x0C, 0x5B, 0x0C, 0x5B, 0x0C, 0x00, 0x1F, 0x42, 0x49, 0x42, 0x49, 0xF2, 0xA3, 
0xF2, 0xA3, 0xF2, 0xA3, 0xF2, 0xA3, 0xE2, 0x21, 0x8B, 0x69, 0x8B, 0x69, 0x00, 0x00, 0x00, 0x00, 
0x00, 0x00, 0x00, 0x00, 0x00, 0x00, 0x02, 0x44, 0x12, 0xA6, 0x03, 0xE8, 0x03, 0xE8, 0x03, 0xE8, 
0x03, 0xE8, 0x03, 0xE8, 0x1B, 0x07, 0x12, 0xA6, 0x12, 0xA6, 0x02, 0x44, 0x52, 0xCB, 0x52, 0xCB, 
0x1C, 0x7E, 0x5B, 0x0C, 0x5B, 0x0C, 0x5B, 0x0C, 0x00, 0x1F, 0x42, 0x49, 0x42, 0x49, 0x52, 0xCB, 
0xE2, 0x21, 0xE2, 0x21, 0xE2, 0x21, 0xE2, 0x21, 0x8B, 0x69, 0x8B, 0x69, 0x00, 0x00, 0x00, 0x00, 
0x00, 0x00, 0x00, 0x00, 0x00, 0x00, 0x02, 0x44, 0x12, 0xA6, 0x12, 0xA6, 0x03, 0xE8, 0x03, 0xE8, 
0x03, 0xE8, 0x03, 0xE8, 0x1B, 0x07, 0x1B, 0x07, 0x12, 0xA6, 0x02, 0x44, 0x52, 0xCB, 0x52, 0xCB, 
0x1C, 0x7E, 0x52, 0xCB, 0x52, 0xCB, 0x52, 0xCB, 0x52, 0xCB, 0x42, 0x49, 0x21, 0x45, 0x42, 0x49, 
0xE2, 0x21, 0xE2, 0x21, 0xE2, 0x21, 0xE2, 0x21, 0x8B, 0x69, 0x6A, 0x65, 0x00, 0x00, 0x00, 0x00, 
0x00, 0x00, 0x00, 0x00, 0x02, 0x44, 0x15, 0x8D, 0x15, 0x8D, 0x12, 0xA6, 0x12, 0xA6, 0x03, 0xE8, 
0x03, 0xE8, 0x1B, 0x07, 0x1B, 0x07, 0x1B, 0x07, 0x12, 0xA6, 0x02, 0x44, 0x52, 0xCB, 0x52, 0xCB, 
0x1C, 0x7E, 0x52, 0xCB, 0x52, 0xCB, 0x52, 0xCB, 0x52, 0xCB, 0x42, 0x49, 0x21, 0x45, 0x42, 0x49, 
0x52, 0xCB, 0x52, 0xCB, 0x52, 0xCB, 0x52, 0xCB, 0x6A, 0x65, 0x6A, 0x65, 0x00, 0x00, 0x00, 0x00, 
0x00, 0x00, 0x00, 0x00, 0x02, 0x44, 0x15, 0x8D, 0x15, 0x8D, 0x03, 0xE8, 0x12, 0xA6, 0x1B, 0x07, 
0x1B, 0x07, 0x1B, 0x07, 0x1B, 0x07, 0x1B, 0x07, 0x12, 0xA6, 0x02, 0x44, 0x52, 0xCB, 0x52, 0xCB, 
0x1C, 0x7E, 0x52, 0xCB, 0x52, 0xCB, 0x52, 0xCB, 0x52, 0xCB, 0x42, 0x49, 0x21, 0x45, 0x21, 0x45, 
0x42, 0x49, 0x42, 0x49, 0x42, 0x49, 0x42, 0x49, 0x6A, 0x65, 0x6A, 0x65, 0x00, 0x00, 0x00, 0x00, 
0x00, 0x00, 0x00, 0x00, 0x02, 0x44, 0x03, 0xE8, 0x03, 0xE8, 0x03, 0xE8, 0x12, 0xA6, 0x12, 0xA6, 
0x1B, 0x07, 0x1B, 0x07, 0x1B, 0x07, 0x1B, 0x07, 0x12, 0xA6, 0x02, 0x44, 0x42, 0x49, 0x52, 0xCB, 
0x1C, 0x7E, 0x52, 0xCB, 0x52, 0xCB, 0x07, 0xE0, 0x00, 0x1F, 0x21, 0x45, 0x42, 0x49, 0x42, 0x49, 
0x21, 0x45, 0x42, 0x49, 0x42, 0x49, 0x21, 0x45, 0x6A, 0x65, 0x6A, 0x65, 0x00, 0x00, 0x00, 0x00, 
0x00, 0x00, 0x00, 0x00, 0x02, 0x44, 0x03, 0xE8, 0x03, 0xE8, 0x03, 0xE8, 0x03, 0xE8, 0x12, 0xA6, 
0x1B, 0x07, 0x1B, 0x07, 0x1B, 0x07, 0x1B, 0x07, 0x12, 0xA6, 0x02, 0x44, 0x42, 0x49, 0x42, 0x49, 
0x42, 0x49, 0x42, 0x49, 0x42, 0x49, 0x00, 0x1F, 0x00, 0x1F, 0x21, 0x45, 0x31, 0xC7, 0x42, 0x49, 
0x42, 0x49, 0x21, 0x45, 0x42, 0x49, 0x42, 0x49, 0x42, 0x49, 0x00, 0x00, 0x00, 0x00, 0x00, 0x00, 
0x00, 0x00, 0x02, 0x44, 0x03, 0xE8, 0x03, 0xE8, 0x03, 0xE8, 0x03, 0xE8, 0x1B, 0x07, 0x12, 0xA6, 
0x12, 0xA6, 0x1B, 0x07, 0x1B, 0x07, 0x1B, 0x07, 0x12, 0xA6, 0x02, 0x44, 0x31, 0xC7, 0x42, 0x49, 
0x42, 0x49, 0x42, 0x49, 0x42, 0x49, 0x42, 0x49, 0x42, 0x49, 0x21, 0x45, 0x31, 0xC7, 0x31, 0xC7, 
0x07, 0xE0, 0x00, 0x1F, 0x31, 0xC7, 0x21, 0x45, 0x52, 0xCB, 0x21, 0x45, 0x00, 0x00, 0x00, 0x00, 
0x00, 0x00, 0x02, 0x44, 0x03, 0xE8, 0x03, 0xE8, 0x1B, 0x07, 0x1B, 0x07, 0x1B, 0x07, 0x1B, 0x07, 
0x12, 0xA6, 0x1B, 0x07, 0x1B, 0x07, 0x12, 0xA6, 0x12, 0xA6, 0x02, 0x44, 0x31, 0xC7, 0x31, 0xC7, 
0x31, 0xC7, 0x31, 0xC7, 0x31, 0xC7, 0x31, 0xC7, 0x31, 0xC7, 0x21, 0x45, 0x31, 0xC7, 0x31, 0xC7, 
0x00, 0x1F, 0x00, 0x1F, 0x21, 0x45, 0x5B, 0x0C, 0x52, 0xCB, 0x21, 0x45, 0x00, 0x00, 0x00, 0x00, 
0x00, 0x00, 0x00, 0x00, 0x02, 0x44, 0x1B, 0x07, 0x1B, 0x07, 0x1B, 0x07, 0x1B, 0x07, 0x1B, 0x07, 
0x12, 0xA6, 0x12, 0xA6, 0x12, 0xA6, 0x12, 0xA6, 0x12, 0xA6, 0x12, 0xA6, 0x02, 0x44, 0x31, 0xC7, 
0x31, 0xC7, 0x31, 0xC7, 0x31, 0xC7, 0x31, 0xC7, 0x21, 0x45, 0x00, 0x00, 0x21, 0x45, 0x31, 0xC7, 
0x31, 0xC7, 0x21, 0x45, 0x21, 0x45, 0x52, 0xCB, 0x52, 0xCB, 0x21, 0x45, 0x00, 0x00, 0x00, 0x00, 
0x00, 0x00, 0x00, 0x00, 0x00, 0x00, 0x02, 0x44, 0x02, 0x44, 0x02, 0x44, 0x02, 0x44, 0x02, 0x44, 
0x02, 0x44, 0x12, 0xA6, 0x12, 0xA6, 0x12, 0xA6, 0x12, 0xA6, 0x12, 0xA6, 0x02, 0x44, 0x21, 0x45, 
0x21, 0x45, 0x21, 0x45, 0x21, 0x45, 0x21, 0x45, 0x00, 0x00, 0x00, 0x00, 0x00, 0x00, 0x21, 0x45, 
0x21, 0x45, 0x00, 0x00, 0x21, 0x45, 0x42, 0x49, 0x42, 0x49, 0x21, 0x45, 0x00, 0x00, 0x00, 0x00, 
0x00, 0x00, 0x00, 0x00, 0x00, 0x00, 0x00, 0x00, 0x00, 0x00, 0x00, 0x00, 0x00, 0x00, 0x00, 0x00, 
0x00, 0x00, 0x02, 0x44, 0x12, 0xA6, 0x12, 0xA6, 0x12, 0xA6, 0x12, 0xA6, 0x02, 0x44, 0x00, 0x00, 
0x00, 0x00, 0x00, 0x00, 0x00, 0x00, 0x00, 0x00, 0x00, 0x00, 0x00, 0x00, 0x00, 0x00, 0x00, 0x00, 
0x00, 0x00, 0x00, 0x00, 0x21, 0x45, 0x42, 0x49, 0x31, 0xC7, 0x21, 0x45, 0x00, 0x00, 0x00, 0x00, 
0x00, 0x00, 0x00, 0x00, 0x00, 0x00, 0x00, 0x00, 0x00, 0x00, 0x00, 0x00, 0x00, 0x00, 0x00, 0x00, 
0x00, 0x00, 0x00, 0x00, 0x02, 0x44, 0x02, 0x44, 0x02, 0x44, 0x02, 0x44, 0x00, 0x00, 0x00, 0x00, 
0x00, 0x00, 0x00, 0x00, 0x00, 0x00, 0x00, 0x00, 0x00, 0x00, 0x00, 0x00, 0x00, 0x00, 0x00, 0x00, 
0x00, 0x00, 0x00, 0x00, 0x00, 0x00, 0x21, 0x45, 0x31, 0xC7, 0x21, 0x45, 0x00, 0x00, 0x00, 0x00, 
0x00, 0x00, 0x00, 0x00, 0x00, 0x00, 0x00, 0x00, 0x00, 0x00, 0x00, 0x00, 0x00, 0x00, 0x00, 0x00, 
0x00, 0x00, 0x00, 0x00, 0x00, 0x00, 0x00, 0x00, 0x00, 0x00, 0x00, 0x00, 0x00, 0x00, 0x00, 0x00, 
0x00, 0x00, 0x00, 0x00, 0x00, 0x00, 0x00, 0x00, 0x00, 0x00, 0x00, 0x00, 0x00, 0x00, 0x00, 0x00, 
0x00, 0x00, 0x00, 0x00, 0x00, 0x00, 0x00, 0x00, 0x21, 0x45, 0x00, 0x00, 0x00, 0x00, 0x00, 0x00, 
0x00, 0x00, 0x00, 0x00, 0x00, 0x00, 0x00, 0x00, 0x00, 0x00, 0x00, 0x00, 0x00, 0x00, 0x00, 0x00, 
0x00, 0x00, 0x00, 0x00, 0x00, 0x00, 0x00, 0x00, 0x00, 0x00, 0x00, 0x00, 0x00, 0x00, 0x00, 0x00, 
0x00, 0x00, 0x00, 0x00, 0x00, 0x00, 0x00, 0x00, 0x00, 0x00, 0x00, 0x00, 0x00, 0x00, 0x00, 0x00, 
0x00, 0x00, 0x00, 0x00, 0x00, 0x00, 0x00, 0x00, 0x00, 0x00, 0x00, 0x00, 0x00, 0x00, 0x00, 0x00
}
,
{
0x00, 0x00, 0x00, 0x00, 0x00, 0x00, 0x00, 0x00, 0x00, 0x00, 0x00, 0x00, 0x00, 0x00, 0x00, 0x00, 
0x00, 0x00, 0x00, 0x00, 0x00, 0x00, 0x00, 0x00, 0x00, 0x00, 0x00, 0x00, 0x00, 0x00, 0x00, 0x00, 
0x00, 0x00, 0x00, 0x00, 0x00, 0x00, 0x00, 0x00, 0x00, 0x00, 0x00, 0x00, 0x00, 0x00, 0x00, 0x00, 
0x00, 0x00, 0x00, 0x00, 0x00, 0x00, 0x00, 0x00, 0x00, 0x00, 0x00, 0x00, 0x00, 0x00, 0x00, 0x00, 
0x00, 0x00, 0x00, 0x00, 0x00, 0x00, 0x00, 0x00, 0x00, 0x00, 0x00, 0x00, 0x00, 0x00, 0x00, 0x00, 
0x00, 0x00, 0x00, 0x00, 0x00, 0x00, 0x00, 0x00, 0x00, 0x00, 0x00, 0x00, 0x00, 0x00, 0x00, 0x00, 
0x00, 0x00, 0x00, 0x00, 0x00, 0x00, 0x00, 0x00, 0x00, 0x00, 0x00, 0x00, 0x00, 0x00, 0x00, 0x00, 
0x00, 0x00, 0x00, 0x00, 0x00, 0x00, 0x00, 0x00, 0x00, 0x00, 0x00, 0x00, 0x00, 0x00, 0x00, 0x00, 
0x00, 0x00, 0x00, 0x00, 0x00, 0x00, 0x00, 0x00, 0x00, 0x00, 0x00, 0x00, 0x00, 0x00, 0x00, 0x00, 
0x00, 0x00, 0x00, 0x00, 0x00, 0x00, 0x00, 0x00, 0x00, 0x00, 0x00, 0x00, 0x00, 0x00, 0x00, 0x00, 
0x00, 0x00, 0x00, 0x00, 0x00, 0x00, 0x00, 0x00, 0x00, 0x00, 0x00, 0x00, 0x00, 0x00, 0x00, 0x00, 
0x00, 0x00, 0x00, 0x00, 0x00, 0x00, 0x00, 0x00, 0x00, 0x00, 0x00, 0x00, 0x00, 0x00, 0x00, 0x00, 
0x00, 0x00, 0x00, 0x00, 0x00, 0x00, 0x00, 0x00, 0x00, 0x00, 0x00, 0x00, 0x00, 0x00, 0x00, 0x00, 
0x00, 0x00, 0x00, 0x00, 0x00, 0x00, 0x00, 0x00, 0x00, 0x00, 0x00, 0x00, 0x00, 0x00, 0x00, 0x00, 
0x00, 0x00, 0x00, 0x00, 0x00, 0x00, 0x00, 0x00, 0x00, 0x00, 0x00, 0x00, 0x00, 0x00, 0x00, 0x00, 
0x00, 0x00, 0x00, 0x00, 0x00, 0x00, 0x00, 0x00, 0x00, 0x00, 0x00, 0x00, 0x00, 0x00, 0x00, 0x00, 
0x00, 0x00, 0x00, 0x00, 0x00, 0x00, 0x00, 0x00, 0x00, 0x00, 0x00, 0x00, 0x00, 0x00, 0x00, 0x00, 
0x00, 0x00, 0x00, 0x00, 0x00, 0x00, 0x00, 0x00, 0x00, 0x00, 0x21, 0x45, 0x21, 0x45, 0x21, 0x45, 
0x21, 0x45, 0x21, 0x45, 0x21, 0x45, 0x00, 0x00, 0x00, 0x00, 0x00, 0x00, 0x00, 0x00, 0x21, 0x45, 
0x21, 0x45, 0x00, 0x00, 0x00, 0x00, 0x00, 0x00, 0x00, 0x00, 0x00, 0x00, 0x00, 0x00, 0x00, 0x00, 
0x00, 0x00, 0x00, 0x00, 0x00, 0x00, 0x00, 0x00, 0x00, 0x00, 0x00, 0x00, 0x00, 0x00, 0x02, 0x44, 
0x02, 0x44, 0x02, 0x44, 0x02, 0x44, 0x02, 0x44, 0x21, 0x45, 0x31, 0xC7, 0x31, 0xC7, 0x42, 0x49, 
0x42, 0x49, 0x42, 0x49, 0x42, 0x49, 0x21, 0x45, 0x00, 0x00, 0x00, 0x00, 0x21, 0x45, 0x52, 0xCB, 
0x52, 0xCB, 0x21, 0x45, 0x00, 0x00, 0x00, 0x00, 0x00, 0x00, 0x00, 0x00, 0x00, 0x00, 0x00, 0x00, 
0x00, 0x00, 0x00, 0x00, 0x00, 0x00, 0x00, 0x00, 0x00, 0x00, 0x00, 0x00, 0x02, 0x44, 0x15, 0x8D, 
0x15, 0x8D, 0x03, 0xE8, 0x03, 0xE8, 0x02, 0x44, 0x31, 0xC7, 0x31, 0xC7, 0x52, 0xCB, 0x52, 0xCB, 
0x52, 0xCB, 0x52, 0xCB, 0x52, 0xCB, 0x52, 0xCB, 0x21, 0x45, 0x21, 0x45, 0x52, 0xCB, 0x5B, 0x0C, 
0x07, 0xE0, 0x00, 0x1F, 0x21, 0x45, 0x00, 0x00, 0x00, 0x00, 0x00, 0x00, 0x00, 0x00, 0x00, 0x00, 
0x00, 0x00, 0x00, 0x00, 0x00, 0x00, 0x00, 0x00, 0x00, 0x00, 0x02, 0x44, 0x15, 0x8D, 0x15, 0x8D, 
0x15, 0x8D, 0x03, 0xE8, 0x03, 0xE8, 0x02, 0x44, 0x02, 0x44, 0x52, 0xCB, 0x5B, 0x0C, 0x5B, 0x0C, 
0x5B, 0x0C, 0x5B, 0x0C, 0x5B, 0x0C, 0x52, 0xCB, 0x52, 0xCB, 0x21, 0x45, 0x5B, 0x0C, 0x63, 0x4D, 
0x00, 0x1F, 0x00, 0x1F, 0x42, 0x49, 0x21, 0x45, 0x00, 0x00, 0x00, 0x00, 0x00, 0x00, 0x00, 0x00, 
0x00, 0x00, 0x00, 0x00, 0x00, 0x00, 0x00, 0x00, 0x02, 0x44, 0x12, 0xA6, 0x03, 0xE8, 0x15, 0x8D, 
0x15, 0x8D, 0x03, 0xE8, 0x03, 0xE8, 0x1B, 0x07, 0x02, 0x44, 0x5B, 0x0C, 0x63, 0x4D, 0x1C, 0x7E, 
0x63, 0x4D, 0x63, 0x4D, 0x07, 0xE0, 0x00, 0x1F, 0x52, 0xCB, 0x21, 0x45, 0x63, 0x4D, 0x63, 0x4D, 
0x63, 0x4D, 0x42, 0x49, 0x52, 0xCB, 0x52, 0xCB, 0x21, 0x45, 0x00, 0x00, 0x00, 0x00, 0x00, 0x00, 
0x00, 0x00, 0x00, 0x00, 0x00, 0x00, 0x02, 0x44, 0x15, 0x8D, 0x12, 0xA6, 0x12, 0xA6, 0x03, 0xE8, 
0x03, 0xE8, 0x03, 0xE8, 0x03, 0xE8, 0x1B, 0x07, 0x02, 0x44, 0x5B, 0x0C, 0x63, 0x4D, 0x1C, 0x7E, 
0x63, 0x4D, 0x63, 0x4D, 0x00, 0x1F, 0x00, 0x1F, 0x52, 0xCB, 0x21, 0x45, 0x63, 0x4D, 0x63, 0x4D, 
0x42, 0x49, 0x5B, 0x0C, 0x5B, 0x0C, 0x52, 0xCB, 0x8B, 0x69, 0x8B, 0x69, 0x00, 0x00, 0x00, 0x00, 
0x00, 0x00, 0x00, 0x00, 0x02, 0x44, 0x15, 0x8D, 0x15, 0x8D, 0x15, 0x8D, 0x12, 0xA6, 0x12, 0xA6, 
0x03, 0xE8, 0x03, 0xE8, 0x1B, 0x07, 0x1B, 0x07, 0x02, 0x44, 0x5B, 0x0C, 0x63, 0x4D, 0x1C, 0x7E, 
0x63, 0x4D, 0x63, 0x4D, 0x63, 0x4D, 0x5B, 0x0C, 0x5B, 0x0C, 0x52, 0xCB, 0x21, 0x45, 0x42, 0x49, 
0x63, 0x4D, 0x63, 0x4D, 0x63, 0x4D, 0x5B, 0x0C, 0x8B, 0x69, 0x8B, 0x69, 0x00, 0x00, 0x00, 0x00, 
0x00, 0x00, 0x00, 0x00, 0x02, 0x44, 0x15, 0x8D, 0x15, 0x8D, 0x15, 0x8D, 0x03, 0xE8, 0x12, 0xA6, 
0x12, 0xA6, 0x03, 0xE8, 0x1B, 0x07, 0x1B, 0x07, 0x02, 0x44, 0x5B, 0x0C, 0x63, 0x4D, 0x1C, 0x7E, 
0x63, 0x4D, 0x63, 0x4D, 0x63, 0x4D, 0x5B, 0x0C, 0x5B, 0x0C, 0x52, 0xCB, 0x21, 0x45, 0x63, 0x4D, 
0x63, 0x4D, 0x63, 0x4D, 0x63, 0x4D, 0x5B, 0x0C, 0x8B, 0x69, 0x6A, 0x65, 0x00, 0x00, 0x00, 0x00, 
0x00, 0x00, 0x00, 0x00, 0x02, 0x44, 0x15, 0x8D, 0x15, 0x8D, 0x15, 0x8D, 0x03, 0xE8, 0x03, 0xE8, 
0x12, 0xA6, 0x12, 0xA6, 0x1B, 0x07, 0x1B, 0x07, 0x02, 0x44, 0x5B, 0x0C, 0x63, 0x4D, 0x1C, 0x7E, 
0x63, 0x4D, 0x63, 0x4D, 0x63, 0x4D, 0x5B, 0x0C, 0x5B, 0x0C, 0x52, 0xCB, 0x21, 0x45, 0x63, 0x4D, 
0xFC, 0x29, 0xFC, 0x29, 0xF8, 0x00, 0xE2, 0x21, 0x6A, 0x65, 0x6A, 0x65, 0x00, 0x00, 0x00, 0x00, 
0x00, 0x00, 0x00, 0x00, 0x02, 0x44, 0x15, 0x8D, 0x15, 0x8D, 0x15, 0x8D, 0x03, 0xE8, 0x03, 0xE8, 
0x03, 0xE8, 0x12, 0xA6, 0x1B, 0x07, 0x1B, 0x07, 0x02, 0x44, 0x5B, 0x0C, 0x63, 0x4D, 0x63, 0x4D, 
0x63, 0x4D, 0x63, 0x4D, 0x63, 0x4D, 0x00, 0x1F, 0x5B, 0x0C, 0x52, 0xCB, 0x21, 0x45, 0xFC, 0x29, 
0xFC, 0x29, 0xF8, 0x00, 0xF2, 0xA3, 0xE2, 0x21, 0x6A, 0x65, 0x6A, 0x65, 0x00, 0x00, 0x00, 0x00, 
0x00, 0x00, 0x00, 0x00, 0x02, 0x44, 0x15, 0x8D, 0x15, 0x8D, 0x15, 0x8D, 0x03, 0xE8, 0x03, 0xE8, 
0x03, 0xE8, 0x1B, 0x07, 0x12, 0xA6, 0x1B, 0x07, 0x02, 0x44, 0x5B, 0x0C, 0x63, 0x4D, 0x63, 0x4D, 
0x63, 0x4D, 0x63, 0x4D, 0x5B, 0x0C, 0x00, 0x1F, 0x5B, 0x0C, 0x52, 0xCB, 0x42, 0x49, 0xFC, 0x29, 
0xF8, 0x00, 0xF8, 0x00, 0xF2, 0xA3, 0xE2, 0x21, 0x6A, 0x65, 0x6A, 0x65, 0x00, 0x00, 0x00, 0x00, 
0x00, 0x00, 0x00, 0x00, 0x02, 0x44, 0x15, 0x8D, 0x15, 0x8D, 0x15, 0x8D, 0x03, 0xE8, 0x03, 0xE8, 
0x03, 0xE8, 0x1B, 0x07, 0x12, 0xA6, 0x1B, 0x07, 0x02, 0x44, 0x5B, 0x0C, 0x5B, 0x0C, 0x63, 0x4D, 
0x63, 0x4D, 0x5B, 0x0C, 0x5B, 0x0C, 0x00, 0x1F, 0x5B, 0x0C, 0x52, 0xCB, 0x42, 0x49, 0xF8, 0x00, 
0xF8, 0x00, 0xF8, 0x00, 0xF2, 0xA3, 0xE2, 0x21, 0x42, 0x49, 0x00, 0x00, 0x00, 0x00, 0x00, 0x00, 
0x00, 0x00, 0x00, 0x00, 0x02, 0x44, 0x03, 0xE8, 0x15, 0x8D, 0x15, 0x8D, 0x03, 0xE8, 0x03, 0xE8, 
0x03, 0xE8, 0x1B, 0x07, 0x12, 0xA6, 0x1B, 0x07, 0x02, 0x44, 0x5B, 0x0C, 0x5B, 0x0C, 0x5B, 0x0C, 
0x5B, 0x0C, 0x5B, 0x0C, 0x5B, 0x0C, 0x00, 0x1F, 0x5B, 0x0C, 0x52, 0xCB, 0x42, 0x49, 0xF2, 0xA3, 
0xF2, 0xA3, 0xF2, 0xA3, 0xF2, 0xA3, 0xE2, 0x21, 0x42, 0x49, 0x00, 0x00, 0x00, 0x00, 0x00, 0x00, 
0x00, 0x00, 0x00, 0x00, 0x02, 0x44, 0x03, 0xE8, 0x03, 0xE8, 0x03, 0xE8, 0x03, 0xE8, 0x03, 0xE8, 
0x03, 0xE8, 0x1B, 0x07, 0x12, 0xA6, 0x1B, 0x07, 0x02, 0x44, 0x52, 0xCB, 0x5B, 0x0C, 0x5B, 0x0C, 
0x5B, 0x0C, 0x5B, 0x0C, 0x5B, 0x0C, 0x00, 0x1F, 0x5B, 0x0C, 0x42, 0x49, 0x42, 0x49, 0xF2, 0xA3, 
0xF2, 0xA3, 0xF2, 0xA3, 0xF2, 0xA3, 0xE2, 0x21, 0x8B, 0x69, 0x8B, 0x69, 0x00, 0x00, 0x00, 0x00, 
0x00, 0x00, 0x00, 0x00, 0x02, 0x44, 0x12, 0xA6, 0x03, 0xE8, 0x03, 0xE8, 0x03, 0xE8, 0x03, 0xE8, 
0x03, 0xE8, 0x1B, 0x07, 0x12, 0xA6, 0x12, 0xA6, 0x02, 0x44, 0x52, 0xCB, 0x52, 0xCB, 0x1C, 0x7E, 
0x5B, 0x0C, 0x5B, 0x0C, 0x5B, 0x0C, 0x00, 0x1F, 0x52, 0xCB, 0x42, 0x49, 0x42, 0x49, 0x52, 0xCB, 
0xE2, 0x21, 0xE2, 0x21, 0xE2, 0x21, 0xE2, 0x21, 0x8B, 0x69, 0x8B, 0x69, 0x00, 0x00, 0x00, 0x00, 
0x00, 0x00, 0x00, 0x00, 0x02, 0x44, 0x12, 0xA6, 0x12, 0xA6, 0x03, 0xE8, 0x03, 0xE8, 0x03, 0xE8, 
0x03, 0xE8, 0x1B, 0x07, 0x1B, 0x07, 0x12, 0xA6, 0x02, 0x44, 0x52, 0xCB, 0x52, 0xCB, 0x1C, 0x7E, 
0x52, 0xCB, 0x52, 0xCB, 0x52, 0xCB, 0x52, 0xCB, 0x52, 0xCB, 0x42, 0x49, 0x21, 0x45, 0x42, 0x49, 
0xE2, 0x21, 0xE2, 0x21, 0xE2, 0x21, 0xE2, 0x21, 0x8B, 0x69, 0x6A, 0x65, 0x00, 0x00, 0x00, 0x00, 
0x00, 0x00, 0x02, 0x44, 0x15, 0x8D, 0x15, 0x8D, 0x12, 0xA6, 0x12, 0xA6, 0x03, 0xE8, 0x03, 0xE8, 
0x1B, 0x07, 0x1B, 0x07, 0x1B, 0x07, 0x12, 0xA6, 0x02, 0x44, 0x52, 0xCB, 0x52, 0xCB, 0x1C, 0x7E, 
0x52, 0xCB, 0x52, 0xCB, 0x52, 0xCB, 0x52, 0xCB, 0x52, 0xCB, 0x42, 0x49, 0x21, 0x45, 0x42, 0x49, 
0x52, 0xCB, 0x52, 0xCB, 0x52, 0xCB, 0x52, 0xCB, 0x6A, 0x65, 0x6A, 0x65, 0x00, 0x00, 0x00, 0x00, 
0x00, 0x00, 0x02, 0x44, 0x15, 0x8D, 0x15, 0x8D, 0x03, 0xE8, 0x12, 0xA6, 0x1B, 0x07, 0x1B, 0x07, 
0x1B, 0x07, 0x1B, 0x07, 0x1B, 0x07, 0x12, 0xA6, 0x02, 0x44, 0x52, 0xCB, 0x52, 0xCB, 0x1C, 0x7E, 
0x52, 0xCB, 0x52, 0xCB, 0x52, 0xCB, 0x52, 0xCB, 0x52, 0xCB, 0x42, 0x49, 0x21, 0x45, 0x21, 0x45, 
0x42, 0x49, 0x42, 0x49, 0x42, 0x49, 0x42, 0x49, 0x6A, 0x65, 0x6A, 0x65, 0x00, 0x00, 0x00, 0x00, 
0x00, 0x00, 0x02, 0x44, 0x03, 0xE8, 0x03, 0xE8, 0x03, 0xE8, 0x12, 0xA6, 0x12, 0xA6, 0x1B, 0x07, 
0x1B, 0x07, 0x1B, 0x07, 0x1B, 0x07, 0x12, 0xA6, 0x02, 0x44, 0x42, 0x49, 0x52, 0xCB, 0x1C, 0x7E, 
0x52, 0xCB, 0x52, 0xCB, 0x07, 0xE0, 0x00, 0x1F, 0x42, 0x49, 0x21, 0x45, 0x42, 0x49, 0x42, 0x49, 
0x21, 0x45, 0x42, 0x49, 0x42, 0x49, 0x21, 0x45, 0x6A, 0x65, 0x6A, 0x65, 0x00, 0x00, 0x00, 0x00, 
0x00, 0x00, 0x02, 0x44, 0x03, 0xE8, 0x03, 0xE8, 0x03, 0xE8, 0x03, 0xE8, 0x12, 0xA6, 0x1B, 0x07, 
0x1B, 0x07, 0x1B, 0x07, 0x1B, 0x07, 0x12, 0xA6, 0x02, 0x44, 0x42, 0x49, 0x42, 0x49, 0x42, 0x49, 
0x42, 0x49, 0x42, 0x49, 0x00, 0x1F, 0x00, 0x1F, 0x42, 0x49, 0x21, 0x45, 0x31, 0xC7, 0x42, 0x49, 
0x42, 0x49, 0x21, 0x45, 0x42, 0x49, 0x42, 0x49, 0x42, 0x49, 0x00, 0x00, 0x00, 0x00, 0x00, 0x00, 
0x02, 0x44, 0x03, 0xE8, 0x03, 0xE8, 0x03, 0xE8, 0x03, 0xE8, 0x1B, 0x07, 0x12, 0xA6, 0x12, 0xA6, 
0x1B, 0x07, 0x1B, 0x07, 0x1B, 0x07, 0x12, 0xA6, 0x02, 0x44, 0x31, 0xC7, 0x42, 0x49, 0x42, 0x49, 
0x42, 0x49, 0x42, 0x49, 0x42, 0x49, 0x42, 0x49, 0x31, 0xC7, 0x21, 0x45, 0x31, 0xC7, 0x31, 0xC7, 
0x07, 0xE0, 0x00, 0x1F, 0x31, 0xC7, 0x21, 0x45, 0x52, 0xCB, 0x21, 0x45, 0x00, 0x00, 0x00, 0x00, 
0x02, 0x44, 0x03, 0xE8, 0x03, 0xE8, 0x1B, 0x07, 0x1B, 0x07, 0x1B, 0x07, 0x1B, 0x07, 0x12, 0xA6, 
0x1B, 0x07, 0x1B, 0x07, 0x12, 0xA6, 0x12, 0xA6, 0x02, 0x44, 0x31, 0xC7, 0x31, 0xC7, 0x31, 0xC7, 
0x31, 0xC7, 0x31, 0xC7, 0x31, 0xC7, 0x31, 0xC7, 0x21, 0x45, 0x21, 0x45, 0x31, 0xC7, 0x31, 0xC7, 
0x00, 0x1F, 0x00, 0x1F, 0x21, 0x45, 0x5B, 0x0C, 0x52, 0xCB, 0x21, 0x45, 0x00, 0x00, 0x00, 0x00, 
0x00, 0x00, 0x02, 0x44, 0x1B, 0x07, 0x1B, 0x07, 0x1B, 0x07, 0x1B, 0x07, 0x1B, 0x07, 0x12, 0xA6, 
0x12, 0xA6, 0x12, 0xA6, 0x12, 0xA6, 0x12, 0xA6, 0x12, 0xA6, 0x02, 0x44, 0x31, 0xC7, 0x31, 0xC7, 
0x31, 0xC7, 0x31, 0xC7, 0x31, 0xC7, 0x21, 0x45, 0x00, 0x00, 0x00, 0x00, 0x21, 0x45, 0x31, 0xC7, 
0x31, 0xC7, 0x21, 0x45, 0x21, 0x45, 0x52, 0xCB, 0x52, 0xCB, 0x21, 0x45, 0x00, 0x00, 0x00, 0x00, 
0x00, 0x00, 0x00, 0x00, 0x02, 0x44, 0x02, 0x44, 0x02, 0x44, 0x02, 0x44, 0x02, 0x44, 0x02, 0x44, 
0x12, 0xA6, 0x12, 0xA6, 0x12, 0xA6, 0x12, 0xA6, 0x12, 0xA6, 0x02, 0x44, 0x21, 0x45, 0x21, 0x45, 
0x21, 0x45, 0x21, 0x45, 0x21, 0x45, 0x00, 0x00, 0x00, 0x00, 0x00, 0x00, 0x00, 0x00, 0x21, 0x45, 
0x21, 0x45, 0x00, 0x00, 0x21, 0x45, 0x42, 0x49, 0x42, 0x49, 0x21, 0x45, 0x00, 0x00, 0x00, 0x00, 
0x00, 0x00, 0x00, 0x00, 0x00, 0x00, 0x00, 0x00, 0x00, 0x00, 0x00, 0x00, 0x00, 0x00, 0x00, 0x00, 
0x02, 0x44, 0x12, 0xA6, 0x12, 0xA6, 0x12, 0xA6, 0x12, 0xA6, 0x02, 0x44, 0x00, 0x00, 0x00, 0x00, 
0x00, 0x00, 0x00, 0x00, 0x00, 0x00, 0x00, 0x00, 0x00, 0x00, 0x00, 0x00, 0x00, 0x00, 0x00, 0x00, 
0x00, 0x00, 0x00, 0x00, 0x21, 0x45, 0x42, 0x49, 0x31, 0xC7, 0x21, 0x45, 0x00, 0x00, 0x00, 0x00, 
0x00, 0x00, 0x00, 0x00, 0x00, 0x00, 0x00, 0x00, 0x00, 0x00, 0x00, 0x00, 0x00, 0x00, 0x00, 0x00, 
0x00, 0x00, 0x02, 0x44, 0x02, 0x44, 0x02, 0x44, 0x02, 0x44, 0x00, 0x00, 0x00, 0x00, 0x00, 0x00, 
0x00, 0x00, 0x00, 0x00, 0x00, 0x00, 0x00, 0x00, 0x00, 0x00, 0x00, 0x00, 0x00, 0x00, 0x00, 0x00, 
0x00, 0x00, 0x00, 0x00, 0x00, 0x00, 0x21, 0x45, 0x31, 0xC7, 0x21, 0x45, 0x00, 0x00, 0x00, 0x00, 
0x00, 0x00, 0x00, 0x00, 0x00, 0x00, 0x00, 0x00, 0x00, 0x00, 0x00, 0x00, 0x00, 0x00, 0x00, 0x00, 
0x00, 0x00, 0x00, 0x00, 0x00, 0x00, 0x00, 0x00, 0x00, 0x00, 0x00, 0x00, 0x00, 0x00, 0x00, 0x00, 
0x00, 0x00, 0x00, 0x00, 0x00, 0x00, 0x00, 0x00, 0x00, 0x00, 0x00, 0x00, 0x00, 0x00, 0x00, 0x00, 
0x00, 0x00, 0x00, 0x00, 0x00, 0x00, 0x00, 0x00, 0x21, 0x45, 0x00, 0x00, 0x00, 0x00, 0x00, 0x00, 
0x00, 0x00, 0x00, 0x00, 0x00, 0x00, 0x00, 0x00, 0x00, 0x00, 0x00, 0x00, 0x00, 0x00, 0x00, 0x00, 
0x00, 0x00, 0x00, 0x00, 0x00, 0x00, 0x00, 0x00, 0x00, 0x00, 0x00, 0x00, 0x00, 0x00, 0x00, 0x00, 
0x00, 0x00, 0x00, 0x00, 0x00, 0x00, 0x00, 0x00, 0x00, 0x00, 0x00, 0x00, 0x00, 0x00, 0x00, 0x00, 
0x00, 0x00, 0x00, 0x00, 0x00, 0x00, 0x00, 0x00, 0x00, 0x00, 0x00, 0x00, 0x00, 0x00, 0x00, 0x00
}
,
{
0x00, 0x00, 0x00, 0x00, 0x00, 0x00, 0x00, 0x00, 0x00, 0x00, 0x00, 0x00, 0x00, 0x00, 0x00, 0x00, 
0x00, 0x00, 0x00, 0x00, 0x00, 0x00, 0x00, 0x00, 0x00, 0x00, 0x00, 0x00, 0x00, 0x00, 0x00, 0x00, 
0x00, 0x00, 0x00, 0x00, 0x00, 0x00, 0x00, 0x00, 0x00, 0x00, 0x00, 0x00, 0x00, 0x00, 0x00, 0x00, 
0x00, 0x00, 0x00, 0x00, 0x00, 0x00, 0x00, 0x00, 0x00, 0x00, 0x00, 0x00, 0x00, 0x00, 0x00, 0x00, 
0x00, 0x00, 0x00, 0x00, 0x00, 0x00, 0x00, 0x00, 0x00, 0x00, 0x00, 0x00, 0x00, 0x00, 0x00, 0x00, 
0x00, 0x00, 0x00, 0x00, 0x00, 0x00, 0x00, 0x00, 0x00, 0x00, 0x00, 0x00, 0x00, 0x00, 0x00, 0x00, 
0x00, 0x00, 0x00, 0x00, 0x00, 0x00, 0x00, 0x00, 0x00, 0x00, 0x00, 0x00, 0x00, 0x00, 0x00, 0x00, 
0x00, 0x00, 0x00, 0x00, 0x00, 0x00, 0x00, 0x00, 0x00, 0x00, 0x00, 0x00, 0x00, 0x00, 0x00, 0x00, 
0x00, 0x00, 0x00, 0x00, 0x00, 0x00, 0x00, 0x00, 0x00, 0x00, 0x00, 0x00, 0x00, 0x00, 0x00, 0x00, 
0x00, 0x00, 0x00, 0x00, 0x00, 0x00, 0x00, 0x00, 0x00, 0x00, 0x00, 0x00, 0x00, 0x00, 0x00, 0x00, 
0x00, 0x00, 0x00, 0x00, 0x00, 0x00, 0x00, 0x00, 0x00, 0x00, 0x00, 0x00, 0x00, 0x00, 0x00, 0x00, 
0x00, 0x00, 0x00, 0x00, 0x00, 0x00, 0x00, 0x00, 0x00, 0x00, 0x00, 0x00, 0x00, 0x00, 0x00, 0x00, 
0x00, 0x00, 0x00, 0x00, 0x00, 0x00, 0x00, 0x00, 0x00, 0x00, 0x00, 0x00, 0x00, 0x00, 0x00, 0x00, 
0x00, 0x00, 0x00, 0x00, 0x00, 0x00, 0x00, 0x00, 0x00, 0x00, 0x00, 0x00, 0x00, 0x00, 0x00, 0x00, 
0x00, 0x00, 0x00, 0x00, 0x00, 0x00, 0x00, 0x00, 0x00, 0x00, 0x00, 0x00, 0x00, 0x00, 0x00, 0x00, 
0x00, 0x00, 0x00, 0x00, 0x00, 0x00, 0x00, 0x00, 0x00, 0x00, 0x00, 0x00, 0x00, 0x00, 0x00, 0x00, 
0x00, 0x00, 0x00, 0x00, 0x00, 0x00, 0x00, 0x00, 0x00, 0x00, 0x00, 0x00, 0x00, 0x00, 0x00, 0x00, 
0x00, 0x00, 0x00, 0x00, 0x00, 0x00, 0x00, 0x00, 0x00, 0x00, 0x00, 0x00, 0x21, 0x45, 0x21, 0x45, 
0x21, 0x45, 0x21, 0x45, 0x21, 0x45, 0x21, 0x45, 0x00, 0x00, 0x00, 0x00, 0x00, 0x00, 0x21, 0x45, 
0x21, 0x45, 0x00, 0x00, 0x00, 0x00, 0x00, 0x00, 0x00, 0x00, 0x00, 0x00, 0x00, 0x00, 0x00, 0x00, 
0x00, 0x00, 0x00, 0x00, 0x00, 0x00, 0x00, 0x00, 0x00, 0x00, 0x00, 0x00, 0x00, 0x00, 0x00, 0x00, 
0x02, 0x44, 0x02, 0x44, 0x02, 0x44, 0x02, 0x44, 0x02, 0x44, 0x21, 0x45, 0x31, 0xC7, 0x31, 0xC7, 
0x42, 0x49, 0x42, 0x49, 0x42, 0x49, 0x42, 0x49, 0x21, 0x45, 0x00, 0x00, 0x21, 0x45, 0x52, 0xCB, 
0x52, 0xCB, 0x21, 0x45, 0x00, 0x00, 0x00, 0x00, 0x00, 0x00, 0x00, 0x00, 0x00, 0x00, 0x00, 0x00, 
0x00, 0x00, 0x00, 0x00, 0x00, 0x00, 0x00, 0x00, 0x00, 0x00, 0x00, 0x00, 0x00, 0x00, 0x02, 0x44, 
0x15, 0x8D, 0x15, 0x8D, 0x03, 0xE8, 0x03, 0xE8, 0x02, 0x44, 0x31, 0xC7, 0x31, 0xC7, 0x52, 0xCB, 
0x52, 0xCB, 0x52, 0xCB, 0x52, 0xCB, 0x52, 0xCB, 0x52, 0xCB, 0x21, 0x45, 0x52, 0xCB, 0x5B, 0x0C, 
0x07, 0xE0, 0x00, 0x1F, 0x21, 0x45, 0x00, 0x00, 0x00, 0x00, 0x00, 0x00, 0x00, 0x00, 0x00, 0x00, 
0x00, 0x00, 0x00, 0x00, 0x00, 0x00, 0x00, 0x00, 0x00, 0x00, 0x00, 0x00, 0x02, 0x44, 0x15, 0x8D, 
0x15, 0x8D, 0x15, 0x8D, 0x03, 0xE8, 0x03, 0xE8, 0x02, 0x44, 0x02, 0x44, 0x52, 0xCB, 0x5B, 0x0C, 
0x5B, 0x0C, 0x5B, 0x0C, 0x5B, 0x0C, 0x5B, 0x0C, 0x52, 0xCB, 0x21, 0x45, 0x5B, 0x0C, 0x63, 0x4D, 
0x00, 0x1F, 0x00, 0x1F, 0x42, 0x49, 0x21, 0x45, 0x00, 0x00, 0x00, 0x00, 0x00, 0x00, 0x00, 0x00, 
0x00, 0x00, 0x00, 0x00, 0x00, 0x00, 0x00, 0x00, 0x00, 0x00, 0x02, 0x44, 0x12, 0xA6, 0x03, 0xE8, 
0x15, 0x8D, 0x15, 0x8D, 0x03, 0xE8, 0x03, 0xE8, 0x1B, 0x07, 0x02, 0x44, 0x5B, 0x0C, 0x63, 0x4D, 
0x1C, 0x7E, 0x63, 0x4D, 0x63, 0x4D, 0x07, 0xE0, 0x00, 0x1F, 0x21, 0x45, 0x63, 0x4D, 0x63, 0x4D, 
0x63, 0x4D, 0x42, 0x49, 0x52, 0xCB, 0x52, 0xCB, 0x21, 0x45, 0x00, 0x00, 0x00, 0x00, 0x00, 0x00, 
0x00, 0x00, 0x00, 0x00, 0x00, 0x00, 0x00, 0x00, 0x02, 0x44, 0x15, 0x8D, 0x12, 0xA6, 0x12, 0xA6, 
0x03, 0xE8, 0x03, 0xE8, 0x03, 0xE8, 0x03, 0xE8, 0x1B, 0x07, 0x02, 0x44, 0x5B, 0x0C, 0x63, 0x4D, 
0x1C, 0x7E, 0x63, 0x4D, 0x63, 0x4D, 0x00, 0x1F, 0x00, 0x1F, 0x21, 0x45, 0x63, 0x4D, 0x63, 0x4D, 
0x42, 0x49, 0x5B, 0x0C, 0x5B, 0x0C, 0x52, 0xCB, 0x8B, 0x69, 0x8B, 0x69, 0x00, 0x00, 0x00, 0x00, 
0x00, 0x00, 0x00, 0x00, 0x00, 0x00, 0x02, 0x44, 0x15, 0x8D, 0x15, 0x8D, 0x15, 0x8D, 0x12, 0xA6, 
0x12, 0xA6, 0x03, 0xE8, 0x03, 0xE8, 0x1B, 0x07, 0x1B, 0x07, 0x02, 0x44, 0x5B, 0x0C, 0x63, 0x4D, 
0x1C, 0x7E, 0x63, 0x4D, 0x63, 0x4D, 0x63, 0x4D, 0x5B, 0x0C, 0x52, 0xCB, 0x21, 0x45, 0x42, 0x49, 
0x63, 0x4D, 0x63, 0x4D, 0x63, 0x4D, 0x5B, 0x0C, 0x8B, 0x69, 0x8B, 0x69, 0x00, 0x00, 0x00, 0x00, 
0x00, 0x00, 0x00, 0x00, 0x00, 0x00, 0x02, 0x44, 0x15, 0x8D, 0x15, 0x8D, 0x15, 0x8D, 0x03, 0xE8, 
0x12, 0xA6, 0x12, 0xA6, 0x03, 0xE8, 0x1B, 0x07, 0x1B, 0x07, 0x02, 0x44, 0x5B, 0x0C, 0x63, 0x4D, 
0x1C, 0x7E, 0x63, 0x4D, 0x63, 0x4D, 0x63, 0x4D, 0x5B, 0x0C, 0x52, 0xCB, 0x21, 0x45, 0x63, 0x4D, 
0x63, 0x4D, 0x63, 0x4D, 0x63, 0x4D, 0x5B, 0x0C, 0x8B, 0x69, 0x6A, 0x65, 0x00, 0x00, 0x00, 0x00, 
0x00, 0x00, 0x00, 0x00, 0x00, 0x00, 0x02, 0x44, 0x15, 0x8D, 0x15, 0x8D, 0x15, 0x8D, 0x03, 0xE8, 
0x03, 0xE8, 0x12, 0xA6, 0x12, 0xA6, 0x1B, 0x07, 0x1B, 0x07, 0x02, 0x44, 0x5B, 0x0C, 0x63, 0x4D, 
0x1C, 0x7E, 0x63, 0x4D, 0x63, 0x4D, 0x63, 0x4D, 0x5B, 0x0C, 0x52, 0xCB, 0x21, 0x45, 0x63, 0x4D, 
0xFC, 0x29, 0xFC, 0x29, 0xF8, 0x00, 0xE2, 0x21, 0x6A, 0x65, 0x6A, 0x65, 0x00, 0x00, 0x00, 0x00, 
0x00, 0x00, 0x00, 0x00, 0x00, 0x00, 0x02, 0x44, 0x15, 0x8D, 0x15, 0x8D, 0x15, 0x8D, 0x03, 0xE8, 
0x03, 0xE8, 0x03, 0xE8, 0x12, 0xA6, 0x1B, 0x07, 0x1B, 0x07, 0x02, 0x44, 0x5B, 0x0C, 0x63, 0x4D, 
0x63, 0x4D, 0x63, 0x4D, 0x63, 0x4D, 0x63, 0x4D, 0x00, 0x1F, 0x52, 0xCB, 0x21, 0x45, 0xFC, 0x29, 
0xFC, 0x29, 0xF8, 0x00, 0xF2, 0xA3, 0xE2, 0x21, 0x6A, 0x65, 0x6A, 0x65, 0x00, 0x00, 0x00, 0x00, 
0x00, 0x00, 0x00, 0x00, 0x00, 0x00, 0x02, 0x44, 0x15, 0x8D, 0x15, 0x8D, 0x15, 0x8D, 0x03, 0xE8, 
0x03, 0xE8, 0x03, 0xE8, 0x1B, 0x07, 0x12, 0xA6, 0x1B, 0x07, 0x02, 0x44, 0x5B, 0x0C, 0x63, 0x4D, 
0x63, 0x4D, 0x63, 0x4D, 0x63, 0x4D, 0x5B, 0x0C, 0x00, 0x1F, 0x52, 0xCB, 0x42, 0x49, 0xFC, 0x29, 
0xF8, 0x00, 0xF8, 0x00, 0xF2, 0xA3, 0xE2, 0x21, 0x6A, 0x65, 0x6A, 0x65, 0x00, 0x00, 0x00, 0x00, 
0x00, 0x00, 0x00, 0x00, 0x00, 0x00, 0x02, 0x44, 0x15, 0x8D, 0x15, 0x8D, 0x15, 0x8D, 0x03, 0xE8, 
0x03, 0xE8, 0x03, 0xE8, 0x1B, 0x07, 0x12, 0xA6, 0x1B, 0x07, 0x02, 0x44, 0x5B, 0x0C, 0x5B, 0x0C, 
0x63, 0x4D, 0x63, 0x4D, 0x5B, 0x0C, 0x5B, 0x0C, 0x00, 0x1F, 0x52, 0xCB, 0x42, 0x49, 0xF8, 0x00, 
0xF8, 0x00, 0xF8, 0x00, 0xF2, 0xA3, 0xE2, 0x21, 0x42, 0x49, 0x00, 0x00, 0x00, 0x00, 0x00, 0x00, 
0x00, 0x00, 0x00, 0x00, 0x00, 0x00, 0x02, 0x44, 0x03, 0xE8, 0x15, 0x8D, 0x15, 0x8D, 0x03, 0xE8, 
0x03, 0xE8, 0x03, 0xE8, 0x1B, 0x07, 0x12, 0xA6, 0x1B, 0x07, 0x02, 0x44, 0x5B, 0x0C, 0x5B, 0x0C, 
0x5B, 0x0C, 0x5B, 0x0C, 0x5B, 0x0C, 0x5B, 0x0C, 0x00, 0x1F, 0x52, 0xCB, 0x42, 0x49, 0xF2, 0xA3, 
0xF2, 0xA3, 0xF2, 0xA3, 0xF2, 0xA3, 0xE2, 0x21, 0x42, 0x49, 0x00, 0x00, 0x00, 0x00, 0x00, 0x00, 
0x00, 0x00, 0x00, 0x00, 0x00, 0x00, 0x02, 0x44, 0x03, 0xE8, 0x03, 0xE8, 0x03, 0xE8, 0x03, 0xE8, 
0x03, 0xE8, 0x03, 0xE8, 0x1B, 0x07, 0x12, 0xA6, 0x1B, 0x07, 0x02, 0x44, 0x52, 0xCB, 0x5B, 0x0C, 
0x5B, 0x0C, 0x5B, 0x0C, 0x5B, 0x0C, 0x5B, 0x0C, 0x00, 0x1F, 0x42, 0x49, 0x42, 0x49, 0xF2, 0xA3, 
0xF2, 0xA3, 0xF2, 0xA3, 0xF2, 0xA3, 0xE2, 0x21, 0x8B, 0x69, 0x8B, 0x69, 0x00, 0x00, 0x00, 0x00, 
0x00, 0x00, 0x00, 0x00, 0x00, 0x00, 0x02, 0x44, 0x12, 0xA6, 0x03, 0xE8, 0x03, 0xE8, 0x03, 0xE8, 
0x03, 0xE8, 0x03, 0xE8, 0x1B, 0x07, 0x12, 0xA6, 0x12, 0xA6, 0x02, 0x44, 0x52, 0xCB, 0x52, 0xCB, 
0x1C, 0x7E, 0x5B, 0x0C, 0x5B, 0x0C, 0x5B, 0x0C, 0x00, 0x1F, 0x42, 0x49, 0x42, 0x49, 0x52, 0xCB, 
0xE2, 0x21, 0xE2, 0x21, 0xE2, 0x21, 0xE2, 0x21, 0x8B, 0x69, 0x8B, 0x69, 0x00, 0x00, 0x00, 0x00, 
0x00, 0x00, 0x00, 0x00, 0x00, 0x00, 0x02, 0x44, 0x12, 0xA6, 0x12, 0xA6, 0x03, 0xE8, 0x03, 0xE8, 
0x03, 0xE8, 0x03, 0xE8, 0x1B, 0x07, 0x1B, 0x07, 0x12, 0xA6, 0x02, 0x44, 0x52, 0xCB, 0x52, 0xCB, 
0x1C, 0x7E, 0x52, 0xCB, 0x52, 0xCB, 0x52, 0xCB, 0x52, 0xCB, 0x42, 0x49, 0x21, 0x45, 0x42, 0x49, 
0xE2, 0x21, 0xE2, 0x21, 0xE2, 0x21, 0xE2, 0x21, 0x8B, 0x69, 0x6A, 0x65, 0x00, 0x00, 0x00, 0x00, 
0x00, 0x00, 0x00, 0x00, 0x02, 0x44, 0x15, 0x8D, 0x15, 0x8D, 0x12, 0xA6, 0x12, 0xA6, 0x03, 0xE8, 
0x03, 0xE8, 0x1B, 0x07, 0x1B, 0x07, 0x1B, 0x07, 0x12, 0xA6, 0x02, 0x44, 0x52, 0xCB, 0x52, 0xCB, 
0x1C, 0x7E, 0x52, 0xCB, 0x52, 0xCB, 0x52, 0xCB, 0x52, 0xCB, 0x42, 0x49, 0x21, 0x45, 0x42, 0x49, 
0x52, 0xCB, 0x52, 0xCB, 0x52, 0xCB, 0x52, 0xCB, 0x6A, 0x65, 0x6A, 0x65, 0x00, 0x00, 0x00, 0x00, 
0x00, 0x00, 0x00, 0x00, 0x02, 0x44, 0x15, 0x8D, 0x15, 0x8D, 0x03, 0xE8, 0x12, 0xA6, 0x1B, 0x07, 
0x1B, 0x07, 0x1B, 0x07, 0x1B, 0x07, 0x1B, 0x07, 0x12, 0xA6, 0x02, 0x44, 0x52, 0xCB, 0x52, 0xCB, 
0x1C, 0x7E, 0x52, 0xCB, 0x52, 0xCB, 0x52, 0xCB, 0x52, 0xCB, 0x42, 0x49, 0x21, 0x45, 0x21, 0x45, 
0x42, 0x49, 0x42, 0x49, 0x42, 0x49, 0x42, 0x49, 0x6A, 0x65, 0x6A, 0x65, 0x00, 0x00, 0x00, 0x00, 
0x00, 0x00, 0x00, 0x00, 0x02, 0x44, 0x03, 0xE8, 0x03, 0xE8, 0x03, 0xE8, 0x12, 0xA6, 0x12, 0xA6, 
0x1B, 0x07, 0x1B, 0x07, 0x1B, 0x07, 0x1B, 0x07, 0x12, 0xA6, 0x02, 0x44, 0x42, 0x49, 0x52, 0xCB, 
0x1C, 0x7E, 0x52, 0xCB, 0x52, 0xCB, 0x07, 0xE0, 0x00, 0x1F, 0x21, 0x45, 0x42, 0x49, 0x42, 0x49, 
0x21, 0x45, 0x42, 0x49, 0x42, 0x49, 0x21, 0x45, 0x6A, 0x65, 0x6A, 0x65, 0x00, 0x00, 0x00, 0x00, 
0x00, 0x00, 0x00, 0x00, 0x02, 0x44, 0x03, 0xE8, 0x03, 0xE8, 0x03, 0xE8, 0x03, 0xE8, 0x12, 0xA6, 
0x1B, 0x07, 0x1B, 0x07, 0x1B, 0x07, 0x1B, 0x07, 0x12, 0xA6, 0x02, 0x44, 0x42, 0x49, 0x42, 0x49, 
0x42, 0x49, 0x42, 0x49, 0x42, 0x49, 0x00, 0x1F, 0x00, 0x1F, 0x21, 0x45, 0x31, 0xC7, 0x42, 0x49, 
0x42, 0x49, 0x21, 0x45, 0x42, 0x49, 0x42, 0x49, 0x42, 0x49, 0x00, 0x00, 0x00, 0x00, 0x00, 0x00, 
0x00, 0x00, 0x02, 0x44, 0x03, 0xE8, 0x03, 0xE8, 0x03, 0xE8, 0x03, 0xE8, 0x1B, 0x07, 0x12, 0xA6, 
0x12, 0xA6, 0x1B, 0x07, 0x1B, 0x07, 0x1B, 0x07, 0x12, 0xA6, 0x02, 0x44, 0x31, 0xC7, 0x42, 0x49, 
0x42, 0x49, 0x42, 0x49, 0x42, 0x49, 0x42, 0x49, 0x42, 0x49, 0x21, 0x45, 0x31, 0xC7, 0x31, 0xC7, 
0x07, 0xE0, 0x00, 0x1F, 0x31, 0xC7, 0x21, 0x45, 0x52, 0xCB, 0x21, 0x45, 0x00, 0x00, 0x00, 0x00, 
0x00, 0x00, 0x02, 0x44, 0x03, 0xE8, 0x03, 0xE8, 0x1B, 0x07, 0x1B, 0x07, 0x1B, 0x07, 0x1B, 0x07, 
0x12, 0xA6, 0x1B, 0x07, 0x1B, 0x07, 0x12, 0xA6, 0x12, 0xA6, 0x02, 0x44, 0x31, 0xC7, 0x31, 0xC7, 
0x31, 0xC7, 0x31, 0xC7, 0x31, 0xC7, 0x31, 0xC7, 0x31, 0xC7, 0x21, 0x45, 0x31, 0xC7, 0x31, 0xC7, 
0x00, 0x1F, 0x00, 0x1F, 0x21, 0x45, 0x5B, 0x0C, 0x52, 0xCB, 0x21, 0x45, 0x00, 0x00, 0x00, 0x00, 
0x00, 0x00, 0x00, 0x00, 0x02, 0x44, 0x1B, 0x07, 0x1B, 0x07, 0x1B, 0x07, 0x1B, 0x07, 0x1B, 0x07, 
0x12, 0xA6, 0x12, 0xA6, 0x12, 0xA6, 0x12, 0xA6, 0x12, 0xA6, 0x12, 0xA6, 0x02, 0x44, 0x31, 0xC7, 
0x31, 0xC7, 0x31, 0xC7, 0x31, 0xC7, 0x31, 0xC7, 0x21, 0x45, 0x00, 0x00, 0x21, 0x45, 0x31, 0xC7, 
0x31, 0xC7, 0x21, 0x45, 0x21, 0x45, 0x52, 0xCB, 0x52, 0xCB, 0x21, 0x45, 0x00, 0x00, 0x00, 0x00, 
0x00, 0x00, 0x00, 0x00, 0x00, 0x00, 0x02, 0x44, 0x02, 0x44, 0x02, 0x44, 0x02, 0x44, 0x02, 0x44, 
0x02, 0x44, 0x12, 0xA6, 0x12, 0xA6, 0x12, 0xA6, 0x12, 0xA6, 0x12, 0xA6, 0x02, 0x44, 0x21, 0x45, 
0x21, 0x45, 0x21, 0x45, 0x21, 0x45, 0x21, 0x45, 0x00, 0x00, 0x00, 0x00, 0x00, 0x00, 0x21, 0x45, 
0x21, 0x45, 0x00, 0x00, 0x21, 0x45, 0x42, 0x49, 0x42, 0x49, 0x21, 0x45, 0x00, 0x00, 0x00, 0x00, 
0x00, 0x00, 0x00, 0x00, 0x00, 0x00, 0x00, 0x00, 0x00, 0x00, 0x00, 0x00, 0x00, 0x00, 0x00, 0x00, 
0x00, 0x00, 0x02, 0x44, 0x12, 0xA6, 0x12, 0xA6, 0x12, 0xA6, 0x12, 0xA6, 0x02, 0x44, 0x00, 0x00, 
0x00, 0x00, 0x00, 0x00, 0x00, 0x00, 0x00, 0x00, 0x00, 0x00, 0x00, 0x00, 0x00, 0x00, 0x00, 0x00, 
0x00, 0x00, 0x00, 0x00, 0x21, 0x45, 0x42, 0x49, 0x31, 0xC7, 0x21, 0x45, 0x00, 0x00, 0x00, 0x00, 
0x00, 0x00, 0x00, 0x00, 0x00, 0x00, 0x00, 0x00, 0x00, 0x00, 0x00, 0x00, 0x00, 0x00, 0x00, 0x00, 
0x00, 0x00, 0x00, 0x00, 0x02, 0x44, 0x02, 0x44, 0x02, 0x44, 0x02, 0x44, 0x00, 0x00, 0x00, 0x00, 
0x00, 0x00, 0x00, 0x00, 0x00, 0x00, 0x00, 0x00, 0x00, 0x00, 0x00, 0x00, 0x00, 0x00, 0x00, 0x00, 
0x00, 0x00, 0x00, 0x00, 0x00, 0x00, 0x21, 0x45, 0x31, 0xC7, 0x21, 0x45, 0x00, 0x00, 0x00, 0x00, 
0x00, 0x00, 0x00, 0x00, 0x00, 0x00, 0x00, 0x00, 0x00, 0x00, 0x00, 0x00, 0x00, 0x00, 0x00, 0x00, 
0x00, 0x00, 0x00, 0x00, 0x00, 0x00, 0x00, 0x00, 0x00, 0x00, 0x00, 0x00, 0x00, 0x00, 0x00, 0x00, 
0x00, 0x00, 0x00, 0x00, 0x00, 0x00, 0x00, 0x00, 0x00, 0x00, 0x00, 0x00, 0x00, 0x00, 0x00, 0x00, 
0x00, 0x00, 0x00, 0x00, 0x00, 0x00, 0x00, 0x00, 0x21, 0x45, 0x00, 0x00, 0x00, 0x00, 0x00, 0x00, 
0x00, 0x00, 0x00, 0x00, 0x00, 0x00, 0x00, 0x00, 0x00, 0x00, 0x00, 0x00, 0x00, 0x00, 0x00, 0x00, 
0x00, 0x00, 0x00, 0x00, 0x00, 0x00, 0x00, 0x00, 0x00, 0x00, 0x00, 0x00, 0x00, 0x00, 0x00, 0x00, 
0x00, 0x00, 0x00, 0x00, 0x00, 0x00, 0x00, 0x00, 0x00, 0x00, 0x00, 0x00, 0x00, 0x00, 0x00, 0x00, 
0x00, 0x00, 0x00, 0x00, 0x00, 0x00, 0x00, 0x00, 0x00, 0x00, 0x00, 0x00, 0x00, 0x00, 0x00, 0x00
}
},
{
{
0x00, 0x00, 0x00, 0x00, 0x00, 0x00, 0x00, 0x00, 0x00, 0x00, 0x00, 0x00, 0x00, 0x00, 0x00, 0x00, 
0x00, 0x00, 0x00, 0x00, 0x00, 0x00, 0x00, 0x00, 0x00, 0x00, 0x00, 0x00, 0x00, 0x00, 0x00, 0x00, 
0x00, 0x00, 0x00, 0x00, 0x00, 0x00, 0x00, 0x00, 0x00, 0x00, 0x00, 0x00, 0x00, 0x00, 0x00, 0x00, 
0x00, 0x00, 0x00, 0x00, 0x00, 0x00, 0x00, 0x00, 0x00, 0x00, 0x00, 0x00, 0x00, 0x00, 0x00, 0x00, 
0x00, 0x00, 0x00, 0x00, 0x00, 0x00, 0x00, 0x00, 0x00, 0x00, 0x00, 0x00, 0x00, 0x00, 0x00, 0x00, 
0x00, 0x00, 0x00, 0x00, 0x00, 0x00, 0x00, 0x00, 0x00, 0x00, 0x00, 0x00, 0x00, 0x00, 0x00, 0x00, 
0x00, 0x00, 0x00, 0x00, 0x00, 0x00, 0x00, 0x00, 0x00, 0x00, 0x00, 0x00, 0x00, 0x00, 0x00, 0x00, 
0x00, 0x00, 0x00, 0x00, 0x00, 0x00, 0x00, 0x00, 0x00, 0x00, 0x00, 0x00, 0x00, 0x00, 0x00, 0x00, 
0x00, 0x00, 0x00, 0x00, 0x00, 0x00, 0x00, 0x00, 0x00, 0x00, 0x00, 0x00, 0x00, 0x00, 0x00, 0x00, 
0x00, 0x00, 0x00, 0x00, 0x00, 0x00, 0x00, 0x00, 0x00, 0x00, 0x00, 0x00, 0x00, 0x00, 0x00, 0x00, 
0x00, 0x00, 0x00, 0x00, 0x00, 0x00, 0x00, 0x00, 0x00, 0x00, 0x00, 0x00, 0x00, 0x00, 0x00, 0x00, 
0x00, 0x00, 0x00, 0x00, 0x00, 0x00, 0x00, 0x00, 0x00, 0x00, 0x00, 0x00, 0x00, 0x00, 0x00, 0x00, 
0x00, 0x00, 0x00, 0x00, 0x00, 0x00, 0x00, 0x00, 0x00, 0x00, 0x00, 0x00, 0x00, 0x00, 0x00, 0x00, 
0x00, 0x00, 0x00, 0x00, 0x00, 0x00, 0x00, 0x00, 0x00, 0x00, 0x00, 0x00, 0x00, 0x00, 0x00, 0x00, 
0x00, 0x00, 0x00, 0x00, 0x00, 0x00, 0x00, 0x00, 0x00, 0x00, 0x00, 0x00, 0x00, 0x00, 0x00, 0x00, 
0x00, 0x00, 0x00, 0x00, 0x00, 0x00, 0x00, 0x00, 0x00, 0x00, 0x00, 0x00, 0x00, 0x00, 0x00, 0x00, 
0x00, 0x00, 0x00, 0x00, 0x00, 0x00, 0x00, 0x00, 0x00, 0x00, 0x00, 0x00, 0x00, 0x00, 0x00, 0x00, 
0x00, 0x00, 0x00, 0x00, 0x00, 0x00, 0x00, 0x00, 0x00, 0x00, 0x21, 0x45, 0x21, 0x45, 0x21, 0x45, 
0x21, 0x45, 0x21, 0x45, 0x21, 0x45, 0x00, 0x00, 0x00, 0x00, 0x21, 0x45, 0x21, 0x45, 0x00, 0x00, 
0x00, 0x00, 0x00, 0x00, 0x00, 0x00, 0x00, 0x00, 0x00, 0x00, 0x00, 0x00, 0x00, 0x00, 0x00, 0x00, 
0x00, 0x00, 0x00, 0x00, 0x00, 0x00, 0x00, 0x00, 0x00, 0x00, 0x00, 0x00, 0x00, 0x00, 0x02, 0x44, 
0x02, 0x44, 0x02, 0x44, 0x02, 0x44, 0x02, 0x44, 0x21, 0x45, 0x31, 0xC7, 0x31, 0xC7, 0x42, 0x49, 
0x42, 0x49, 0x42, 0x49, 0x42, 0x49, 0x21, 0x45, 0x21, 0x45, 0x07, 0xE0, 0x00, 0x1F, 0x21, 0x45, 
0x00, 0x00, 0x00, 0x00, 0x00, 0x00, 0x00, 0x00, 0x00, 0x00, 0x00, 0x00, 0x00, 0x00, 0x00, 0x00, 
0x00, 0x00, 0x00, 0x00, 0x00, 0x00, 0x00, 0x00, 0x00, 0x00, 0x00, 0x00, 0x02, 0x44, 0x15, 0x8D, 
0x15, 0x8D, 0x03, 0xE8, 0x03, 0xE8, 0x02, 0x44, 0x31, 0xC7, 0x31, 0xC7, 0x52, 0xCB, 0x52, 0xCB, 
0x52, 0xCB, 0x52, 0xCB, 0x52, 0xCB, 0x52, 0xCB, 0x21, 0x45, 0x00, 0x1F, 0x00, 0x1F, 0x5B, 0x0C, 
0x21, 0x45, 0x00, 0x00, 0x00, 0x00, 0x00, 0x00, 0x00, 0x00, 0x00, 0x00, 0x00, 0x00, 0x00, 0x00, 
0x00, 0x00, 0x00, 0x00, 0x00, 0x00, 0x00, 0x00, 0x00, 0x00, 0x02, 0x44, 0x15, 0x8D, 0x15, 0x8D, 
0x15, 0x8D, 0x03, 0xE8, 0x03, 0xE8, 0x02, 0x44, 0x02, 0x44, 0x52, 0xCB, 0x5B, 0x0C, 0x5B, 0x0C, 
0x5B, 0x0C, 0x5B, 0x0C, 0x5B, 0x0C, 0x52, 0xCB, 0x52, 0xCB, 0x21, 0x45, 0x5B, 0x0C, 0x63, 0x4D, 
0x63, 0x4D, 0x21, 0x45, 0x42, 0x49, 0x21, 0x45, 0x00, 0x00, 0x00, 0x00, 0x00, 0x00, 0x00, 0x00, 
0x00, 0x00, 0x00, 0x00, 0x00, 0x00, 0x00, 0x00, 0x02, 0x44, 0x12, 0xA6, 0x03, 0xE8, 0x15, 0x8D, 
0x15, 0x8D, 0x03, 0xE8, 0x03, 0xE8, 0x1B, 0x07, 0x02, 0x44, 0x5B, 0x0C, 0x63, 0x4D, 0x63, 0x4D, 
0x63, 0x4D, 0x63, 0x4D, 0x07, 0xE0, 0x00, 0x1F, 0x52, 0xCB, 0x21, 0x45, 0x63, 0x4D, 0x63, 0x4D, 
0x63, 0x4D, 0x42, 0x49, 0x52, 0xCB, 0x52, 0xCB, 0x21, 0x45, 0x00, 0x00, 0x00, 0x00, 0x00, 0x00, 
0x00, 0x00, 0x00, 0x00, 0x00, 0x00, 0x02, 0x44, 0x15, 0x8D, 0x12, 0xA6, 0x12, 0xA6, 0x03, 0xE8, 
0x03, 0xE8, 0x03, 0xE8, 0x03, 0xE8, 0x1B, 0x07, 0x02, 0x44, 0x5B, 0x0C, 0x63, 0x4D, 0x63, 0x4D, 
0x63, 0x4D, 0x63, 0x4D, 0x00, 0x1F, 0x00, 0x1F, 0x52, 0xCB, 0x21, 0x45, 0x63, 0x4D, 0x63, 0x4D, 
0x42, 0x49, 0x5B, 0x0C, 0x5B, 0x0C, 0x52, 0xCB, 0x8B, 0x69, 0x8B, 0x69, 0x00, 0x00, 0x00, 0x00, 
0x00, 0x00, 0x00, 0x00, 0x02, 0x44, 0x15, 0x8D, 0x15, 0x8D, 0x15, 0x8D, 0x12, 0xA6, 0x12, 0xA6, 
0x03, 0xE8, 0x03, 0xE8, 0x1B, 0x07, 0x1B, 0x07, 0x02, 0x44, 0x5B, 0x0C, 0x1C, 0x7E, 0x1C, 0x7E, 
0x1C, 0x7E, 0x63, 0x4D, 0x63, 0x4D, 0x5B, 0x0C, 0x5B, 0x0C, 0x52, 0xCB, 0x21, 0x45, 0x42, 0x49, 
0x63, 0x4D, 0x63, 0x4D, 0x63, 0x4D, 0x5B, 0x0C, 0x8B, 0x69, 0x8B, 0x69, 0x00, 0x00, 0x00, 0x00, 
0x00, 0x00, 0x00, 0x00, 0x02, 0x44, 0x15, 0x8D, 0x15, 0x8D, 0x15, 0x8D, 0x03, 0xE8, 0x12, 0xA6, 
0x12, 0xA6, 0x03, 0xE8, 0x1B, 0x07, 0x1B, 0x07, 0x02, 0x44, 0x5B, 0x0C, 0x5E, 0x7E, 0x5E, 0x7E, 
0x1C, 0x7E, 0x63, 0x4D, 0x63, 0x4D, 0x5B, 0x0C, 0x5B, 0x0C, 0x52, 0xCB, 0x21, 0x45, 0x63, 0x4D, 
0x63, 0x4D, 0x63, 0x4D, 0x63, 0x4D, 0x5B, 0x0C, 0x8B, 0x69, 0x6A, 0x65, 0x00, 0x00, 0x00, 0x00, 
0x00, 0x00, 0x00, 0x00, 0x02, 0x44, 0x15, 0x8D, 0x15, 0x8D, 0x15, 0x8D, 0x03, 0xE8, 0x03, 0xE8, 
0x12, 0xA6, 0x12, 0xA6, 0x1B, 0x07, 0x1B, 0x07, 0x02, 0x44, 0x5B, 0x0C, 0x63, 0x4D, 0x63, 0x4D, 
0x63, 0x4D, 0x63, 0x4D, 0x63, 0x4D, 0x5B, 0x0C, 0x5B, 0x0C, 0x52, 0xCB, 0x21, 0x45, 0x63, 0x4D, 
0xFC, 0x29, 0xFC, 0x29, 0xF8, 0x00, 0xE2, 0x21, 0x6A, 0x65, 0x6A, 0x65, 0x00, 0x00, 0x00, 0x00, 
0x00, 0x00, 0x00, 0x00, 0x02, 0x44, 0x15, 0x8D, 0x15, 0x8D, 0x15, 0x8D, 0x03, 0xE8, 0x03, 0xE8, 
0x03, 0xE8, 0x12, 0xA6, 0x1B, 0x07, 0x1B, 0x07, 0x02, 0x44, 0x5B, 0x0C, 0x63, 0x4D, 0x63, 0x4D, 
0x63, 0x4D, 0x63, 0x4D, 0x63, 0x4D, 0x00, 0x1F, 0x5B, 0x0C, 0x52, 0xCB, 0x21, 0x45, 0xFC, 0x29, 
0xFC, 0x29, 0xF8, 0x00, 0xF2, 0xA3, 0xE2, 0x21, 0x6A, 0x65, 0x6A, 0x65, 0x00, 0x00, 0x00, 0x00, 
0x00, 0x00, 0x00, 0x00, 0x02, 0x44, 0x15, 0x8D, 0x15, 0x8D, 0x15, 0x8D, 0x03, 0xE8, 0x03, 0xE8, 
0x03, 0xE8, 0x1B, 0x07, 0x12, 0xA6, 0x1B, 0x07, 0x02, 0x44, 0x5B, 0x0C, 0x63, 0x4D, 0x63, 0x4D, 
0x63, 0x4D, 0x63, 0x4D, 0x00, 0x1F, 0x00, 0x1F, 0x00, 0x1F, 0x52, 0xCB, 0x42, 0x49, 0xFC, 0x29, 
0xF8, 0x00, 0xF8, 0x00, 0xF2, 0xA3, 0xE2, 0x21, 0x6A, 0x65, 0x6A, 0x65, 0x00, 0x00, 0x00, 0x00, 
0x00, 0x00, 0x00, 0x00, 0x02, 0x44, 0x15, 0x8D, 0x15, 0x8D, 0x15, 0x8D, 0x03, 0xE8, 0x03, 0xE8, 
0x03, 0xE8, 0x1B, 0x07, 0x12, 0xA6, 0x1B, 0x07, 0x02, 0x44, 0x5B, 0x0C, 0x5B, 0x0C, 0x63, 0x4D, 
0x63, 0x4D, 0x5B, 0x0C, 0x00, 0x1F, 0x00, 0x1F, 0x07, 0xE0, 0x52, 0xCB, 0x42, 0x49, 0xF8, 0x00, 
0xF8, 0x00, 0xF8, 0x00, 0xF2, 0xA3, 0xE2, 0x21, 0x42, 0x49, 0x00, 0x00, 0x00, 0x00, 0x00, 0x00, 
0x00, 0x00, 0x00, 0x00, 0x02, 0x44, 0x03, 0xE8, 0x15, 0x8D, 0x15, 0x8D, 0x03, 0xE8, 0x03, 0xE8, 
0x03, 0xE8, 0x1B, 0x07, 0x12, 0xA6, 0x1B, 0x07, 0x02, 0x44, 0x5B, 0x0C, 0x5B, 0x0C, 0x5B, 0x0C, 
0x5B, 0x0C, 0x5B, 0x0C, 0x00, 0x1F, 0x00, 0x1F, 0x07, 0xE0, 0x52, 0xCB, 0x42, 0x49, 0xF2, 0xA3, 
0xF2, 0xA3, 0xF2, 0xA3, 0xF2, 0xA3, 0xE2, 0x21, 0x42, 0x49, 0x00, 0x00, 0x00, 0x00, 0x00, 0x00, 
0x00, 0x00, 0x00, 0x00, 0x02, 0x44, 0x03, 0xE8, 0x03, 0xE8, 0x03, 0xE8, 0x03, 0xE8, 0x03, 0xE8, 
0x03, 0xE8, 0x1B, 0x07, 0x12, 0xA6, 0x1B, 0x07, 0x02, 0x44, 0x52, 0xCB, 0x5B, 0x0C, 0x5B, 0x0C, 
0x5B, 0x0C, 0x5B, 0x0C, 0x00, 0x1F, 0x00, 0x1F, 0x00, 0x1F, 0x42, 0x49, 0x42, 0x49, 0xF2, 0xA3, 
0xF2, 0xA3, 0xF2, 0xA3, 0xF2, 0xA3, 0xE2, 0x21, 0x8B, 0x69, 0x8B, 0x69, 0x00, 0x00, 0x00, 0x00, 
0x00, 0x00, 0x00, 0x00, 0x02, 0x44, 0x12, 0xA6, 0x03, 0xE8, 0x03, 0xE8, 0x03, 0xE8, 0x03, 0xE8, 
0x03, 0xE8, 0x1B, 0x07, 0x12, 0xA6, 0x12, 0xA6, 0x02, 0x44, 0x52, 0xCB, 0x5B, 0x0C, 0x5B, 0x0C, 
0x5B, 0x0C, 0x5B, 0x0C, 0x5B, 0x0C, 0x00, 0x1F, 0x52, 0xCB, 0x42, 0x49, 0x42, 0x49, 0x52, 0xCB, 
0xE2, 0x21, 0xE2, 0x21, 0xE2, 0x21, 0xE2, 0x21, 0x8B, 0x69, 0x8B, 0x69, 0x00, 0x00, 0x00, 0x00, 
0x00, 0x00, 0x00, 0x00, 0x02, 0x44, 0x12, 0xA6, 0x12, 0xA6, 0x03, 0xE8, 0x03, 0xE8, 0x03, 0xE8, 
0x03, 0xE8, 0x1B, 0x07, 0x1B, 0x07, 0x12, 0xA6, 0x02, 0x44, 0x52, 0xCB, 0x52, 0xCB, 0x52, 0xCB, 
0x52, 0xCB, 0x52, 0xCB, 0x52, 0xCB, 0x52, 0xCB, 0x52, 0xCB, 0x42, 0x49, 0x21, 0x45, 0x42, 0x49, 
0xE2, 0x21, 0xE2, 0x21, 0xE2, 0x21, 0xE2, 0x21, 0x8B, 0x69, 0x6A, 0x65, 0x00, 0x00, 0x00, 0x00, 
0x00, 0x00, 0x02, 0x44, 0x15, 0x8D, 0x15, 0x8D, 0x12, 0xA6, 0x12, 0xA6, 0x03, 0xE8, 0x03, 0xE8, 
0x1B, 0x07, 0x1B, 0x07, 0x1B, 0x07, 0x12, 0xA6, 0x02, 0x44, 0x52, 0xCB, 0x5E, 0x7E, 0x5E, 0x7E, 
0x1C, 0x7E, 0x52, 0xCB, 0x52, 0xCB, 0x52, 0xCB, 0x52, 0xCB, 0x42, 0x49, 0x21, 0x45, 0x42, 0x49, 
0x52, 0xCB, 0x52, 0xCB, 0x52, 0xCB, 0x52, 0xCB, 0x6A, 0x65, 0x6A, 0x65, 0x00, 0x00, 0x00, 0x00, 
0x00, 0x00, 0x02, 0x44, 0x15, 0x8D, 0x15, 0x8D, 0x03, 0xE8, 0x12, 0xA6, 0x1B, 0x07, 0x1B, 0x07, 
0x1B, 0x07, 0x1B, 0x07, 0x1B, 0x07, 0x12, 0xA6, 0x02, 0x44, 0x52, 0xCB, 0x1C, 0x7E, 0x1C, 0x7E, 
0x1C, 0x7E, 0x52, 0xCB, 0x52, 0xCB, 0x52, 0xCB, 0x52, 0xCB, 0x42, 0x49, 0x21, 0x45, 0x21, 0x45, 
0x42, 0x49, 0x42, 0x49, 0x42, 0x49, 0x42, 0x49, 0x6A, 0x65, 0x6A, 0x65, 0x00, 0x00, 0x00, 0x00, 
0x00, 0x00, 0x02, 0x44, 0x03, 0xE8, 0x03, 0xE8, 0x03, 0xE8, 0x12, 0xA6, 0x12, 0xA6, 0x1B, 0x07, 
0x1B, 0x07, 0x1B, 0x07, 0x1B, 0x07, 0x12, 0xA6, 0x02, 0x44, 0x42, 0x49, 0x52, 0xCB, 0x52, 0xCB, 
0x52, 0xCB, 0x52, 0xCB, 0x07, 0xE0, 0x00, 0x1F, 0x42, 0x49, 0x21, 0x45, 0x42, 0x49, 0x42, 0x49, 
0x21, 0x45, 0x42, 0x49, 0x42, 0x49, 0x21, 0x45, 0x6A, 0x65, 0x6A, 0x65, 0x00, 0x00, 0x00, 0x00, 
0x00, 0x00, 0x02, 0x44, 0x03, 0xE8, 0x03, 0xE8, 0x03, 0xE8, 0x03, 0xE8, 0x12, 0xA6, 0x1B, 0x07, 
0x1B, 0x07, 0x1B, 0x07, 0x1B, 0x07, 0x12, 0xA6, 0x02, 0x44, 0x42, 0x49, 0x42, 0x49, 0x42, 0x49, 
0x42, 0x49, 0x42, 0x49, 0x00, 0x1F, 0x00, 0x1F, 0x42, 0x49, 0x21, 0x45, 0x42, 0x49, 0x42, 0x49, 
0x42, 0x49, 0x21, 0x45, 0x42, 0x49, 0x42, 0x49, 0x42, 0x49, 0x00, 0x00, 0x00, 0x00, 0x00, 0x00, 
0x02, 0x44, 0x03, 0xE8, 0x03, 0xE8, 0x03, 0xE8, 0x03, 0xE8, 0x1B, 0x07, 0x12, 0xA6, 0x12, 0xA6, 
0x1B, 0x07, 0x1B, 0x07, 0x1B, 0x07, 0x12, 0xA6, 0x02, 0x44, 0x31, 0xC7, 0x42, 0x49, 0x42, 0x49, 
0x42, 0x49, 0x42, 0x49, 0x42, 0x49, 0x42, 0x49, 0x31, 0xC7, 0x21, 0x45, 0x42, 0x49, 0x42, 0x49, 
0x21, 0x45, 0x21, 0x45, 0x31, 0xC7, 0x21, 0x45, 0x52, 0xCB, 0x21, 0x45, 0x00, 0x00, 0x00, 0x00, 
0x02, 0x44, 0x03, 0xE8, 0x03, 0xE8, 0x1B, 0x07, 0x1B, 0x07, 0x1B, 0x07, 0x1B, 0x07, 0x12, 0xA6, 
0x1B, 0x07, 0x1B, 0x07, 0x12, 0xA6, 0x12, 0xA6, 0x02, 0x44, 0x31, 0xC7, 0x31, 0xC7, 0x31, 0xC7, 
0x31, 0xC7, 0x31, 0xC7, 0x31, 0xC7, 0x31, 0xC7, 0x21, 0x45, 0x42, 0x49, 0x42, 0x49, 0x31, 0xC7, 
0x21, 0x45, 0x00, 0x00, 0x21, 0x45, 0x5B, 0x0C, 0x52, 0xCB, 0x21, 0x45, 0x00, 0x00, 0x00, 0x00, 
0x00, 0x00, 0x02, 0x44, 0x1B, 0x07, 0x1B, 0x07, 0x1B, 0x07, 0x1B, 0x07, 0x1B, 0x07, 0x12, 0xA6, 
0x12, 0xA6, 0x12, 0xA6, 0x12, 0xA6, 0x12, 0xA6, 0x12, 0xA6, 0x02, 0x44, 0x31, 0xC7, 0x31, 0xC7, 
0x31, 0xC7, 0x31, 0xC7, 0x31, 0xC7, 0x21, 0x45, 0x07, 0xE0, 0x00, 0x1F, 0x21, 0x45, 0x21, 0x45, 
0x00, 0x00, 0x00, 0x00, 0x21, 0x45, 0x52, 0xCB, 0x52, 0xCB, 0x21, 0x45, 0x00, 0x00, 0x00, 0x00, 
0x00, 0x00, 0x00, 0x00, 0x02, 0x44, 0x02, 0x44, 0x02, 0x44, 0x02, 0x44, 0x02, 0x44, 0x02, 0x44, 
0x12, 0xA6, 0x12, 0xA6, 0x12, 0xA6, 0x12, 0xA6, 0x12, 0xA6, 0x02, 0x44, 0x21, 0x45, 0x21, 0x45, 
0x21, 0x45, 0x21, 0x45, 0x21, 0x45, 0x21, 0x45, 0x00, 0x1F, 0x00, 0x1F, 0x21, 0x45, 0x00, 0x00, 
0x00, 0x00, 0x00, 0x00, 0x21, 0x45, 0x42, 0x49, 0x42, 0x49, 0x21, 0x45, 0x00, 0x00, 0x00, 0x00, 
0x00, 0x00, 0x00, 0x00, 0x00, 0x00, 0x00, 0x00, 0x00, 0x00, 0x00, 0x00, 0x00, 0x00, 0x00, 0x00, 
0x02, 0x44, 0x12, 0xA6, 0x12, 0xA6, 0x12, 0xA6, 0x12, 0xA6, 0x02, 0x44, 0x00, 0x00, 0x00, 0x00, 
0x00, 0x00, 0x00, 0x00, 0x00, 0x00, 0x00, 0x00, 0x21, 0x45, 0x21, 0x45, 0x00, 0x00, 0x00, 0x00, 
0x00, 0x00, 0x00, 0x00, 0x21, 0x45, 0x42, 0x49, 0x31, 0xC7, 0x21, 0x45, 0x00, 0x00, 0x00, 0x00, 
0x00, 0x00, 0x00, 0x00, 0x00, 0x00, 0x00, 0x00, 0x00, 0x00, 0x00, 0x00, 0x00, 0x00, 0x00, 0x00, 
0x00, 0x00, 0x02, 0x44, 0x02, 0x44, 0x02, 0x44, 0x02, 0x44, 0x00, 0x00, 0x00, 0x00, 0x00, 0x00, 
0x00, 0x00, 0x00, 0x00, 0x00, 0x00, 0x00, 0x00, 0x00, 0x00, 0x00, 0x00, 0x00, 0x00, 0x00, 0x00, 
0x00, 0x00, 0x00, 0x00, 0x00, 0x00, 0x21, 0x45, 0x31, 0xC7, 0x21, 0x45, 0x00, 0x00, 0x00, 0x00, 
0x00, 0x00, 0x00, 0x00, 0x00, 0x00, 0x00, 0x00, 0x00, 0x00, 0x00, 0x00, 0x00, 0x00, 0x00, 0x00, 
0x00, 0x00, 0x00, 0x00, 0x00, 0x00, 0x00, 0x00, 0x00, 0x00, 0x00, 0x00, 0x00, 0x00, 0x00, 0x00, 
0x00, 0x00, 0x00, 0x00, 0x00, 0x00, 0x00, 0x00, 0x00, 0x00, 0x00, 0x00, 0x00, 0x00, 0x00, 0x00, 
0x00, 0x00, 0x00, 0x00, 0x00, 0x00, 0x00, 0x00, 0x21, 0x45, 0x00, 0x00, 0x00, 0x00, 0x00, 0x00, 
0x00, 0x00, 0x00, 0x00, 0x00, 0x00, 0x00, 0x00, 0x00, 0x00, 0x00, 0x00, 0x00, 0x00, 0x00, 0x00, 
0x00, 0x00, 0x00, 0x00, 0x00, 0x00, 0x00, 0x00, 0x00, 0x00, 0x00, 0x00, 0x00, 0x00, 0x00, 0x00, 
0x00, 0x00, 0x00, 0x00, 0x00, 0x00, 0x00, 0x00, 0x00, 0x00, 0x00, 0x00, 0x00, 0x00, 0x00, 0x00, 
0x00, 0x00, 0x00, 0x00, 0x00, 0x00, 0x00, 0x00, 0x00, 0x00, 0x00, 0x00, 0x00, 0x00, 0x00, 0x00
}
,
{
0x00, 0x00, 0x00, 0x00, 0x00, 0x00, 0x00, 0x00, 0x00, 0x00, 0x00, 0x00, 0x00, 0x00, 0x00, 0x00, 
0x00, 0x00, 0x00, 0x00, 0x00, 0x00, 0x00, 0x00, 0x00, 0x00, 0x00, 0x00, 0x00, 0x00, 0x00, 0x00, 
0x00, 0x00, 0x00, 0x00, 0x00, 0x00, 0x00, 0x00, 0x00, 0x00, 0x00, 0x00, 0x00, 0x00, 0x00, 0x00, 
0x00, 0x00, 0x00, 0x00, 0x00, 0x00, 0x00, 0x00, 0x00, 0x00, 0x00, 0x00, 0x00, 0x00, 0x00, 0x00, 
0x00, 0x00, 0x00, 0x00, 0x00, 0x00, 0x00, 0x00, 0x00, 0x00, 0x00, 0x00, 0x00, 0x00, 0x00, 0x00, 
0x00, 0x00, 0x00, 0x00, 0x00, 0x00, 0x00, 0x00, 0x00, 0x00, 0x00, 0x00, 0x00, 0x00, 0x00, 0x00, 
0x00, 0x00, 0x00, 0x00, 0x00, 0x00, 0x00, 0x00, 0x00, 0x00, 0x00, 0x00, 0x00, 0x00, 0x00, 0x00, 
0x00, 0x00, 0x00, 0x00, 0x00, 0x00, 0x00, 0x00, 0x00, 0x00, 0x00, 0x00, 0x00, 0x00, 0x00, 0x00, 
0x00, 0x00, 0x00, 0x00, 0x00, 0x00, 0x00, 0x00, 0x00, 0x00, 0x00, 0x00, 0x00, 0x00, 0x00, 0x00, 
0x00, 0x00, 0x00, 0x00, 0x00, 0x00, 0x00, 0x00, 0x00, 0x00, 0x00, 0x00, 0x00, 0x00, 0x00, 0x00, 
0x00, 0x00, 0x00, 0x00, 0x00, 0x00, 0x00, 0x00, 0x00, 0x00, 0x00, 0x00, 0x00, 0x00, 0x00, 0x00, 
0x00, 0x00, 0x00, 0x00, 0x00, 0x00, 0x00, 0x00, 0x00, 0x00, 0x00, 0x00, 0x00, 0x00, 0x00, 0x00, 
0x00, 0x00, 0x00, 0x00, 0x00, 0x00, 0x00, 0x00, 0x00, 0x00, 0x00, 0x00, 0x00, 0x00, 0x00, 0x00, 
0x00, 0x00, 0x00, 0x00, 0x00, 0x00, 0x00, 0x00, 0x00, 0x00, 0x00, 0x00, 0x00, 0x00, 0x00, 0x00, 
0x00, 0x00, 0x00, 0x00, 0x00, 0x00, 0x00, 0x00, 0x00, 0x00, 0x00, 0x00, 0x00, 0x00, 0x00, 0x00, 
0x00, 0x00, 0x00, 0x00, 0x00, 0x00, 0x00, 0x00, 0x00, 0x00, 0x00, 0x00, 0x00, 0x00, 0x00, 0x00, 
0x00, 0x00, 0x00, 0x00, 0x00, 0x00, 0x00, 0x00, 0x00, 0x00, 0x00, 0x00, 0x00, 0x00, 0x00, 0x00, 
0x00, 0x00, 0x00, 0x00, 0x00, 0x00, 0x00, 0x00, 0x00, 0x00, 0x00, 0x00, 0x21, 0x45, 0x21, 0x45, 
0x21, 0x45, 0x21, 0x45, 0x21, 0x45, 0x21, 0x45, 0x00, 0x00, 0x00, 0x00, 0x00, 0x00, 0x21, 0x45, 
0x21, 0x45, 0x00, 0x00, 0x00, 0x00, 0x00, 0x00, 0x00, 0x00, 0x00, 0x00, 0x00, 0x00, 0x00, 0x00, 
0x00, 0x00, 0x00, 0x00, 0x00, 0x00, 0x00, 0x00, 0x00, 0x00, 0x00, 0x00, 0x00, 0x00, 0x00, 0x00, 
0x02, 0x44, 0x02, 0x44, 0x02, 0x44, 0x02, 0x44, 0x02, 0x44, 0x21, 0x45, 0x31, 0xC7, 0x31, 0xC7, 
0x42, 0x49, 0x42, 0x49, 0x42, 0x49, 0x42, 0x49, 0x21, 0x45, 0x00, 0x00, 0x21, 0x45, 0x52, 0xCB, 
0x52, 0xCB, 0x21, 0x45, 0x00, 0x00, 0x00, 0x00, 0x00, 0x00, 0x00, 0x00, 0x00, 0x00, 0x00, 0x00, 
0x00, 0x00, 0x00, 0x00, 0x00, 0x00, 0x00, 0x00, 0x00, 0x00, 0x00, 0x00, 0x00, 0x00, 0x02, 0x44, 
0x15, 0x8D, 0x15, 0x8D, 0x03, 0xE8, 0x03, 0xE8, 0x02, 0x44, 0x31, 0xC7, 0x31, 0xC7, 0x52, 0xCB, 
0x52, 0xCB, 0x52, 0xCB, 0x52, 0xCB, 0x52, 0xCB, 0x52, 0xCB, 0x21, 0x45, 0x52, 0xCB, 0x5B, 0x0C, 
0x07, 0xE0, 0x00, 0x1F, 0x21, 0x45, 0x00, 0x00, 0x00, 0x00, 0x00, 0x00, 0x00, 0x00, 0x00, 0x00, 
0x00, 0x00, 0x00, 0x00, 0x00, 0x00, 0x00, 0x00, 0x00, 0x00, 0x00, 0x00, 0x02, 0x44, 0x15, 0x8D, 
0x15, 0x8D, 0x15, 0x8D, 0x03, 0xE8, 0x03, 0xE8, 0x02, 0x44, 0x02, 0x44, 0x52, 0xCB, 0x5B, 0x0C, 
0x5B, 0x0C, 0x5B, 0x0C, 0x5B, 0x0C, 0x5B, 0x0C, 0x52, 0xCB, 0x21, 0x45, 0x5B, 0x0C, 0x63, 0x4D, 
0x00, 0x1F, 0x00, 0x1F, 0x42, 0x49, 0x21, 0x45, 0x00, 0x00, 0x00, 0x00, 0x00, 0x00, 0x00, 0x00, 
0x00, 0x00, 0x00, 0x00, 0x00, 0x00, 0x00, 0x00, 0x00, 0x00, 0x02, 0x44, 0x12, 0xA6, 0x03, 0xE8, 
0x15, 0x8D, 0x15, 0x8D, 0x03, 0xE8, 0x03, 0xE8, 0x1B, 0x07, 0x02, 0x44, 0x5B, 0x0C, 0x63, 0x4D, 
0x63, 0x4D, 0x63, 0x4D, 0x63, 0x4D, 0x07, 0xE0, 0x00, 0x1F, 0x21, 0x45, 0x63, 0x4D, 0x63, 0x4D, 
0x63, 0x4D, 0x42, 0x49, 0x52, 0xCB, 0x52, 0xCB, 0x21, 0x45, 0x00, 0x00, 0x00, 0x00, 0x00, 0x00, 
0x00, 0x00, 0x00, 0x00, 0x00, 0x00, 0x00, 0x00, 0x02, 0x44, 0x15, 0x8D, 0x12, 0xA6, 0x12, 0xA6, 
0x03, 0xE8, 0x03, 0xE8, 0x03, 0xE8, 0x03, 0xE8, 0x1B, 0x07, 0x02, 0x44, 0x5B, 0x0C, 0x63, 0x4D, 
0x63, 0x4D, 0x63, 0x4D, 0x63, 0x4D, 0x00, 0x1F, 0x00, 0x1F, 0x21, 0x45, 0x63, 0x4D, 0x63, 0x4D, 
0x42, 0x49, 0x5B, 0x0C, 0x5B, 0x0C, 0x52, 0xCB, 0x8B, 0x69, 0x8B, 0x69, 0x00, 0x00, 0x00, 0x00, 
0x00, 0x00, 0x00, 0x00, 0x00, 0x00, 0x02, 0x44, 0x15, 0x8D, 0x15, 0x8D, 0x15, 0x8D, 0x12, 0xA6, 
0x12, 0xA6, 0x03, 0xE8, 0x03, 0xE8, 0x1B, 0x07, 0x1B, 0x07, 0x02, 0x44, 0x5B, 0x0C, 0x1C, 0x7E, 
0x1C, 0x7E, 0x1C, 0x7E, 0x63, 0x4D, 0x63, 0x4D, 0x5B, 0x0C, 0x52, 0xCB, 0x21, 0x45, 0x42, 0x49, 
0x63, 0x4D, 0x63, 0x4D, 0x63, 0x4D, 0x5B, 0x0C, 0x8B, 0x69, 0x8B, 0x69, 0x00, 0x00, 0x00, 0x00, 
0x00, 0x00, 0x00, 0x00, 0x00, 0x00, 0x02, 0x44, 0x15, 0x8D, 0x15, 0x8D, 0x15, 0x8D, 0x03, 0xE8, 
0x12, 0xA6, 0x12, 0xA6, 0x03, 0xE8, 0x1B, 0x07, 0x1B, 0x07, 0x02, 0x44, 0x5B, 0x0C, 0x1C, 0x7E, 
0x5E, 0x7E, 0x5E, 0x7E, 0x63, 0x4D, 0x63, 0x4D, 0x5B, 0x0C, 0x52, 0xCB, 0x21, 0x45, 0x63, 0x4D, 
0x63, 0x4D, 0x63, 0x4D, 0x63, 0x4D, 0x5B, 0x0C, 0x8B, 0x69, 0x6A, 0x65, 0x00, 0x00, 0x00, 0x00, 
0x00, 0x00, 0x00, 0x00, 0x00, 0x00, 0x02, 0x44, 0x15, 0x8D, 0x15, 0x8D, 0x15, 0x8D, 0x03, 0xE8, 
0x03, 0xE8, 0x12, 0xA6, 0x12, 0xA6, 0x1B, 0x07, 0x1B, 0x07, 0x02, 0x44, 0x5B, 0x0C, 0x63, 0x4D, 
0x63, 0x4D, 0x63, 0x4D, 0x63, 0x4D, 0x63, 0x4D, 0x5B, 0x0C, 0x52, 0xCB, 0x21, 0x45, 0x63, 0x4D, 
0xFC, 0x29, 0xFC, 0x29, 0xF8, 0x00, 0xE2, 0x21, 0x6A, 0x65, 0x6A, 0x65, 0x00, 0x00, 0x00, 0x00, 
0x00, 0x00, 0x00, 0x00, 0x00, 0x00, 0x02, 0x44, 0x15, 0x8D, 0x15, 0x8D, 0x15, 0x8D, 0x03, 0xE8, 
0x03, 0xE8, 0x03, 0xE8, 0x12, 0xA6, 0x1B, 0x07, 0x1B, 0x07, 0x02, 0x44, 0x5B, 0x0C, 0x63, 0x4D, 
0x63, 0x4D, 0x63, 0x4D, 0x63, 0x4D, 0x63, 0x4D, 0x00, 0x1F, 0x52, 0xCB, 0x21, 0x45, 0xFC, 0x29, 
0xFC, 0x29, 0xF8, 0x00, 0xF2, 0xA3, 0xE2, 0x21, 0x6A, 0x65, 0x6A, 0x65, 0x00, 0x00, 0x00, 0x00, 
0x00, 0x00, 0x00, 0x00, 0x00, 0x00, 0x02, 0x44, 0x15, 0x8D, 0x15, 0x8D, 0x15, 0x8D, 0x03, 0xE8, 
0x03, 0xE8, 0x03, 0xE8, 0x1B, 0x07, 0x12, 0xA6, 0x1B, 0x07, 0x02, 0x44, 0x5B, 0x0C, 0x63, 0x4D, 
0x63, 0x4D, 0x63, 0x4D, 0x63, 0x4D, 0x5B, 0x0C, 0x00, 0x1F, 0x52, 0xCB, 0x42, 0x49, 0xFC, 0x29, 
0xF8, 0x00, 0xF8, 0x00, 0xF2, 0xA3, 0xE2, 0x21, 0x6A, 0x65, 0x6A, 0x65, 0x00, 0x00, 0x00, 0x00, 
0x00, 0x00, 0x00, 0x00, 0x00, 0x00, 0x02, 0x44, 0x15, 0x8D, 0x15, 0x8D, 0x15, 0x8D, 0x03, 0xE8, 
0x03, 0xE8, 0x03, 0xE8, 0x1B, 0x07, 0x12, 0xA6, 0x1B, 0x07, 0x02, 0x44, 0x5B, 0x0C, 0x5B, 0x0C, 
0x63, 0x4D, 0x63, 0x4D, 0x5B, 0x0C, 0x5B, 0x0C, 0x00, 0x1F, 0x52, 0xCB, 0x42, 0x49, 0xF8, 0x00, 
0xF8, 0x00, 0xF8, 0x00, 0xF2, 0xA3, 0xE2, 0x21, 0x42, 0x49, 0x00, 0x00, 0x00, 0x00, 0x00, 0x00, 
0x00, 0x00, 0x00, 0x00, 0x00, 0x00, 0x02, 0x44, 0x03, 0xE8, 0x15, 0x8D, 0x15, 0x8D, 0x03, 0xE8, 
0x03, 0xE8, 0x03, 0xE8, 0x1B, 0x07, 0x12, 0xA6, 0x1B, 0x07, 0x02, 0x44, 0x5B, 0x0C, 0x5B, 0x0C, 
0x5B, 0x0C, 0x5B, 0x0C, 0x5B, 0x0C, 0x5B, 0x0C, 0x00, 0x1F, 0x52, 0xCB, 0x42, 0x49, 0xF2, 0xA3, 
0xF2, 0xA3, 0xF2, 0xA3, 0xF2, 0xA3, 0xE2, 0x21, 0x42, 0x49, 0x00, 0x00, 0x00, 0x00, 0x00, 0x00, 
0x00, 0x00, 0x00, 0x00, 0x00, 0x00, 0x02, 0x44, 0x03, 0xE8, 0x03, 0xE8, 0x03, 0xE8, 0x03, 0xE8, 
0x03, 0xE8, 0x03, 0xE8, 0x1B, 0x07, 0x12, 0xA6, 0x1B, 0x07, 0x02, 0x44, 0x52, 0xCB, 0x5B, 0x0C, 
0x5B, 0x0C, 0x5B, 0x0C, 0x5B, 0x0C, 0x5B, 0x0C, 0x00, 0x1F, 0x42, 0x49, 0x42, 0x49, 0xF2, 0xA3, 
0xF2, 0xA3, 0xF2, 0xA3, 0xF2, 0xA3, 0xE2, 0x21, 0x8B, 0x69, 0x8B, 0x69, 0x00, 0x00, 0x00, 0x00, 
0x00, 0x00, 0x00, 0x00, 0x00, 0x00, 0x02, 0x44, 0x12, 0xA6, 0x03, 0xE8, 0x03, 0xE8, 0x03, 0xE8, 
0x03, 0xE8, 0x03, 0xE8, 0x1B, 0x07, 0x12, 0xA6, 0x12, 0xA6, 0x02, 0x44, 0x52, 0xCB, 0x5B, 0x0C, 
0x5B, 0x0C, 0x5B, 0x0C, 0x5B, 0x0C, 0x5B, 0x0C, 0x00, 0x1F, 0x42, 0x49, 0x42, 0x49, 0x52, 0xCB, 
0xE2, 0x21, 0xE2, 0x21, 0xE2, 0x21, 0xE2, 0x21, 0x8B, 0x69, 0x8B, 0x69, 0x00, 0x00, 0x00, 0x00, 
0x00, 0x00, 0x00, 0x00, 0x00, 0x00, 0x02, 0x44, 0x12, 0xA6, 0x12, 0xA6, 0x03, 0xE8, 0x03, 0xE8, 
0x03, 0xE8, 0x03, 0xE8, 0x1B, 0x07, 0x1B, 0x07, 0x12, 0xA6, 0x02, 0x44, 0x52, 0xCB, 0x52, 0xCB, 
0x52, 0xCB, 0x52, 0xCB, 0x52, 0xCB, 0x52, 0xCB, 0x52, 0xCB, 0x42, 0x49, 0x21, 0x45, 0x42, 0x49, 
0xE2, 0x21, 0xE2, 0x21, 0xE2, 0x21, 0xE2, 0x21, 0x8B, 0x69, 0x6A, 0x65, 0x00, 0x00, 0x00, 0x00, 
0x00, 0x00, 0x00, 0x00, 0x02, 0x44, 0x15, 0x8D, 0x15, 0x8D, 0x12, 0xA6, 0x12, 0xA6, 0x03, 0xE8, 
0x03, 0xE8, 0x1B, 0x07, 0x1B, 0x07, 0x1B, 0x07, 0x12, 0xA6, 0x02, 0x44, 0x52, 0xCB, 0x1C, 0x7E, 
0x5E, 0x7E, 0x5E, 0x7E, 0x52, 0xCB, 0x52, 0xCB, 0x52, 0xCB, 0x42, 0x49, 0x21, 0x45, 0x42, 0x49, 
0x52, 0xCB, 0x52, 0xCB, 0x52, 0xCB, 0x52, 0xCB, 0x6A, 0x65, 0x6A, 0x65, 0x00, 0x00, 0x00, 0x00, 
0x00, 0x00, 0x00, 0x00, 0x02, 0x44, 0x15, 0x8D, 0x15, 0x8D, 0x03, 0xE8, 0x12, 0xA6, 0x1B, 0x07, 
0x1B, 0x07, 0x1B, 0x07, 0x1B, 0x07, 0x1B, 0x07, 0x12, 0xA6, 0x02, 0x44, 0x52, 0xCB, 0x1C, 0x7E, 
0x1C, 0x7E, 0x1C, 0x7E, 0x52, 0xCB, 0x52, 0xCB, 0x52, 0xCB, 0x42, 0x49, 0x21, 0x45, 0x21, 0x45, 
0x42, 0x49, 0x42, 0x49, 0x42, 0x49, 0x42, 0x49, 0x6A, 0x65, 0x6A, 0x65, 0x00, 0x00, 0x00, 0x00, 
0x00, 0x00, 0x00, 0x00, 0x02, 0x44, 0x03, 0xE8, 0x03, 0xE8, 0x03, 0xE8, 0x12, 0xA6, 0x12, 0xA6, 
0x1B, 0x07, 0x1B, 0x07, 0x1B, 0x07, 0x1B, 0x07, 0x12, 0xA6, 0x02, 0x44, 0x42, 0x49, 0x52, 0xCB, 
0x52, 0xCB, 0x52, 0xCB, 0x52, 0xCB, 0x07, 0xE0, 0x00, 0x1F, 0x21, 0x45, 0x42, 0x49, 0x42, 0x49, 
0x21, 0x45, 0x42, 0x49, 0x42, 0x49, 0x21, 0x45, 0x6A, 0x65, 0x6A, 0x65, 0x00, 0x00, 0x00, 0x00, 
0x00, 0x00, 0x00, 0x00, 0x02, 0x44, 0x03, 0xE8, 0x03, 0xE8, 0x03, 0xE8, 0x03, 0xE8, 0x12, 0xA6, 
0x1B, 0x07, 0x1B, 0x07, 0x1B, 0x07, 0x1B, 0x07, 0x12, 0xA6, 0x02, 0x44, 0x42, 0x49, 0x42, 0x49, 
0x42, 0x49, 0x42, 0x49, 0x42, 0x49, 0x00, 0x1F, 0x00, 0x1F, 0x21, 0x45, 0x31, 0xC7, 0x42, 0x49, 
0x42, 0x49, 0x21, 0x45, 0x42, 0x49, 0x42, 0x49, 0x42, 0x49, 0x00, 0x00, 0x00, 0x00, 0x00, 0x00, 
0x00, 0x00, 0x02, 0x44, 0x03, 0xE8, 0x03, 0xE8, 0x03, 0xE8, 0x03, 0xE8, 0x1B, 0x07, 0x12, 0xA6, 
0x12, 0xA6, 0x1B, 0x07, 0x1B, 0x07, 0x1B, 0x07, 0x12, 0xA6, 0x02, 0x44, 0x31, 0xC7, 0x42, 0x49, 
0x42, 0x49, 0x42, 0x49, 0x42, 0x49, 0x42, 0x49, 0x42, 0x49, 0x21, 0x45, 0x31, 0xC7, 0x31, 0xC7, 
0x07, 0xE0, 0x00, 0x1F, 0x31, 0xC7, 0x21, 0x45, 0x52, 0xCB, 0x21, 0x45, 0x00, 0x00, 0x00, 0x00, 
0x00, 0x00, 0x02, 0x44, 0x03, 0xE8, 0x03, 0xE8, 0x1B, 0x07, 0x1B, 0x07, 0x1B, 0x07, 0x1B, 0x07, 
0x12, 0xA6, 0x1B, 0x07, 0x1B, 0x07, 0x12, 0xA6, 0x12, 0xA6, 0x02, 0x44, 0x31, 0xC7, 0x31, 0xC7, 
0x31, 0xC7, 0x31, 0xC7, 0x31, 0xC7, 0x31, 0xC7, 0x31, 0xC7, 0x21, 0x45, 0x31, 0xC7, 0x31, 0xC7, 
0x00, 0x1F, 0x00, 0x1F, 0x21, 0x45, 0x5B, 0x0C, 0x52, 0xCB, 0x21, 0x45, 0x00, 0x00, 0x00, 0x00, 
0x00, 0x00, 0x00, 0x00, 0x02, 0x44, 0x1B, 0x07, 0x1B, 0x07, 0x1B, 0x07, 0x1B, 0x07, 0x1B, 0x07, 
0x12, 0xA6, 0x12, 0xA6, 0x12, 0xA6, 0x12, 0xA6, 0x12, 0xA6, 0x12, 0xA6, 0x02, 0x44, 0x31, 0xC7, 
0x31, 0xC7, 0x31, 0xC7, 0x31, 0xC7, 0x31, 0xC7, 0x21, 0x45, 0x00, 0x00, 0x21, 0x45, 0x31, 0xC7, 
0x31, 0xC7, 0x21, 0x45, 0x21, 0x45, 0x52, 0xCB, 0x52, 0xCB, 0x21, 0x45, 0x00, 0x00, 0x00, 0x00, 
0x00, 0x00, 0x00, 0x00, 0x00, 0x00, 0x02, 0x44, 0x02, 0x44, 0x02, 0x44, 0x02, 0x44, 0x02, 0x44, 
0x02, 0x44, 0x12, 0xA6, 0x12, 0xA6, 0x12, 0xA6, 0x12, 0xA6, 0x12, 0xA6, 0x02, 0x44, 0x21, 0x45, 
0x21, 0x45, 0x21, 0x45, 0x21, 0x45, 0x21, 0x45, 0x00, 0x00, 0x00, 0x00, 0x00, 0x00, 0x21, 0x45, 
0x21, 0x45, 0x00, 0x00, 0x21, 0x45, 0x42, 0x49, 0x42, 0x49, 0x21, 0x45, 0x00, 0x00, 0x00, 0x00, 
0x00, 0x00, 0x00, 0x00, 0x00, 0x00, 0x00, 0x00, 0x00, 0x00, 0x00, 0x00, 0x00, 0x00, 0x00, 0x00, 
0x00, 0x00, 0x02, 0x44, 0x12, 0xA6, 0x12, 0xA6, 0x12, 0xA6, 0x12, 0xA6, 0x02, 0x44, 0x00, 0x00, 
0x00, 0x00, 0x00, 0x00, 0x00, 0x00, 0x00, 0x00, 0x00, 0x00, 0x00, 0x00, 0x00, 0x00, 0x00, 0x00, 
0x00, 0x00, 0x00, 0x00, 0x21, 0x45, 0x42, 0x49, 0x31, 0xC7, 0x21, 0x45, 0x00, 0x00, 0x00, 0x00, 
0x00, 0x00, 0x00, 0x00, 0x00, 0x00, 0x00, 0x00, 0x00, 0x00, 0x00, 0x00, 0x00, 0x00, 0x00, 0x00, 
0x00, 0x00, 0x00, 0x00, 0x02, 0x44, 0x02, 0x44, 0x02, 0x44, 0x02, 0x44, 0x00, 0x00, 0x00, 0x00, 
0x00, 0x00, 0x00, 0x00, 0x00, 0x00, 0x00, 0x00, 0x00, 0x00, 0x00, 0x00, 0x00, 0x00, 0x00, 0x00, 
0x00, 0x00, 0x00, 0x00, 0x00, 0x00, 0x21, 0x45, 0x31, 0xC7, 0x21, 0x45, 0x00, 0x00, 0x00, 0x00, 
0x00, 0x00, 0x00, 0x00, 0x00, 0x00, 0x00, 0x00, 0x00, 0x00, 0x00, 0x00, 0x00, 0x00, 0x00, 0x00, 
0x00, 0x00, 0x00, 0x00, 0x00, 0x00, 0x00, 0x00, 0x00, 0x00, 0x00, 0x00, 0x00, 0x00, 0x00, 0x00, 
0x00, 0x00, 0x00, 0x00, 0x00, 0x00, 0x00, 0x00, 0x00, 0x00, 0x00, 0x00, 0x00, 0x00, 0x00, 0x00, 
0x00, 0x00, 0x00, 0x00, 0x00, 0x00, 0x00, 0x00, 0x21, 0x45, 0x00, 0x00, 0x00, 0x00, 0x00, 0x00, 
0x00, 0x00, 0x00, 0x00, 0x00, 0x00, 0x00, 0x00, 0x00, 0x00, 0x00, 0x00, 0x00, 0x00, 0x00, 0x00, 
0x00, 0x00, 0x00, 0x00, 0x00, 0x00, 0x00, 0x00, 0x00, 0x00, 0x00, 0x00, 0x00, 0x00, 0x00, 0x00, 
0x00, 0x00, 0x00, 0x00, 0x00, 0x00, 0x00, 0x00, 0x00, 0x00, 0x00, 0x00, 0x00, 0x00, 0x00, 0x00, 
0x00, 0x00, 0x00, 0x00, 0x00, 0x00, 0x00, 0x00, 0x00, 0x00, 0x00, 0x00, 0x00, 0x00, 0x00, 0x00
}
,
{
0x00, 0x00, 0x00, 0x00, 0x00, 0x00, 0x00, 0x00, 0x00, 0x00, 0x00, 0x00, 0x00, 0x00, 0x00, 0x00, 
0x00, 0x00, 0x00, 0x00, 0x00, 0x00, 0x00, 0x00, 0x00, 0x00, 0x00, 0x00, 0x00, 0x00, 0x00, 0x00, 
0x00, 0x00, 0x00, 0x00, 0x00, 0x00, 0x00, 0x00, 0x00, 0x00, 0x00, 0x00, 0x00, 0x00, 0x00, 0x00, 
0x00, 0x00, 0x00, 0x00, 0x00, 0x00, 0x00, 0x00, 0x00, 0x00, 0x00, 0x00, 0x00, 0x00, 0x00, 0x00, 
0x00, 0x00, 0x00, 0x00, 0x00, 0x00, 0x00, 0x00, 0x00, 0x00, 0x00, 0x00, 0x00, 0x00, 0x00, 0x00, 
0x00, 0x00, 0x00, 0x00, 0x00, 0x00, 0x00, 0x00, 0x00, 0x00, 0x00, 0x00, 0x00, 0x00, 0x00, 0x00, 
0x00, 0x00, 0x00, 0x00, 0x00, 0x00, 0x00, 0x00, 0x00, 0x00, 0x00, 0x00, 0x00, 0x00, 0x00, 0x00, 
0x00, 0x00, 0x00, 0x00, 0x00, 0x00, 0x00, 0x00, 0x00, 0x00, 0x00, 0x00, 0x00, 0x00, 0x00, 0x00, 
0x00, 0x00, 0x00, 0x00, 0x00, 0x00, 0x00, 0x00, 0x00, 0x00, 0x00, 0x00, 0x00, 0x00, 0x00, 0x00, 
0x00, 0x00, 0x00, 0x00, 0x00, 0x00, 0x00, 0x00, 0x00, 0x00, 0x00, 0x00, 0x00, 0x00, 0x00, 0x00, 
0x00, 0x00, 0x00, 0x00, 0x00, 0x00, 0x00, 0x00, 0x00, 0x00, 0x00, 0x00, 0x00, 0x00, 0x00, 0x00, 
0x00, 0x00, 0x00, 0x00, 0x00, 0x00, 0x00, 0x00, 0x00, 0x00, 0x00, 0x00, 0x00, 0x00, 0x00, 0x00, 
0x00, 0x00, 0x00, 0x00, 0x00, 0x00, 0x00, 0x00, 0x00, 0x00, 0x00, 0x00, 0x00, 0x00, 0x00, 0x00, 
0x00, 0x00, 0x00, 0x00, 0x00, 0x00, 0x00, 0x00, 0x00, 0x00, 0x00, 0x00, 0x00, 0x00, 0x00, 0x00, 
0x00, 0x00, 0x00, 0x00, 0x00, 0x00, 0x00, 0x00, 0x00, 0x00, 0x00, 0x00, 0x00, 0x00, 0x00, 0x00, 
0x00, 0x00, 0x00, 0x00, 0x00, 0x00, 0x00, 0x00, 0x00, 0x00, 0x00, 0x00, 0x00, 0x00, 0x00, 0x00, 
0x00, 0x00, 0x00, 0x00, 0x00, 0x00, 0x00, 0x00, 0x00, 0x00, 0x00, 0x00, 0x00, 0x00, 0x00, 0x00, 
0x00, 0x00, 0x00, 0x00, 0x00, 0x00, 0x00, 0x00, 0x00, 0x00, 0x21, 0x45, 0x21, 0x45, 0x21, 0x45, 
0x21, 0x45, 0x21, 0x45, 0x21, 0x45, 0x00, 0x00, 0x00, 0x00, 0x21, 0x45, 0x21, 0x45, 0x00, 0x00, 
0x00, 0x00, 0x00, 0x00, 0x00, 0x00, 0x00, 0x00, 0x00, 0x00, 0x00, 0x00, 0x00, 0x00, 0x00, 0x00, 
0x00, 0x00, 0x00, 0x00, 0x00, 0x00, 0x00, 0x00, 0x00, 0x00, 0x00, 0x00, 0x00, 0x00, 0x02, 0x44, 
0x02, 0x44, 0x02, 0x44, 0x02, 0x44, 0x02, 0x44, 0x21, 0x45, 0x31, 0xC7, 0x31, 0xC7, 0x42, 0x49, 
0x42, 0x49, 0x42, 0x49, 0x42, 0x49, 0x21, 0x45, 0x21, 0x45, 0x07, 0xE0, 0x00, 0x1F, 0x21, 0x45, 
0x00, 0x00, 0x00, 0x00, 0x00, 0x00, 0x00, 0x00, 0x00, 0x00, 0x00, 0x00, 0x00, 0x00, 0x00, 0x00, 
0x00, 0x00, 0x00, 0x00, 0x00, 0x00, 0x00, 0x00, 0x00, 0x00, 0x00, 0x00, 0x02, 0x44, 0x15, 0x8D, 
0x15, 0x8D, 0x03, 0xE8, 0x03, 0xE8, 0x02, 0x44, 0x31, 0xC7, 0x31, 0xC7, 0x52, 0xCB, 0x52, 0xCB, 
0x52, 0xCB, 0x52, 0xCB, 0x52, 0xCB, 0x52, 0xCB, 0x21, 0x45, 0x00, 0x1F, 0x00, 0x1F, 0x5B, 0x0C, 
0x21, 0x45, 0x00, 0x00, 0x00, 0x00, 0x00, 0x00, 0x00, 0x00, 0x00, 0x00, 0x00, 0x00, 0x00, 0x00, 
0x00, 0x00, 0x00, 0x00, 0x00, 0x00, 0x00, 0x00, 0x00, 0x00, 0x02, 0x44, 0x15, 0x8D, 0x15, 0x8D, 
0x15, 0x8D, 0x03, 0xE8, 0x03, 0xE8, 0x02, 0x44, 0x02, 0x44, 0x52, 0xCB, 0x5B, 0x0C, 0x5B, 0x0C, 
0x5B, 0x0C, 0x5B, 0x0C, 0x5B, 0x0C, 0x52, 0xCB, 0x52, 0xCB, 0x21, 0x45, 0x5B, 0x0C, 0x63, 0x4D, 
0x63, 0x4D, 0x21, 0x45, 0x42, 0x49, 0x21, 0x45, 0x00, 0x00, 0x00, 0x00, 0x00, 0x00, 0x00, 0x00, 
0x00, 0x00, 0x00, 0x00, 0x00, 0x00, 0x00, 0x00, 0x02, 0x44, 0x12, 0xA6, 0x03, 0xE8, 0x15, 0x8D, 
0x15, 0x8D, 0x03, 0xE8, 0x03, 0xE8, 0x1B, 0x07, 0x02, 0x44, 0x5B, 0x0C, 0x63, 0x4D, 0x63, 0x4D, 
0x63, 0x4D, 0x63, 0x4D, 0x07, 0xE0, 0x00, 0x1F, 0x52, 0xCB, 0x21, 0x45, 0x63, 0x4D, 0x63, 0x4D, 
0x63, 0x4D, 0x42, 0x49, 0x52, 0xCB, 0x52, 0xCB, 0x21, 0x45, 0x00, 0x00, 0x00, 0x00, 0x00, 0x00, 
0x00, 0x00, 0x00, 0x00, 0x00, 0x00, 0x02, 0x44, 0x15, 0x8D, 0x12, 0xA6, 0x12, 0xA6, 0x03, 0xE8, 
0x03, 0xE8, 0x03, 0xE8, 0x03, 0xE8, 0x1B, 0x07, 0x02, 0x44, 0x5B, 0x0C, 0x63, 0x4D, 0x63, 0x4D, 
0x63, 0x4D, 0x63, 0x4D, 0x00, 0x1F, 0x00, 0x1F, 0x52, 0xCB, 0x21, 0x45, 0x63, 0x4D, 0x63, 0x4D, 
0x42, 0x49, 0x5B, 0x0C, 0x5B, 0x0C, 0x52, 0xCB, 0x8B, 0x69, 0x8B, 0x69, 0x00, 0x00, 0x00, 0x00, 
0x00, 0x00, 0x00, 0x00, 0x02, 0x44, 0x15, 0x8D, 0x15, 0x8D, 0x15, 0x8D, 0x12, 0xA6, 0x12, 0xA6, 
0x03, 0xE8, 0x03, 0xE8, 0x1B, 0x07, 0x1B, 0x07, 0x02, 0x44, 0x5B, 0x0C, 0x1C, 0x7E, 0x1C, 0x7E, 
0x1C, 0x7E, 0x63, 0x4D, 0x63, 0x4D, 0x5B, 0x0C, 0x5B, 0x0C, 0x52, 0xCB, 0x21, 0x45, 0x42, 0x49, 
0x63, 0x4D, 0x63, 0x4D, 0x63, 0x4D, 0x5B, 0x0C, 0x8B, 0x69, 0x8B, 0x69, 0x00, 0x00, 0x00, 0x00, 
0x00, 0x00, 0x00, 0x00, 0x02, 0x44, 0x15, 0x8D, 0x15, 0x8D, 0x15, 0x8D, 0x03, 0xE8, 0x12, 0xA6, 
0x12, 0xA6, 0x03, 0xE8, 0x1B, 0x07, 0x1B, 0x07, 0x02, 0x44, 0x5B, 0x0C, 0x5E, 0x7E, 0x5E, 0x7E, 
0x1C, 0x7E, 0x63, 0x4D, 0x63, 0x4D, 0x5B, 0x0C, 0x5B, 0x0C, 0x52, 0xCB, 0x21, 0x45, 0x63, 0x4D, 
0x63, 0x4D, 0x63, 0x4D, 0x63, 0x4D, 0x5B, 0x0C, 0x8B, 0x69, 0x6A, 0x65, 0x00, 0x00, 0x00, 0x00, 
0x00, 0x00, 0x00, 0x00, 0x02, 0x44, 0x15, 0x8D, 0x15, 0x8D, 0x15, 0x8D, 0x03, 0xE8, 0x03, 0xE8, 
0x12, 0xA6, 0x12, 0xA6, 0x1B, 0x07, 0x1B, 0x07, 0x02, 0x44, 0x5B, 0x0C, 0x63, 0x4D, 0x63, 0x4D, 
0x63, 0x4D, 0x63, 0x4D, 0x63, 0x4D, 0x5B, 0x0C, 0x5B, 0x0C, 0x52, 0xCB, 0x21, 0x45, 0x63, 0x4D, 
0xFC, 0x29, 0xFC, 0x29, 0xF8, 0x00, 0xE2, 0x21, 0x6A, 0x65, 0x6A, 0x65, 0x00, 0x00, 0x00, 0x00, 
0x00, 0x00, 0x00, 0x00, 0x02, 0x44, 0x15, 0x8D, 0x15, 0x8D, 0x15, 0x8D, 0x03, 0xE8, 0x03, 0xE8, 
0x03, 0xE8, 0x12, 0xA6, 0x1B, 0x07, 0x1B, 0x07, 0x02, 0x44, 0x5B, 0x0C, 0x63, 0x4D, 0x63, 0x4D, 
0x63, 0x4D, 0x63, 0x4D, 0x63, 0x4D, 0x00, 0x1F, 0x5B, 0x0C, 0x52, 0xCB, 0x21, 0x45, 0xFC, 0x29, 
0xFC, 0x29, 0xF8, 0x00, 0xF2, 0xA3, 0xE2, 0x21, 0x6A, 0x65, 0x6A, 0x65, 0x00, 0x00, 0x00, 0x00, 
0x00, 0x00, 0x00, 0x00, 0x02, 0x44, 0x15, 0x8D, 0x15, 0x8D, 0x15, 0x8D, 0x03, 0xE8, 0x03, 0xE8, 
0x03, 0xE8, 0x1B, 0x07, 0x12, 0xA6, 0x1B, 0x07, 0x02, 0x44, 0x5B, 0x0C, 0x63, 0x4D, 0x63, 0x4D, 
0x63, 0x4D, 0x63, 0x4D, 0x00, 0x1F, 0x00, 0x1F, 0x00, 0x1F, 0x52, 0xCB, 0x42, 0x49, 0xFC, 0x29, 
0xF8, 0x00, 0xF8, 0x00, 0xF2, 0xA3, 0xE2, 0x21, 0x6A, 0x65, 0x6A, 0x65, 0x00, 0x00, 0x00, 0x00, 
0x00, 0x00, 0x00, 0x00, 0x02, 0x44, 0x15, 0x8D, 0x15, 0x8D, 0x15, 0x8D, 0x03, 0xE8, 0x03, 0xE8, 
0x03, 0xE8, 0x1B, 0x07, 0x12, 0xA6, 0x1B, 0x07, 0x02, 0x44, 0x5B, 0x0C, 0x5B, 0x0C, 0x63, 0x4D, 
0x63, 0x4D, 0x5B, 0x0C, 0x00, 0x1F, 0x00, 0x1F, 0x07, 0xE0, 0x52, 0xCB, 0x42, 0x49, 0xF8, 0x00, 
0xF8, 0x00, 0xF8, 0x00, 0xF2, 0xA3, 0xE2, 0x21, 0x42, 0x49, 0x00, 0x00, 0x00, 0x00, 0x00, 0x00, 
0x00, 0x00, 0x00, 0x00, 0x02, 0x44, 0x03, 0xE8, 0x15, 0x8D, 0x15, 0x8D, 0x03, 0xE8, 0x03, 0xE8, 
0x03, 0xE8, 0x1B, 0x07, 0x12, 0xA6, 0x1B, 0x07, 0x02, 0x44, 0x5B, 0x0C, 0x5B, 0x0C, 0x5B, 0x0C, 
0x5B, 0x0C, 0x5B, 0x0C, 0x00, 0x1F, 0x00, 0x1F, 0x07, 0xE0, 0x52, 0xCB, 0x42, 0x49, 0xF2, 0xA3, 
0xF2, 0xA3, 0xF2, 0xA3, 0xF2, 0xA3, 0xE2, 0x21, 0x42, 0x49, 0x00, 0x00, 0x00, 0x00, 0x00, 0x00, 
0x00, 0x00, 0x00, 0x00, 0x02, 0x44, 0x03, 0xE8, 0x03, 0xE8, 0x03, 0xE8, 0x03, 0xE8, 0x03, 0xE8, 
0x03, 0xE8, 0x1B, 0x07, 0x12, 0xA6, 0x1B, 0x07, 0x02, 0x44, 0x52, 0xCB, 0x5B, 0x0C, 0x5B, 0x0C, 
0x5B, 0x0C, 0x5B, 0x0C, 0x00, 0x1F, 0x00, 0x1F, 0x00, 0x1F, 0x42, 0x49, 0x42, 0x49, 0xF2, 0xA3, 
0xF2, 0xA3, 0xF2, 0xA3, 0xF2, 0xA3, 0xE2, 0x21, 0x8B, 0x69, 0x8B, 0x69, 0x00, 0x00, 0x00, 0x00, 
0x00, 0x00, 0x00, 0x00, 0x02, 0x44, 0x12, 0xA6, 0x03, 0xE8, 0x03, 0xE8, 0x03, 0xE8, 0x03, 0xE8, 
0x03, 0xE8, 0x1B, 0x07, 0x12, 0xA6, 0x12, 0xA6, 0x02, 0x44, 0x52, 0xCB, 0x5B, 0x0C, 0x5B, 0x0C, 
0x5B, 0x0C, 0x5B, 0x0C, 0x5B, 0x0C, 0x00, 0x1F, 0x52, 0xCB, 0x42, 0x49, 0x42, 0x49, 0x52, 0xCB, 
0xE2, 0x21, 0xE2, 0x21, 0xE2, 0x21, 0xE2, 0x21, 0x8B, 0x69, 0x8B, 0x69, 0x00, 0x00, 0x00, 0x00, 
0x00, 0x00, 0x00, 0x00, 0x02, 0x44, 0x12, 0xA6, 0x12, 0xA6, 0x03, 0xE8, 0x03, 0xE8, 0x03, 0xE8, 
0x03, 0xE8, 0x1B, 0x07, 0x1B, 0x07, 0x12, 0xA6, 0x02, 0x44, 0x52, 0xCB, 0x52, 0xCB, 0x52, 0xCB, 
0x52, 0xCB, 0x52, 0xCB, 0x52, 0xCB, 0x52, 0xCB, 0x52, 0xCB, 0x42, 0x49, 0x21, 0x45, 0x42, 0x49, 
0xE2, 0x21, 0xE2, 0x21, 0xE2, 0x21, 0xE2, 0x21, 0x8B, 0x69, 0x6A, 0x65, 0x00, 0x00, 0x00, 0x00, 
0x00, 0x00, 0x02, 0x44, 0x15, 0x8D, 0x15, 0x8D, 0x12, 0xA6, 0x12, 0xA6, 0x03, 0xE8, 0x03, 0xE8, 
0x1B, 0x07, 0x1B, 0x07, 0x1B, 0x07, 0x12, 0xA6, 0x02, 0x44, 0x52, 0xCB, 0x5E, 0x7E, 0x5E, 0x7E, 
0x1C, 0x7E, 0x52, 0xCB, 0x52, 0xCB, 0x52, 0xCB, 0x52, 0xCB, 0x42, 0x49, 0x21, 0x45, 0x42, 0x49, 
0x52, 0xCB, 0x52, 0xCB, 0x52, 0xCB, 0x52, 0xCB, 0x6A, 0x65, 0x6A, 0x65, 0x00, 0x00, 0x00, 0x00, 
0x00, 0x00, 0x02, 0x44, 0x15, 0x8D, 0x15, 0x8D, 0x03, 0xE8, 0x12, 0xA6, 0x1B, 0x07, 0x1B, 0x07, 
0x1B, 0x07, 0x1B, 0x07, 0x1B, 0x07, 0x12, 0xA6, 0x02, 0x44, 0x52, 0xCB, 0x1C, 0x7E, 0x1C, 0x7E, 
0x1C, 0x7E, 0x52, 0xCB, 0x52, 0xCB, 0x52, 0xCB, 0x52, 0xCB, 0x42, 0x49, 0x21, 0x45, 0x21, 0x45, 
0x42, 0x49, 0x42, 0x49, 0x42, 0x49, 0x42, 0x49, 0x6A, 0x65, 0x6A, 0x65, 0x00, 0x00, 0x00, 0x00, 
0x00, 0x00, 0x02, 0x44, 0x03, 0xE8, 0x03, 0xE8, 0x03, 0xE8, 0x12, 0xA6, 0x12, 0xA6, 0x1B, 0x07, 
0x1B, 0x07, 0x1B, 0x07, 0x1B, 0x07, 0x12, 0xA6, 0x02, 0x44, 0x42, 0x49, 0x52, 0xCB, 0x52, 0xCB, 
0x52, 0xCB, 0x52, 0xCB, 0x07, 0xE0, 0x00, 0x1F, 0x42, 0x49, 0x21, 0x45, 0x42, 0x49, 0x42, 0x49, 
0x21, 0x45, 0x42, 0x49, 0x42, 0x49, 0x21, 0x45, 0x6A, 0x65, 0x6A, 0x65, 0x00, 0x00, 0x00, 0x00, 
0x00, 0x00, 0x02, 0x44, 0x03, 0xE8, 0x03, 0xE8, 0x03, 0xE8, 0x03, 0xE8, 0x12, 0xA6, 0x1B, 0x07, 
0x1B, 0x07, 0x1B, 0x07, 0x1B, 0x07, 0x12, 0xA6, 0x02, 0x44, 0x42, 0x49, 0x42, 0x49, 0x42, 0x49, 
0x42, 0x49, 0x42, 0x49, 0x00, 0x1F, 0x00, 0x1F, 0x42, 0x49, 0x21, 0x45, 0x42, 0x49, 0x42, 0x49, 
0x42, 0x49, 0x21, 0x45, 0x42, 0x49, 0x42, 0x49, 0x42, 0x49, 0x00, 0x00, 0x00, 0x00, 0x00, 0x00, 
0x02, 0x44, 0x03, 0xE8, 0x03, 0xE8, 0x03, 0xE8, 0x03, 0xE8, 0x1B, 0x07, 0x12, 0xA6, 0x12, 0xA6, 
0x1B, 0x07, 0x1B, 0x07, 0x1B, 0x07, 0x12, 0xA6, 0x02, 0x44, 0x31, 0xC7, 0x42, 0x49, 0x42, 0x49, 
0x42, 0x49, 0x42, 0x49, 0x42, 0x49, 0x42, 0x49, 0x31, 0xC7, 0x21, 0x45, 0x42, 0x49, 0x42, 0x49, 
0x21, 0x45, 0x21, 0x45, 0x31, 0xC7, 0x21, 0x45, 0x52, 0xCB, 0x21, 0x45, 0x00, 0x00, 0x00, 0x00, 
0x02, 0x44, 0x03, 0xE8, 0x03, 0xE8, 0x1B, 0x07, 0x1B, 0x07, 0x1B, 0x07, 0x1B, 0x07, 0x12, 0xA6, 
0x1B, 0x07, 0x1B, 0x07, 0x12, 0xA6, 0x12, 0xA6, 0x02, 0x44, 0x31, 0xC7, 0x31, 0xC7, 0x31, 0xC7, 
0x31, 0xC7, 0x31, 0xC7, 0x31, 0xC7, 0x31, 0xC7, 0x21, 0x45, 0x42, 0x49, 0x42, 0x49, 0x31, 0xC7, 
0x21, 0x45, 0x00, 0x00, 0x21, 0x45, 0x5B, 0x0C, 0x52, 0xCB, 0x21, 0x45, 0x00, 0x00, 0x00, 0x00, 
0x00, 0x00, 0x02, 0x44, 0x1B, 0x07, 0x1B, 0x07, 0x1B, 0x07, 0x1B, 0x07, 0x1B, 0x07, 0x12, 0xA6, 
0x12, 0xA6, 0x12, 0xA6, 0x12, 0xA6, 0x12, 0xA6, 0x12, 0xA6, 0x02, 0x44, 0x31, 0xC7, 0x31, 0xC7, 
0x31, 0xC7, 0x31, 0xC7, 0x31, 0xC7, 0x21, 0x45, 0x07, 0xE0, 0x00, 0x1F, 0x21, 0x45, 0x21, 0x45, 
0x00, 0x00, 0x00, 0x00, 0x21, 0x45, 0x52, 0xCB, 0x52, 0xCB, 0x21, 0x45, 0x00, 0x00, 0x00, 0x00, 
0x00, 0x00, 0x00, 0x00, 0x02, 0x44, 0x02, 0x44, 0x02, 0x44, 0x02, 0x44, 0x02, 0x44, 0x02, 0x44, 
0x12, 0xA6, 0x12, 0xA6, 0x12, 0xA6, 0x12, 0xA6, 0x12, 0xA6, 0x02, 0x44, 0x21, 0x45, 0x21, 0x45, 
0x21, 0x45, 0x21, 0x45, 0x21, 0x45, 0x21, 0x45, 0x00, 0x1F, 0x00, 0x1F, 0x21, 0x45, 0x00, 0x00, 
0x00, 0x00, 0x00, 0x00, 0x21, 0x45, 0x42, 0x49, 0x42, 0x49, 0x21, 0x45, 0x00, 0x00, 0x00, 0x00, 
0x00, 0x00, 0x00, 0x00, 0x00, 0x00, 0x00, 0x00, 0x00, 0x00, 0x00, 0x00, 0x00, 0x00, 0x00, 0x00, 
0x02, 0x44, 0x12, 0xA6, 0x12, 0xA6, 0x12, 0xA6, 0x12, 0xA6, 0x02, 0x44, 0x00, 0x00, 0x00, 0x00, 
0x00, 0x00, 0x00, 0x00, 0x00, 0x00, 0x00, 0x00, 0x21, 0x45, 0x21, 0x45, 0x00, 0x00, 0x00, 0x00, 
0x00, 0x00, 0x00, 0x00, 0x21, 0x45, 0x42, 0x49, 0x31, 0xC7, 0x21, 0x45, 0x00, 0x00, 0x00, 0x00, 
0x00, 0x00, 0x00, 0x00, 0x00, 0x00, 0x00, 0x00, 0x00, 0x00, 0x00, 0x00, 0x00, 0x00, 0x00, 0x00, 
0x00, 0x00, 0x02, 0x44, 0x02, 0x44, 0x02, 0x44, 0x02, 0x44, 0x00, 0x00, 0x00, 0x00, 0x00, 0x00, 
0x00, 0x00, 0x00, 0x00, 0x00, 0x00, 0x00, 0x00, 0x00, 0x00, 0x00, 0x00, 0x00, 0x00, 0x00, 0x00, 
0x00, 0x00, 0x00, 0x00, 0x00, 0x00, 0x21, 0x45, 0x31, 0xC7, 0x21, 0x45, 0x00, 0x00, 0x00, 0x00, 
0x00, 0x00, 0x00, 0x00, 0x00, 0x00, 0x00, 0x00, 0x00, 0x00, 0x00, 0x00, 0x00, 0x00, 0x00, 0x00, 
0x00, 0x00, 0x00, 0x00, 0x00, 0x00, 0x00, 0x00, 0x00, 0x00, 0x00, 0x00, 0x00, 0x00, 0x00, 0x00, 
0x00, 0x00, 0x00, 0x00, 0x00, 0x00, 0x00, 0x00, 0x00, 0x00, 0x00, 0x00, 0x00, 0x00, 0x00, 0x00, 
0x00, 0x00, 0x00, 0x00, 0x00, 0x00, 0x00, 0x00, 0x21, 0x45, 0x00, 0x00, 0x00, 0x00, 0x00, 0x00, 
0x00, 0x00, 0x00, 0x00, 0x00, 0x00, 0x00, 0x00, 0x00, 0x00, 0x00, 0x00, 0x00, 0x00, 0x00, 0x00, 
0x00, 0x00, 0x00, 0x00, 0x00, 0x00, 0x00, 0x00, 0x00, 0x00, 0x00, 0x00, 0x00, 0x00, 0x00, 0x00, 
0x00, 0x00, 0x00, 0x00, 0x00, 0x00, 0x00, 0x00, 0x00, 0x00, 0x00, 0x00, 0x00, 0x00, 0x00, 0x00, 
0x00, 0x00, 0x00, 0x00, 0x00, 0x00, 0x00, 0x00, 0x00, 0x00, 0x00, 0x00, 0x00, 0x00, 0x00, 0x00
}
,
{
0x00, 0x00, 0x00, 0x00, 0x00, 0x00, 0x00, 0x00, 0x00, 0x00, 0x00, 0x00, 0x00, 0x00, 0x00, 0x00, 
0x00, 0x00, 0x00, 0x00, 0x00, 0x00, 0x00, 0x00, 0x00, 0x00, 0x00, 0x00, 0x00, 0x00, 0x00, 0x00, 
0x00, 0x00, 0x00, 0x00, 0x00, 0x00, 0x00, 0x00, 0x00, 0x00, 0x00, 0x00, 0x00, 0x00, 0x00, 0x00, 
0x00, 0x00, 0x00, 0x00, 0x00, 0x00, 0x00, 0x00, 0x00, 0x00, 0x00, 0x00, 0x00, 0x00, 0x00, 0x00, 
0x00, 0x00, 0x00, 0x00, 0x00, 0x00, 0x00, 0x00, 0x00, 0x00, 0x00, 0x00, 0x00, 0x00, 0x00, 0x00, 
0x00, 0x00, 0x00, 0x00, 0x00, 0x00, 0x00, 0x00, 0x00, 0x00, 0x00, 0x00, 0x00, 0x00, 0x00, 0x00, 
0x00, 0x00, 0x00, 0x00, 0x00, 0x00, 0x00, 0x00, 0x00, 0x00, 0x00, 0x00, 0x00, 0x00, 0x00, 0x00, 
0x00, 0x00, 0x00, 0x00, 0x00, 0x00, 0x00, 0x00, 0x00, 0x00, 0x00, 0x00, 0x00, 0x00, 0x00, 0x00, 
0x00, 0x00, 0x00, 0x00, 0x00, 0x00, 0x00, 0x00, 0x00, 0x00, 0x00, 0x00, 0x00, 0x00, 0x00, 0x00, 
0x00, 0x00, 0x00, 0x00, 0x00, 0x00, 0x00, 0x00, 0x00, 0x00, 0x00, 0x00, 0x00, 0x00, 0x00, 0x00, 
0x00, 0x00, 0x00, 0x00, 0x00, 0x00, 0x00, 0x00, 0x00, 0x00, 0x00, 0x00, 0x00, 0x00, 0x00, 0x00, 
0x00, 0x00, 0x00, 0x00, 0x00, 0x00, 0x00, 0x00, 0x00, 0x00, 0x00, 0x00, 0x00, 0x00, 0x00, 0x00, 
0x00, 0x00, 0x00, 0x00, 0x00, 0x00, 0x00, 0x00, 0x00, 0x00, 0x00, 0x00, 0x00, 0x00, 0x00, 0x00, 
0x00, 0x00, 0x00, 0x00, 0x00, 0x00, 0x00, 0x00, 0x00, 0x00, 0x00, 0x00, 0x00, 0x00, 0x00, 0x00, 
0x00, 0x00, 0x00, 0x00, 0x00, 0x00, 0x00, 0x00, 0x00, 0x00, 0x00, 0x00, 0x00, 0x00, 0x00, 0x00, 
0x00, 0x00, 0x00, 0x00, 0x00, 0x00, 0x00, 0x00, 0x00, 0x00, 0x00, 0x00, 0x00, 0x00, 0x00, 0x00, 
0x00, 0x00, 0x00, 0x00, 0x00, 0x00, 0x00, 0x00, 0x00, 0x00, 0x00, 0x00, 0x00, 0x00, 0x00, 0x00, 
0x00, 0x00, 0x00, 0x00, 0x00, 0x00, 0x00, 0x00, 0x00, 0x00, 0x00, 0x00, 0x21, 0x45, 0x21, 0x45, 
0x21, 0x45, 0x21, 0x45, 0x21, 0x45, 0x21, 0x45, 0x00, 0x00, 0x00, 0x00, 0x00, 0x00, 0x21, 0x45, 
0x21, 0x45, 0x00, 0x00, 0x00, 0x00, 0x00, 0x00, 0x00, 0x00, 0x00, 0x00, 0x00, 0x00, 0x00, 0x00, 
0x00, 0x00, 0x00, 0x00, 0x00, 0x00, 0x00, 0x00, 0x00, 0x00, 0x00, 0x00, 0x00, 0x00, 0x00, 0x00, 
0x02, 0x44, 0x02, 0x44, 0x02, 0x44, 0x02, 0x44, 0x02, 0x44, 0x21, 0x45, 0x31, 0xC7, 0x31, 0xC7, 
0x42, 0x49, 0x42, 0x49, 0x42, 0x49, 0x42, 0x49, 0x21, 0x45, 0x00, 0x00, 0x21, 0x45, 0x52, 0xCB, 
0x52, 0xCB, 0x21, 0x45, 0x00, 0x00, 0x00, 0x00, 0x00, 0x00, 0x00, 0x00, 0x00, 0x00, 0x00, 0x00, 
0x00, 0x00, 0x00, 0x00, 0x00, 0x00, 0x00, 0x00, 0x00, 0x00, 0x00, 0x00, 0x00, 0x00, 0x02, 0x44, 
0x15, 0x8D, 0x15, 0x8D, 0x03, 0xE8, 0x03, 0xE8, 0x02, 0x44, 0x31, 0xC7, 0x31, 0xC7, 0x52, 0xCB, 
0x52, 0xCB, 0x52, 0xCB, 0x52, 0xCB, 0x52, 0xCB, 0x52, 0xCB, 0x21, 0x45, 0x52, 0xCB, 0x5B, 0x0C, 
0x07, 0xE0, 0x00, 0x1F, 0x21, 0x45, 0x00, 0x00, 0x00, 0x00, 0x00, 0x00, 0x00, 0x00, 0x00, 0x00, 
0x00, 0x00, 0x00, 0x00, 0x00, 0x00, 0x00, 0x00, 0x00, 0x00, 0x00, 0x00, 0x02, 0x44, 0x15, 0x8D, 
0x15, 0x8D, 0x15, 0x8D, 0x03, 0xE8, 0x03, 0xE8, 0x02, 0x44, 0x02, 0x44, 0x52, 0xCB, 0x5B, 0x0C, 
0x5B, 0x0C, 0x5B, 0x0C, 0x5B, 0x0C, 0x5B, 0x0C, 0x52, 0xCB, 0x21, 0x45, 0x5B, 0x0C, 0x63, 0x4D, 
0x00, 0x1F, 0x00, 0x1F, 0x42, 0x49, 0x21, 0x45, 0x00, 0x00, 0x00, 0x00, 0x00, 0x00, 0x00, 0x00, 
0x00, 0x00, 0x00, 0x00, 0x00, 0x00, 0x00, 0x00, 0x00, 0x00, 0x02, 0x44, 0x12, 0xA6, 0x03, 0xE8, 
0x15, 0x8D, 0x15, 0x8D, 0x03, 0xE8, 0x03, 0xE8, 0x1B, 0x07, 0x02, 0x44, 0x5B, 0x0C, 0x63, 0x4D, 
0x63, 0x4D, 0x63, 0x4D, 0x63, 0x4D, 0x07, 0xE0, 0x00, 0x1F, 0x21, 0x45, 0x63, 0x4D, 0x63, 0x4D, 
0x63, 0x4D, 0x42, 0x49, 0x52, 0xCB, 0x52, 0xCB, 0x21, 0x45, 0x00, 0x00, 0x00, 0x00, 0x00, 0x00, 
0x00, 0x00, 0x00, 0x00, 0x00, 0x00, 0x00, 0x00, 0x02, 0x44, 0x15, 0x8D, 0x12, 0xA6, 0x12, 0xA6, 
0x03, 0xE8, 0x03, 0xE8, 0x03, 0xE8, 0x03, 0xE8, 0x1B, 0x07, 0x02, 0x44, 0x5B, 0x0C, 0x63, 0x4D, 
0x63, 0x4D, 0x63, 0x4D, 0x63, 0x4D, 0x00, 0x1F, 0x00, 0x1F, 0x21, 0x45, 0x63, 0x4D, 0x63, 0x4D, 
0x42, 0x49, 0x5B, 0x0C, 0x5B, 0x0C, 0x52, 0xCB, 0x8B, 0x69, 0x8B, 0x69, 0x00, 0x00, 0x00, 0x00, 
0x00, 0x00, 0x00, 0x00, 0x00, 0x00, 0x02, 0x44, 0x15, 0x8D, 0x15, 0x8D, 0x15, 0x8D, 0x12, 0xA6, 
0x12, 0xA6, 0x03, 0xE8, 0x03, 0xE8, 0x1B, 0x07, 0x1B, 0x07, 0x02, 0x44, 0x5B, 0x0C, 0x1C, 0x7E, 
0x1C, 0x7E, 0x1C, 0x7E, 0x63, 0x4D, 0x63, 0x4D, 0x5B, 0x0C, 0x52, 0xCB, 0x21, 0x45, 0x42, 0x49, 
0x63, 0x4D, 0x63, 0x4D, 0x63, 0x4D, 0x5B, 0x0C, 0x8B, 0x69, 0x8B, 0x69, 0x00, 0x00, 0x00, 0x00, 
0x00, 0x00, 0x00, 0x00, 0x00, 0x00, 0x02, 0x44, 0x15, 0x8D, 0x15, 0x8D, 0x15, 0x8D, 0x03, 0xE8, 
0x12, 0xA6, 0x12, 0xA6, 0x03, 0xE8, 0x1B, 0x07, 0x1B, 0x07, 0x02, 0x44, 0x5B, 0x0C, 0x1C, 0x7E, 
0x5E, 0x7E, 0x5E, 0x7E, 0x63, 0x4D, 0x63, 0x4D, 0x5B, 0x0C, 0x52, 0xCB, 0x21, 0x45, 0x63, 0x4D, 
0x63, 0x4D, 0x63, 0x4D, 0x63, 0x4D, 0x5B, 0x0C, 0x8B, 0x69, 0x6A, 0x65, 0x00, 0x00, 0x00, 0x00, 
0x00, 0x00, 0x00, 0x00, 0x00, 0x00, 0x02, 0x44, 0x15, 0x8D, 0x15, 0x8D, 0x15, 0x8D, 0x03, 0xE8, 
0x03, 0xE8, 0x12, 0xA6, 0x12, 0xA6, 0x1B, 0x07, 0x1B, 0x07, 0x02, 0x44, 0x5B, 0x0C, 0x63, 0x4D, 
0x63, 0x4D, 0x63, 0x4D, 0x63, 0x4D, 0x63, 0x4D, 0x5B, 0x0C, 0x52, 0xCB, 0x21, 0x45, 0x63, 0x4D, 
0xFC, 0x29, 0xFC, 0x29, 0xF8, 0x00, 0xE2, 0x21, 0x6A, 0x65, 0x6A, 0x65, 0x00, 0x00, 0x00, 0x00, 
0x00, 0x00, 0x00, 0x00, 0x00, 0x00, 0x02, 0x44, 0x15, 0x8D, 0x15, 0x8D, 0x15, 0x8D, 0x03, 0xE8, 
0x03, 0xE8, 0x03, 0xE8, 0x12, 0xA6, 0x1B, 0x07, 0x1B, 0x07, 0x02, 0x44, 0x5B, 0x0C, 0x63, 0x4D, 
0x63, 0x4D, 0x63, 0x4D, 0x63, 0x4D, 0x63, 0x4D, 0x00, 0x1F, 0x52, 0xCB, 0x21, 0x45, 0xFC, 0x29, 
0xFC, 0x29, 0xF8, 0x00, 0xF2, 0xA3, 0xE2, 0x21, 0x6A, 0x65, 0x6A, 0x65, 0x00, 0x00, 0x00, 0x00, 
0x00, 0x00, 0x00, 0x00, 0x00, 0x00, 0x02, 0x44, 0x15, 0x8D, 0x15, 0x8D, 0x15, 0x8D, 0x03, 0xE8, 
0x03, 0xE8, 0x03, 0xE8, 0x1B, 0x07, 0x12, 0xA6, 0x1B, 0x07, 0x02, 0x44, 0x5B, 0x0C, 0x63, 0x4D, 
0x63, 0x4D, 0x63, 0x4D, 0x63, 0x4D, 0x5B, 0x0C, 0x00, 0x1F, 0x52, 0xCB, 0x42, 0x49, 0xFC, 0x29, 
0xF8, 0x00, 0xF8, 0x00, 0xF2, 0xA3, 0xE2, 0x21, 0x6A, 0x65, 0x6A, 0x65, 0x00, 0x00, 0x00, 0x00, 
0x00, 0x00, 0x00, 0x00, 0x00, 0x00, 0x02, 0x44, 0x15, 0x8D, 0x15, 0x8D, 0x15, 0x8D, 0x03, 0xE8, 
0x03, 0xE8, 0x03, 0xE8, 0x1B, 0x07, 0x12, 0xA6, 0x1B, 0x07, 0x02, 0x44, 0x5B, 0x0C, 0x5B, 0x0C, 
0x63, 0x4D, 0x63, 0x4D, 0x5B, 0x0C, 0x5B, 0x0C, 0x00, 0x1F, 0x52, 0xCB, 0x42, 0x49, 0xF8, 0x00, 
0xF8, 0x00, 0xF8, 0x00, 0xF2, 0xA3, 0xE2, 0x21, 0x42, 0x49, 0x00, 0x00, 0x00, 0x00, 0x00, 0x00, 
0x00, 0x00, 0x00, 0x00, 0x00, 0x00, 0x02, 0x44, 0x03, 0xE8, 0x15, 0x8D, 0x15, 0x8D, 0x03, 0xE8, 
0x03, 0xE8, 0x03, 0xE8, 0x1B, 0x07, 0x12, 0xA6, 0x1B, 0x07, 0x02, 0x44, 0x5B, 0x0C, 0x5B, 0x0C, 
0x5B, 0x0C, 0x5B, 0x0C, 0x5B, 0x0C, 0x5B, 0x0C, 0x00, 0x1F, 0x52, 0xCB, 0x42, 0x49, 0xF2, 0xA3, 
0xF2, 0xA3, 0xF2, 0xA3, 0xF2, 0xA3, 0xE2, 0x21, 0x42, 0x49, 0x00, 0x00, 0x00, 0x00, 0x00, 0x00, 
0x00, 0x00, 0x00, 0x00, 0x00, 0x00, 0x02, 0x44, 0x03, 0xE8, 0x03, 0xE8, 0x03, 0xE8, 0x03, 0xE8, 
0x03, 0xE8, 0x03, 0xE8, 0x1B, 0x07, 0x12, 0xA6, 0x1B, 0x07, 0x02, 0x44, 0x52, 0xCB, 0x5B, 0x0C, 
0x5B, 0x0C, 0x5B, 0x0C, 0x5B, 0x0C, 0x5B, 0x0C, 0x00, 0x1F, 0x42, 0x49, 0x42, 0x49, 0xF2, 0xA3, 
0xF2, 0xA3, 0xF2, 0xA3, 0xF2, 0xA3, 0xE2, 0x21, 0x8B, 0x69, 0x8B, 0x69, 0x00, 0x00, 0x00, 0x00, 
0x00, 0x00, 0x00, 0x00, 0x00, 0x00, 0x02, 0x44, 0x12, 0xA6, 0x03, 0xE8, 0x03, 0xE8, 0x03, 0xE8, 
0x03, 0xE8, 0x03, 0xE8, 0x1B, 0x07, 0x12, 0xA6, 0x12, 0xA6, 0x02, 0x44, 0x52, 0xCB, 0x5B, 0x0C, 
0x5B, 0x0C, 0x5B, 0x0C, 0x5B, 0x0C, 0x5B, 0x0C, 0x00, 0x1F, 0x42, 0x49, 0x42, 0x49, 0x52, 0xCB, 
0xE2, 0x21, 0xE2, 0x21, 0xE2, 0x21, 0xE2, 0x21, 0x8B, 0x69, 0x8B, 0x69, 0x00, 0x00, 0x00, 0x00, 
0x00, 0x00, 0x00, 0x00, 0x00, 0x00, 0x02, 0x44, 0x12, 0xA6, 0x12, 0xA6, 0x03, 0xE8, 0x03, 0xE8, 
0x03, 0xE8, 0x03, 0xE8, 0x1B, 0x07, 0x1B, 0x07, 0x12, 0xA6, 0x02, 0x44, 0x52, 0xCB, 0x52, 0xCB, 
0x52, 0xCB, 0x52, 0xCB, 0x52, 0xCB, 0x52, 0xCB, 0x52, 0xCB, 0x42, 0x49, 0x21, 0x45, 0x42, 0x49, 
0xE2, 0x21, 0xE2, 0x21, 0xE2, 0x21, 0xE2, 0x21, 0x8B, 0x69, 0x6A, 0x65, 0x00, 0x00, 0x00, 0x00, 
0x00, 0x00, 0x00, 0x00, 0x02, 0x44, 0x15, 0x8D, 0x15, 0x8D, 0x12, 0xA6, 0x12, 0xA6, 0x03, 0xE8, 
0x03, 0xE8, 0x1B, 0x07, 0x1B, 0x07, 0x1B, 0x07, 0x12, 0xA6, 0x02, 0x44, 0x52, 0xCB, 0x1C, 0x7E, 
0x5E, 0x7E, 0x5E, 0x7E, 0x52, 0xCB, 0x52, 0xCB, 0x52, 0xCB, 0x42, 0x49, 0x21, 0x45, 0x42, 0x49, 
0x52, 0xCB, 0x52, 0xCB, 0x52, 0xCB, 0x52, 0xCB, 0x6A, 0x65, 0x6A, 0x65, 0x00, 0x00, 0x00, 0x00, 
0x00, 0x00, 0x00, 0x00, 0x02, 0x44, 0x15, 0x8D, 0x15, 0x8D, 0x03, 0xE8, 0x12, 0xA6, 0x1B, 0x07, 
0x1B, 0x07, 0x1B, 0x07, 0x1B, 0x07, 0x1B, 0x07, 0x12, 0xA6, 0x02, 0x44, 0x52, 0xCB, 0x1C, 0x7E, 
0x1C, 0x7E, 0x1C, 0x7E, 0x52, 0xCB, 0x52, 0xCB, 0x52, 0xCB, 0x42, 0x49, 0x21, 0x45, 0x21, 0x45, 
0x42, 0x49, 0x42, 0x49, 0x42, 0x49, 0x42, 0x49, 0x6A, 0x65, 0x6A, 0x65, 0x00, 0x00, 0x00, 0x00, 
0x00, 0x00, 0x00, 0x00, 0x02, 0x44, 0x03, 0xE8, 0x03, 0xE8, 0x03, 0xE8, 0x12, 0xA6, 0x12, 0xA6, 
0x1B, 0x07, 0x1B, 0x07, 0x1B, 0x07, 0x1B, 0x07, 0x12, 0xA6, 0x02, 0x44, 0x42, 0x49, 0x52, 0xCB, 
0x52, 0xCB, 0x52, 0xCB, 0x52, 0xCB, 0x07, 0xE0, 0x00, 0x1F, 0x21, 0x45, 0x42, 0x49, 0x42, 0x49, 
0x21, 0x45, 0x42, 0x49, 0x42, 0x49, 0x21, 0x45, 0x6A, 0x65, 0x6A, 0x65, 0x00, 0x00, 0x00, 0x00, 
0x00, 0x00, 0x00, 0x00, 0x02, 0x44, 0x03, 0xE8, 0x03, 0xE8, 0x03, 0xE8, 0x03, 0xE8, 0x12, 0xA6, 
0x1B, 0x07, 0x1B, 0x07, 0x1B, 0x07, 0x1B, 0x07, 0x12, 0xA6, 0x02, 0x44, 0x42, 0x49, 0x42, 0x49, 
0x42, 0x49, 0x42, 0x49, 0x42, 0x49, 0x00, 0x1F, 0x00, 0x1F, 0x21, 0x45, 0x31, 0xC7, 0x42, 0x49, 
0x42, 0x49, 0x21, 0x45, 0x42, 0x49, 0x42, 0x49, 0x42, 0x49, 0x00, 0x00, 0x00, 0x00, 0x00, 0x00, 
0x00, 0x00, 0x02, 0x44, 0x03, 0xE8, 0x03, 0xE8, 0x03, 0xE8, 0x03, 0xE8, 0x1B, 0x07, 0x12, 0xA6, 
0x12, 0xA6, 0x1B, 0x07, 0x1B, 0x07, 0x1B, 0x07, 0x12, 0xA6, 0x02, 0x44, 0x31, 0xC7, 0x42, 0x49, 
0x42, 0x49, 0x42, 0x49, 0x42, 0x49, 0x42, 0x49, 0x42, 0x49, 0x21, 0x45, 0x31, 0xC7, 0x31, 0xC7, 
0x07, 0xE0, 0x00, 0x1F, 0x31, 0xC7, 0x21, 0x45, 0x52, 0xCB, 0x21, 0x45, 0x00, 0x00, 0x00, 0x00, 
0x00, 0x00, 0x02, 0x44, 0x03, 0xE8, 0x03, 0xE8, 0x1B, 0x07, 0x1B, 0x07, 0x1B, 0x07, 0x1B, 0x07, 
0x12, 0xA6, 0x1B, 0x07, 0x1B, 0x07, 0x12, 0xA6, 0x12, 0xA6, 0x02, 0x44, 0x31, 0xC7, 0x31, 0xC7, 
0x31, 0xC7, 0x31, 0xC7, 0x31, 0xC7, 0x31, 0xC7, 0x31, 0xC7, 0x21, 0x45, 0x31, 0xC7, 0x31, 0xC7, 
0x00, 0x1F, 0x00, 0x1F, 0x21, 0x45, 0x5B, 0x0C, 0x52, 0xCB, 0x21, 0x45, 0x00, 0x00, 0x00, 0x00, 
0x00, 0x00, 0x00, 0x00, 0x02, 0x44, 0x1B, 0x07, 0x1B, 0x07, 0x1B, 0x07, 0x1B, 0x07, 0x1B, 0x07, 
0x12, 0xA6, 0x12, 0xA6, 0x12, 0xA6, 0x12, 0xA6, 0x12, 0xA6, 0x12, 0xA6, 0x02, 0x44, 0x31, 0xC7, 
0x31, 0xC7, 0x31, 0xC7, 0x31, 0xC7, 0x31, 0xC7, 0x21, 0x45, 0x00, 0x00, 0x21, 0x45, 0x31, 0xC7, 
0x31, 0xC7, 0x21, 0x45, 0x21, 0x45, 0x52, 0xCB, 0x52, 0xCB, 0x21, 0x45, 0x00, 0x00, 0x00, 0x00, 
0x00, 0x00, 0x00, 0x00, 0x00, 0x00, 0x02, 0x44, 0x02, 0x44, 0x02, 0x44, 0x02, 0x44, 0x02, 0x44, 
0x02, 0x44, 0x12, 0xA6, 0x12, 0xA6, 0x12, 0xA6, 0x12, 0xA6, 0x12, 0xA6, 0x02, 0x44, 0x21, 0x45, 
0x21, 0x45, 0x21, 0x45, 0x21, 0x45, 0x21, 0x45, 0x00, 0x00, 0x00, 0x00, 0x00, 0x00, 0x21, 0x45, 
0x21, 0x45, 0x00, 0x00, 0x21, 0x45, 0x42, 0x49, 0x42, 0x49, 0x21, 0x45, 0x00, 0x00, 0x00, 0x00, 
0x00, 0x00, 0x00, 0x00, 0x00, 0x00, 0x00, 0x00, 0x00, 0x00, 0x00, 0x00, 0x00, 0x00, 0x00, 0x00, 
0x00, 0x00, 0x02, 0x44, 0x12, 0xA6, 0x12, 0xA6, 0x12, 0xA6, 0x12, 0xA6, 0x02, 0x44, 0x00, 0x00, 
0x00, 0x00, 0x00, 0x00, 0x00, 0x00, 0x00, 0x00, 0x00, 0x00, 0x00, 0x00, 0x00, 0x00, 0x00, 0x00, 
0x00, 0x00, 0x00, 0x00, 0x21, 0x45, 0x42, 0x49, 0x31, 0xC7, 0x21, 0x45, 0x00, 0x00, 0x00, 0x00, 
0x00, 0x00, 0x00, 0x00, 0x00, 0x00, 0x00, 0x00, 0x00, 0x00, 0x00, 0x00, 0x00, 0x00, 0x00, 0x00, 
0x00, 0x00, 0x00, 0x00, 0x02, 0x44, 0x02, 0x44, 0x02, 0x44, 0x02, 0x44, 0x00, 0x00, 0x00, 0x00, 
0x00, 0x00, 0x00, 0x00, 0x00, 0x00, 0x00, 0x00, 0x00, 0x00, 0x00, 0x00, 0x00, 0x00, 0x00, 0x00, 
0x00, 0x00, 0x00, 0x00, 0x00, 0x00, 0x21, 0x45, 0x31, 0xC7, 0x21, 0x45, 0x00, 0x00, 0x00, 0x00, 
0x00, 0x00, 0x00, 0x00, 0x00, 0x00, 0x00, 0x00, 0x00, 0x00, 0x00, 0x00, 0x00, 0x00, 0x00, 0x00, 
0x00, 0x00, 0x00, 0x00, 0x00, 0x00, 0x00, 0x00, 0x00, 0x00, 0x00, 0x00, 0x00, 0x00, 0x00, 0x00, 
0x00, 0x00, 0x00, 0x00, 0x00, 0x00, 0x00, 0x00, 0x00, 0x00, 0x00, 0x00, 0x00, 0x00, 0x00, 0x00, 
0x00, 0x00, 0x00, 0x00, 0x00, 0x00, 0x00, 0x00, 0x21, 0x45, 0x00, 0x00, 0x00, 0x00, 0x00, 0x00, 
0x00, 0x00, 0x00, 0x00, 0x00, 0x00, 0x00, 0x00, 0x00, 0x00, 0x00, 0x00, 0x00, 0x00, 0x00, 0x00, 
0x00, 0x00, 0x00, 0x00, 0x00, 0x00, 0x00, 0x00, 0x00, 0x00, 0x00, 0x00, 0x00, 0x00, 0x00, 0x00, 
0x00, 0x00, 0x00, 0x00, 0x00, 0x00, 0x00, 0x00, 0x00, 0x00, 0x00, 0x00, 0x00, 0x00, 0x00, 0x00, 
0x00, 0x00, 0x00, 0x00, 0x00, 0x00, 0x00, 0x00, 0x00, 0x00, 0x00, 0x00, 0x00, 0x00, 0x00, 0x00
}
}
};

#endif