#ifndef AQUATANBMP_H
#define AQUATANBMP_H
// 15070
const unsigned char aqua_bmp [][4][2048] PROGMEM = 
{
{
{
0x00, 0x00, 0x00, 0x00, 0x00, 0x00, 0x00, 0x00, 0x00, 0x00, 0x00, 0x00, 0x00, 0x00, 0x00, 0x00, 
0x00, 0x00, 0x00, 0x00, 0x00, 0x00, 0x00, 0x00, 0x00, 0x00, 0x00, 0x00, 0x00, 0x00, 0x00, 0x00, 
0x00, 0x00, 0x00, 0x00, 0x00, 0x00, 0x00, 0x00, 0x00, 0x00, 0x00, 0x00, 0x00, 0x00, 0x00, 0x00, 
0x00, 0x00, 0x00, 0x00, 0x00, 0x00, 0x00, 0x00, 0x00, 0x00, 0x00, 0x00, 0x00, 0x00, 0x00, 0x00, 
0x00, 0x00, 0x00, 0x00, 0x00, 0x00, 0x00, 0x00, 0x00, 0x00, 0x00, 0x00, 0x00, 0x00, 0x00, 0x00, 
0x00, 0x00, 0x00, 0x00, 0x00, 0x00, 0x00, 0x00, 0x00, 0x00, 0x00, 0x00, 0x00, 0x00, 0x00, 0x00, 
0x00, 0x00, 0x00, 0x00, 0x00, 0x00, 0x00, 0x00, 0x00, 0x00, 0x00, 0x00, 0x00, 0x00, 0x00, 0x00, 
0x00, 0x00, 0x00, 0x00, 0x00, 0x00, 0x00, 0x00, 0x00, 0x00, 0x00, 0x00, 0x00, 0x00, 0x00, 0x00, 
0x00, 0x00, 0x00, 0x00, 0x00, 0x00, 0x00, 0x00, 0x00, 0x00, 0x00, 0x00, 0x00, 0x00, 0x00, 0x00, 
0x00, 0x00, 0x00, 0x00, 0x00, 0x00, 0x00, 0x00, 0x00, 0x00, 0x00, 0x00, 0x00, 0x00, 0x00, 0x00, 
0x00, 0x00, 0x00, 0x00, 0x00, 0x00, 0x00, 0x00, 0x00, 0x00, 0x00, 0x00, 0x00, 0x00, 0x00, 0x00, 
0x00, 0x00, 0x00, 0x00, 0x00, 0x00, 0x00, 0x00, 0x00, 0x00, 0x00, 0x00, 0x00, 0x00, 0x00, 0x00, 
0x00, 0x00, 0x00, 0x00, 0x00, 0x00, 0x00, 0x00, 0x00, 0x00, 0x00, 0x00, 0x00, 0x00, 0x00, 0x00, 
0x00, 0x00, 0x00, 0x00, 0x00, 0x00, 0x00, 0x00, 0x00, 0x00, 0x00, 0x00, 0x00, 0x00, 0x00, 0x00, 
0x00, 0x00, 0x00, 0x00, 0x00, 0x00, 0x00, 0x00, 0x00, 0x00, 0x00, 0x00, 0x00, 0x00, 0x00, 0x00, 
0x00, 0x00, 0x00, 0x00, 0x00, 0x00, 0x00, 0x00, 0x00, 0x00, 0x00, 0x00, 0x00, 0x00, 0x00, 0x00, 
0x00, 0x00, 0x00, 0x00, 0x00, 0x00, 0x00, 0x00, 0x00, 0x00, 0x00, 0x00, 0x00, 0x00, 0x00, 0x00, 
0x00, 0x00, 0x00, 0x00, 0x00, 0x00, 0x00, 0x00, 0x00, 0x00, 0x7B, 0xCF, 0x7B, 0xCF, 0x7B, 0xCF, 
0x7B, 0xCF, 0x7B, 0xCF, 0x7B, 0xCF, 0x00, 0x00, 0x00, 0x00, 0x00, 0x00, 0x00, 0x00, 0x7B, 0xCF, 
0x7B, 0xCF, 0x00, 0x00, 0x00, 0x00, 0x00, 0x00, 0x00, 0x00, 0x00, 0x00, 0x00, 0x00, 0x00, 0x00, 
0x00, 0x00, 0x00, 0x00, 0x00, 0x00, 0x00, 0x00, 0x00, 0x00, 0x00, 0x00, 0x00, 0x00, 0x01, 0x6F, 
0x01, 0x6F, 0x01, 0x6F, 0x01, 0x6F, 0x01, 0x6F, 0x7B, 0xCF, 0x94, 0x92, 0x94, 0x92, 0xAD, 0x55, 
0xAD, 0x55, 0xAD, 0x55, 0xAD, 0x55, 0x7B, 0xCF, 0x00, 0x00, 0x00, 0x00, 0x7B, 0xCF, 0xC6, 0x18, 
0xC6, 0x18, 0x7B, 0xCF, 0x00, 0x00, 0x00, 0x00, 0x00, 0x00, 0x00, 0x00, 0x00, 0x00, 0x00, 0x00, 
0x00, 0x00, 0x00, 0x00, 0x00, 0x00, 0x00, 0x00, 0x00, 0x00, 0x00, 0x00, 0x01, 0x6F, 0x3C, 0x5F, 
0x3C, 0x5F, 0x03, 0x1F, 0x03, 0x1F, 0x01, 0x6F, 0x94, 0x92, 0x94, 0x92, 0xC6, 0x18, 0xC6, 0x18, 
0xC6, 0x18, 0xC6, 0x18, 0xC6, 0x18, 0xC6, 0x18, 0x7B, 0xCF, 0x7B, 0xCF, 0xC6, 0x18, 0xD6, 0xBA, 
0x75, 0x3F, 0x03, 0x1F, 0x7B, 0xCF, 0x00, 0x00, 0x00, 0x00, 0x00, 0x00, 0x00, 0x00, 0x00, 0x00, 
0x00, 0x00, 0x00, 0x00, 0x00, 0x00, 0x00, 0x00, 0x00, 0x00, 0x01, 0x6F, 0x3C, 0x5F, 0x3C, 0x5F, 
0x3C, 0x5F, 0x03, 0x1F, 0x03, 0x1F, 0x01, 0x6F, 0x01, 0x6F, 0xC6, 0x18, 0xD6, 0xBA, 0xD6, 0xBA, 
0xD6, 0xBA, 0xD6, 0xBA, 0xD6, 0xBA, 0xC6, 0x18, 0xC6, 0x18, 0x7B, 0xCF, 0xD6, 0xBA, 0xEF, 0x5D, 
0x03, 0x1F, 0x03, 0x1F, 0xAD, 0x55, 0x7B, 0xCF, 0x00, 0x00, 0x00, 0x00, 0x00, 0x00, 0x00, 0x00, 
0x00, 0x00, 0x00, 0x00, 0x00, 0x00, 0x00, 0x00, 0x01, 0x6F, 0x02, 0x15, 0x03, 0x1F, 0x3C, 0x5F, 
0x3C, 0x5F, 0x03, 0x1F, 0x03, 0x1F, 0x02, 0xBA, 0x01, 0x6F, 0xD6, 0xBA, 0xEF, 0x5D, 0xEF, 0x5D, 
0xEF, 0x5D, 0xEF, 0x5D, 0x75, 0x3F, 0x03, 0x1F, 0xC6, 0x18, 0x7B, 0xCF, 0xEF, 0x5D, 0xEF, 0x5D, 
0xEF, 0x5D, 0xAD, 0x55, 0xC6, 0x18, 0xC6, 0x18, 0x7B, 0xCF, 0x00, 0x00, 0x00, 0x00, 0x00, 0x00, 
0x00, 0x00, 0x00, 0x00, 0x00, 0x00, 0x01, 0x6F, 0x3C, 0x5F, 0x02, 0x15, 0x02, 0x15, 0x03, 0x1F, 
0x03, 0x1F, 0x03, 0x1F, 0x03, 0x1F, 0x02, 0xBA, 0x01, 0x6F, 0xD6, 0xBA, 0xEF, 0x5D, 0xEF, 0x5D, 
0xEF, 0x5D, 0xEF, 0x5D, 0x03, 0x1F, 0x03, 0x1F, 0xC6, 0x18, 0x7B, 0xCF, 0xEF, 0x5D, 0xEF, 0x5D, 
0xAD, 0x55, 0xD6, 0xBA, 0xD6, 0xBA, 0xC6, 0x18, 0x8B, 0x69, 0x8B, 0x69, 0x00, 0x00, 0x00, 0x00, 
0x00, 0x00, 0x00, 0x00, 0x01, 0x6F, 0x3C, 0x5F, 0x3C, 0x5F, 0x3C, 0x5F, 0x02, 0x15, 0x02, 0x15, 
0x03, 0x1F, 0x03, 0x1F, 0x02, 0xBA, 0x02, 0xBA, 0x01, 0x6F, 0xD6, 0xBA, 0x1C, 0x7E, 0x1C, 0x7E, 
0x1C, 0x7E, 0x1C, 0x7E, 0xEF, 0x5D, 0xD6, 0xBA, 0xD6, 0xBA, 0xC6, 0x18, 0x7B, 0xCF, 0xAD, 0x55, 
0xEF, 0x5D, 0xEF, 0x5D, 0xEF, 0x5D, 0xD6, 0xBA, 0x8B, 0x69, 0x8B, 0x69, 0x00, 0x00, 0x00, 0x00, 
0x00, 0x00, 0x00, 0x00, 0x01, 0x6F, 0x3C, 0x5F, 0x3C, 0x5F, 0x3C, 0x5F, 0x03, 0x1F, 0x02, 0x15, 
0x02, 0x15, 0x03, 0x1F, 0x02, 0xBA, 0x02, 0xBA, 0x01, 0x6F, 0xD6, 0xBA, 0x1C, 0x7E, 0x5E, 0x7E, 
0x5E, 0x7E, 0x1C, 0x7E, 0xEF, 0x5D, 0xD6, 0xBA, 0xD6, 0xBA, 0xC6, 0x18, 0x7B, 0xCF, 0xEF, 0x5D, 
0xEF, 0x5D, 0xEF, 0x5D, 0xEF, 0x5D, 0xD6, 0xBA, 0x8B, 0x69, 0x6A, 0x65, 0x00, 0x00, 0x00, 0x00, 
0x00, 0x00, 0x00, 0x00, 0x01, 0x6F, 0x3C, 0x5F, 0x3C, 0x5F, 0x3C, 0x5F, 0x03, 0x1F, 0x03, 0x1F, 
0x02, 0x15, 0x02, 0x15, 0x02, 0xBA, 0x02, 0xBA, 0x01, 0x6F, 0xD6, 0xBA, 0xEF, 0x5D, 0xEF, 0x5D, 
0xEF, 0x5D, 0xEF, 0x5D, 0xEF, 0x5D, 0xD6, 0xBA, 0xD6, 0xBA, 0xC6, 0x18, 0x7B, 0xCF, 0xEF, 0x5D, 
0xAE, 0x3F, 0xAE, 0x3F, 0x75, 0x3F, 0x02, 0xBA, 0x6A, 0x65, 0x6A, 0x65, 0x00, 0x00, 0x00, 0x00, 
0x00, 0x00, 0x00, 0x00, 0x01, 0x6F, 0x3C, 0x5F, 0x3C, 0x5F, 0x3C, 0x5F, 0x03, 0x1F, 0x03, 0x1F, 
0x03, 0x1F, 0x02, 0x15, 0x02, 0xBA, 0x02, 0xBA, 0x01, 0x6F, 0xD6, 0xBA, 0xEF, 0x5D, 0xEF, 0x5D, 
0xEF, 0x5D, 0xEF, 0x5D, 0xEF, 0x5D, 0x03, 0x1F, 0xD6, 0xBA, 0xC6, 0x18, 0x7B, 0xCF, 0xAE, 0x3F, 
0xAE, 0x3F, 0x75, 0x3F, 0x3C, 0x5F, 0x02, 0xBA, 0x6A, 0x65, 0x6A, 0x65, 0x00, 0x00, 0x00, 0x00, 
0x00, 0x00, 0x00, 0x00, 0x01, 0x6F, 0x3C, 0x5F, 0x3C, 0x5F, 0x3C, 0x5F, 0x03, 0x1F, 0x03, 0x1F, 
0x03, 0x1F, 0x02, 0xBA, 0x02, 0x15, 0x02, 0xBA, 0x01, 0x6F, 0xD6, 0xBA, 0xEF, 0x5D, 0xEF, 0x5D, 
0xEF, 0x5D, 0xEF, 0x5D, 0xD6, 0xBA, 0x03, 0x1F, 0xD6, 0xBA, 0xC6, 0x18, 0xAD, 0x55, 0xAE, 0x3F, 
0x75, 0x3F, 0x75, 0x3F, 0x3C, 0x5F, 0x02, 0xBA, 0x6A, 0x65, 0x6A, 0x65, 0x00, 0x00, 0x00, 0x00, 
0x00, 0x00, 0x00, 0x00, 0x01, 0x6F, 0x3C, 0x5F, 0x3C, 0x5F, 0x3C, 0x5F, 0x03, 0x1F, 0x03, 0x1F, 
0x03, 0x1F, 0x02, 0xBA, 0x02, 0x15, 0x02, 0xBA, 0x01, 0x6F, 0xD6, 0xBA, 0xD6, 0xBA, 0xEF, 0x5D, 
0xEF, 0x5D, 0xD6, 0xBA, 0xD6, 0xBA, 0x03, 0x1F, 0xD6, 0xBA, 0xC6, 0x18, 0xAD, 0x55, 0x75, 0x3F, 
0x75, 0x3F, 0x75, 0x3F, 0x3C, 0x5F, 0x02, 0xBA, 0xAD, 0x55, 0x00, 0x00, 0x00, 0x00, 0x00, 0x00, 
0x00, 0x00, 0x00, 0x00, 0x01, 0x6F, 0x03, 0x1F, 0x3C, 0x5F, 0x3C, 0x5F, 0x03, 0x1F, 0x03, 0x1F, 
0x03, 0x1F, 0x02, 0xBA, 0x02, 0x15, 0x02, 0xBA, 0x01, 0x6F, 0xD6, 0xBA, 0xD6, 0xBA, 0xD6, 0xBA, 
0xD6, 0xBA, 0xD6, 0xBA, 0xD6, 0xBA, 0x03, 0x1F, 0xD6, 0xBA, 0xC6, 0x18, 0xAD, 0x55, 0x3C, 0x5F, 
0x3C, 0x5F, 0x3C, 0x5F, 0x3C, 0x5F, 0x02, 0xBA, 0xAD, 0x55, 0x00, 0x00, 0x00, 0x00, 0x00, 0x00, 
0x00, 0x00, 0x00, 0x00, 0x01, 0x6F, 0x03, 0x1F, 0x03, 0x1F, 0x03, 0x1F, 0x03, 0x1F, 0x03, 0x1F, 
0x03, 0x1F, 0x02, 0xBA, 0x02, 0x15, 0x02, 0xBA, 0x01, 0x6F, 0xC6, 0x18, 0xD6, 0xBA, 0xD6, 0xBA, 
0xD6, 0xBA, 0xD6, 0xBA, 0xD6, 0xBA, 0x03, 0x1F, 0xD6, 0xBA, 0xAD, 0x55, 0xAD, 0x55, 0x3C, 0x5F, 
0x3C, 0x5F, 0x3C, 0x5F, 0x3C, 0x5F, 0x02, 0xBA, 0x8B, 0x69, 0x8B, 0x69, 0x00, 0x00, 0x00, 0x00, 
0x00, 0x00, 0x00, 0x00, 0x01, 0x6F, 0x02, 0x15, 0x03, 0x1F, 0x03, 0x1F, 0x03, 0x1F, 0x03, 0x1F, 
0x03, 0x1F, 0x02, 0xBA, 0x02, 0x15, 0x02, 0x15, 0x01, 0x6F, 0xC6, 0x18, 0xC6, 0x18, 0xD6, 0xBA, 
0xD6, 0xBA, 0xD6, 0xBA, 0xD6, 0xBA, 0x03, 0x1F, 0xC6, 0x18, 0xAD, 0x55, 0xAD, 0x55, 0xC6, 0x18, 
0x02, 0xBA, 0x02, 0xBA, 0x02, 0xBA, 0x02, 0xBA, 0x8B, 0x69, 0x8B, 0x69, 0x00, 0x00, 0x00, 0x00, 
0x00, 0x00, 0x00, 0x00, 0x01, 0x6F, 0x02, 0x15, 0x02, 0x15, 0x03, 0x1F, 0x03, 0x1F, 0x03, 0x1F, 
0x03, 0x1F, 0x02, 0xBA, 0x02, 0xBA, 0x02, 0x15, 0x01, 0x6F, 0xC6, 0x18, 0xC6, 0x18, 0xC6, 0x18, 
0xC6, 0x18, 0xC6, 0x18, 0xC6, 0x18, 0xC6, 0x18, 0xC6, 0x18, 0xAD, 0x55, 0x7B, 0xCF, 0xAD, 0x55, 
0x02, 0xBA, 0x02, 0xBA, 0x02, 0xBA, 0x02, 0xBA, 0x8B, 0x69, 0x6A, 0x65, 0x00, 0x00, 0x00, 0x00, 
0x00, 0x00, 0x01, 0x6F, 0x3C, 0x5F, 0x3C, 0x5F, 0x02, 0x15, 0x02, 0x15, 0x03, 0x1F, 0x03, 0x1F, 
0x02, 0xBA, 0x02, 0xBA, 0x02, 0xBA, 0x02, 0x15, 0x01, 0x6F, 0xC6, 0x18, 0x1C, 0x7E, 0x5E, 0x7E, 
0x5E, 0x7E, 0x1C, 0x7E, 0xC6, 0x18, 0xC6, 0x18, 0xC6, 0x18, 0xAD, 0x55, 0x7B, 0xCF, 0xAD, 0x55, 
0xC6, 0x18, 0xC6, 0x18, 0xC6, 0x18, 0xC6, 0x18, 0x6A, 0x65, 0x6A, 0x65, 0x00, 0x00, 0x00, 0x00, 
0x00, 0x00, 0x01, 0x6F, 0x3C, 0x5F, 0x3C, 0x5F, 0x03, 0x1F, 0x02, 0x15, 0x02, 0xBA, 0x02, 0xBA, 
0x02, 0xBA, 0x02, 0xBA, 0x02, 0xBA, 0x02, 0x15, 0x01, 0x6F, 0xC6, 0x18, 0x1C, 0x7E, 0x1C, 0x7E, 
0x1C, 0x7E, 0x1C, 0x7E, 0xC6, 0x18, 0xC6, 0x18, 0xC6, 0x18, 0xAD, 0x55, 0x7B, 0xCF, 0x7B, 0xCF, 
0xAD, 0x55, 0xAD, 0x55, 0xAD, 0x55, 0xAD, 0x55, 0x6A, 0x65, 0x6A, 0x65, 0x00, 0x00, 0x00, 0x00, 
0x00, 0x00, 0x01, 0x6F, 0x03, 0x1F, 0x03, 0x1F, 0x03, 0x1F, 0x02, 0x15, 0x02, 0x15, 0x02, 0xBA, 
0x02, 0xBA, 0x02, 0xBA, 0x02, 0xBA, 0x02, 0x15, 0x01, 0x6F, 0xAD, 0x55, 0xC6, 0x18, 0xC6, 0x18, 
0xC6, 0x18, 0xC6, 0x18, 0x75, 0x3F, 0x03, 0x1F, 0xAD, 0x55, 0x7B, 0xCF, 0xAD, 0x55, 0xAD, 0x55, 
0x7B, 0xCF, 0xAD, 0x55, 0xAD, 0x55, 0x7B, 0xCF, 0x6A, 0x65, 0x6A, 0x65, 0x00, 0x00, 0x00, 0x00, 
0x00, 0x00, 0x01, 0x6F, 0x03, 0x1F, 0x03, 0x1F, 0x03, 0x1F, 0x03, 0x1F, 0x02, 0x15, 0x02, 0xBA, 
0x02, 0xBA, 0x02, 0xBA, 0x02, 0xBA, 0x02, 0x15, 0x01, 0x6F, 0xAD, 0x55, 0xAD, 0x55, 0xAD, 0x55, 
0xAD, 0x55, 0xAD, 0x55, 0x03, 0x1F, 0x03, 0x1F, 0xAD, 0x55, 0x7B, 0xCF, 0x94, 0x92, 0xAD, 0x55, 
0xAD, 0x55, 0x7B, 0xCF, 0xAD, 0x55, 0xAD, 0x55, 0xAD, 0x55, 0x00, 0x00, 0x00, 0x00, 0x00, 0x00, 
0x01, 0x6F, 0x03, 0x1F, 0x03, 0x1F, 0x03, 0x1F, 0x03, 0x1F, 0x02, 0xBA, 0x02, 0x15, 0x02, 0x15, 
0x02, 0xBA, 0x02, 0xBA, 0x02, 0xBA, 0x02, 0x15, 0x01, 0x6F, 0x94, 0x92, 0xAD, 0x55, 0xAD, 0x55, 
0xAD, 0x55, 0xAD, 0x55, 0xAD, 0x55, 0xAD, 0x55, 0x94, 0x92, 0x7B, 0xCF, 0x94, 0x92, 0x94, 0x92, 
0x75, 0x3F, 0x03, 0x1F, 0x94, 0x92, 0x7B, 0xCF, 0xC6, 0x18, 0x7B, 0xCF, 0x00, 0x00, 0x00, 0x00, 
0x01, 0x6F, 0x03, 0x1F, 0x03, 0x1F, 0x02, 0xBA, 0x02, 0xBA, 0x02, 0xBA, 0x02, 0xBA, 0x02, 0x15, 
0x02, 0xBA, 0x02, 0xBA, 0x02, 0x15, 0x02, 0x15, 0x01, 0x6F, 0x94, 0x92, 0x94, 0x92, 0x94, 0x92, 
0x94, 0x92, 0x94, 0x92, 0x94, 0x92, 0x94, 0x92, 0x7B, 0xCF, 0x7B, 0xCF, 0x94, 0x92, 0x94, 0x92, 
0x03, 0x1F, 0x03, 0x1F, 0x7B, 0xCF, 0xD6, 0xBA, 0xC6, 0x18, 0x7B, 0xCF, 0x00, 0x00, 0x00, 0x00, 
0x00, 0x00, 0x01, 0x6F, 0x02, 0xBA, 0x02, 0xBA, 0x02, 0xBA, 0x02, 0xBA, 0x02, 0xBA, 0x02, 0x15, 
0x02, 0x15, 0x02, 0x15, 0x02, 0x15, 0x02, 0x15, 0x02, 0x15, 0x01, 0x6F, 0x94, 0x92, 0x94, 0x92, 
0x94, 0x92, 0x94, 0x92, 0x94, 0x92, 0x7B, 0xCF, 0x00, 0x00, 0x00, 0x00, 0x7B, 0xCF, 0x94, 0x92, 
0x94, 0x92, 0x7B, 0xCF, 0x7B, 0xCF, 0xC6, 0x18, 0xC6, 0x18, 0x7B, 0xCF, 0x00, 0x00, 0x00, 0x00, 
0x00, 0x00, 0x00, 0x00, 0x01, 0x6F, 0x01, 0x6F, 0x01, 0x6F, 0x01, 0x6F, 0x01, 0x6F, 0x01, 0x6F, 
0x02, 0x15, 0x02, 0x15, 0x02, 0x15, 0x02, 0x15, 0x02, 0x15, 0x01, 0x6F, 0x7B, 0xCF, 0x7B, 0xCF, 
0x7B, 0xCF, 0x7B, 0xCF, 0x7B, 0xCF, 0x00, 0x00, 0x00, 0x00, 0x00, 0x00, 0x00, 0x00, 0x7B, 0xCF, 
0x7B, 0xCF, 0x00, 0x00, 0x7B, 0xCF, 0xAD, 0x55, 0xAD, 0x55, 0x7B, 0xCF, 0x00, 0x00, 0x00, 0x00, 
0x00, 0x00, 0x00, 0x00, 0x00, 0x00, 0x00, 0x00, 0x00, 0x00, 0x00, 0x00, 0x00, 0x00, 0x00, 0x00, 
0x01, 0x6F, 0x02, 0x15, 0x02, 0x15, 0x02, 0x15, 0x02, 0x15, 0x01, 0x6F, 0x00, 0x00, 0x00, 0x00, 
0x00, 0x00, 0x00, 0x00, 0x00, 0x00, 0x00, 0x00, 0x00, 0x00, 0x00, 0x00, 0x00, 0x00, 0x00, 0x00, 
0x00, 0x00, 0x00, 0x00, 0x7B, 0xCF, 0xAD, 0x55, 0x94, 0x92, 0x7B, 0xCF, 0x00, 0x00, 0x00, 0x00, 
0x00, 0x00, 0x00, 0x00, 0x00, 0x00, 0x00, 0x00, 0x00, 0x00, 0x00, 0x00, 0x00, 0x00, 0x00, 0x00, 
0x00, 0x00, 0x01, 0x6F, 0x01, 0x6F, 0x01, 0x6F, 0x01, 0x6F, 0x00, 0x00, 0x00, 0x00, 0x00, 0x00, 
0x00, 0x00, 0x00, 0x00, 0x00, 0x00, 0x00, 0x00, 0x00, 0x00, 0x00, 0x00, 0x00, 0x00, 0x00, 0x00, 
0x00, 0x00, 0x00, 0x00, 0x00, 0x00, 0x7B, 0xCF, 0x94, 0x92, 0x7B, 0xCF, 0x00, 0x00, 0x00, 0x00, 
0x00, 0x00, 0x00, 0x00, 0x00, 0x00, 0x00, 0x00, 0x00, 0x00, 0x00, 0x00, 0x00, 0x00, 0x00, 0x00, 
0x00, 0x00, 0x00, 0x00, 0x00, 0x00, 0x00, 0x00, 0x00, 0x00, 0x00, 0x00, 0x00, 0x00, 0x00, 0x00, 
0x00, 0x00, 0x00, 0x00, 0x00, 0x00, 0x00, 0x00, 0x00, 0x00, 0x00, 0x00, 0x00, 0x00, 0x00, 0x00, 
0x00, 0x00, 0x00, 0x00, 0x00, 0x00, 0x00, 0x00, 0x7B, 0xCF, 0x00, 0x00, 0x00, 0x00, 0x00, 0x00, 
0x00, 0x00, 0x00, 0x00, 0x00, 0x00, 0x00, 0x00, 0x00, 0x00, 0x00, 0x00, 0x00, 0x00, 0x00, 0x00, 
0x00, 0x00, 0x00, 0x00, 0x00, 0x00, 0x00, 0x00, 0x00, 0x00, 0x00, 0x00, 0x00, 0x00, 0x00, 0x00, 
0x00, 0x00, 0x00, 0x00, 0x00, 0x00, 0x00, 0x00, 0x00, 0x00, 0x00, 0x00, 0x00, 0x00, 0x00, 0x00, 
0x00, 0x00, 0x00, 0x00, 0x00, 0x00, 0x00, 0x00, 0x00, 0x00, 0x00, 0x00, 0x00, 0x00, 0x00, 0x00
}
,
{
0x00, 0x00, 0x00, 0x00, 0x00, 0x00, 0x00, 0x00, 0x00, 0x00, 0x00, 0x00, 0x00, 0x00, 0x00, 0x00, 
0x00, 0x00, 0x00, 0x00, 0x00, 0x00, 0x00, 0x00, 0x00, 0x00, 0x00, 0x00, 0x00, 0x00, 0x00, 0x00, 
0x00, 0x00, 0x00, 0x00, 0x00, 0x00, 0x00, 0x00, 0x00, 0x00, 0x00, 0x00, 0x00, 0x00, 0x00, 0x00, 
0x00, 0x00, 0x00, 0x00, 0x00, 0x00, 0x00, 0x00, 0x00, 0x00, 0x00, 0x00, 0x00, 0x00, 0x00, 0x00, 
0x00, 0x00, 0x00, 0x00, 0x00, 0x00, 0x00, 0x00, 0x00, 0x00, 0x00, 0x00, 0x00, 0x00, 0x00, 0x00, 
0x00, 0x00, 0x00, 0x00, 0x00, 0x00, 0x00, 0x00, 0x00, 0x00, 0x00, 0x00, 0x00, 0x00, 0x00, 0x00, 
0x00, 0x00, 0x00, 0x00, 0x00, 0x00, 0x00, 0x00, 0x00, 0x00, 0x00, 0x00, 0x00, 0x00, 0x00, 0x00, 
0x00, 0x00, 0x00, 0x00, 0x00, 0x00, 0x00, 0x00, 0x00, 0x00, 0x00, 0x00, 0x00, 0x00, 0x00, 0x00, 
0x00, 0x00, 0x00, 0x00, 0x00, 0x00, 0x00, 0x00, 0x00, 0x00, 0x00, 0x00, 0x00, 0x00, 0x00, 0x00, 
0x00, 0x00, 0x00, 0x00, 0x00, 0x00, 0x00, 0x00, 0x00, 0x00, 0x00, 0x00, 0x00, 0x00, 0x00, 0x00, 
0x00, 0x00, 0x00, 0x00, 0x00, 0x00, 0x00, 0x00, 0x00, 0x00, 0x00, 0x00, 0x00, 0x00, 0x00, 0x00, 
0x00, 0x00, 0x00, 0x00, 0x00, 0x00, 0x00, 0x00, 0x00, 0x00, 0x00, 0x00, 0x00, 0x00, 0x00, 0x00, 
0x00, 0x00, 0x00, 0x00, 0x00, 0x00, 0x00, 0x00, 0x00, 0x00, 0x00, 0x00, 0x00, 0x00, 0x00, 0x00, 
0x00, 0x00, 0x00, 0x00, 0x00, 0x00, 0x00, 0x00, 0x00, 0x00, 0x00, 0x00, 0x00, 0x00, 0x00, 0x00, 
0x00, 0x00, 0x00, 0x00, 0x00, 0x00, 0x00, 0x00, 0x00, 0x00, 0x00, 0x00, 0x00, 0x00, 0x00, 0x00, 
0x00, 0x00, 0x00, 0x00, 0x00, 0x00, 0x00, 0x00, 0x00, 0x00, 0x00, 0x00, 0x00, 0x00, 0x00, 0x00, 
0x00, 0x00, 0x00, 0x00, 0x00, 0x00, 0x00, 0x00, 0x00, 0x00, 0x00, 0x00, 0x00, 0x00, 0x00, 0x00, 
0x00, 0x00, 0x00, 0x00, 0x00, 0x00, 0x00, 0x00, 0x00, 0x00, 0x00, 0x00, 0x7B, 0xCF, 0x7B, 0xCF, 
0x7B, 0xCF, 0x7B, 0xCF, 0x7B, 0xCF, 0x7B, 0xCF, 0x00, 0x00, 0x00, 0x00, 0x00, 0x00, 0x00, 0x00, 
0x00, 0x00, 0x00, 0x00, 0x00, 0x00, 0x00, 0x00, 0x00, 0x00, 0x00, 0x00, 0x00, 0x00, 0x00, 0x00, 
0x00, 0x00, 0x00, 0x00, 0x00, 0x00, 0x00, 0x00, 0x00, 0x00, 0x00, 0x00, 0x00, 0x00, 0x00, 0x00, 
0x01, 0x6F, 0x01, 0x6F, 0x01, 0x6F, 0x01, 0x6F, 0x01, 0x6F, 0x7B, 0xCF, 0x94, 0x92, 0x94, 0x92, 
0xAD, 0x55, 0xAD, 0x55, 0xAD, 0x55, 0xAD, 0x55, 0x7B, 0xCF, 0x00, 0x00, 0x00, 0x00, 0x00, 0x00, 
0x00, 0x00, 0x00, 0x00, 0x00, 0x00, 0x00, 0x00, 0x00, 0x00, 0x00, 0x00, 0x00, 0x00, 0x00, 0x00, 
0x00, 0x00, 0x00, 0x00, 0x00, 0x00, 0x00, 0x00, 0x00, 0x00, 0x00, 0x00, 0x00, 0x00, 0x01, 0x6F, 
0x3C, 0x5F, 0x3C, 0x5F, 0x03, 0x1F, 0x03, 0x1F, 0x01, 0x6F, 0x94, 0x92, 0x94, 0x92, 0xC6, 0x18, 
0xC6, 0x18, 0xC6, 0x18, 0xC6, 0x18, 0xC6, 0x18, 0xC6, 0x18, 0x7B, 0xCF, 0x7B, 0xCF, 0x00, 0x00, 
0x7B, 0xCF, 0x7B, 0xCF, 0x7B, 0xCF, 0x7B, 0xCF, 0x00, 0x00, 0x00, 0x00, 0x00, 0x00, 0x00, 0x00, 
0x00, 0x00, 0x00, 0x00, 0x00, 0x00, 0x00, 0x00, 0x00, 0x00, 0x00, 0x00, 0x01, 0x6F, 0x3C, 0x5F, 
0x3C, 0x5F, 0x3C, 0x5F, 0x03, 0x1F, 0x03, 0x1F, 0x01, 0x6F, 0x01, 0x6F, 0xC6, 0x18, 0xD6, 0xBA, 
0xD6, 0xBA, 0xD6, 0xBA, 0xD6, 0xBA, 0xD6, 0xBA, 0xC6, 0x18, 0xC6, 0x18, 0x7B, 0xCF, 0x7B, 0xCF, 
0xEF, 0x5D, 0xEF, 0x5D, 0xEF, 0x5D, 0xAD, 0x55, 0x7B, 0xCF, 0x00, 0x00, 0x00, 0x00, 0x00, 0x00, 
0x00, 0x00, 0x00, 0x00, 0x00, 0x00, 0x00, 0x00, 0x00, 0x00, 0x01, 0x6F, 0x02, 0x15, 0x03, 0x1F, 
0x3C, 0x5F, 0x3C, 0x5F, 0x03, 0x1F, 0x03, 0x1F, 0x02, 0xBA, 0x01, 0x6F, 0xD6, 0xBA, 0xEF, 0x5D, 
0xEF, 0x5D, 0xEF, 0x5D, 0xEF, 0x5D, 0x75, 0x3F, 0x03, 0x1F, 0xC6, 0x18, 0x7B, 0xCF, 0xEF, 0x5D, 
0xEF, 0x5D, 0xEF, 0x5D, 0x75, 0x3F, 0x03, 0x1F, 0xC6, 0x18, 0x7B, 0xCF, 0x00, 0x00, 0x00, 0x00, 
0x00, 0x00, 0x00, 0x00, 0x00, 0x00, 0x00, 0x00, 0x01, 0x6F, 0x3C, 0x5F, 0x02, 0x15, 0x02, 0x15, 
0x03, 0x1F, 0x03, 0x1F, 0x03, 0x1F, 0x03, 0x1F, 0x02, 0xBA, 0x01, 0x6F, 0xD6, 0xBA, 0xEF, 0x5D, 
0xEF, 0x5D, 0xEF, 0x5D, 0xEF, 0x5D, 0x03, 0x1F, 0x03, 0x1F, 0xC6, 0x18, 0x7B, 0xCF, 0xEF, 0x5D, 
0xEF, 0x5D, 0xEF, 0x5D, 0x03, 0x1F, 0x03, 0x1F, 0xC6, 0x18, 0x8B, 0x69, 0x8B, 0x69, 0x00, 0x00, 
0x00, 0x00, 0x00, 0x00, 0x00, 0x00, 0x01, 0x6F, 0x3C, 0x5F, 0x3C, 0x5F, 0x3C, 0x5F, 0x02, 0x15, 
0x02, 0x15, 0x03, 0x1F, 0x03, 0x1F, 0x02, 0xBA, 0x02, 0xBA, 0x01, 0x6F, 0xD6, 0xBA, 0x1C, 0x7E, 
0x1C, 0x7E, 0x1C, 0x7E, 0x1C, 0x7E, 0xEF, 0x5D, 0xD6, 0xBA, 0xD6, 0xBA, 0xC6, 0x18, 0x7B, 0xCF, 
0xAD, 0x55, 0xAD, 0x55, 0xEF, 0x5D, 0xEF, 0x5D, 0xD6, 0xBA, 0x8B, 0x69, 0x8B, 0x69, 0x00, 0x00, 
0x00, 0x00, 0x00, 0x00, 0x00, 0x00, 0x01, 0x6F, 0x3C, 0x5F, 0x3C, 0x5F, 0x3C, 0x5F, 0x03, 0x1F, 
0x02, 0x15, 0x02, 0x15, 0x03, 0x1F, 0x02, 0xBA, 0x02, 0xBA, 0x01, 0x6F, 0xD6, 0xBA, 0x1C, 0x7E, 
0x5E, 0x7E, 0x5E, 0x7E, 0x1C, 0x7E, 0xEF, 0x5D, 0xD6, 0xBA, 0xD6, 0xBA, 0xC6, 0x18, 0x7B, 0xCF, 
0xEF, 0x5D, 0xEF, 0x5D, 0xEF, 0x5D, 0xEF, 0x5D, 0xD6, 0xBA, 0x8B, 0x69, 0x6A, 0x65, 0x00, 0x00, 
0x00, 0x00, 0x00, 0x00, 0x00, 0x00, 0x01, 0x6F, 0x3C, 0x5F, 0x3C, 0x5F, 0x3C, 0x5F, 0x03, 0x1F, 
0x03, 0x1F, 0x02, 0x15, 0x02, 0x15, 0x02, 0xBA, 0x02, 0xBA, 0x01, 0x6F, 0xD6, 0xBA, 0xEF, 0x5D, 
0xEF, 0x5D, 0xEF, 0x5D, 0xEF, 0x5D, 0xEF, 0x5D, 0xD6, 0xBA, 0xD6, 0xBA, 0xC6, 0x18, 0x7B, 0xCF, 
0xEF, 0x5D, 0xAE, 0x3F, 0xAE, 0x3F, 0x75, 0x3F, 0x02, 0xBA, 0x6A, 0x65, 0x6A, 0x65, 0x00, 0x00, 
0x00, 0x00, 0x00, 0x00, 0x00, 0x00, 0x01, 0x6F, 0x3C, 0x5F, 0x3C, 0x5F, 0x3C, 0x5F, 0x03, 0x1F, 
0x03, 0x1F, 0x03, 0x1F, 0x02, 0x15, 0x02, 0xBA, 0x02, 0xBA, 0x01, 0x6F, 0xD6, 0xBA, 0xEF, 0x5D, 
0xEF, 0x5D, 0xEF, 0x5D, 0xEF, 0x5D, 0xEF, 0x5D, 0x03, 0x1F, 0xD6, 0xBA, 0xC6, 0x18, 0x7B, 0xCF, 
0xAE, 0x3F, 0xAE, 0x3F, 0x75, 0x3F, 0x3C, 0x5F, 0x02, 0xBA, 0x6A, 0x65, 0x6A, 0x65, 0x00, 0x00, 
0x00, 0x00, 0x00, 0x00, 0x00, 0x00, 0x01, 0x6F, 0x3C, 0x5F, 0x3C, 0x5F, 0x3C, 0x5F, 0x03, 0x1F, 
0x03, 0x1F, 0x03, 0x1F, 0x02, 0xBA, 0x02, 0x15, 0x02, 0xBA, 0x01, 0x6F, 0xD6, 0xBA, 0xEF, 0x5D, 
0xEF, 0x5D, 0xEF, 0x5D, 0xEF, 0x5D, 0xD6, 0xBA, 0x03, 0x1F, 0xD6, 0xBA, 0xC6, 0x18, 0xAD, 0x55, 
0xAE, 0x3F, 0x75, 0x3F, 0x75, 0x3F, 0x3C, 0x5F, 0x02, 0xBA, 0x6A, 0x65, 0x6A, 0x65, 0x00, 0x00, 
0x00, 0x00, 0x00, 0x00, 0x00, 0x00, 0x01, 0x6F, 0x3C, 0x5F, 0x3C, 0x5F, 0x3C, 0x5F, 0x03, 0x1F, 
0x03, 0x1F, 0x03, 0x1F, 0x02, 0xBA, 0x02, 0x15, 0x02, 0xBA, 0x01, 0x6F, 0xD6, 0xBA, 0xD6, 0xBA, 
0xEF, 0x5D, 0xEF, 0x5D, 0xD6, 0xBA, 0xD6, 0xBA, 0x03, 0x1F, 0xD6, 0xBA, 0xC6, 0x18, 0xAD, 0x55, 
0x75, 0x3F, 0x75, 0x3F, 0x75, 0x3F, 0x3C, 0x5F, 0x02, 0xBA, 0xAD, 0x55, 0x00, 0x00, 0x00, 0x00, 
0x00, 0x00, 0x00, 0x00, 0x00, 0x00, 0x01, 0x6F, 0x03, 0x1F, 0x3C, 0x5F, 0x3C, 0x5F, 0x03, 0x1F, 
0x03, 0x1F, 0x03, 0x1F, 0x02, 0xBA, 0x02, 0x15, 0x02, 0xBA, 0x01, 0x6F, 0xD6, 0xBA, 0xD6, 0xBA, 
0xD6, 0xBA, 0xD6, 0xBA, 0xD6, 0xBA, 0xD6, 0xBA, 0x03, 0x1F, 0xD6, 0xBA, 0xC6, 0x18, 0xAD, 0x55, 
0x3C, 0x5F, 0x3C, 0x5F, 0x3C, 0x5F, 0x3C, 0x5F, 0x02, 0xBA, 0xAD, 0x55, 0x00, 0x00, 0x00, 0x00, 
0x00, 0x00, 0x00, 0x00, 0x00, 0x00, 0x01, 0x6F, 0x03, 0x1F, 0x03, 0x1F, 0x03, 0x1F, 0x03, 0x1F, 
0x03, 0x1F, 0x03, 0x1F, 0x02, 0xBA, 0x02, 0x15, 0x02, 0xBA, 0x01, 0x6F, 0xC6, 0x18, 0xD6, 0xBA, 
0xD6, 0xBA, 0xD6, 0xBA, 0xD6, 0xBA, 0xD6, 0xBA, 0x03, 0x1F, 0xD6, 0xBA, 0xAD, 0x55, 0xAD, 0x55, 
0x3C, 0x5F, 0x3C, 0x5F, 0x3C, 0x5F, 0x3C, 0x5F, 0x02, 0xBA, 0xC6, 0x18, 0x8B, 0x69, 0x8B, 0x69, 
0x00, 0x00, 0x00, 0x00, 0x00, 0x00, 0x01, 0x6F, 0x02, 0x15, 0x03, 0x1F, 0x03, 0x1F, 0x03, 0x1F, 
0x03, 0x1F, 0x03, 0x1F, 0x02, 0xBA, 0x02, 0x15, 0x02, 0x15, 0x01, 0x6F, 0xC6, 0x18, 0xC6, 0x18, 
0xD6, 0xBA, 0xD6, 0xBA, 0xD6, 0xBA, 0xD6, 0xBA, 0x03, 0x1F, 0xC6, 0x18, 0xAD, 0x55, 0xAD, 0x55, 
0xC6, 0x18, 0x02, 0xBA, 0x02, 0xBA, 0x02, 0xBA, 0x02, 0xBA, 0xC6, 0x18, 0x8B, 0x69, 0x8B, 0x69, 
0x00, 0x00, 0x00, 0x00, 0x00, 0x00, 0x01, 0x6F, 0x02, 0x15, 0x02, 0x15, 0x03, 0x1F, 0x03, 0x1F, 
0x03, 0x1F, 0x03, 0x1F, 0x02, 0xBA, 0x02, 0xBA, 0x02, 0x15, 0x01, 0x6F, 0xC6, 0x18, 0xC6, 0x18, 
0xC6, 0x18, 0xC6, 0x18, 0xC6, 0x18, 0xC6, 0x18, 0xC6, 0x18, 0xC6, 0x18, 0xAD, 0x55, 0x7B, 0xCF, 
0xAD, 0x55, 0x02, 0xBA, 0x02, 0xBA, 0x02, 0xBA, 0x02, 0xBA, 0xC6, 0x18, 0x8B, 0x69, 0x6A, 0x65, 
0x00, 0x00, 0x00, 0x00, 0x01, 0x6F, 0x3C, 0x5F, 0x3C, 0x5F, 0x02, 0x15, 0x02, 0x15, 0x03, 0x1F, 
0x03, 0x1F, 0x02, 0xBA, 0x02, 0xBA, 0x02, 0xBA, 0x02, 0x15, 0x01, 0x6F, 0xC6, 0x18, 0x1C, 0x7E, 
0x5E, 0x7E, 0x5E, 0x7E, 0x1C, 0x7E, 0xC6, 0x18, 0xC6, 0x18, 0xC6, 0x18, 0xAD, 0x55, 0x7B, 0xCF, 
0xAD, 0x55, 0xC6, 0x18, 0xC6, 0x18, 0xC6, 0x18, 0xC6, 0x18, 0xC6, 0x18, 0x6A, 0x65, 0x6A, 0x65, 
0x00, 0x00, 0x00, 0x00, 0x01, 0x6F, 0x3C, 0x5F, 0x3C, 0x5F, 0x03, 0x1F, 0x02, 0x15, 0x02, 0xBA, 
0x02, 0xBA, 0x02, 0xBA, 0x02, 0xBA, 0x02, 0xBA, 0x02, 0x15, 0x01, 0x6F, 0xC6, 0x18, 0x1C, 0x7E, 
0x1C, 0x7E, 0x1C, 0x7E, 0x1C, 0x7E, 0xC6, 0x18, 0xC6, 0x18, 0xC6, 0x18, 0xAD, 0x55, 0x7B, 0xCF, 
0xAD, 0x55, 0xAD, 0x55, 0xAD, 0x55, 0xAD, 0x55, 0xAD, 0x55, 0xAD, 0x55, 0x6A, 0x65, 0x6A, 0x65, 
0x00, 0x00, 0x00, 0x00, 0x01, 0x6F, 0x03, 0x1F, 0x03, 0x1F, 0x03, 0x1F, 0x02, 0x15, 0x02, 0x15, 
0x02, 0xBA, 0x02, 0xBA, 0x02, 0xBA, 0x02, 0xBA, 0x02, 0x15, 0x01, 0x6F, 0xAD, 0x55, 0xC6, 0x18, 
0xC6, 0x18, 0xC6, 0x18, 0xC6, 0x18, 0x75, 0x3F, 0x03, 0x1F, 0xAD, 0x55, 0x7B, 0xCF, 0xAD, 0x55, 
0x7B, 0xCF, 0xAD, 0x55, 0xAD, 0x55, 0xAD, 0x55, 0xAD, 0x55, 0xAD, 0x55, 0x6A, 0x65, 0x6A, 0x65, 
0x00, 0x00, 0x00, 0x00, 0x01, 0x6F, 0x03, 0x1F, 0x03, 0x1F, 0x03, 0x1F, 0x03, 0x1F, 0x02, 0x15, 
0x02, 0xBA, 0x02, 0xBA, 0x02, 0xBA, 0x02, 0xBA, 0x02, 0x15, 0x01, 0x6F, 0xAD, 0x55, 0xAD, 0x55, 
0xAD, 0x55, 0xAD, 0x55, 0xAD, 0x55, 0x03, 0x1F, 0x03, 0x1F, 0xAD, 0x55, 0x7B, 0xCF, 0x94, 0x92, 
0xAD, 0x55, 0x7B, 0xCF, 0xAD, 0x55, 0xAD, 0x55, 0xAD, 0x55, 0x7B, 0xCF, 0x00, 0x00, 0x00, 0x00, 
0x00, 0x00, 0x01, 0x6F, 0x03, 0x1F, 0x03, 0x1F, 0x03, 0x1F, 0x03, 0x1F, 0x02, 0xBA, 0x02, 0x15, 
0x02, 0x15, 0x02, 0xBA, 0x02, 0xBA, 0x02, 0xBA, 0x02, 0x15, 0x01, 0x6F, 0x94, 0x92, 0xAD, 0x55, 
0xAD, 0x55, 0xAD, 0x55, 0xAD, 0x55, 0xAD, 0x55, 0xAD, 0x55, 0x94, 0x92, 0x7B, 0xCF, 0x94, 0x92, 
0x75, 0x3F, 0x03, 0x1F, 0xAD, 0x55, 0x94, 0x92, 0x7B, 0xCF, 0xC6, 0x18, 0x7B, 0xCF, 0x00, 0x00, 
0x00, 0x00, 0x01, 0x6F, 0x03, 0x1F, 0x03, 0x1F, 0x02, 0xBA, 0x02, 0xBA, 0x02, 0xBA, 0x02, 0xBA, 
0x02, 0x15, 0x02, 0xBA, 0x02, 0xBA, 0x02, 0x15, 0x02, 0x15, 0x01, 0x6F, 0x94, 0x92, 0x94, 0x92, 
0x94, 0x92, 0x94, 0x92, 0x94, 0x92, 0x94, 0x92, 0x94, 0x92, 0x7B, 0xCF, 0x7B, 0xCF, 0x94, 0x92, 
0x03, 0x1F, 0x03, 0x1F, 0xAD, 0x55, 0x7B, 0xCF, 0xD6, 0xBA, 0xC6, 0x18, 0x7B, 0xCF, 0x00, 0x00, 
0x00, 0x00, 0x00, 0x00, 0x01, 0x6F, 0x02, 0xBA, 0x02, 0xBA, 0x02, 0xBA, 0x02, 0xBA, 0x02, 0xBA, 
0x02, 0x15, 0x02, 0x15, 0x02, 0x15, 0x02, 0x15, 0x02, 0x15, 0x02, 0x15, 0x01, 0x6F, 0x94, 0x92, 
0x94, 0x92, 0x94, 0x92, 0x94, 0x92, 0x94, 0x92, 0x7B, 0xCF, 0x00, 0x00, 0x00, 0x00, 0x7B, 0xCF, 
0x94, 0x92, 0x94, 0x92, 0x7B, 0xCF, 0x7B, 0xCF, 0xC6, 0x18, 0xC6, 0x18, 0xAD, 0x55, 0x00, 0x00, 
0x00, 0x00, 0x00, 0x00, 0x00, 0x00, 0x01, 0x6F, 0x01, 0x6F, 0x01, 0x6F, 0x01, 0x6F, 0x01, 0x6F, 
0x01, 0x6F, 0x02, 0x15, 0x02, 0x15, 0x02, 0x15, 0x02, 0x15, 0x02, 0x15, 0x01, 0x6F, 0x7B, 0xCF, 
0x7B, 0xCF, 0x7B, 0xCF, 0x7B, 0xCF, 0x7B, 0xCF, 0x00, 0x00, 0x00, 0x00, 0x00, 0x00, 0x00, 0x00, 
0x7B, 0xCF, 0x7B, 0xCF, 0x00, 0x00, 0x7B, 0xCF, 0xAD, 0x55, 0xAD, 0x55, 0xAD, 0x55, 0x00, 0x00, 
0x00, 0x00, 0x00, 0x00, 0x00, 0x00, 0x00, 0x00, 0x00, 0x00, 0x00, 0x00, 0x00, 0x00, 0x00, 0x00, 
0x00, 0x00, 0x01, 0x6F, 0x02, 0x15, 0x02, 0x15, 0x02, 0x15, 0x02, 0x15, 0x01, 0x6F, 0x00, 0x00, 
0x00, 0x00, 0x00, 0x00, 0x00, 0x00, 0x00, 0x00, 0x00, 0x00, 0x00, 0x00, 0x00, 0x00, 0x00, 0x00, 
0x00, 0x00, 0x00, 0x00, 0x7B, 0xCF, 0xAD, 0x55, 0xAD, 0x55, 0x7B, 0xCF, 0x00, 0x00, 0x00, 0x00, 
0x00, 0x00, 0x00, 0x00, 0x00, 0x00, 0x00, 0x00, 0x00, 0x00, 0x00, 0x00, 0x00, 0x00, 0x00, 0x00, 
0x00, 0x00, 0x00, 0x00, 0x01, 0x6F, 0x01, 0x6F, 0x01, 0x6F, 0x01, 0x6F, 0x00, 0x00, 0x00, 0x00, 
0x00, 0x00, 0x00, 0x00, 0x00, 0x00, 0x00, 0x00, 0x00, 0x00, 0x00, 0x00, 0x00, 0x00, 0x00, 0x00, 
0x00, 0x00, 0x00, 0x00, 0x7B, 0xCF, 0xAD, 0x55, 0x7B, 0xCF, 0x00, 0x00, 0x00, 0x00, 0x00, 0x00, 
0x00, 0x00, 0x00, 0x00, 0x00, 0x00, 0x00, 0x00, 0x00, 0x00, 0x00, 0x00, 0x00, 0x00, 0x00, 0x00, 
0x00, 0x00, 0x00, 0x00, 0x00, 0x00, 0x00, 0x00, 0x00, 0x00, 0x00, 0x00, 0x00, 0x00, 0x00, 0x00, 
0x00, 0x00, 0x00, 0x00, 0x00, 0x00, 0x00, 0x00, 0x00, 0x00, 0x00, 0x00, 0x00, 0x00, 0x00, 0x00, 
0x00, 0x00, 0x00, 0x00, 0x00, 0x00, 0x7B, 0xCF, 0x00, 0x00, 0x00, 0x00, 0x00, 0x00, 0x00, 0x00, 
0x00, 0x00, 0x00, 0x00, 0x00, 0x00, 0x00, 0x00, 0x00, 0x00, 0x00, 0x00, 0x00, 0x00, 0x00, 0x00, 
0x00, 0x00, 0x00, 0x00, 0x00, 0x00, 0x00, 0x00, 0x00, 0x00, 0x00, 0x00, 0x00, 0x00, 0x00, 0x00, 
0x00, 0x00, 0x00, 0x00, 0x00, 0x00, 0x00, 0x00, 0x00, 0x00, 0x00, 0x00, 0x00, 0x00, 0x00, 0x00, 
0x00, 0x00, 0x00, 0x00, 0x00, 0x00, 0x00, 0x00, 0x00, 0x00, 0x00, 0x00, 0x00, 0x00, 0x00, 0x00
}
,
{
0x00, 0x00, 0x00, 0x00, 0x00, 0x00, 0x00, 0x00, 0x00, 0x00, 0x00, 0x00, 0x00, 0x00, 0x00, 0x00, 
0x00, 0x00, 0x00, 0x00, 0x00, 0x00, 0x00, 0x00, 0x00, 0x00, 0x00, 0x00, 0x00, 0x00, 0x00, 0x00, 
0x00, 0x00, 0x00, 0x00, 0x00, 0x00, 0x00, 0x00, 0x00, 0x00, 0x00, 0x00, 0x00, 0x00, 0x00, 0x00, 
0x00, 0x00, 0x00, 0x00, 0x00, 0x00, 0x00, 0x00, 0x00, 0x00, 0x00, 0x00, 0x00, 0x00, 0x00, 0x00, 
0x00, 0x00, 0x00, 0x00, 0x00, 0x00, 0x00, 0x00, 0x00, 0x00, 0x00, 0x00, 0x00, 0x00, 0x00, 0x00, 
0x00, 0x00, 0x00, 0x00, 0x00, 0x00, 0x00, 0x00, 0x00, 0x00, 0x00, 0x00, 0x00, 0x00, 0x00, 0x00, 
0x00, 0x00, 0x00, 0x00, 0x00, 0x00, 0x00, 0x00, 0x00, 0x00, 0x00, 0x00, 0x00, 0x00, 0x00, 0x00, 
0x00, 0x00, 0x00, 0x00, 0x00, 0x00, 0x00, 0x00, 0x00, 0x00, 0x00, 0x00, 0x00, 0x00, 0x00, 0x00, 
0x00, 0x00, 0x00, 0x00, 0x00, 0x00, 0x00, 0x00, 0x00, 0x00, 0x00, 0x00, 0x00, 0x00, 0x00, 0x00, 
0x00, 0x00, 0x00, 0x00, 0x00, 0x00, 0x00, 0x00, 0x00, 0x00, 0x00, 0x00, 0x00, 0x00, 0x00, 0x00, 
0x00, 0x00, 0x00, 0x00, 0x00, 0x00, 0x00, 0x00, 0x00, 0x00, 0x00, 0x00, 0x00, 0x00, 0x00, 0x00, 
0x00, 0x00, 0x00, 0x00, 0x00, 0x00, 0x00, 0x00, 0x00, 0x00, 0x00, 0x00, 0x00, 0x00, 0x00, 0x00, 
0x00, 0x00, 0x00, 0x00, 0x00, 0x00, 0x00, 0x00, 0x00, 0x00, 0x00, 0x00, 0x00, 0x00, 0x00, 0x00, 
0x00, 0x00, 0x00, 0x00, 0x00, 0x00, 0x00, 0x00, 0x00, 0x00, 0x00, 0x00, 0x00, 0x00, 0x00, 0x00, 
0x00, 0x00, 0x00, 0x00, 0x00, 0x00, 0x00, 0x00, 0x00, 0x00, 0x00, 0x00, 0x00, 0x00, 0x00, 0x00, 
0x00, 0x00, 0x00, 0x00, 0x00, 0x00, 0x00, 0x00, 0x00, 0x00, 0x00, 0x00, 0x00, 0x00, 0x00, 0x00, 
0x00, 0x00, 0x00, 0x00, 0x00, 0x00, 0x00, 0x00, 0x00, 0x00, 0x00, 0x00, 0x00, 0x00, 0x00, 0x00, 
0x00, 0x00, 0x00, 0x00, 0x00, 0x00, 0x00, 0x00, 0x00, 0x00, 0x7B, 0xCF, 0x7B, 0xCF, 0x7B, 0xCF, 
0x7B, 0xCF, 0x7B, 0xCF, 0x7B, 0xCF, 0x00, 0x00, 0x00, 0x00, 0x00, 0x00, 0x00, 0x00, 0x7B, 0xCF, 
0x7B, 0xCF, 0x00, 0x00, 0x00, 0x00, 0x00, 0x00, 0x00, 0x00, 0x00, 0x00, 0x00, 0x00, 0x00, 0x00, 
0x00, 0x00, 0x00, 0x00, 0x00, 0x00, 0x00, 0x00, 0x00, 0x00, 0x00, 0x00, 0x00, 0x00, 0x01, 0x6F, 
0x01, 0x6F, 0x01, 0x6F, 0x01, 0x6F, 0x01, 0x6F, 0x7B, 0xCF, 0x94, 0x92, 0x94, 0x92, 0xAD, 0x55, 
0xAD, 0x55, 0xAD, 0x55, 0xAD, 0x55, 0x7B, 0xCF, 0x00, 0x00, 0x00, 0x00, 0x7B, 0xCF, 0xC6, 0x18, 
0xC6, 0x18, 0x7B, 0xCF, 0x00, 0x00, 0x00, 0x00, 0x00, 0x00, 0x00, 0x00, 0x00, 0x00, 0x00, 0x00, 
0x00, 0x00, 0x00, 0x00, 0x00, 0x00, 0x00, 0x00, 0x00, 0x00, 0x00, 0x00, 0x01, 0x6F, 0x3C, 0x5F, 
0x3C, 0x5F, 0x03, 0x1F, 0x03, 0x1F, 0x01, 0x6F, 0x94, 0x92, 0x94, 0x92, 0xC6, 0x18, 0xC6, 0x18, 
0xC6, 0x18, 0xC6, 0x18, 0xC6, 0x18, 0xC6, 0x18, 0x7B, 0xCF, 0x7B, 0xCF, 0xC6, 0x18, 0xD6, 0xBA, 
0x75, 0x3F, 0x03, 0x1F, 0x7B, 0xCF, 0x00, 0x00, 0x00, 0x00, 0x00, 0x00, 0x00, 0x00, 0x00, 0x00, 
0x00, 0x00, 0x00, 0x00, 0x00, 0x00, 0x00, 0x00, 0x00, 0x00, 0x01, 0x6F, 0x3C, 0x5F, 0x3C, 0x5F, 
0x3C, 0x5F, 0x03, 0x1F, 0x03, 0x1F, 0x01, 0x6F, 0x01, 0x6F, 0xC6, 0x18, 0xD6, 0xBA, 0xD6, 0xBA, 
0xD6, 0xBA, 0xD6, 0xBA, 0xD6, 0xBA, 0xC6, 0x18, 0xC6, 0x18, 0x7B, 0xCF, 0xD6, 0xBA, 0xEF, 0x5D, 
0x03, 0x1F, 0x03, 0x1F, 0xAD, 0x55, 0x7B, 0xCF, 0x00, 0x00, 0x00, 0x00, 0x00, 0x00, 0x00, 0x00, 
0x00, 0x00, 0x00, 0x00, 0x00, 0x00, 0x00, 0x00, 0x01, 0x6F, 0x02, 0x15, 0x03, 0x1F, 0x3C, 0x5F, 
0x3C, 0x5F, 0x03, 0x1F, 0x03, 0x1F, 0x02, 0xBA, 0x01, 0x6F, 0xD6, 0xBA, 0xEF, 0x5D, 0xEF, 0x5D, 
0xEF, 0x5D, 0xEF, 0x5D, 0x75, 0x3F, 0x03, 0x1F, 0xC6, 0x18, 0x7B, 0xCF, 0xEF, 0x5D, 0xEF, 0x5D, 
0xEF, 0x5D, 0xAD, 0x55, 0xC6, 0x18, 0xC6, 0x18, 0x7B, 0xCF, 0x00, 0x00, 0x00, 0x00, 0x00, 0x00, 
0x00, 0x00, 0x00, 0x00, 0x00, 0x00, 0x01, 0x6F, 0x3C, 0x5F, 0x02, 0x15, 0x02, 0x15, 0x03, 0x1F, 
0x03, 0x1F, 0x03, 0x1F, 0x03, 0x1F, 0x02, 0xBA, 0x01, 0x6F, 0xD6, 0xBA, 0xEF, 0x5D, 0xEF, 0x5D, 
0xEF, 0x5D, 0xEF, 0x5D, 0x03, 0x1F, 0x03, 0x1F, 0xC6, 0x18, 0x7B, 0xCF, 0xEF, 0x5D, 0xEF, 0x5D, 
0xAD, 0x55, 0xD6, 0xBA, 0xD6, 0xBA, 0xC6, 0x18, 0x8B, 0x69, 0x8B, 0x69, 0x00, 0x00, 0x00, 0x00, 
0x00, 0x00, 0x00, 0x00, 0x01, 0x6F, 0x3C, 0x5F, 0x3C, 0x5F, 0x3C, 0x5F, 0x02, 0x15, 0x02, 0x15, 
0x03, 0x1F, 0x03, 0x1F, 0x02, 0xBA, 0x02, 0xBA, 0x01, 0x6F, 0xD6, 0xBA, 0x1C, 0x7E, 0x1C, 0x7E, 
0x1C, 0x7E, 0x1C, 0x7E, 0xEF, 0x5D, 0xD6, 0xBA, 0xD6, 0xBA, 0xC6, 0x18, 0x7B, 0xCF, 0xAD, 0x55, 
0xEF, 0x5D, 0xEF, 0x5D, 0xEF, 0x5D, 0xD6, 0xBA, 0x8B, 0x69, 0x8B, 0x69, 0x00, 0x00, 0x00, 0x00, 
0x00, 0x00, 0x00, 0x00, 0x01, 0x6F, 0x3C, 0x5F, 0x3C, 0x5F, 0x3C, 0x5F, 0x03, 0x1F, 0x02, 0x15, 
0x02, 0x15, 0x03, 0x1F, 0x02, 0xBA, 0x02, 0xBA, 0x01, 0x6F, 0xD6, 0xBA, 0x1C, 0x7E, 0x5E, 0x7E, 
0x5E, 0x7E, 0x1C, 0x7E, 0xEF, 0x5D, 0xD6, 0xBA, 0xD6, 0xBA, 0xC6, 0x18, 0x7B, 0xCF, 0xEF, 0x5D, 
0xEF, 0x5D, 0xEF, 0x5D, 0xEF, 0x5D, 0xD6, 0xBA, 0x8B, 0x69, 0x6A, 0x65, 0x00, 0x00, 0x00, 0x00, 
0x00, 0x00, 0x00, 0x00, 0x01, 0x6F, 0x3C, 0x5F, 0x3C, 0x5F, 0x3C, 0x5F, 0x03, 0x1F, 0x03, 0x1F, 
0x02, 0x15, 0x02, 0x15, 0x02, 0xBA, 0x02, 0xBA, 0x01, 0x6F, 0xD6, 0xBA, 0xEF, 0x5D, 0xEF, 0x5D, 
0xEF, 0x5D, 0xEF, 0x5D, 0xEF, 0x5D, 0xD6, 0xBA, 0xD6, 0xBA, 0xC6, 0x18, 0x7B, 0xCF, 0xEF, 0x5D, 
0xAE, 0x3F, 0xAE, 0x3F, 0x75, 0x3F, 0x02, 0xBA, 0x6A, 0x65, 0x6A, 0x65, 0x00, 0x00, 0x00, 0x00, 
0x00, 0x00, 0x00, 0x00, 0x01, 0x6F, 0x3C, 0x5F, 0x3C, 0x5F, 0x3C, 0x5F, 0x03, 0x1F, 0x03, 0x1F, 
0x03, 0x1F, 0x02, 0x15, 0x02, 0xBA, 0x02, 0xBA, 0x01, 0x6F, 0xD6, 0xBA, 0xEF, 0x5D, 0xEF, 0x5D, 
0xEF, 0x5D, 0xEF, 0x5D, 0xEF, 0x5D, 0x03, 0x1F, 0xD6, 0xBA, 0xC6, 0x18, 0x7B, 0xCF, 0xAE, 0x3F, 
0xAE, 0x3F, 0x75, 0x3F, 0x3C, 0x5F, 0x02, 0xBA, 0x6A, 0x65, 0x6A, 0x65, 0x00, 0x00, 0x00, 0x00, 
0x00, 0x00, 0x00, 0x00, 0x01, 0x6F, 0x3C, 0x5F, 0x3C, 0x5F, 0x3C, 0x5F, 0x03, 0x1F, 0x03, 0x1F, 
0x03, 0x1F, 0x02, 0xBA, 0x02, 0x15, 0x02, 0xBA, 0x01, 0x6F, 0xD6, 0xBA, 0xEF, 0x5D, 0xEF, 0x5D, 
0xEF, 0x5D, 0xEF, 0x5D, 0xD6, 0xBA, 0x03, 0x1F, 0xD6, 0xBA, 0xC6, 0x18, 0xAD, 0x55, 0xAE, 0x3F, 
0x75, 0x3F, 0x75, 0x3F, 0x3C, 0x5F, 0x02, 0xBA, 0x6A, 0x65, 0x6A, 0x65, 0x00, 0x00, 0x00, 0x00, 
0x00, 0x00, 0x00, 0x00, 0x01, 0x6F, 0x3C, 0x5F, 0x3C, 0x5F, 0x3C, 0x5F, 0x03, 0x1F, 0x03, 0x1F, 
0x03, 0x1F, 0x02, 0xBA, 0x02, 0x15, 0x02, 0xBA, 0x01, 0x6F, 0xD6, 0xBA, 0xD6, 0xBA, 0xEF, 0x5D, 
0xEF, 0x5D, 0xD6, 0xBA, 0xD6, 0xBA, 0x03, 0x1F, 0xD6, 0xBA, 0xC6, 0x18, 0xAD, 0x55, 0x75, 0x3F, 
0x75, 0x3F, 0x75, 0x3F, 0x3C, 0x5F, 0x02, 0xBA, 0xAD, 0x55, 0x00, 0x00, 0x00, 0x00, 0x00, 0x00, 
0x00, 0x00, 0x00, 0x00, 0x01, 0x6F, 0x03, 0x1F, 0x3C, 0x5F, 0x3C, 0x5F, 0x03, 0x1F, 0x03, 0x1F, 
0x03, 0x1F, 0x02, 0xBA, 0x02, 0x15, 0x02, 0xBA, 0x01, 0x6F, 0xD6, 0xBA, 0xD6, 0xBA, 0xD6, 0xBA, 
0xD6, 0xBA, 0xD6, 0xBA, 0xD6, 0xBA, 0x03, 0x1F, 0xD6, 0xBA, 0xC6, 0x18, 0xAD, 0x55, 0x3C, 0x5F, 
0x3C, 0x5F, 0x3C, 0x5F, 0x3C, 0x5F, 0x02, 0xBA, 0xAD, 0x55, 0x00, 0x00, 0x00, 0x00, 0x00, 0x00, 
0x00, 0x00, 0x00, 0x00, 0x01, 0x6F, 0x03, 0x1F, 0x03, 0x1F, 0x03, 0x1F, 0x03, 0x1F, 0x03, 0x1F, 
0x03, 0x1F, 0x02, 0xBA, 0x02, 0x15, 0x02, 0xBA, 0x01, 0x6F, 0xC6, 0x18, 0xD6, 0xBA, 0xD6, 0xBA, 
0xD6, 0xBA, 0xD6, 0xBA, 0xD6, 0xBA, 0x03, 0x1F, 0xD6, 0xBA, 0xAD, 0x55, 0xAD, 0x55, 0x3C, 0x5F, 
0x3C, 0x5F, 0x3C, 0x5F, 0x3C, 0x5F, 0x02, 0xBA, 0x8B, 0x69, 0x8B, 0x69, 0x00, 0x00, 0x00, 0x00, 
0x00, 0x00, 0x00, 0x00, 0x01, 0x6F, 0x02, 0x15, 0x03, 0x1F, 0x03, 0x1F, 0x03, 0x1F, 0x03, 0x1F, 
0x03, 0x1F, 0x02, 0xBA, 0x02, 0x15, 0x02, 0x15, 0x01, 0x6F, 0xC6, 0x18, 0xC6, 0x18, 0xD6, 0xBA, 
0xD6, 0xBA, 0xD6, 0xBA, 0xD6, 0xBA, 0x03, 0x1F, 0xC6, 0x18, 0xAD, 0x55, 0xAD, 0x55, 0xC6, 0x18, 
0x02, 0xBA, 0x02, 0xBA, 0x02, 0xBA, 0x02, 0xBA, 0x8B, 0x69, 0x8B, 0x69, 0x00, 0x00, 0x00, 0x00, 
0x00, 0x00, 0x00, 0x00, 0x01, 0x6F, 0x02, 0x15, 0x02, 0x15, 0x03, 0x1F, 0x03, 0x1F, 0x03, 0x1F, 
0x03, 0x1F, 0x02, 0xBA, 0x02, 0xBA, 0x02, 0x15, 0x01, 0x6F, 0xC6, 0x18, 0xC6, 0x18, 0xC6, 0x18, 
0xC6, 0x18, 0xC6, 0x18, 0xC6, 0x18, 0xC6, 0x18, 0xC6, 0x18, 0xAD, 0x55, 0x7B, 0xCF, 0xAD, 0x55, 
0x02, 0xBA, 0x02, 0xBA, 0x02, 0xBA, 0x02, 0xBA, 0x8B, 0x69, 0x6A, 0x65, 0x00, 0x00, 0x00, 0x00, 
0x00, 0x00, 0x01, 0x6F, 0x3C, 0x5F, 0x3C, 0x5F, 0x02, 0x15, 0x02, 0x15, 0x03, 0x1F, 0x03, 0x1F, 
0x02, 0xBA, 0x02, 0xBA, 0x02, 0xBA, 0x02, 0x15, 0x01, 0x6F, 0xC6, 0x18, 0x1C, 0x7E, 0x5E, 0x7E, 
0x5E, 0x7E, 0x1C, 0x7E, 0xC6, 0x18, 0xC6, 0x18, 0xC6, 0x18, 0xAD, 0x55, 0x7B, 0xCF, 0xAD, 0x55, 
0xC6, 0x18, 0xC6, 0x18, 0xC6, 0x18, 0xC6, 0x18, 0x6A, 0x65, 0x6A, 0x65, 0x00, 0x00, 0x00, 0x00, 
0x00, 0x00, 0x01, 0x6F, 0x3C, 0x5F, 0x3C, 0x5F, 0x03, 0x1F, 0x02, 0x15, 0x02, 0xBA, 0x02, 0xBA, 
0x02, 0xBA, 0x02, 0xBA, 0x02, 0xBA, 0x02, 0x15, 0x01, 0x6F, 0xC6, 0x18, 0x1C, 0x7E, 0x1C, 0x7E, 
0x1C, 0x7E, 0x1C, 0x7E, 0xC6, 0x18, 0xC6, 0x18, 0xC6, 0x18, 0xAD, 0x55, 0x7B, 0xCF, 0x7B, 0xCF, 
0xAD, 0x55, 0xAD, 0x55, 0xAD, 0x55, 0xAD, 0x55, 0x6A, 0x65, 0x6A, 0x65, 0x00, 0x00, 0x00, 0x00, 
0x00, 0x00, 0x01, 0x6F, 0x03, 0x1F, 0x03, 0x1F, 0x03, 0x1F, 0x02, 0x15, 0x02, 0x15, 0x02, 0xBA, 
0x02, 0xBA, 0x02, 0xBA, 0x02, 0xBA, 0x02, 0x15, 0x01, 0x6F, 0xAD, 0x55, 0xC6, 0x18, 0xC6, 0x18, 
0xC6, 0x18, 0xC6, 0x18, 0x75, 0x3F, 0x03, 0x1F, 0xAD, 0x55, 0x7B, 0xCF, 0xAD, 0x55, 0xAD, 0x55, 
0x7B, 0xCF, 0xAD, 0x55, 0xAD, 0x55, 0x7B, 0xCF, 0x6A, 0x65, 0x6A, 0x65, 0x00, 0x00, 0x00, 0x00, 
0x00, 0x00, 0x01, 0x6F, 0x03, 0x1F, 0x03, 0x1F, 0x03, 0x1F, 0x03, 0x1F, 0x02, 0x15, 0x02, 0xBA, 
0x02, 0xBA, 0x02, 0xBA, 0x02, 0xBA, 0x02, 0x15, 0x01, 0x6F, 0xAD, 0x55, 0xAD, 0x55, 0xAD, 0x55, 
0xAD, 0x55, 0xAD, 0x55, 0x03, 0x1F, 0x03, 0x1F, 0xAD, 0x55, 0x7B, 0xCF, 0x94, 0x92, 0xAD, 0x55, 
0xAD, 0x55, 0x7B, 0xCF, 0xAD, 0x55, 0xAD, 0x55, 0xAD, 0x55, 0x00, 0x00, 0x00, 0x00, 0x00, 0x00, 
0x01, 0x6F, 0x03, 0x1F, 0x03, 0x1F, 0x03, 0x1F, 0x03, 0x1F, 0x02, 0xBA, 0x02, 0x15, 0x02, 0x15, 
0x02, 0xBA, 0x02, 0xBA, 0x02, 0xBA, 0x02, 0x15, 0x01, 0x6F, 0x94, 0x92, 0xAD, 0x55, 0xAD, 0x55, 
0xAD, 0x55, 0xAD, 0x55, 0xAD, 0x55, 0xAD, 0x55, 0x94, 0x92, 0x7B, 0xCF, 0x94, 0x92, 0x94, 0x92, 
0x75, 0x3F, 0x03, 0x1F, 0x94, 0x92, 0x7B, 0xCF, 0xC6, 0x18, 0x7B, 0xCF, 0x00, 0x00, 0x00, 0x00, 
0x01, 0x6F, 0x03, 0x1F, 0x03, 0x1F, 0x02, 0xBA, 0x02, 0xBA, 0x02, 0xBA, 0x02, 0xBA, 0x02, 0x15, 
0x02, 0xBA, 0x02, 0xBA, 0x02, 0x15, 0x02, 0x15, 0x01, 0x6F, 0x94, 0x92, 0x94, 0x92, 0x94, 0x92, 
0x94, 0x92, 0x94, 0x92, 0x94, 0x92, 0x94, 0x92, 0x7B, 0xCF, 0x7B, 0xCF, 0x94, 0x92, 0x94, 0x92, 
0x03, 0x1F, 0x03, 0x1F, 0x7B, 0xCF, 0xD6, 0xBA, 0xC6, 0x18, 0x7B, 0xCF, 0x00, 0x00, 0x00, 0x00, 
0x00, 0x00, 0x01, 0x6F, 0x02, 0xBA, 0x02, 0xBA, 0x02, 0xBA, 0x02, 0xBA, 0x02, 0xBA, 0x02, 0x15, 
0x02, 0x15, 0x02, 0x15, 0x02, 0x15, 0x02, 0x15, 0x02, 0x15, 0x01, 0x6F, 0x94, 0x92, 0x94, 0x92, 
0x94, 0x92, 0x94, 0x92, 0x94, 0x92, 0x7B, 0xCF, 0x00, 0x00, 0x00, 0x00, 0x7B, 0xCF, 0x94, 0x92, 
0x94, 0x92, 0x7B, 0xCF, 0x7B, 0xCF, 0xC6, 0x18, 0xC6, 0x18, 0x7B, 0xCF, 0x00, 0x00, 0x00, 0x00, 
0x00, 0x00, 0x00, 0x00, 0x01, 0x6F, 0x01, 0x6F, 0x01, 0x6F, 0x01, 0x6F, 0x01, 0x6F, 0x01, 0x6F, 
0x02, 0x15, 0x02, 0x15, 0x02, 0x15, 0x02, 0x15, 0x02, 0x15, 0x01, 0x6F, 0x7B, 0xCF, 0x7B, 0xCF, 
0x7B, 0xCF, 0x7B, 0xCF, 0x7B, 0xCF, 0x00, 0x00, 0x00, 0x00, 0x00, 0x00, 0x00, 0x00, 0x7B, 0xCF, 
0x7B, 0xCF, 0x00, 0x00, 0x7B, 0xCF, 0xAD, 0x55, 0xAD, 0x55, 0x7B, 0xCF, 0x00, 0x00, 0x00, 0x00, 
0x00, 0x00, 0x00, 0x00, 0x00, 0x00, 0x00, 0x00, 0x00, 0x00, 0x00, 0x00, 0x00, 0x00, 0x00, 0x00, 
0x01, 0x6F, 0x02, 0x15, 0x02, 0x15, 0x02, 0x15, 0x02, 0x15, 0x01, 0x6F, 0x00, 0x00, 0x00, 0x00, 
0x00, 0x00, 0x00, 0x00, 0x00, 0x00, 0x00, 0x00, 0x00, 0x00, 0x00, 0x00, 0x00, 0x00, 0x00, 0x00, 
0x00, 0x00, 0x00, 0x00, 0x7B, 0xCF, 0xAD, 0x55, 0x94, 0x92, 0x7B, 0xCF, 0x00, 0x00, 0x00, 0x00, 
0x00, 0x00, 0x00, 0x00, 0x00, 0x00, 0x00, 0x00, 0x00, 0x00, 0x00, 0x00, 0x00, 0x00, 0x00, 0x00, 
0x00, 0x00, 0x01, 0x6F, 0x01, 0x6F, 0x01, 0x6F, 0x01, 0x6F, 0x00, 0x00, 0x00, 0x00, 0x00, 0x00, 
0x00, 0x00, 0x00, 0x00, 0x00, 0x00, 0x00, 0x00, 0x00, 0x00, 0x00, 0x00, 0x00, 0x00, 0x00, 0x00, 
0x00, 0x00, 0x00, 0x00, 0x00, 0x00, 0x7B, 0xCF, 0x94, 0x92, 0x7B, 0xCF, 0x00, 0x00, 0x00, 0x00, 
0x00, 0x00, 0x00, 0x00, 0x00, 0x00, 0x00, 0x00, 0x00, 0x00, 0x00, 0x00, 0x00, 0x00, 0x00, 0x00, 
0x00, 0x00, 0x00, 0x00, 0x00, 0x00, 0x00, 0x00, 0x00, 0x00, 0x00, 0x00, 0x00, 0x00, 0x00, 0x00, 
0x00, 0x00, 0x00, 0x00, 0x00, 0x00, 0x00, 0x00, 0x00, 0x00, 0x00, 0x00, 0x00, 0x00, 0x00, 0x00, 
0x00, 0x00, 0x00, 0x00, 0x00, 0x00, 0x00, 0x00, 0x7B, 0xCF, 0x00, 0x00, 0x00, 0x00, 0x00, 0x00, 
0x00, 0x00, 0x00, 0x00, 0x00, 0x00, 0x00, 0x00, 0x00, 0x00, 0x00, 0x00, 0x00, 0x00, 0x00, 0x00, 
0x00, 0x00, 0x00, 0x00, 0x00, 0x00, 0x00, 0x00, 0x00, 0x00, 0x00, 0x00, 0x00, 0x00, 0x00, 0x00, 
0x00, 0x00, 0x00, 0x00, 0x00, 0x00, 0x00, 0x00, 0x00, 0x00, 0x00, 0x00, 0x00, 0x00, 0x00, 0x00, 
0x00, 0x00, 0x00, 0x00, 0x00, 0x00, 0x00, 0x00, 0x00, 0x00, 0x00, 0x00, 0x00, 0x00, 0x00, 0x00
}
,
{
0x00, 0x00, 0x00, 0x00, 0x00, 0x00, 0x00, 0x00, 0x00, 0x00, 0x00, 0x00, 0x00, 0x00, 0x00, 0x00, 
0x00, 0x00, 0x00, 0x00, 0x00, 0x00, 0x00, 0x00, 0x00, 0x00, 0x00, 0x00, 0x00, 0x00, 0x00, 0x00, 
0x00, 0x00, 0x00, 0x00, 0x00, 0x00, 0x00, 0x00, 0x00, 0x00, 0x00, 0x00, 0x00, 0x00, 0x00, 0x00, 
0x00, 0x00, 0x00, 0x00, 0x00, 0x00, 0x00, 0x00, 0x00, 0x00, 0x00, 0x00, 0x00, 0x00, 0x00, 0x00, 
0x00, 0x00, 0x00, 0x00, 0x00, 0x00, 0x00, 0x00, 0x00, 0x00, 0x00, 0x00, 0x00, 0x00, 0x00, 0x00, 
0x00, 0x00, 0x00, 0x00, 0x00, 0x00, 0x00, 0x00, 0x00, 0x00, 0x00, 0x00, 0x00, 0x00, 0x00, 0x00, 
0x00, 0x00, 0x00, 0x00, 0x00, 0x00, 0x00, 0x00, 0x00, 0x00, 0x00, 0x00, 0x00, 0x00, 0x00, 0x00, 
0x00, 0x00, 0x00, 0x00, 0x00, 0x00, 0x00, 0x00, 0x00, 0x00, 0x00, 0x00, 0x00, 0x00, 0x00, 0x00, 
0x00, 0x00, 0x00, 0x00, 0x00, 0x00, 0x00, 0x00, 0x00, 0x00, 0x00, 0x00, 0x00, 0x00, 0x00, 0x00, 
0x00, 0x00, 0x00, 0x00, 0x00, 0x00, 0x00, 0x00, 0x00, 0x00, 0x00, 0x00, 0x00, 0x00, 0x00, 0x00, 
0x00, 0x00, 0x00, 0x00, 0x00, 0x00, 0x00, 0x00, 0x00, 0x00, 0x00, 0x00, 0x00, 0x00, 0x00, 0x00, 
0x00, 0x00, 0x00, 0x00, 0x00, 0x00, 0x00, 0x00, 0x00, 0x00, 0x00, 0x00, 0x00, 0x00, 0x00, 0x00, 
0x00, 0x00, 0x00, 0x00, 0x00, 0x00, 0x00, 0x00, 0x00, 0x00, 0x00, 0x00, 0x00, 0x00, 0x00, 0x00, 
0x00, 0x00, 0x00, 0x00, 0x00, 0x00, 0x00, 0x00, 0x00, 0x00, 0x00, 0x00, 0x00, 0x00, 0x00, 0x00, 
0x00, 0x00, 0x00, 0x00, 0x00, 0x00, 0x00, 0x00, 0x00, 0x00, 0x00, 0x00, 0x00, 0x00, 0x00, 0x00, 
0x00, 0x00, 0x00, 0x00, 0x00, 0x00, 0x00, 0x00, 0x00, 0x00, 0x00, 0x00, 0x00, 0x00, 0x00, 0x00, 
0x00, 0x00, 0x00, 0x00, 0x00, 0x00, 0x00, 0x00, 0x00, 0x00, 0x00, 0x00, 0x00, 0x00, 0x00, 0x00, 
0x00, 0x00, 0x00, 0x00, 0x00, 0x00, 0x00, 0x00, 0x00, 0x00, 0x00, 0x00, 0x7B, 0xCF, 0x7B, 0xCF, 
0x7B, 0xCF, 0x7B, 0xCF, 0x7B, 0xCF, 0x7B, 0xCF, 0x00, 0x00, 0x00, 0x00, 0x00, 0x00, 0x00, 0x00, 
0x7B, 0xCF, 0x7B, 0xCF, 0x00, 0x00, 0x00, 0x00, 0x00, 0x00, 0x00, 0x00, 0x00, 0x00, 0x00, 0x00, 
0x00, 0x00, 0x00, 0x00, 0x00, 0x00, 0x00, 0x00, 0x00, 0x00, 0x00, 0x00, 0x00, 0x00, 0x00, 0x00, 
0x01, 0x6F, 0x01, 0x6F, 0x01, 0x6F, 0x01, 0x6F, 0x01, 0x6F, 0x7B, 0xCF, 0x94, 0x92, 0x94, 0x92, 
0xAD, 0x55, 0xAD, 0x55, 0xAD, 0x55, 0xAD, 0x55, 0x7B, 0xCF, 0x00, 0x00, 0x00, 0x00, 0x7B, 0xCF, 
0xC6, 0x18, 0xC6, 0x18, 0x7B, 0xCF, 0x00, 0x00, 0x00, 0x00, 0x00, 0x00, 0x00, 0x00, 0x00, 0x00, 
0x00, 0x00, 0x00, 0x00, 0x00, 0x00, 0x00, 0x00, 0x00, 0x00, 0x00, 0x00, 0x00, 0x00, 0x01, 0x6F, 
0x3C, 0x5F, 0x3C, 0x5F, 0x03, 0x1F, 0x03, 0x1F, 0x01, 0x6F, 0x94, 0x92, 0x94, 0x92, 0xC6, 0x18, 
0xC6, 0x18, 0xC6, 0x18, 0xC6, 0x18, 0xC6, 0x18, 0xC6, 0x18, 0x7B, 0xCF, 0x7B, 0xCF, 0xC6, 0x18, 
0x75, 0x3F, 0x03, 0x1F, 0xAD, 0x55, 0x7B, 0xCF, 0x00, 0x00, 0x00, 0x00, 0x00, 0x00, 0x00, 0x00, 
0x00, 0x00, 0x00, 0x00, 0x00, 0x00, 0x00, 0x00, 0x00, 0x00, 0x00, 0x00, 0x01, 0x6F, 0x3C, 0x5F, 
0x3C, 0x5F, 0x3C, 0x5F, 0x03, 0x1F, 0x03, 0x1F, 0x01, 0x6F, 0x01, 0x6F, 0xC6, 0x18, 0xD6, 0xBA, 
0xD6, 0xBA, 0xD6, 0xBA, 0xD6, 0xBA, 0xD6, 0xBA, 0xC6, 0x18, 0xC6, 0x18, 0x7B, 0xCF, 0xD6, 0xBA, 
0x03, 0x1F, 0x03, 0x1F, 0xAD, 0x55, 0xAD, 0x55, 0x7B, 0xCF, 0x00, 0x00, 0x00, 0x00, 0x00, 0x00, 
0x00, 0x00, 0x00, 0x00, 0x00, 0x00, 0x00, 0x00, 0x00, 0x00, 0x01, 0x6F, 0x02, 0x15, 0x03, 0x1F, 
0x3C, 0x5F, 0x3C, 0x5F, 0x03, 0x1F, 0x03, 0x1F, 0x02, 0xBA, 0x01, 0x6F, 0xD6, 0xBA, 0xEF, 0x5D, 
0xEF, 0x5D, 0xEF, 0x5D, 0xEF, 0x5D, 0x75, 0x3F, 0x03, 0x1F, 0xC6, 0x18, 0x7B, 0xCF, 0xEF, 0x5D, 
0xEF, 0x5D, 0xAD, 0x55, 0xD6, 0xBA, 0xC6, 0x18, 0xC6, 0x18, 0x7B, 0xCF, 0x00, 0x00, 0x00, 0x00, 
0x00, 0x00, 0x00, 0x00, 0x00, 0x00, 0x00, 0x00, 0x01, 0x6F, 0x3C, 0x5F, 0x02, 0x15, 0x02, 0x15, 
0x03, 0x1F, 0x03, 0x1F, 0x03, 0x1F, 0x03, 0x1F, 0x02, 0xBA, 0x01, 0x6F, 0xD6, 0xBA, 0xEF, 0x5D, 
0xEF, 0x5D, 0xEF, 0x5D, 0xEF, 0x5D, 0x03, 0x1F, 0x03, 0x1F, 0xC6, 0x18, 0x7B, 0xCF, 0xEF, 0x5D, 
0xEF, 0x5D, 0xAD, 0x55, 0xD6, 0xBA, 0xD6, 0xBA, 0xC6, 0x18, 0xC6, 0x18, 0x8B, 0x69, 0x8B, 0x69, 
0x00, 0x00, 0x00, 0x00, 0x00, 0x00, 0x01, 0x6F, 0x3C, 0x5F, 0x3C, 0x5F, 0x3C, 0x5F, 0x02, 0x15, 
0x02, 0x15, 0x03, 0x1F, 0x03, 0x1F, 0x02, 0xBA, 0x02, 0xBA, 0x01, 0x6F, 0xD6, 0xBA, 0x1C, 0x7E, 
0x1C, 0x7E, 0x1C, 0x7E, 0x1C, 0x7E, 0xEF, 0x5D, 0xD6, 0xBA, 0xD6, 0xBA, 0xC6, 0x18, 0x7B, 0xCF, 
0xAD, 0x55, 0xEF, 0x5D, 0xEF, 0x5D, 0xEF, 0x5D, 0xD6, 0xBA, 0xC6, 0x18, 0x8B, 0x69, 0x8B, 0x69, 
0x00, 0x00, 0x00, 0x00, 0x00, 0x00, 0x01, 0x6F, 0x3C, 0x5F, 0x3C, 0x5F, 0x3C, 0x5F, 0x03, 0x1F, 
0x02, 0x15, 0x02, 0x15, 0x03, 0x1F, 0x02, 0xBA, 0x02, 0xBA, 0x01, 0x6F, 0xD6, 0xBA, 0x1C, 0x7E, 
0x5E, 0x7E, 0x5E, 0x7E, 0x1C, 0x7E, 0xEF, 0x5D, 0xD6, 0xBA, 0xD6, 0xBA, 0xC6, 0x18, 0x7B, 0xCF, 
0xEF, 0x5D, 0xEF, 0x5D, 0xEF, 0x5D, 0xEF, 0x5D, 0xD6, 0xBA, 0xC6, 0x18, 0x8B, 0x69, 0x6A, 0x65, 
0x00, 0x00, 0x00, 0x00, 0x00, 0x00, 0x01, 0x6F, 0x3C, 0x5F, 0x3C, 0x5F, 0x3C, 0x5F, 0x03, 0x1F, 
0x03, 0x1F, 0x02, 0x15, 0x02, 0x15, 0x02, 0xBA, 0x02, 0xBA, 0x01, 0x6F, 0xD6, 0xBA, 0xEF, 0x5D, 
0xEF, 0x5D, 0xEF, 0x5D, 0xEF, 0x5D, 0xEF, 0x5D, 0xD6, 0xBA, 0xD6, 0xBA, 0xC6, 0x18, 0x7B, 0xCF, 
0xEF, 0x5D, 0xAE, 0x3F, 0xAE, 0x3F, 0x75, 0x3F, 0x02, 0xBA, 0xC6, 0x18, 0x6A, 0x65, 0x6A, 0x65, 
0x00, 0x00, 0x00, 0x00, 0x00, 0x00, 0x01, 0x6F, 0x3C, 0x5F, 0x3C, 0x5F, 0x3C, 0x5F, 0x03, 0x1F, 
0x03, 0x1F, 0x03, 0x1F, 0x02, 0x15, 0x02, 0xBA, 0x02, 0xBA, 0x01, 0x6F, 0xD6, 0xBA, 0xEF, 0x5D, 
0xEF, 0x5D, 0xEF, 0x5D, 0xEF, 0x5D, 0xEF, 0x5D, 0x03, 0x1F, 0xD6, 0xBA, 0xC6, 0x18, 0x7B, 0xCF, 
0xAE, 0x3F, 0xAE, 0x3F, 0x75, 0x3F, 0x3C, 0x5F, 0x02, 0xBA, 0xC6, 0x18, 0x6A, 0x65, 0x6A, 0x65, 
0x00, 0x00, 0x00, 0x00, 0x00, 0x00, 0x01, 0x6F, 0x3C, 0x5F, 0x3C, 0x5F, 0x3C, 0x5F, 0x03, 0x1F, 
0x03, 0x1F, 0x03, 0x1F, 0x02, 0xBA, 0x02, 0x15, 0x02, 0xBA, 0x01, 0x6F, 0xD6, 0xBA, 0xEF, 0x5D, 
0xEF, 0x5D, 0xEF, 0x5D, 0xEF, 0x5D, 0xD6, 0xBA, 0x03, 0x1F, 0xD6, 0xBA, 0xC6, 0x18, 0xAD, 0x55, 
0xAE, 0x3F, 0x75, 0x3F, 0x75, 0x3F, 0x3C, 0x5F, 0x02, 0xBA, 0xC6, 0x18, 0x6A, 0x65, 0x6A, 0x65, 
0x00, 0x00, 0x00, 0x00, 0x00, 0x00, 0x01, 0x6F, 0x3C, 0x5F, 0x3C, 0x5F, 0x3C, 0x5F, 0x03, 0x1F, 
0x03, 0x1F, 0x03, 0x1F, 0x02, 0xBA, 0x02, 0x15, 0x02, 0xBA, 0x01, 0x6F, 0xD6, 0xBA, 0xD6, 0xBA, 
0xEF, 0x5D, 0xEF, 0x5D, 0xD6, 0xBA, 0xD6, 0xBA, 0x03, 0x1F, 0xD6, 0xBA, 0xC6, 0x18, 0xAD, 0x55, 
0x75, 0x3F, 0x75, 0x3F, 0x75, 0x3F, 0x3C, 0x5F, 0x02, 0xBA, 0xAD, 0x55, 0x00, 0x00, 0x00, 0x00, 
0x00, 0x00, 0x00, 0x00, 0x00, 0x00, 0x01, 0x6F, 0x03, 0x1F, 0x3C, 0x5F, 0x3C, 0x5F, 0x03, 0x1F, 
0x03, 0x1F, 0x03, 0x1F, 0x02, 0xBA, 0x02, 0x15, 0x02, 0xBA, 0x01, 0x6F, 0xD6, 0xBA, 0xD6, 0xBA, 
0xD6, 0xBA, 0xD6, 0xBA, 0xD6, 0xBA, 0xD6, 0xBA, 0x03, 0x1F, 0xD6, 0xBA, 0xC6, 0x18, 0xAD, 0x55, 
0x3C, 0x5F, 0x3C, 0x5F, 0x3C, 0x5F, 0x3C, 0x5F, 0x02, 0xBA, 0xAD, 0x55, 0x00, 0x00, 0x00, 0x00, 
0x00, 0x00, 0x00, 0x00, 0x00, 0x00, 0x01, 0x6F, 0x03, 0x1F, 0x03, 0x1F, 0x03, 0x1F, 0x03, 0x1F, 
0x03, 0x1F, 0x03, 0x1F, 0x02, 0xBA, 0x02, 0x15, 0x02, 0xBA, 0x01, 0x6F, 0xC6, 0x18, 0xD6, 0xBA, 
0xD6, 0xBA, 0xD6, 0xBA, 0xD6, 0xBA, 0xD6, 0xBA, 0x03, 0x1F, 0xD6, 0xBA, 0xAD, 0x55, 0xAD, 0x55, 
0x3C, 0x5F, 0x3C, 0x5F, 0x3C, 0x5F, 0x3C, 0x5F, 0x02, 0xBA, 0x8B, 0x69, 0x8B, 0x69, 0x00, 0x00, 
0x00, 0x00, 0x00, 0x00, 0x00, 0x00, 0x01, 0x6F, 0x02, 0x15, 0x03, 0x1F, 0x03, 0x1F, 0x03, 0x1F, 
0x03, 0x1F, 0x03, 0x1F, 0x02, 0xBA, 0x02, 0x15, 0x02, 0x15, 0x01, 0x6F, 0xC6, 0x18, 0xC6, 0x18, 
0xD6, 0xBA, 0xD6, 0xBA, 0xD6, 0xBA, 0xD6, 0xBA, 0x03, 0x1F, 0xC6, 0x18, 0xAD, 0x55, 0xAD, 0x55, 
0xC6, 0x18, 0x02, 0xBA, 0x02, 0xBA, 0x02, 0xBA, 0x02, 0xBA, 0x8B, 0x69, 0x8B, 0x69, 0x00, 0x00, 
0x00, 0x00, 0x00, 0x00, 0x00, 0x00, 0x01, 0x6F, 0x02, 0x15, 0x02, 0x15, 0x03, 0x1F, 0x03, 0x1F, 
0x03, 0x1F, 0x03, 0x1F, 0x02, 0xBA, 0x02, 0xBA, 0x02, 0x15, 0x01, 0x6F, 0xC6, 0x18, 0xC6, 0x18, 
0xC6, 0x18, 0xC6, 0x18, 0xC6, 0x18, 0xC6, 0x18, 0xC6, 0x18, 0xC6, 0x18, 0xAD, 0x55, 0x7B, 0xCF, 
0xAD, 0x55, 0x02, 0xBA, 0x02, 0xBA, 0x02, 0xBA, 0x02, 0xBA, 0x8B, 0x69, 0x6A, 0x65, 0x00, 0x00, 
0x00, 0x00, 0x00, 0x00, 0x01, 0x6F, 0x3C, 0x5F, 0x3C, 0x5F, 0x02, 0x15, 0x02, 0x15, 0x03, 0x1F, 
0x03, 0x1F, 0x02, 0xBA, 0x02, 0xBA, 0x02, 0xBA, 0x02, 0x15, 0x01, 0x6F, 0xC6, 0x18, 0x1C, 0x7E, 
0x5E, 0x7E, 0x5E, 0x7E, 0x1C, 0x7E, 0xC6, 0x18, 0xC6, 0x18, 0xC6, 0x18, 0xAD, 0x55, 0x7B, 0xCF, 
0xAD, 0x55, 0xC6, 0x18, 0xC6, 0x18, 0xC6, 0x18, 0xC6, 0x18, 0x6A, 0x65, 0x6A, 0x65, 0x00, 0x00, 
0x00, 0x00, 0x00, 0x00, 0x01, 0x6F, 0x3C, 0x5F, 0x3C, 0x5F, 0x03, 0x1F, 0x02, 0x15, 0x02, 0xBA, 
0x02, 0xBA, 0x02, 0xBA, 0x02, 0xBA, 0x02, 0xBA, 0x02, 0x15, 0x01, 0x6F, 0xC6, 0x18, 0x1C, 0x7E, 
0x1C, 0x7E, 0x1C, 0x7E, 0x1C, 0x7E, 0xC6, 0x18, 0xC6, 0x18, 0xC6, 0x18, 0xAD, 0x55, 0x7B, 0xCF, 
0x7B, 0xCF, 0x7B, 0xCF, 0xAD, 0x55, 0xAD, 0x55, 0xAD, 0x55, 0x6A, 0x65, 0x6A, 0x65, 0x00, 0x00, 
0x00, 0x00, 0x00, 0x00, 0x01, 0x6F, 0x03, 0x1F, 0x03, 0x1F, 0x03, 0x1F, 0x02, 0x15, 0x02, 0x15, 
0x02, 0xBA, 0x02, 0xBA, 0x02, 0xBA, 0x02, 0xBA, 0x02, 0x15, 0x01, 0x6F, 0xAD, 0x55, 0xC6, 0x18, 
0xC6, 0x18, 0xC6, 0x18, 0xC6, 0x18, 0x75, 0x3F, 0x03, 0x1F, 0xAD, 0x55, 0x7B, 0xCF, 0xAD, 0x55, 
0xAD, 0x55, 0xAD, 0x55, 0x75, 0x3F, 0x03, 0x1F, 0x7B, 0xCF, 0x6A, 0x65, 0x6A, 0x65, 0x00, 0x00, 
0x00, 0x00, 0x00, 0x00, 0x01, 0x6F, 0x03, 0x1F, 0x03, 0x1F, 0x03, 0x1F, 0x03, 0x1F, 0x02, 0x15, 
0x02, 0xBA, 0x02, 0xBA, 0x02, 0xBA, 0x02, 0xBA, 0x02, 0x15, 0x01, 0x6F, 0xAD, 0x55, 0xAD, 0x55, 
0xAD, 0x55, 0xAD, 0x55, 0xAD, 0x55, 0x03, 0x1F, 0x03, 0x1F, 0xAD, 0x55, 0x7B, 0xCF, 0x94, 0x92, 
0xAD, 0x55, 0xAD, 0x55, 0x03, 0x1F, 0x03, 0x1F, 0xAD, 0x55, 0xAD, 0x55, 0x00, 0x00, 0x00, 0x00, 
0x00, 0x00, 0x01, 0x6F, 0x03, 0x1F, 0x03, 0x1F, 0x03, 0x1F, 0x03, 0x1F, 0x02, 0xBA, 0x02, 0x15, 
0x02, 0x15, 0x02, 0xBA, 0x02, 0xBA, 0x02, 0xBA, 0x02, 0x15, 0x01, 0x6F, 0x94, 0x92, 0xAD, 0x55, 
0xAD, 0x55, 0xAD, 0x55, 0xAD, 0x55, 0xAD, 0x55, 0xAD, 0x55, 0x94, 0x92, 0x7B, 0xCF, 0x7B, 0xCF, 
0x7B, 0xCF, 0xAD, 0x55, 0xAD, 0x55, 0x94, 0x92, 0x7B, 0xCF, 0xC6, 0x18, 0x7B, 0xCF, 0x00, 0x00, 
0x00, 0x00, 0x01, 0x6F, 0x03, 0x1F, 0x03, 0x1F, 0x02, 0xBA, 0x02, 0xBA, 0x02, 0xBA, 0x02, 0xBA, 
0x02, 0x15, 0x02, 0xBA, 0x02, 0xBA, 0x02, 0x15, 0x02, 0x15, 0x01, 0x6F, 0x94, 0x92, 0x94, 0x92, 
0x94, 0x92, 0x94, 0x92, 0x94, 0x92, 0x94, 0x92, 0x94, 0x92, 0x7B, 0xCF, 0x00, 0x00, 0x00, 0x00, 
0x7B, 0xCF, 0x7B, 0xCF, 0x7B, 0xCF, 0x7B, 0xCF, 0xD6, 0xBA, 0xC6, 0x18, 0x7B, 0xCF, 0x00, 0x00, 
0x00, 0x00, 0x00, 0x00, 0x01, 0x6F, 0x02, 0xBA, 0x02, 0xBA, 0x02, 0xBA, 0x02, 0xBA, 0x02, 0xBA, 
0x02, 0x15, 0x02, 0x15, 0x02, 0x15, 0x02, 0x15, 0x02, 0x15, 0x02, 0x15, 0x01, 0x6F, 0x94, 0x92, 
0x94, 0x92, 0x94, 0x92, 0x94, 0x92, 0x94, 0x92, 0x7B, 0xCF, 0x00, 0x00, 0x00, 0x00, 0x00, 0x00, 
0x00, 0x00, 0x00, 0x00, 0x00, 0x00, 0x7B, 0xCF, 0xC6, 0x18, 0xC6, 0x18, 0x7B, 0xCF, 0x00, 0x00, 
0x00, 0x00, 0x00, 0x00, 0x00, 0x00, 0x01, 0x6F, 0x01, 0x6F, 0x01, 0x6F, 0x01, 0x6F, 0x01, 0x6F, 
0x01, 0x6F, 0x02, 0x15, 0x02, 0x15, 0x02, 0x15, 0x02, 0x15, 0x02, 0x15, 0x01, 0x6F, 0x7B, 0xCF, 
0x7B, 0xCF, 0x7B, 0xCF, 0x7B, 0xCF, 0x7B, 0xCF, 0x00, 0x00, 0x00, 0x00, 0x00, 0x00, 0x00, 0x00, 
0x00, 0x00, 0x00, 0x00, 0x00, 0x00, 0x7B, 0xCF, 0xAD, 0x55, 0xAD, 0x55, 0x7B, 0xCF, 0x00, 0x00, 
0x00, 0x00, 0x00, 0x00, 0x00, 0x00, 0x00, 0x00, 0x00, 0x00, 0x00, 0x00, 0x00, 0x00, 0x00, 0x00, 
0x00, 0x00, 0x01, 0x6F, 0x02, 0x15, 0x02, 0x15, 0x02, 0x15, 0x02, 0x15, 0x01, 0x6F, 0x00, 0x00, 
0x00, 0x00, 0x00, 0x00, 0x00, 0x00, 0x00, 0x00, 0x00, 0x00, 0x00, 0x00, 0x00, 0x00, 0x00, 0x00, 
0x00, 0x00, 0x00, 0x00, 0x00, 0x00, 0x7B, 0xCF, 0xAD, 0x55, 0x7B, 0xCF, 0x00, 0x00, 0x00, 0x00, 
0x00, 0x00, 0x00, 0x00, 0x00, 0x00, 0x00, 0x00, 0x00, 0x00, 0x00, 0x00, 0x00, 0x00, 0x00, 0x00, 
0x00, 0x00, 0x00, 0x00, 0x01, 0x6F, 0x01, 0x6F, 0x01, 0x6F, 0x01, 0x6F, 0x00, 0x00, 0x00, 0x00, 
0x00, 0x00, 0x00, 0x00, 0x00, 0x00, 0x00, 0x00, 0x00, 0x00, 0x00, 0x00, 0x00, 0x00, 0x00, 0x00, 
0x00, 0x00, 0x00, 0x00, 0x7B, 0xCF, 0xAD, 0x55, 0x7B, 0xCF, 0x00, 0x00, 0x00, 0x00, 0x00, 0x00, 
0x00, 0x00, 0x00, 0x00, 0x00, 0x00, 0x00, 0x00, 0x00, 0x00, 0x00, 0x00, 0x00, 0x00, 0x00, 0x00, 
0x00, 0x00, 0x00, 0x00, 0x00, 0x00, 0x00, 0x00, 0x00, 0x00, 0x00, 0x00, 0x00, 0x00, 0x00, 0x00, 
0x00, 0x00, 0x00, 0x00, 0x00, 0x00, 0x00, 0x00, 0x00, 0x00, 0x00, 0x00, 0x00, 0x00, 0x00, 0x00, 
0x00, 0x00, 0x00, 0x00, 0x7B, 0xCF, 0x7B, 0xCF, 0x00, 0x00, 0x00, 0x00, 0x00, 0x00, 0x00, 0x00, 
0x00, 0x00, 0x00, 0x00, 0x00, 0x00, 0x00, 0x00, 0x00, 0x00, 0x00, 0x00, 0x00, 0x00, 0x00, 0x00, 
0x00, 0x00, 0x00, 0x00, 0x00, 0x00, 0x00, 0x00, 0x00, 0x00, 0x00, 0x00, 0x00, 0x00, 0x00, 0x00, 
0x00, 0x00, 0x00, 0x00, 0x00, 0x00, 0x00, 0x00, 0x00, 0x00, 0x00, 0x00, 0x00, 0x00, 0x00, 0x00, 
0x00, 0x00, 0x00, 0x00, 0x00, 0x00, 0x00, 0x00, 0x00, 0x00, 0x00, 0x00, 0x00, 0x00, 0x00, 0x00
}
},
{
{
0x00, 0x00, 0x00, 0x00, 0x00, 0x00, 0x00, 0x00, 0x00, 0x00, 0x00, 0x00, 0x00, 0x00, 0x00, 0x00, 
0x00, 0x00, 0x00, 0x00, 0x00, 0x00, 0x00, 0x00, 0x00, 0x00, 0x00, 0x00, 0x00, 0x00, 0x00, 0x00, 
0x00, 0x00, 0x00, 0x00, 0x00, 0x00, 0x00, 0x00, 0x00, 0x00, 0x00, 0x00, 0x00, 0x00, 0x00, 0x00, 
0x00, 0x00, 0x00, 0x00, 0x00, 0x00, 0x00, 0x00, 0x00, 0x00, 0x00, 0x00, 0x00, 0x00, 0x00, 0x00, 
0x00, 0x00, 0x00, 0x00, 0x00, 0x00, 0x00, 0x00, 0x00, 0x00, 0x00, 0x00, 0x00, 0x00, 0x00, 0x00, 
0x00, 0x00, 0x00, 0x00, 0x00, 0x00, 0x00, 0x00, 0x00, 0x00, 0x00, 0x00, 0x00, 0x00, 0x00, 0x00, 
0x00, 0x00, 0x00, 0x00, 0x00, 0x00, 0x00, 0x00, 0x00, 0x00, 0x00, 0x00, 0x00, 0x00, 0x00, 0x00, 
0x00, 0x00, 0x00, 0x00, 0x00, 0x00, 0x00, 0x00, 0x00, 0x00, 0x00, 0x00, 0x00, 0x00, 0x00, 0x00, 
0x00, 0x00, 0x00, 0x00, 0x00, 0x00, 0x00, 0x00, 0x00, 0x00, 0x00, 0x00, 0x00, 0x00, 0x00, 0x00, 
0x00, 0x00, 0x00, 0x00, 0x00, 0x00, 0x00, 0x00, 0x00, 0x00, 0x00, 0x00, 0x00, 0x00, 0x00, 0x00, 
0x00, 0x00, 0x00, 0x00, 0x00, 0x00, 0x00, 0x00, 0x00, 0x00, 0x00, 0x00, 0x00, 0x00, 0x00, 0x00, 
0x00, 0x00, 0x00, 0x00, 0x00, 0x00, 0x00, 0x00, 0x00, 0x00, 0x00, 0x00, 0x00, 0x00, 0x00, 0x00, 
0x00, 0x00, 0x00, 0x00, 0x00, 0x00, 0x00, 0x00, 0x00, 0x00, 0x00, 0x00, 0x00, 0x00, 0x00, 0x00, 
0x00, 0x00, 0x00, 0x00, 0x00, 0x00, 0x00, 0x00, 0x00, 0x00, 0x00, 0x00, 0x00, 0x00, 0x00, 0x00, 
0x00, 0x00, 0x00, 0x00, 0x00, 0x00, 0x00, 0x00, 0x00, 0x00, 0x00, 0x00, 0x00, 0x00, 0x00, 0x00, 
0x00, 0x00, 0x00, 0x00, 0x00, 0x00, 0x00, 0x00, 0x00, 0x00, 0x00, 0x00, 0x00, 0x00, 0x00, 0x00, 
0x00, 0x00, 0x00, 0x00, 0x00, 0x00, 0x00, 0x00, 0x00, 0x00, 0x00, 0x00, 0x00, 0x00, 0x00, 0x00, 
0x00, 0x00, 0x01, 0x6F, 0x01, 0x6F, 0x01, 0x6F, 0x00, 0x00, 0x00, 0x00, 0x00, 0x00, 0x00, 0x00, 
0x00, 0x00, 0x00, 0x00, 0x00, 0x00, 0x00, 0x00, 0x00, 0x00, 0x00, 0x00, 0x00, 0x00, 0x00, 0x00, 
0x00, 0x00, 0x00, 0x00, 0x00, 0x00, 0x00, 0x00, 0x00, 0x00, 0x00, 0x00, 0x00, 0x00, 0x00, 0x00, 
0x00, 0x00, 0x00, 0x00, 0x00, 0x00, 0x00, 0x00, 0x00, 0x00, 0x00, 0x00, 0x00, 0x00, 0x01, 0x6F, 
0x01, 0x6F, 0x03, 0x1F, 0x02, 0xBA, 0x01, 0x6F, 0xC6, 0x18, 0xC6, 0x18, 0xC6, 0x18, 0xC6, 0x18, 
0xC6, 0x18, 0xC6, 0x18, 0xC6, 0x18, 0x03, 0x1F, 0x00, 0x00, 0x00, 0x00, 0x00, 0x00, 0x00, 0x00, 
0x00, 0x00, 0x00, 0x00, 0x00, 0x00, 0x00, 0x00, 0x00, 0x00, 0x00, 0x00, 0x00, 0x00, 0x00, 0x00, 
0x00, 0x00, 0x00, 0x00, 0x00, 0x00, 0x00, 0x00, 0x00, 0x00, 0x01, 0x6F, 0x01, 0x6F, 0x03, 0x1F, 
0x03, 0x1F, 0x03, 0x1F, 0x02, 0xBA, 0x01, 0x6F, 0xEF, 0x5D, 0xEF, 0x5D, 0xEF, 0x5D, 0xEF, 0x5D, 
0xEF, 0x5D, 0xEF, 0x5D, 0xEF, 0x5D, 0x03, 0x1F, 0xEF, 0x5D, 0x00, 0x00, 0x00, 0x00, 0x00, 0x00, 
0x00, 0x00, 0x00, 0x00, 0x00, 0x00, 0x00, 0x00, 0x00, 0x00, 0x00, 0x00, 0x00, 0x00, 0x00, 0x00, 
0x00, 0x00, 0x00, 0x00, 0x00, 0x00, 0x00, 0x00, 0x01, 0x6F, 0x03, 0x1F, 0x3C, 0x5F, 0x3C, 0x5F, 
0x03, 0x1F, 0x03, 0x1F, 0x02, 0xBA, 0x01, 0x6F, 0xEF, 0x5D, 0xEF, 0x5D, 0xEF, 0x5D, 0xEF, 0x5D, 
0xEF, 0x5D, 0xEF, 0x5D, 0xEF, 0x5D, 0x03, 0x1F, 0xC6, 0x18, 0xAD, 0x55, 0x00, 0x00, 0x00, 0x00, 
0x00, 0x00, 0x00, 0x00, 0x00, 0x00, 0x00, 0x00, 0x00, 0x00, 0x00, 0x00, 0x00, 0x00, 0x00, 0x00, 
0x00, 0x00, 0x00, 0x00, 0x00, 0x00, 0x01, 0x6F, 0x03, 0x1F, 0x3C, 0x5F, 0x3C, 0x5F, 0x3C, 0x5F, 
0x03, 0x1F, 0x03, 0x1F, 0x02, 0xBA, 0x01, 0x6F, 0xD6, 0xBA, 0xD6, 0xBA, 0xD6, 0xBA, 0xD6, 0xBA, 
0xD6, 0xBA, 0xD6, 0xBA, 0xD6, 0xBA, 0x03, 0x1F, 0xC6, 0x18, 0xAD, 0x55, 0x7B, 0xCF, 0x00, 0x00, 
0x00, 0x00, 0x00, 0x00, 0x00, 0x00, 0x00, 0x00, 0x00, 0x00, 0x00, 0x00, 0x00, 0x00, 0x00, 0x00, 
0x00, 0x00, 0x00, 0x00, 0x00, 0x00, 0x01, 0x6F, 0x03, 0x1F, 0x3C, 0x5F, 0x3C, 0x5F, 0x3C, 0x5F, 
0x03, 0x1F, 0x03, 0x1F, 0x02, 0xBA, 0x01, 0x6F, 0xD6, 0xBA, 0xD6, 0xBA, 0xD6, 0xBA, 0xD6, 0xBA, 
0xD6, 0xBA, 0xD6, 0xBA, 0xD6, 0xBA, 0x03, 0x1F, 0xC6, 0x18, 0xAD, 0x55, 0x7B, 0xCF, 0xAD, 0x55, 
0xAE, 0x3F, 0xAE, 0x3F, 0xAE, 0x3F, 0x00, 0x00, 0x00, 0x00, 0x00, 0x00, 0x00, 0x00, 0x00, 0x00, 
0x00, 0x00, 0x00, 0x00, 0x00, 0x00, 0x01, 0x6F, 0x3C, 0x5F, 0x3C, 0x5F, 0x3C, 0x5F, 0x3C, 0x5F, 
0x03, 0x1F, 0x03, 0x1F, 0x02, 0xBA, 0x01, 0x6F, 0xC6, 0x18, 0xC6, 0x18, 0xC6, 0x18, 0xC6, 0x18, 
0xC6, 0x18, 0xC6, 0x18, 0xC6, 0x18, 0xC6, 0x18, 0xC6, 0x18, 0xAD, 0x55, 0x7B, 0xCF, 0x94, 0x92, 
0x75, 0x3F, 0x75, 0x3F, 0x75, 0x3F, 0x75, 0x3F, 0x00, 0x00, 0x00, 0x00, 0x00, 0x00, 0x00, 0x00, 
0x00, 0x00, 0x00, 0x00, 0x01, 0x6F, 0x02, 0xBA, 0x3C, 0x5F, 0x3C, 0x5F, 0x3C, 0x5F, 0x03, 0x1F, 
0x03, 0x1F, 0x03, 0x1F, 0x02, 0xBA, 0x01, 0x6F, 0xC6, 0x18, 0xC6, 0x18, 0x1C, 0x7E, 0x5E, 0x7E, 
0x5E, 0x7E, 0x1C, 0x7E, 0xC6, 0x18, 0xC6, 0x18, 0xAD, 0x55, 0xAD, 0x55, 0x7B, 0xCF, 0x94, 0x92, 
0x3C, 0x5F, 0x75, 0x3F, 0x75, 0x3F, 0x75, 0x3F, 0x7B, 0xCF, 0x00, 0x00, 0x00, 0x00, 0x00, 0x00, 
0x00, 0x00, 0x01, 0x6F, 0x02, 0xBA, 0x02, 0xBA, 0x3C, 0x5F, 0x3C, 0x5F, 0x03, 0x1F, 0x03, 0x1F, 
0x03, 0x1F, 0x03, 0x1F, 0x02, 0xBA, 0x01, 0x6F, 0xC6, 0x18, 0xC6, 0x18, 0x1C, 0x7E, 0x1C, 0x7E, 
0x1C, 0x7E, 0x1C, 0x7E, 0xC6, 0x18, 0xAD, 0x55, 0xAD, 0x55, 0xAD, 0x55, 0x7B, 0xCF, 0x94, 0x92, 
0x3C, 0x5F, 0x3C, 0x5F, 0x3C, 0x5F, 0x75, 0x3F, 0x8B, 0x69, 0x8B, 0x69, 0x00, 0x00, 0x00, 0x00, 
0x00, 0x00, 0x01, 0x6F, 0x02, 0xBA, 0x02, 0xBA, 0x03, 0x1F, 0x03, 0x1F, 0x03, 0x1F, 0x03, 0x1F, 
0x03, 0x1F, 0x03, 0x1F, 0x02, 0xBA, 0x01, 0x6F, 0xAD, 0x55, 0xC6, 0x18, 0xC6, 0x18, 0xC6, 0x18, 
0xC6, 0x18, 0xC6, 0x18, 0xC6, 0x18, 0xAD, 0x55, 0xAD, 0x55, 0xAD, 0x55, 0x7B, 0xCF, 0x94, 0x92, 
0x94, 0x92, 0x94, 0x92, 0x3C, 0x5F, 0x3C, 0x5F, 0x8B, 0x69, 0x8B, 0x69, 0x00, 0x00, 0x00, 0x00, 
0x00, 0x00, 0x01, 0x6F, 0x02, 0xBA, 0x02, 0xBA, 0x02, 0xBA, 0x03, 0x1F, 0x03, 0x1F, 0x03, 0x1F, 
0x03, 0x1F, 0x03, 0x1F, 0x02, 0xBA, 0x01, 0x6F, 0xAD, 0x55, 0xC6, 0x18, 0xC6, 0x18, 0xC6, 0x18, 
0xC6, 0x18, 0xC6, 0x18, 0x75, 0x3F, 0x03, 0x1F, 0xAD, 0x55, 0xAD, 0x55, 0x7B, 0xCF, 0x94, 0x92, 
0x94, 0x92, 0x94, 0x92, 0x3C, 0x5F, 0x3C, 0x5F, 0x8B, 0x69, 0x8B, 0x69, 0x00, 0x00, 0x00, 0x00, 
0x00, 0x00, 0x01, 0x6F, 0x03, 0x1F, 0x03, 0x1F, 0x02, 0xBA, 0x02, 0xBA, 0x03, 0x1F, 0x03, 0x1F, 
0x03, 0x1F, 0x02, 0xBA, 0x02, 0xBA, 0x01, 0x6F, 0xAD, 0x55, 0xAD, 0x55, 0xAD, 0x55, 0xAD, 0x55, 
0xAD, 0x55, 0xAD, 0x55, 0x03, 0x1F, 0x03, 0x1F, 0xAD, 0x55, 0xAD, 0x55, 0x7B, 0xCF, 0x94, 0x92, 
0x94, 0x92, 0x94, 0x92, 0x02, 0xBA, 0x02, 0xBA, 0x8B, 0x69, 0x8B, 0x69, 0x00, 0x00, 0x00, 0x00, 
0x00, 0x00, 0x01, 0x6F, 0x3C, 0x5F, 0x3C, 0x5F, 0x03, 0x1F, 0x02, 0xBA, 0x03, 0x1F, 0x02, 0xBA, 
0x02, 0xBA, 0x02, 0xBA, 0x02, 0xBA, 0x01, 0x6F, 0xAD, 0x55, 0xAD, 0x55, 0xAD, 0x55, 0xAD, 0x55, 
0xAD, 0x55, 0xAD, 0x55, 0xAD, 0x55, 0xAD, 0x55, 0x94, 0x92, 0x94, 0x92, 0x7B, 0xCF, 0x94, 0x92, 
0x94, 0x92, 0x94, 0x92, 0x94, 0x92, 0x94, 0x92, 0x6A, 0x65, 0x8B, 0x69, 0x00, 0x00, 0x00, 0x00, 
0x00, 0x00, 0x01, 0x6F, 0x3C, 0x5F, 0x3C, 0x5F, 0x3C, 0x5F, 0x03, 0x1F, 0x02, 0xBA, 0x02, 0xBA, 
0x02, 0xBA, 0x02, 0x15, 0x02, 0x15, 0x01, 0x6F, 0xAD, 0x55, 0xAD, 0x55, 0xAD, 0x55, 0xAD, 0x55, 
0xAD, 0x55, 0xAD, 0x55, 0xAD, 0x55, 0x94, 0x92, 0x94, 0x92, 0x94, 0x92, 0x7B, 0xCF, 0x94, 0x92, 
0x94, 0x92, 0x94, 0x92, 0x94, 0x92, 0x94, 0x92, 0x6A, 0x65, 0x6A, 0x65, 0x00, 0x00, 0x00, 0x00, 
0x00, 0x00, 0x01, 0x6F, 0x3C, 0x5F, 0x3C, 0x5F, 0x3C, 0x5F, 0x03, 0x1F, 0x02, 0xBA, 0x02, 0xBA, 
0x02, 0x15, 0x02, 0x15, 0x02, 0x15, 0x01, 0x6F, 0x94, 0x92, 0xAD, 0x55, 0xAD, 0x55, 0xAD, 0x55, 
0x94, 0x92, 0x94, 0x92, 0x94, 0x92, 0x94, 0x92, 0x94, 0x92, 0x7B, 0xCF, 0x94, 0x92, 0x94, 0x92, 
0x94, 0x92, 0x94, 0x92, 0x94, 0x92, 0x94, 0x92, 0x6A, 0x65, 0x6A, 0x65, 0x00, 0x00, 0x00, 0x00, 
0x00, 0x00, 0x01, 0x6F, 0x03, 0x1F, 0x3C, 0x5F, 0x3C, 0x5F, 0x03, 0x1F, 0x03, 0x1F, 0x02, 0xBA, 
0x02, 0x15, 0x02, 0x15, 0x02, 0x15, 0x01, 0x6F, 0x94, 0x92, 0x94, 0x92, 0x94, 0x92, 0x94, 0x92, 
0x94, 0x92, 0x94, 0x92, 0x94, 0x92, 0x94, 0x92, 0x94, 0x92, 0x7B, 0xCF, 0x94, 0x92, 0x94, 0x92, 
0x94, 0x92, 0x94, 0x92, 0x94, 0x92, 0x94, 0x92, 0x6A, 0x65, 0x6A, 0x65, 0x00, 0x00, 0x00, 0x00, 
0x00, 0x00, 0x01, 0x6F, 0x03, 0x1F, 0x03, 0x1F, 0x3C, 0x5F, 0x03, 0x1F, 0x03, 0x1F, 0x02, 0xBA, 
0x02, 0x15, 0x02, 0x15, 0x02, 0x15, 0x01, 0x6F, 0x01, 0x6F, 0x94, 0x92, 0x94, 0x92, 0x94, 0x92, 
0x94, 0x92, 0x94, 0x92, 0x94, 0x92, 0x94, 0x92, 0x94, 0x92, 0x7B, 0xCF, 0x94, 0x92, 0x94, 0x92, 
0x75, 0x3F, 0x03, 0x1F, 0x94, 0x92, 0x7B, 0xCF, 0x00, 0x00, 0x00, 0x00, 0x00, 0x00, 0x00, 0x00, 
0x00, 0x00, 0x01, 0x6F, 0x03, 0x1F, 0x03, 0x1F, 0x03, 0x1F, 0x03, 0x1F, 0x03, 0x1F, 0x03, 0x1F, 
0x02, 0xBA, 0x02, 0x15, 0x02, 0x15, 0x01, 0x6F, 0x01, 0x6F, 0x94, 0x92, 0x94, 0x92, 0x94, 0x92, 
0x94, 0x92, 0x94, 0x92, 0x94, 0x92, 0x94, 0x92, 0x94, 0x92, 0x7B, 0xCF, 0x94, 0x92, 0x94, 0x92, 
0x03, 0x1F, 0x03, 0x1F, 0x94, 0x92, 0x7B, 0xCF, 0x00, 0x00, 0x00, 0x00, 0x00, 0x00, 0x00, 0x00, 
0x00, 0x00, 0x00, 0x00, 0x01, 0x6F, 0x02, 0xBA, 0x03, 0x1F, 0x03, 0x1F, 0x03, 0x1F, 0x03, 0x1F, 
0x02, 0xBA, 0x02, 0xBA, 0x02, 0x15, 0x01, 0x6F, 0x01, 0x6F, 0x01, 0x6F, 0x94, 0x92, 0x94, 0x92, 
0x94, 0x92, 0x94, 0x92, 0x94, 0x92, 0x94, 0x92, 0x94, 0x92, 0x7B, 0xCF, 0x94, 0x92, 0x94, 0x92, 
0x94, 0x92, 0x94, 0x92, 0x94, 0x92, 0x7B, 0xCF, 0x00, 0x00, 0x00, 0x00, 0x00, 0x00, 0x00, 0x00, 
0x00, 0x00, 0x00, 0x00, 0x01, 0x6F, 0x02, 0xBA, 0x02, 0xBA, 0x03, 0x1F, 0x03, 0x1F, 0x03, 0x1F, 
0x03, 0x1F, 0x02, 0xBA, 0x02, 0x15, 0x01, 0x6F, 0x01, 0x6F, 0x01, 0x6F, 0x94, 0x92, 0x94, 0x92, 
0x94, 0x92, 0x94, 0x92, 0x94, 0x92, 0x94, 0x92, 0x94, 0x92, 0x7B, 0xCF, 0x7B, 0xCF, 0x7B, 0xCF, 
0x7B, 0xCF, 0x94, 0x92, 0x94, 0x92, 0x7B, 0xCF, 0x00, 0x00, 0x00, 0x00, 0x00, 0x00, 0x00, 0x00, 
0x00, 0x00, 0x01, 0x6F, 0x3C, 0x5F, 0x02, 0xBA, 0x02, 0xBA, 0x02, 0xBA, 0x02, 0xBA, 0x03, 0x1F, 
0x03, 0x1F, 0x03, 0x1F, 0x02, 0xBA, 0x01, 0x6F, 0x01, 0x6F, 0x01, 0x6F, 0x01, 0x6F, 0x94, 0x92, 
0x94, 0x92, 0x94, 0x92, 0x94, 0x92, 0x94, 0x92, 0x94, 0x92, 0x7B, 0xCF, 0x00, 0x00, 0x00, 0x00, 
0x7B, 0xCF, 0x94, 0x92, 0x94, 0x92, 0x7B, 0xCF, 0x00, 0x00, 0x00, 0x00, 0x00, 0x00, 0x00, 0x00, 
0x00, 0x00, 0x01, 0x6F, 0x3C, 0x5F, 0x03, 0x1F, 0x02, 0xBA, 0x02, 0xBA, 0x02, 0xBA, 0x02, 0xBA, 
0x03, 0x1F, 0x03, 0x1F, 0x02, 0xBA, 0x02, 0xBA, 0x01, 0x6F, 0x01, 0x6F, 0x01, 0x6F, 0x01, 0x6F, 
0x94, 0x92, 0x94, 0x92, 0x94, 0x92, 0x94, 0x92, 0x7B, 0xCF, 0x00, 0x00, 0x00, 0x00, 0x00, 0x00, 
0x7B, 0xCF, 0x94, 0x92, 0x94, 0x92, 0x7B, 0xCF, 0x00, 0x00, 0x00, 0x00, 0x00, 0x00, 0x00, 0x00, 
0x00, 0x00, 0x01, 0x6F, 0x3C, 0x5F, 0x03, 0x1F, 0x02, 0xBA, 0x02, 0x15, 0x02, 0x15, 0x02, 0xBA, 
0x02, 0xBA, 0x03, 0x1F, 0x03, 0x1F, 0x02, 0xBA, 0x01, 0x6F, 0x01, 0x6F, 0x01, 0x6F, 0x01, 0x6F, 
0x94, 0x92, 0x94, 0x92, 0x94, 0x92, 0x7B, 0xCF, 0x00, 0x00, 0x00, 0x00, 0x00, 0x00, 0x00, 0x00, 
0x7B, 0xCF, 0x94, 0x92, 0x94, 0x92, 0x7B, 0xCF, 0x00, 0x00, 0x00, 0x00, 0x00, 0x00, 0x00, 0x00, 
0x01, 0x6F, 0x03, 0x1F, 0x03, 0x1F, 0x02, 0xBA, 0x02, 0xBA, 0x02, 0x15, 0x02, 0x15, 0x02, 0x15, 
0x02, 0xBA, 0x02, 0xBA, 0x03, 0x1F, 0x02, 0xBA, 0x02, 0xBA, 0x01, 0x6F, 0x01, 0x6F, 0x01, 0x6F, 
0x7B, 0xCF, 0x7B, 0xCF, 0x7B, 0xCF, 0x00, 0x00, 0x00, 0x00, 0x00, 0x00, 0x00, 0x00, 0x00, 0x00, 
0x00, 0x00, 0x7B, 0xCF, 0x94, 0x92, 0x7B, 0xCF, 0x00, 0x00, 0x00, 0x00, 0x00, 0x00, 0x00, 0x00, 
0x01, 0x6F, 0x02, 0xBA, 0x02, 0xBA, 0x02, 0xBA, 0x02, 0xBA, 0x02, 0x15, 0x02, 0x15, 0x02, 0x15, 
0x02, 0x15, 0x02, 0xBA, 0x03, 0x1F, 0x03, 0x1F, 0x02, 0xBA, 0x01, 0x6F, 0x01, 0x6F, 0x01, 0x6F, 
0x00, 0x00, 0x00, 0x00, 0x00, 0x00, 0x00, 0x00, 0x00, 0x00, 0x00, 0x00, 0x00, 0x00, 0x00, 0x00, 
0x00, 0x00, 0x7B, 0xCF, 0x94, 0x92, 0x7B, 0xCF, 0x00, 0x00, 0x00, 0x00, 0x00, 0x00, 0x00, 0x00, 
0x00, 0x00, 0x01, 0x6F, 0x02, 0xBA, 0x02, 0xBA, 0x02, 0xBA, 0x02, 0x15, 0x01, 0x6F, 0x01, 0x6F, 
0x01, 0x6F, 0x02, 0x15, 0x03, 0x1F, 0x03, 0x1F, 0x02, 0xBA, 0x01, 0x6F, 0x01, 0x6F, 0x00, 0x00, 
0x00, 0x00, 0x00, 0x00, 0x00, 0x00, 0x00, 0x00, 0x00, 0x00, 0x00, 0x00, 0x00, 0x00, 0x00, 0x00, 
0x00, 0x00, 0x7B, 0xCF, 0x94, 0x92, 0x7B, 0xCF, 0x00, 0x00, 0x00, 0x00, 0x00, 0x00, 0x00, 0x00, 
0x00, 0x00, 0x00, 0x00, 0x01, 0x6F, 0x01, 0x6F, 0x01, 0x6F, 0x01, 0x6F, 0x00, 0x00, 0x00, 0x00, 
0x00, 0x00, 0x01, 0x6F, 0x01, 0x6F, 0x01, 0x6F, 0x01, 0x6F, 0x00, 0x00, 0x00, 0x00, 0x00, 0x00, 
0x00, 0x00, 0x00, 0x00, 0x00, 0x00, 0x00, 0x00, 0x00, 0x00, 0x00, 0x00, 0x00, 0x00, 0x00, 0x00, 
0x00, 0x00, 0x7B, 0xCF, 0x94, 0x92, 0x7B, 0xCF, 0x00, 0x00, 0x00, 0x00, 0x00, 0x00, 0x00, 0x00, 
0x00, 0x00, 0x00, 0x00, 0x00, 0x00, 0x00, 0x00, 0x00, 0x00, 0x00, 0x00, 0x00, 0x00, 0x00, 0x00, 
0x00, 0x00, 0x00, 0x00, 0x00, 0x00, 0x00, 0x00, 0x00, 0x00, 0x00, 0x00, 0x00, 0x00, 0x00, 0x00, 
0x00, 0x00, 0x00, 0x00, 0x00, 0x00, 0x00, 0x00, 0x00, 0x00, 0x00, 0x00, 0x00, 0x00, 0x00, 0x00, 
0x00, 0x00, 0x00, 0x00, 0x7B, 0xCF, 0x7B, 0xCF, 0x00, 0x00, 0x00, 0x00, 0x00, 0x00, 0x00, 0x00
}
,
{
0x00, 0x00, 0x00, 0x00, 0x00, 0x00, 0x00, 0x00, 0x00, 0x00, 0x00, 0x00, 0x00, 0x00, 0x00, 0x00, 
0x00, 0x00, 0x00, 0x00, 0x00, 0x00, 0x00, 0x00, 0x00, 0x00, 0x00, 0x00, 0x00, 0x00, 0x00, 0x00, 
0x00, 0x00, 0x00, 0x00, 0x00, 0x00, 0x00, 0x00, 0x00, 0x00, 0x00, 0x00, 0x00, 0x00, 0x00, 0x00, 
0x00, 0x00, 0x00, 0x00, 0x00, 0x00, 0x00, 0x00, 0x00, 0x00, 0x00, 0x00, 0x00, 0x00, 0x00, 0x00, 
0x00, 0x00, 0x00, 0x00, 0x00, 0x00, 0x00, 0x00, 0x00, 0x00, 0x00, 0x00, 0x00, 0x00, 0x00, 0x00, 
0x00, 0x00, 0x00, 0x00, 0x00, 0x00, 0x00, 0x00, 0x00, 0x00, 0x00, 0x00, 0x00, 0x00, 0x00, 0x00, 
0x00, 0x00, 0x00, 0x00, 0x00, 0x00, 0x00, 0x00, 0x00, 0x00, 0x00, 0x00, 0x00, 0x00, 0x00, 0x00, 
0x00, 0x00, 0x00, 0x00, 0x00, 0x00, 0x00, 0x00, 0x00, 0x00, 0x00, 0x00, 0x00, 0x00, 0x00, 0x00, 
0x00, 0x00, 0x00, 0x00, 0x00, 0x00, 0x00, 0x00, 0x00, 0x00, 0x00, 0x00, 0x00, 0x00, 0x00, 0x00, 
0x00, 0x00, 0x00, 0x00, 0x00, 0x00, 0x00, 0x00, 0x00, 0x00, 0x00, 0x00, 0x00, 0x00, 0x00, 0x00, 
0x00, 0x00, 0x00, 0x00, 0x00, 0x00, 0x00, 0x00, 0x00, 0x00, 0x00, 0x00, 0x00, 0x00, 0x00, 0x00, 
0x00, 0x00, 0x00, 0x00, 0x00, 0x00, 0x00, 0x00, 0x00, 0x00, 0x00, 0x00, 0x00, 0x00, 0x00, 0x00, 
0x00, 0x00, 0x00, 0x00, 0x00, 0x00, 0x00, 0x00, 0x00, 0x00, 0x00, 0x00, 0x00, 0x00, 0x00, 0x00, 
0x00, 0x00, 0x00, 0x00, 0x00, 0x00, 0x00, 0x00, 0x00, 0x00, 0x00, 0x00, 0x00, 0x00, 0x00, 0x00, 
0x00, 0x00, 0x00, 0x00, 0x00, 0x00, 0x00, 0x00, 0x00, 0x00, 0x00, 0x00, 0x00, 0x00, 0x00, 0x00, 
0x00, 0x00, 0x00, 0x00, 0x00, 0x00, 0x00, 0x00, 0x00, 0x00, 0x00, 0x00, 0x00, 0x00, 0x00, 0x00, 
0x00, 0x00, 0x00, 0x00, 0x00, 0x00, 0x00, 0x00, 0x00, 0x00, 0x00, 0x00, 0x00, 0x00, 0x00, 0x00, 
0x00, 0x00, 0x00, 0x00, 0x01, 0x6F, 0x01, 0x6F, 0x01, 0x6F, 0x00, 0x00, 0x00, 0x00, 0x00, 0x00, 
0x00, 0x00, 0x00, 0x00, 0x00, 0x00, 0x00, 0x00, 0x00, 0x00, 0x00, 0x00, 0x00, 0x00, 0x00, 0x00, 
0x00, 0x00, 0x00, 0x00, 0x00, 0x00, 0x00, 0x00, 0x00, 0x00, 0x00, 0x00, 0x00, 0x00, 0x00, 0x00, 
0x00, 0x00, 0x00, 0x00, 0x00, 0x00, 0x00, 0x00, 0x00, 0x00, 0x00, 0x00, 0x00, 0x00, 0x00, 0x00, 
0x01, 0x6F, 0x01, 0x6F, 0x03, 0x1F, 0x02, 0xBA, 0x01, 0x6F, 0xC6, 0x18, 0xC6, 0x18, 0xC6, 0x18, 
0xC6, 0x18, 0xC6, 0x18, 0xC6, 0x18, 0xC6, 0x18, 0x03, 0x1F, 0x00, 0x00, 0x00, 0x00, 0x00, 0x00, 
0x00, 0x00, 0x00, 0x00, 0x00, 0x00, 0x00, 0x00, 0x00, 0x00, 0x00, 0x00, 0x00, 0x00, 0x00, 0x00, 
0x00, 0x00, 0x00, 0x00, 0x00, 0x00, 0x00, 0x00, 0x00, 0x00, 0x00, 0x00, 0x01, 0x6F, 0x01, 0x6F, 
0x03, 0x1F, 0x03, 0x1F, 0x03, 0x1F, 0x02, 0xBA, 0x01, 0x6F, 0xEF, 0x5D, 0xEF, 0x5D, 0xEF, 0x5D, 
0xEF, 0x5D, 0xEF, 0x5D, 0xEF, 0x5D, 0xEF, 0x5D, 0x03, 0x1F, 0xEF, 0x5D, 0x00, 0x00, 0x00, 0x00, 
0x00, 0x00, 0x00, 0x00, 0x00, 0x00, 0x00, 0x00, 0x00, 0x00, 0x00, 0x00, 0x00, 0x00, 0x00, 0x00, 
0x00, 0x00, 0x00, 0x00, 0x00, 0x00, 0x00, 0x00, 0x00, 0x00, 0x01, 0x6F, 0x03, 0x1F, 0x3C, 0x5F, 
0x3C, 0x5F, 0x03, 0x1F, 0x03, 0x1F, 0x02, 0xBA, 0x01, 0x6F, 0xEF, 0x5D, 0xEF, 0x5D, 0xEF, 0x5D, 
0xEF, 0x5D, 0xEF, 0x5D, 0xEF, 0x5D, 0xEF, 0x5D, 0x03, 0x1F, 0xC6, 0x18, 0xAD, 0x55, 0x00, 0x00, 
0x00, 0x00, 0x00, 0x00, 0x00, 0x00, 0x00, 0x00, 0x00, 0x00, 0x00, 0x00, 0x00, 0x00, 0x00, 0x00, 
0x00, 0x00, 0x00, 0x00, 0x00, 0x00, 0x00, 0x00, 0x01, 0x6F, 0x03, 0x1F, 0x3C, 0x5F, 0x3C, 0x5F, 
0x3C, 0x5F, 0x03, 0x1F, 0x03, 0x1F, 0x02, 0xBA, 0x01, 0x6F, 0xD6, 0xBA, 0xD6, 0xBA, 0xD6, 0xBA, 
0xD6, 0xBA, 0xD6, 0xBA, 0xD6, 0xBA, 0xD6, 0xBA, 0x03, 0x1F, 0xC6, 0x18, 0xAD, 0x55, 0x7B, 0xCF, 
0x00, 0x00, 0x00, 0x00, 0x00, 0x00, 0x00, 0x00, 0x00, 0x00, 0x00, 0x00, 0x00, 0x00, 0x00, 0x00, 
0x00, 0x00, 0x00, 0x00, 0x00, 0x00, 0x00, 0x00, 0x01, 0x6F, 0x03, 0x1F, 0x3C, 0x5F, 0x3C, 0x5F, 
0x3C, 0x5F, 0x03, 0x1F, 0x03, 0x1F, 0x02, 0xBA, 0x01, 0x6F, 0xD6, 0xBA, 0xD6, 0xBA, 0xD6, 0xBA, 
0xD6, 0xBA, 0xD6, 0xBA, 0xD6, 0xBA, 0xD6, 0xBA, 0x03, 0x1F, 0xC6, 0x18, 0xAD, 0x55, 0x7B, 0xCF, 
0xAD, 0x55, 0xAE, 0x3F, 0xAE, 0x3F, 0xAE, 0x3F, 0x00, 0x00, 0x8B, 0x69, 0x8B, 0x69, 0x00, 0x00, 
0x00, 0x00, 0x00, 0x00, 0x00, 0x00, 0x00, 0x00, 0x01, 0x6F, 0x3C, 0x5F, 0x3C, 0x5F, 0x3C, 0x5F, 
0x3C, 0x5F, 0x03, 0x1F, 0x03, 0x1F, 0x02, 0xBA, 0x01, 0x6F, 0xC6, 0x18, 0xC6, 0x18, 0xC6, 0x18, 
0xC6, 0x18, 0xC6, 0x18, 0xC6, 0x18, 0xC6, 0x18, 0xC6, 0x18, 0xC6, 0x18, 0xAD, 0x55, 0x7B, 0xCF, 
0x94, 0x92, 0x75, 0x3F, 0x75, 0x3F, 0x75, 0x3F, 0x75, 0x3F, 0x8B, 0x69, 0x8B, 0x69, 0x00, 0x00, 
0x00, 0x00, 0x00, 0x00, 0x00, 0x00, 0x01, 0x6F, 0x02, 0xBA, 0x3C, 0x5F, 0x3C, 0x5F, 0x3C, 0x5F, 
0x03, 0x1F, 0x03, 0x1F, 0x03, 0x1F, 0x02, 0xBA, 0x01, 0x6F, 0xC6, 0x18, 0xC6, 0x18, 0x1C, 0x7E, 
0x5E, 0x7E, 0x5E, 0x7E, 0x1C, 0x7E, 0xC6, 0x18, 0xC6, 0x18, 0xAD, 0x55, 0xAD, 0x55, 0x7B, 0xCF, 
0x94, 0x92, 0x3C, 0x5F, 0x3C, 0x5F, 0x75, 0x3F, 0x75, 0x3F, 0x8B, 0x69, 0x8B, 0x69, 0x00, 0x00, 
0x00, 0x00, 0x00, 0x00, 0x01, 0x6F, 0x02, 0xBA, 0x02, 0xBA, 0x3C, 0x5F, 0x3C, 0x5F, 0x03, 0x1F, 
0x03, 0x1F, 0x03, 0x1F, 0x03, 0x1F, 0x02, 0xBA, 0x01, 0x6F, 0xC6, 0x18, 0xC6, 0x18, 0x1C, 0x7E, 
0x1C, 0x7E, 0x1C, 0x7E, 0x1C, 0x7E, 0xC6, 0x18, 0xAD, 0x55, 0xAD, 0x55, 0xAD, 0x55, 0x7B, 0xCF, 
0x94, 0x92, 0x3C, 0x5F, 0x3C, 0x5F, 0x3C, 0x5F, 0x3C, 0x5F, 0x8B, 0x69, 0x8B, 0x69, 0x00, 0x00, 
0x00, 0x00, 0x00, 0x00, 0x01, 0x6F, 0x02, 0xBA, 0x02, 0xBA, 0x03, 0x1F, 0x03, 0x1F, 0x03, 0x1F, 
0x03, 0x1F, 0x03, 0x1F, 0x03, 0x1F, 0x02, 0xBA, 0x01, 0x6F, 0xAD, 0x55, 0xC6, 0x18, 0xC6, 0x18, 
0xC6, 0x18, 0xC6, 0x18, 0xC6, 0x18, 0xC6, 0x18, 0xAD, 0x55, 0xAD, 0x55, 0xAD, 0x55, 0x7B, 0xCF, 
0x94, 0x92, 0x94, 0x92, 0x94, 0x92, 0x3C, 0x5F, 0x3C, 0x5F, 0x6A, 0x65, 0x6A, 0x65, 0x00, 0x00, 
0x00, 0x00, 0x00, 0x00, 0x01, 0x6F, 0x02, 0xBA, 0x02, 0xBA, 0x02, 0xBA, 0x03, 0x1F, 0x03, 0x1F, 
0x03, 0x1F, 0x03, 0x1F, 0x03, 0x1F, 0x02, 0xBA, 0x01, 0x6F, 0xAD, 0x55, 0xC6, 0x18, 0xC6, 0x18, 
0xC6, 0x18, 0xC6, 0x18, 0xC6, 0x18, 0x75, 0x3F, 0x03, 0x1F, 0xAD, 0x55, 0xAD, 0x55, 0x7B, 0xCF, 
0x94, 0x92, 0x94, 0x92, 0x94, 0x92, 0x3C, 0x5F, 0x3C, 0x5F, 0x6A, 0x65, 0x6A, 0x65, 0x00, 0x00, 
0x00, 0x00, 0x00, 0x00, 0x01, 0x6F, 0x03, 0x1F, 0x03, 0x1F, 0x02, 0xBA, 0x02, 0xBA, 0x03, 0x1F, 
0x03, 0x1F, 0x03, 0x1F, 0x02, 0xBA, 0x02, 0xBA, 0x01, 0x6F, 0xAD, 0x55, 0xAD, 0x55, 0xAD, 0x55, 
0xAD, 0x55, 0xAD, 0x55, 0xAD, 0x55, 0x03, 0x1F, 0x03, 0x1F, 0xAD, 0x55, 0xAD, 0x55, 0x7B, 0xCF, 
0x94, 0x92, 0x94, 0x92, 0x94, 0x92, 0x02, 0xBA, 0x02, 0xBA, 0x6A, 0x65, 0x6A, 0x65, 0x00, 0x00, 
0x00, 0x00, 0x00, 0x00, 0x01, 0x6F, 0x3C, 0x5F, 0x3C, 0x5F, 0x03, 0x1F, 0x02, 0xBA, 0x03, 0x1F, 
0x02, 0xBA, 0x02, 0xBA, 0x02, 0xBA, 0x02, 0xBA, 0x01, 0x6F, 0xAD, 0x55, 0xAD, 0x55, 0xAD, 0x55, 
0xAD, 0x55, 0xAD, 0x55, 0xAD, 0x55, 0xAD, 0x55, 0xAD, 0x55, 0x94, 0x92, 0x94, 0x92, 0x7B, 0xCF, 
0x94, 0x92, 0x94, 0x92, 0x94, 0x92, 0x94, 0x92, 0x94, 0x92, 0x7B, 0xCF, 0x00, 0x00, 0x00, 0x00, 
0x00, 0x00, 0x00, 0x00, 0x01, 0x6F, 0x3C, 0x5F, 0x3C, 0x5F, 0x3C, 0x5F, 0x03, 0x1F, 0x02, 0xBA, 
0x02, 0xBA, 0x02, 0xBA, 0x02, 0x15, 0x02, 0x15, 0x01, 0x6F, 0xAD, 0x55, 0xAD, 0x55, 0xAD, 0x55, 
0xAD, 0x55, 0xAD, 0x55, 0xAD, 0x55, 0xAD, 0x55, 0x94, 0x92, 0x94, 0x92, 0x94, 0x92, 0x7B, 0xCF, 
0x94, 0x92, 0x94, 0x92, 0x94, 0x92, 0x94, 0x92, 0x94, 0x92, 0x7B, 0xCF, 0x00, 0x00, 0x00, 0x00, 
0x00, 0x00, 0x00, 0x00, 0x01, 0x6F, 0x3C, 0x5F, 0x3C, 0x5F, 0x3C, 0x5F, 0x03, 0x1F, 0x02, 0xBA, 
0x02, 0xBA, 0x02, 0x15, 0x02, 0x15, 0x02, 0x15, 0x01, 0x6F, 0x94, 0x92, 0xAD, 0x55, 0xAD, 0x55, 
0xAD, 0x55, 0x94, 0x92, 0x94, 0x92, 0x94, 0x92, 0x94, 0x92, 0x94, 0x92, 0x7B, 0xCF, 0x94, 0x92, 
0x94, 0x92, 0x75, 0x3F, 0x03, 0x1F, 0x94, 0x92, 0x94, 0x92, 0x7B, 0xCF, 0x00, 0x00, 0x00, 0x00, 
0x00, 0x00, 0x00, 0x00, 0x01, 0x6F, 0x03, 0x1F, 0x3C, 0x5F, 0x3C, 0x5F, 0x03, 0x1F, 0x03, 0x1F, 
0x02, 0xBA, 0x02, 0x15, 0x02, 0x15, 0x02, 0x15, 0x01, 0x6F, 0x94, 0x92, 0x94, 0x92, 0x94, 0x92, 
0x94, 0x92, 0x94, 0x92, 0x94, 0x92, 0x94, 0x92, 0x94, 0x92, 0x94, 0x92, 0x7B, 0xCF, 0x94, 0x92, 
0x94, 0x92, 0x03, 0x1F, 0x03, 0x1F, 0x94, 0x92, 0x94, 0x92, 0x8B, 0x69, 0x8B, 0x69, 0x00, 0x00, 
0x00, 0x00, 0x00, 0x00, 0x01, 0x6F, 0x03, 0x1F, 0x03, 0x1F, 0x3C, 0x5F, 0x03, 0x1F, 0x03, 0x1F, 
0x02, 0xBA, 0x02, 0x15, 0x02, 0x15, 0x02, 0x15, 0x01, 0x6F, 0x01, 0x6F, 0x94, 0x92, 0x94, 0x92, 
0x94, 0x92, 0x94, 0x92, 0x94, 0x92, 0x94, 0x92, 0x94, 0x92, 0x94, 0x92, 0x7B, 0xCF, 0x94, 0x92, 
0x94, 0x92, 0x94, 0x92, 0x94, 0x92, 0x94, 0x92, 0x7B, 0xCF, 0x6A, 0x65, 0x6A, 0x65, 0x00, 0x00, 
0x00, 0x00, 0x00, 0x00, 0x01, 0x6F, 0x03, 0x1F, 0x03, 0x1F, 0x03, 0x1F, 0x03, 0x1F, 0x03, 0x1F, 
0x03, 0x1F, 0x02, 0xBA, 0x02, 0x15, 0x02, 0x15, 0x01, 0x6F, 0x01, 0x6F, 0x94, 0x92, 0x94, 0x92, 
0x94, 0x92, 0x94, 0x92, 0x94, 0x92, 0x94, 0x92, 0x94, 0x92, 0x94, 0x92, 0x7B, 0xCF, 0x94, 0x92, 
0x94, 0x92, 0x94, 0x92, 0x94, 0x92, 0x94, 0x92, 0x7B, 0xCF, 0x6A, 0x65, 0x6A, 0x65, 0x00, 0x00, 
0x00, 0x00, 0x00, 0x00, 0x00, 0x00, 0x01, 0x6F, 0x02, 0xBA, 0x03, 0x1F, 0x03, 0x1F, 0x03, 0x1F, 
0x03, 0x1F, 0x02, 0xBA, 0x02, 0xBA, 0x02, 0x15, 0x01, 0x6F, 0x01, 0x6F, 0x01, 0x6F, 0x94, 0x92, 
0x94, 0x92, 0x94, 0x92, 0x94, 0x92, 0x94, 0x92, 0x94, 0x92, 0x94, 0x92, 0x7B, 0xCF, 0x94, 0x92, 
0x94, 0x92, 0x94, 0x92, 0x94, 0x92, 0x94, 0x92, 0x7B, 0xCF, 0x6A, 0x65, 0x00, 0x00, 0x00, 0x00, 
0x00, 0x00, 0x00, 0x00, 0x00, 0x00, 0x01, 0x6F, 0x02, 0xBA, 0x02, 0xBA, 0x03, 0x1F, 0x03, 0x1F, 
0x03, 0x1F, 0x03, 0x1F, 0x02, 0xBA, 0x02, 0x15, 0x01, 0x6F, 0x01, 0x6F, 0x01, 0x6F, 0x94, 0x92, 
0x94, 0x92, 0x94, 0x92, 0x94, 0x92, 0x94, 0x92, 0x94, 0x92, 0x94, 0x92, 0x7B, 0xCF, 0x7B, 0xCF, 
0x7B, 0xCF, 0x7B, 0xCF, 0x94, 0x92, 0x94, 0x92, 0x7B, 0xCF, 0x00, 0x00, 0x00, 0x00, 0x00, 0x00, 
0x00, 0x00, 0x00, 0x00, 0x01, 0x6F, 0x3C, 0x5F, 0x02, 0xBA, 0x02, 0xBA, 0x02, 0xBA, 0x02, 0xBA, 
0x03, 0x1F, 0x03, 0x1F, 0x03, 0x1F, 0x02, 0xBA, 0x01, 0x6F, 0x01, 0x6F, 0x01, 0x6F, 0x01, 0x6F, 
0x94, 0x92, 0x94, 0x92, 0x94, 0x92, 0x94, 0x92, 0x94, 0x92, 0x94, 0x92, 0x7B, 0xCF, 0x00, 0x00, 
0x00, 0x00, 0x7B, 0xCF, 0x94, 0x92, 0x94, 0x92, 0x7B, 0xCF, 0x00, 0x00, 0x00, 0x00, 0x00, 0x00, 
0x00, 0x00, 0x00, 0x00, 0x01, 0x6F, 0x3C, 0x5F, 0x03, 0x1F, 0x02, 0xBA, 0x02, 0xBA, 0x02, 0xBA, 
0x02, 0xBA, 0x03, 0x1F, 0x03, 0x1F, 0x02, 0xBA, 0x02, 0xBA, 0x01, 0x6F, 0x01, 0x6F, 0x01, 0x6F, 
0x01, 0x6F, 0x94, 0x92, 0x94, 0x92, 0x94, 0x92, 0x94, 0x92, 0x7B, 0xCF, 0x00, 0x00, 0x00, 0x00, 
0x00, 0x00, 0x7B, 0xCF, 0x94, 0x92, 0x94, 0x92, 0x7B, 0xCF, 0x00, 0x00, 0x00, 0x00, 0x00, 0x00, 
0x00, 0x00, 0x00, 0x00, 0x01, 0x6F, 0x3C, 0x5F, 0x03, 0x1F, 0x02, 0xBA, 0x02, 0x15, 0x02, 0x15, 
0x02, 0xBA, 0x02, 0xBA, 0x03, 0x1F, 0x03, 0x1F, 0x02, 0xBA, 0x01, 0x6F, 0x01, 0x6F, 0x01, 0x6F, 
0x01, 0x6F, 0x94, 0x92, 0x94, 0x92, 0x94, 0x92, 0x7B, 0xCF, 0x00, 0x00, 0x00, 0x00, 0x00, 0x00, 
0x00, 0x00, 0x7B, 0xCF, 0x94, 0x92, 0x7B, 0xCF, 0x00, 0x00, 0x00, 0x00, 0x00, 0x00, 0x00, 0x00, 
0x00, 0x00, 0x01, 0x6F, 0x03, 0x1F, 0x03, 0x1F, 0x02, 0xBA, 0x02, 0xBA, 0x02, 0x15, 0x02, 0x15, 
0x02, 0x15, 0x02, 0xBA, 0x02, 0xBA, 0x03, 0x1F, 0x02, 0xBA, 0x02, 0xBA, 0x01, 0x6F, 0x01, 0x6F, 
0x01, 0x6F, 0x7B, 0xCF, 0x7B, 0xCF, 0x7B, 0xCF, 0x00, 0x00, 0x00, 0x00, 0x00, 0x00, 0x00, 0x00, 
0x7B, 0xCF, 0x94, 0x92, 0x94, 0x92, 0x7B, 0xCF, 0x00, 0x00, 0x00, 0x00, 0x00, 0x00, 0x00, 0x00, 
0x00, 0x00, 0x01, 0x6F, 0x02, 0xBA, 0x02, 0xBA, 0x02, 0xBA, 0x02, 0xBA, 0x02, 0x15, 0x02, 0x15, 
0x02, 0x15, 0x02, 0x15, 0x02, 0xBA, 0x03, 0x1F, 0x03, 0x1F, 0x02, 0xBA, 0x01, 0x6F, 0x01, 0x6F, 
0x01, 0x6F, 0x00, 0x00, 0x00, 0x00, 0x00, 0x00, 0x00, 0x00, 0x00, 0x00, 0x00, 0x00, 0x00, 0x00, 
0x7B, 0xCF, 0x94, 0x92, 0x94, 0x92, 0x7B, 0xCF, 0x00, 0x00, 0x00, 0x00, 0x00, 0x00, 0x00, 0x00, 
0x00, 0x00, 0x00, 0x00, 0x01, 0x6F, 0x02, 0xBA, 0x02, 0xBA, 0x02, 0xBA, 0x02, 0x15, 0x01, 0x6F, 
0x01, 0x6F, 0x01, 0x6F, 0x02, 0x15, 0x03, 0x1F, 0x03, 0x1F, 0x02, 0xBA, 0x01, 0x6F, 0x01, 0x6F, 
0x00, 0x00, 0x00, 0x00, 0x00, 0x00, 0x00, 0x00, 0x00, 0x00, 0x00, 0x00, 0x00, 0x00, 0x00, 0x00, 
0x7B, 0xCF, 0x94, 0x92, 0x94, 0x92, 0x7B, 0xCF, 0x00, 0x00, 0x00, 0x00, 0x00, 0x00, 0x00, 0x00, 
0x00, 0x00, 0x00, 0x00, 0x00, 0x00, 0x01, 0x6F, 0x01, 0x6F, 0x01, 0x6F, 0x01, 0x6F, 0x00, 0x00, 
0x00, 0x00, 0x00, 0x00, 0x01, 0x6F, 0x01, 0x6F, 0x01, 0x6F, 0x01, 0x6F, 0x00, 0x00, 0x00, 0x00, 
0x00, 0x00, 0x00, 0x00, 0x00, 0x00, 0x00, 0x00, 0x00, 0x00, 0x00, 0x00, 0x00, 0x00, 0x7B, 0xCF, 
0x94, 0x92, 0x94, 0x92, 0x7B, 0xCF, 0x00, 0x00, 0x00, 0x00, 0x00, 0x00, 0x00, 0x00, 0x00, 0x00, 
0x00, 0x00, 0x00, 0x00, 0x00, 0x00, 0x00, 0x00, 0x00, 0x00, 0x00, 0x00, 0x00, 0x00, 0x00, 0x00, 
0x00, 0x00, 0x00, 0x00, 0x00, 0x00, 0x00, 0x00, 0x00, 0x00, 0x00, 0x00, 0x00, 0x00, 0x00, 0x00, 
0x00, 0x00, 0x00, 0x00, 0x00, 0x00, 0x00, 0x00, 0x00, 0x00, 0x00, 0x00, 0x00, 0x00, 0x7B, 0xCF, 
0x7B, 0xCF, 0x7B, 0xCF, 0x00, 0x00, 0x00, 0x00, 0x00, 0x00, 0x00, 0x00, 0x00, 0x00, 0x00, 0x00
}
,
{
0x00, 0x00, 0x00, 0x00, 0x00, 0x00, 0x00, 0x00, 0x00, 0x00, 0x00, 0x00, 0x00, 0x00, 0x00, 0x00, 
0x00, 0x00, 0x00, 0x00, 0x00, 0x00, 0x00, 0x00, 0x00, 0x00, 0x00, 0x00, 0x00, 0x00, 0x00, 0x00, 
0x00, 0x00, 0x00, 0x00, 0x00, 0x00, 0x00, 0x00, 0x00, 0x00, 0x00, 0x00, 0x00, 0x00, 0x00, 0x00, 
0x00, 0x00, 0x00, 0x00, 0x00, 0x00, 0x00, 0x00, 0x00, 0x00, 0x00, 0x00, 0x00, 0x00, 0x00, 0x00, 
0x00, 0x00, 0x00, 0x00, 0x00, 0x00, 0x00, 0x00, 0x00, 0x00, 0x00, 0x00, 0x00, 0x00, 0x00, 0x00, 
0x00, 0x00, 0x00, 0x00, 0x00, 0x00, 0x00, 0x00, 0x00, 0x00, 0x00, 0x00, 0x00, 0x00, 0x00, 0x00, 
0x00, 0x00, 0x00, 0x00, 0x00, 0x00, 0x00, 0x00, 0x00, 0x00, 0x00, 0x00, 0x00, 0x00, 0x00, 0x00, 
0x00, 0x00, 0x00, 0x00, 0x00, 0x00, 0x00, 0x00, 0x00, 0x00, 0x00, 0x00, 0x00, 0x00, 0x00, 0x00, 
0x00, 0x00, 0x00, 0x00, 0x00, 0x00, 0x00, 0x00, 0x00, 0x00, 0x00, 0x00, 0x00, 0x00, 0x00, 0x00, 
0x00, 0x00, 0x00, 0x00, 0x00, 0x00, 0x00, 0x00, 0x00, 0x00, 0x00, 0x00, 0x00, 0x00, 0x00, 0x00, 
0x00, 0x00, 0x00, 0x00, 0x00, 0x00, 0x00, 0x00, 0x00, 0x00, 0x00, 0x00, 0x00, 0x00, 0x00, 0x00, 
0x00, 0x00, 0x00, 0x00, 0x00, 0x00, 0x00, 0x00, 0x00, 0x00, 0x00, 0x00, 0x00, 0x00, 0x00, 0x00, 
0x00, 0x00, 0x00, 0x00, 0x00, 0x00, 0x00, 0x00, 0x00, 0x00, 0x00, 0x00, 0x00, 0x00, 0x00, 0x00, 
0x00, 0x00, 0x00, 0x00, 0x00, 0x00, 0x00, 0x00, 0x00, 0x00, 0x00, 0x00, 0x00, 0x00, 0x00, 0x00, 
0x00, 0x00, 0x00, 0x00, 0x00, 0x00, 0x00, 0x00, 0x00, 0x00, 0x00, 0x00, 0x00, 0x00, 0x00, 0x00, 
0x00, 0x00, 0x00, 0x00, 0x00, 0x00, 0x00, 0x00, 0x00, 0x00, 0x00, 0x00, 0x00, 0x00, 0x00, 0x00, 
0x00, 0x00, 0x00, 0x00, 0x00, 0x00, 0x00, 0x00, 0x00, 0x00, 0x00, 0x00, 0x00, 0x00, 0x00, 0x00, 
0x00, 0x00, 0x01, 0x6F, 0x01, 0x6F, 0x01, 0x6F, 0x00, 0x00, 0x00, 0x00, 0x00, 0x00, 0x00, 0x00, 
0x00, 0x00, 0x00, 0x00, 0x00, 0x00, 0x00, 0x00, 0x00, 0x00, 0x00, 0x00, 0x00, 0x00, 0x00, 0x00, 
0x00, 0x00, 0x00, 0x00, 0x00, 0x00, 0x00, 0x00, 0x00, 0x00, 0x00, 0x00, 0x00, 0x00, 0x00, 0x00, 
0x00, 0x00, 0x00, 0x00, 0x00, 0x00, 0x00, 0x00, 0x00, 0x00, 0x00, 0x00, 0x00, 0x00, 0x01, 0x6F, 
0x01, 0x6F, 0x03, 0x1F, 0x02, 0xBA, 0x01, 0x6F, 0xC6, 0x18, 0xC6, 0x18, 0xC6, 0x18, 0xC6, 0x18, 
0xC6, 0x18, 0xC6, 0x18, 0xC6, 0x18, 0x03, 0x1F, 0x00, 0x00, 0x00, 0x00, 0x00, 0x00, 0x00, 0x00, 
0x00, 0x00, 0x00, 0x00, 0x00, 0x00, 0x00, 0x00, 0x00, 0x00, 0x00, 0x00, 0x00, 0x00, 0x00, 0x00, 
0x00, 0x00, 0x00, 0x00, 0x00, 0x00, 0x00, 0x00, 0x00, 0x00, 0x01, 0x6F, 0x01, 0x6F, 0x03, 0x1F, 
0x03, 0x1F, 0x03, 0x1F, 0x02, 0xBA, 0x01, 0x6F, 0xEF, 0x5D, 0xEF, 0x5D, 0xEF, 0x5D, 0xEF, 0x5D, 
0xEF, 0x5D, 0xEF, 0x5D, 0xEF, 0x5D, 0x03, 0x1F, 0xEF, 0x5D, 0x00, 0x00, 0x00, 0x00, 0x00, 0x00, 
0x00, 0x00, 0x00, 0x00, 0x00, 0x00, 0x00, 0x00, 0x00, 0x00, 0x00, 0x00, 0x00, 0x00, 0x00, 0x00, 
0x00, 0x00, 0x00, 0x00, 0x00, 0x00, 0x00, 0x00, 0x01, 0x6F, 0x03, 0x1F, 0x3C, 0x5F, 0x3C, 0x5F, 
0x03, 0x1F, 0x03, 0x1F, 0x02, 0xBA, 0x01, 0x6F, 0xEF, 0x5D, 0xEF, 0x5D, 0xEF, 0x5D, 0xEF, 0x5D, 
0xEF, 0x5D, 0xEF, 0x5D, 0xEF, 0x5D, 0x03, 0x1F, 0xC6, 0x18, 0xAD, 0x55, 0x00, 0x00, 0x00, 0x00, 
0x00, 0x00, 0x00, 0x00, 0x00, 0x00, 0x00, 0x00, 0x00, 0x00, 0x00, 0x00, 0x00, 0x00, 0x00, 0x00, 
0x00, 0x00, 0x00, 0x00, 0x00, 0x00, 0x01, 0x6F, 0x03, 0x1F, 0x3C, 0x5F, 0x3C, 0x5F, 0x3C, 0x5F, 
0x03, 0x1F, 0x03, 0x1F, 0x02, 0xBA, 0x01, 0x6F, 0xD6, 0xBA, 0xD6, 0xBA, 0xD6, 0xBA, 0xD6, 0xBA, 
0xD6, 0xBA, 0xD6, 0xBA, 0xD6, 0xBA, 0x03, 0x1F, 0xC6, 0x18, 0xAD, 0x55, 0x7B, 0xCF, 0x00, 0x00, 
0x00, 0x00, 0x00, 0x00, 0x00, 0x00, 0x00, 0x00, 0x00, 0x00, 0x00, 0x00, 0x00, 0x00, 0x00, 0x00, 
0x00, 0x00, 0x00, 0x00, 0x00, 0x00, 0x01, 0x6F, 0x03, 0x1F, 0x3C, 0x5F, 0x3C, 0x5F, 0x3C, 0x5F, 
0x03, 0x1F, 0x03, 0x1F, 0x02, 0xBA, 0x01, 0x6F, 0xD6, 0xBA, 0xD6, 0xBA, 0xD6, 0xBA, 0xD6, 0xBA, 
0xD6, 0xBA, 0xD6, 0xBA, 0xD6, 0xBA, 0x03, 0x1F, 0xC6, 0x18, 0xAD, 0x55, 0x7B, 0xCF, 0xAD, 0x55, 
0xAE, 0x3F, 0xAE, 0x3F, 0xAE, 0x3F, 0x00, 0x00, 0x00, 0x00, 0x00, 0x00, 0x00, 0x00, 0x00, 0x00, 
0x00, 0x00, 0x00, 0x00, 0x00, 0x00, 0x01, 0x6F, 0x3C, 0x5F, 0x3C, 0x5F, 0x3C, 0x5F, 0x3C, 0x5F, 
0x03, 0x1F, 0x03, 0x1F, 0x02, 0xBA, 0x01, 0x6F, 0xC6, 0x18, 0xC6, 0x18, 0xC6, 0x18, 0xC6, 0x18, 
0xC6, 0x18, 0xC6, 0x18, 0xC6, 0x18, 0xC6, 0x18, 0xC6, 0x18, 0xAD, 0x55, 0x7B, 0xCF, 0x94, 0x92, 
0x75, 0x3F, 0x75, 0x3F, 0x75, 0x3F, 0x75, 0x3F, 0x00, 0x00, 0x00, 0x00, 0x00, 0x00, 0x00, 0x00, 
0x00, 0x00, 0x00, 0x00, 0x01, 0x6F, 0x02, 0xBA, 0x3C, 0x5F, 0x3C, 0x5F, 0x3C, 0x5F, 0x03, 0x1F, 
0x03, 0x1F, 0x03, 0x1F, 0x02, 0xBA, 0x01, 0x6F, 0xC6, 0x18, 0xC6, 0x18, 0x1C, 0x7E, 0x5E, 0x7E, 
0x5E, 0x7E, 0x1C, 0x7E, 0xC6, 0x18, 0xC6, 0x18, 0xAD, 0x55, 0xAD, 0x55, 0x7B, 0xCF, 0x94, 0x92, 
0x3C, 0x5F, 0x75, 0x3F, 0x75, 0x3F, 0x75, 0x3F, 0x7B, 0xCF, 0x00, 0x00, 0x00, 0x00, 0x00, 0x00, 
0x00, 0x00, 0x01, 0x6F, 0x02, 0xBA, 0x02, 0xBA, 0x3C, 0x5F, 0x3C, 0x5F, 0x03, 0x1F, 0x03, 0x1F, 
0x03, 0x1F, 0x03, 0x1F, 0x02, 0xBA, 0x01, 0x6F, 0xC6, 0x18, 0xC6, 0x18, 0x1C, 0x7E, 0x1C, 0x7E, 
0x1C, 0x7E, 0x1C, 0x7E, 0xC6, 0x18, 0xAD, 0x55, 0xAD, 0x55, 0xAD, 0x55, 0x7B, 0xCF, 0x94, 0x92, 
0x3C, 0x5F, 0x3C, 0x5F, 0x3C, 0x5F, 0x75, 0x3F, 0x8B, 0x69, 0x8B, 0x69, 0x00, 0x00, 0x00, 0x00, 
0x00, 0x00, 0x01, 0x6F, 0x02, 0xBA, 0x02, 0xBA, 0x03, 0x1F, 0x03, 0x1F, 0x03, 0x1F, 0x03, 0x1F, 
0x03, 0x1F, 0x03, 0x1F, 0x02, 0xBA, 0x01, 0x6F, 0xAD, 0x55, 0xC6, 0x18, 0xC6, 0x18, 0xC6, 0x18, 
0xC6, 0x18, 0xC6, 0x18, 0xC6, 0x18, 0xAD, 0x55, 0xAD, 0x55, 0xAD, 0x55, 0x7B, 0xCF, 0x94, 0x92, 
0x94, 0x92, 0x94, 0x92, 0x3C, 0x5F, 0x3C, 0x5F, 0x8B, 0x69, 0x8B, 0x69, 0x00, 0x00, 0x00, 0x00, 
0x00, 0x00, 0x01, 0x6F, 0x02, 0xBA, 0x02, 0xBA, 0x02, 0xBA, 0x03, 0x1F, 0x03, 0x1F, 0x03, 0x1F, 
0x03, 0x1F, 0x03, 0x1F, 0x02, 0xBA, 0x01, 0x6F, 0xAD, 0x55, 0xC6, 0x18, 0xC6, 0x18, 0xC6, 0x18, 
0xC6, 0x18, 0xC6, 0x18, 0x75, 0x3F, 0x03, 0x1F, 0xAD, 0x55, 0xAD, 0x55, 0x7B, 0xCF, 0x94, 0x92, 
0x94, 0x92, 0x94, 0x92, 0x3C, 0x5F, 0x3C, 0x5F, 0x8B, 0x69, 0x8B, 0x69, 0x00, 0x00, 0x00, 0x00, 
0x00, 0x00, 0x01, 0x6F, 0x03, 0x1F, 0x03, 0x1F, 0x02, 0xBA, 0x02, 0xBA, 0x03, 0x1F, 0x03, 0x1F, 
0x03, 0x1F, 0x02, 0xBA, 0x02, 0xBA, 0x01, 0x6F, 0xAD, 0x55, 0xAD, 0x55, 0xAD, 0x55, 0xAD, 0x55, 
0xAD, 0x55, 0xAD, 0x55, 0x03, 0x1F, 0x03, 0x1F, 0xAD, 0x55, 0xAD, 0x55, 0x7B, 0xCF, 0x94, 0x92, 
0x94, 0x92, 0x94, 0x92, 0x02, 0xBA, 0x02, 0xBA, 0x8B, 0x69, 0x8B, 0x69, 0x00, 0x00, 0x00, 0x00, 
0x00, 0x00, 0x01, 0x6F, 0x3C, 0x5F, 0x3C, 0x5F, 0x03, 0x1F, 0x02, 0xBA, 0x03, 0x1F, 0x02, 0xBA, 
0x02, 0xBA, 0x02, 0xBA, 0x02, 0xBA, 0x01, 0x6F, 0xAD, 0x55, 0xAD, 0x55, 0xAD, 0x55, 0xAD, 0x55, 
0xAD, 0x55, 0xAD, 0x55, 0xAD, 0x55, 0xAD, 0x55, 0x94, 0x92, 0x94, 0x92, 0x7B, 0xCF, 0x94, 0x92, 
0x94, 0x92, 0x94, 0x92, 0x94, 0x92, 0x94, 0x92, 0x6A, 0x65, 0x8B, 0x69, 0x00, 0x00, 0x00, 0x00, 
0x00, 0x00, 0x01, 0x6F, 0x3C, 0x5F, 0x3C, 0x5F, 0x3C, 0x5F, 0x03, 0x1F, 0x02, 0xBA, 0x02, 0xBA, 
0x02, 0xBA, 0x02, 0x15, 0x02, 0x15, 0x01, 0x6F, 0xAD, 0x55, 0xAD, 0x55, 0xAD, 0x55, 0xAD, 0x55, 
0xAD, 0x55, 0xAD, 0x55, 0xAD, 0x55, 0x94, 0x92, 0x94, 0x92, 0x94, 0x92, 0x7B, 0xCF, 0x94, 0x92, 
0x94, 0x92, 0x94, 0x92, 0x94, 0x92, 0x94, 0x92, 0x6A, 0x65, 0x6A, 0x65, 0x00, 0x00, 0x00, 0x00, 
0x00, 0x00, 0x01, 0x6F, 0x3C, 0x5F, 0x3C, 0x5F, 0x3C, 0x5F, 0x03, 0x1F, 0x02, 0xBA, 0x02, 0xBA, 
0x02, 0x15, 0x02, 0x15, 0x02, 0x15, 0x01, 0x6F, 0x94, 0x92, 0xAD, 0x55, 0xAD, 0x55, 0xAD, 0x55, 
0x94, 0x92, 0x94, 0x92, 0x94, 0x92, 0x94, 0x92, 0x94, 0x92, 0x7B, 0xCF, 0x94, 0x92, 0x94, 0x92, 
0x94, 0x92, 0x94, 0x92, 0x94, 0x92, 0x94, 0x92, 0x6A, 0x65, 0x6A, 0x65, 0x00, 0x00, 0x00, 0x00, 
0x00, 0x00, 0x01, 0x6F, 0x03, 0x1F, 0x3C, 0x5F, 0x3C, 0x5F, 0x03, 0x1F, 0x03, 0x1F, 0x02, 0xBA, 
0x02, 0x15, 0x02, 0x15, 0x02, 0x15, 0x01, 0x6F, 0x94, 0x92, 0x94, 0x92, 0x94, 0x92, 0x94, 0x92, 
0x94, 0x92, 0x94, 0x92, 0x94, 0x92, 0x94, 0x92, 0x94, 0x92, 0x7B, 0xCF, 0x94, 0x92, 0x94, 0x92, 
0x94, 0x92, 0x94, 0x92, 0x94, 0x92, 0x94, 0x92, 0x6A, 0x65, 0x6A, 0x65, 0x00, 0x00, 0x00, 0x00, 
0x00, 0x00, 0x01, 0x6F, 0x03, 0x1F, 0x03, 0x1F, 0x3C, 0x5F, 0x03, 0x1F, 0x03, 0x1F, 0x02, 0xBA, 
0x02, 0x15, 0x02, 0x15, 0x02, 0x15, 0x01, 0x6F, 0x01, 0x6F, 0x94, 0x92, 0x94, 0x92, 0x94, 0x92, 
0x94, 0x92, 0x94, 0x92, 0x94, 0x92, 0x94, 0x92, 0x94, 0x92, 0x7B, 0xCF, 0x94, 0x92, 0x94, 0x92, 
0x75, 0x3F, 0x03, 0x1F, 0x94, 0x92, 0x7B, 0xCF, 0x00, 0x00, 0x00, 0x00, 0x00, 0x00, 0x00, 0x00, 
0x00, 0x00, 0x01, 0x6F, 0x03, 0x1F, 0x03, 0x1F, 0x03, 0x1F, 0x03, 0x1F, 0x03, 0x1F, 0x03, 0x1F, 
0x02, 0xBA, 0x02, 0x15, 0x02, 0x15, 0x01, 0x6F, 0x01, 0x6F, 0x94, 0x92, 0x94, 0x92, 0x94, 0x92, 
0x94, 0x92, 0x94, 0x92, 0x94, 0x92, 0x94, 0x92, 0x94, 0x92, 0x7B, 0xCF, 0x94, 0x92, 0x94, 0x92, 
0x03, 0x1F, 0x03, 0x1F, 0x94, 0x92, 0x7B, 0xCF, 0x00, 0x00, 0x00, 0x00, 0x00, 0x00, 0x00, 0x00, 
0x00, 0x00, 0x00, 0x00, 0x01, 0x6F, 0x02, 0xBA, 0x03, 0x1F, 0x03, 0x1F, 0x03, 0x1F, 0x03, 0x1F, 
0x02, 0xBA, 0x02, 0xBA, 0x02, 0x15, 0x01, 0x6F, 0x01, 0x6F, 0x01, 0x6F, 0x94, 0x92, 0x94, 0x92, 
0x94, 0x92, 0x94, 0x92, 0x94, 0x92, 0x94, 0x92, 0x94, 0x92, 0x7B, 0xCF, 0x94, 0x92, 0x94, 0x92, 
0x94, 0x92, 0x94, 0x92, 0x94, 0x92, 0x7B, 0xCF, 0x00, 0x00, 0x00, 0x00, 0x00, 0x00, 0x00, 0x00, 
0x00, 0x00, 0x00, 0x00, 0x01, 0x6F, 0x02, 0xBA, 0x02, 0xBA, 0x03, 0x1F, 0x03, 0x1F, 0x03, 0x1F, 
0x03, 0x1F, 0x02, 0xBA, 0x02, 0x15, 0x01, 0x6F, 0x01, 0x6F, 0x01, 0x6F, 0x94, 0x92, 0x94, 0x92, 
0x94, 0x92, 0x94, 0x92, 0x94, 0x92, 0x94, 0x92, 0x94, 0x92, 0x7B, 0xCF, 0x7B, 0xCF, 0x7B, 0xCF, 
0x7B, 0xCF, 0x94, 0x92, 0x94, 0x92, 0x7B, 0xCF, 0x00, 0x00, 0x00, 0x00, 0x00, 0x00, 0x00, 0x00, 
0x00, 0x00, 0x01, 0x6F, 0x3C, 0x5F, 0x02, 0xBA, 0x02, 0xBA, 0x02, 0xBA, 0x02, 0xBA, 0x03, 0x1F, 
0x03, 0x1F, 0x03, 0x1F, 0x02, 0xBA, 0x01, 0x6F, 0x01, 0x6F, 0x01, 0x6F, 0x01, 0x6F, 0x94, 0x92, 
0x94, 0x92, 0x94, 0x92, 0x94, 0x92, 0x94, 0x92, 0x94, 0x92, 0x7B, 0xCF, 0x00, 0x00, 0x00, 0x00, 
0x7B, 0xCF, 0x94, 0x92, 0x94, 0x92, 0x7B, 0xCF, 0x00, 0x00, 0x00, 0x00, 0x00, 0x00, 0x00, 0x00, 
0x00, 0x00, 0x01, 0x6F, 0x3C, 0x5F, 0x03, 0x1F, 0x02, 0xBA, 0x02, 0xBA, 0x02, 0xBA, 0x02, 0xBA, 
0x03, 0x1F, 0x03, 0x1F, 0x02, 0xBA, 0x02, 0xBA, 0x01, 0x6F, 0x01, 0x6F, 0x01, 0x6F, 0x01, 0x6F, 
0x94, 0x92, 0x94, 0x92, 0x94, 0x92, 0x94, 0x92, 0x7B, 0xCF, 0x00, 0x00, 0x00, 0x00, 0x00, 0x00, 
0x7B, 0xCF, 0x94, 0x92, 0x94, 0x92, 0x7B, 0xCF, 0x00, 0x00, 0x00, 0x00, 0x00, 0x00, 0x00, 0x00, 
0x00, 0x00, 0x01, 0x6F, 0x3C, 0x5F, 0x03, 0x1F, 0x02, 0xBA, 0x02, 0x15, 0x02, 0x15, 0x02, 0xBA, 
0x02, 0xBA, 0x03, 0x1F, 0x03, 0x1F, 0x02, 0xBA, 0x01, 0x6F, 0x01, 0x6F, 0x01, 0x6F, 0x01, 0x6F, 
0x94, 0x92, 0x94, 0x92, 0x94, 0x92, 0x7B, 0xCF, 0x00, 0x00, 0x00, 0x00, 0x00, 0x00, 0x00, 0x00, 
0x7B, 0xCF, 0x94, 0x92, 0x94, 0x92, 0x7B, 0xCF, 0x00, 0x00, 0x00, 0x00, 0x00, 0x00, 0x00, 0x00, 
0x01, 0x6F, 0x03, 0x1F, 0x03, 0x1F, 0x02, 0xBA, 0x02, 0xBA, 0x02, 0x15, 0x02, 0x15, 0x02, 0x15, 
0x02, 0xBA, 0x02, 0xBA, 0x03, 0x1F, 0x02, 0xBA, 0x02, 0xBA, 0x01, 0x6F, 0x01, 0x6F, 0x01, 0x6F, 
0x7B, 0xCF, 0x7B, 0xCF, 0x7B, 0xCF, 0x00, 0x00, 0x00, 0x00, 0x00, 0x00, 0x00, 0x00, 0x00, 0x00, 
0x00, 0x00, 0x7B, 0xCF, 0x94, 0x92, 0x7B, 0xCF, 0x00, 0x00, 0x00, 0x00, 0x00, 0x00, 0x00, 0x00, 
0x01, 0x6F, 0x02, 0xBA, 0x02, 0xBA, 0x02, 0xBA, 0x02, 0xBA, 0x02, 0x15, 0x02, 0x15, 0x02, 0x15, 
0x02, 0x15, 0x02, 0xBA, 0x03, 0x1F, 0x03, 0x1F, 0x02, 0xBA, 0x01, 0x6F, 0x01, 0x6F, 0x01, 0x6F, 
0x00, 0x00, 0x00, 0x00, 0x00, 0x00, 0x00, 0x00, 0x00, 0x00, 0x00, 0x00, 0x00, 0x00, 0x00, 0x00, 
0x00, 0x00, 0x7B, 0xCF, 0x94, 0x92, 0x7B, 0xCF, 0x00, 0x00, 0x00, 0x00, 0x00, 0x00, 0x00, 0x00, 
0x00, 0x00, 0x01, 0x6F, 0x02, 0xBA, 0x02, 0xBA, 0x02, 0xBA, 0x02, 0x15, 0x01, 0x6F, 0x01, 0x6F, 
0x01, 0x6F, 0x02, 0x15, 0x03, 0x1F, 0x03, 0x1F, 0x02, 0xBA, 0x01, 0x6F, 0x01, 0x6F, 0x00, 0x00, 
0x00, 0x00, 0x00, 0x00, 0x00, 0x00, 0x00, 0x00, 0x00, 0x00, 0x00, 0x00, 0x00, 0x00, 0x00, 0x00, 
0x00, 0x00, 0x7B, 0xCF, 0x94, 0x92, 0x7B, 0xCF, 0x00, 0x00, 0x00, 0x00, 0x00, 0x00, 0x00, 0x00, 
0x00, 0x00, 0x00, 0x00, 0x01, 0x6F, 0x01, 0x6F, 0x01, 0x6F, 0x01, 0x6F, 0x00, 0x00, 0x00, 0x00, 
0x00, 0x00, 0x01, 0x6F, 0x01, 0x6F, 0x01, 0x6F, 0x01, 0x6F, 0x00, 0x00, 0x00, 0x00, 0x00, 0x00, 
0x00, 0x00, 0x00, 0x00, 0x00, 0x00, 0x00, 0x00, 0x00, 0x00, 0x00, 0x00, 0x00, 0x00, 0x00, 0x00, 
0x00, 0x00, 0x7B, 0xCF, 0x94, 0x92, 0x7B, 0xCF, 0x00, 0x00, 0x00, 0x00, 0x00, 0x00, 0x00, 0x00, 
0x00, 0x00, 0x00, 0x00, 0x00, 0x00, 0x00, 0x00, 0x00, 0x00, 0x00, 0x00, 0x00, 0x00, 0x00, 0x00, 
0x00, 0x00, 0x00, 0x00, 0x00, 0x00, 0x00, 0x00, 0x00, 0x00, 0x00, 0x00, 0x00, 0x00, 0x00, 0x00, 
0x00, 0x00, 0x00, 0x00, 0x00, 0x00, 0x00, 0x00, 0x00, 0x00, 0x00, 0x00, 0x00, 0x00, 0x00, 0x00, 
0x00, 0x00, 0x00, 0x00, 0x7B, 0xCF, 0x7B, 0xCF, 0x00, 0x00, 0x00, 0x00, 0x00, 0x00, 0x00, 0x00
}
,
{
0x00, 0x00, 0x00, 0x00, 0x00, 0x00, 0x00, 0x00, 0x00, 0x00, 0x00, 0x00, 0x00, 0x00, 0x00, 0x00, 
0x00, 0x00, 0x00, 0x00, 0x00, 0x00, 0x00, 0x00, 0x00, 0x00, 0x00, 0x00, 0x00, 0x00, 0x00, 0x00, 
0x00, 0x00, 0x00, 0x00, 0x00, 0x00, 0x00, 0x00, 0x00, 0x00, 0x00, 0x00, 0x00, 0x00, 0x00, 0x00, 
0x00, 0x00, 0x00, 0x00, 0x00, 0x00, 0x00, 0x00, 0x00, 0x00, 0x00, 0x00, 0x00, 0x00, 0x00, 0x00, 
0x00, 0x00, 0x00, 0x00, 0x00, 0x00, 0x00, 0x00, 0x00, 0x00, 0x00, 0x00, 0x00, 0x00, 0x00, 0x00, 
0x00, 0x00, 0x00, 0x00, 0x00, 0x00, 0x00, 0x00, 0x00, 0x00, 0x00, 0x00, 0x00, 0x00, 0x00, 0x00, 
0x00, 0x00, 0x00, 0x00, 0x00, 0x00, 0x00, 0x00, 0x00, 0x00, 0x00, 0x00, 0x00, 0x00, 0x00, 0x00, 
0x00, 0x00, 0x00, 0x00, 0x00, 0x00, 0x00, 0x00, 0x00, 0x00, 0x00, 0x00, 0x00, 0x00, 0x00, 0x00, 
0x00, 0x00, 0x00, 0x00, 0x00, 0x00, 0x00, 0x00, 0x00, 0x00, 0x00, 0x00, 0x00, 0x00, 0x00, 0x00, 
0x00, 0x00, 0x00, 0x00, 0x00, 0x00, 0x00, 0x00, 0x00, 0x00, 0x00, 0x00, 0x00, 0x00, 0x00, 0x00, 
0x00, 0x00, 0x00, 0x00, 0x00, 0x00, 0x00, 0x00, 0x00, 0x00, 0x00, 0x00, 0x00, 0x00, 0x00, 0x00, 
0x00, 0x00, 0x00, 0x00, 0x00, 0x00, 0x00, 0x00, 0x00, 0x00, 0x00, 0x00, 0x00, 0x00, 0x00, 0x00, 
0x00, 0x00, 0x00, 0x00, 0x00, 0x00, 0x00, 0x00, 0x00, 0x00, 0x00, 0x00, 0x00, 0x00, 0x00, 0x00, 
0x00, 0x00, 0x00, 0x00, 0x00, 0x00, 0x00, 0x00, 0x00, 0x00, 0x00, 0x00, 0x00, 0x00, 0x00, 0x00, 
0x00, 0x00, 0x00, 0x00, 0x00, 0x00, 0x00, 0x00, 0x00, 0x00, 0x00, 0x00, 0x00, 0x00, 0x00, 0x00, 
0x00, 0x00, 0x00, 0x00, 0x00, 0x00, 0x00, 0x00, 0x00, 0x00, 0x00, 0x00, 0x00, 0x00, 0x00, 0x00, 
0x00, 0x00, 0x00, 0x00, 0x00, 0x00, 0x00, 0x00, 0x00, 0x00, 0x00, 0x00, 0x00, 0x00, 0x00, 0x00, 
0x00, 0x00, 0x00, 0x00, 0x01, 0x6F, 0x01, 0x6F, 0x01, 0x6F, 0x00, 0x00, 0x00, 0x00, 0x00, 0x00, 
0x00, 0x00, 0x00, 0x00, 0x00, 0x00, 0x00, 0x00, 0x00, 0x00, 0x00, 0x00, 0x00, 0x00, 0x00, 0x00, 
0x00, 0x00, 0x00, 0x00, 0x00, 0x00, 0x00, 0x00, 0x00, 0x00, 0x00, 0x00, 0x00, 0x00, 0x00, 0x00, 
0x00, 0x00, 0x00, 0x00, 0x00, 0x00, 0x00, 0x00, 0x00, 0x00, 0x00, 0x00, 0x00, 0x00, 0x00, 0x00, 
0x01, 0x6F, 0x01, 0x6F, 0x03, 0x1F, 0x02, 0xBA, 0x01, 0x6F, 0xC6, 0x18, 0xC6, 0x18, 0xC6, 0x18, 
0xC6, 0x18, 0xC6, 0x18, 0xC6, 0x18, 0xC6, 0x18, 0x03, 0x1F, 0x00, 0x00, 0x00, 0x00, 0x00, 0x00, 
0x00, 0x00, 0x00, 0x00, 0x00, 0x00, 0x00, 0x00, 0x00, 0x00, 0x00, 0x00, 0x00, 0x00, 0x00, 0x00, 
0x00, 0x00, 0x00, 0x00, 0x00, 0x00, 0x00, 0x00, 0x00, 0x00, 0x00, 0x00, 0x01, 0x6F, 0x01, 0x6F, 
0x03, 0x1F, 0x03, 0x1F, 0x03, 0x1F, 0x02, 0xBA, 0x01, 0x6F, 0xEF, 0x5D, 0xEF, 0x5D, 0xEF, 0x5D, 
0xEF, 0x5D, 0xEF, 0x5D, 0xEF, 0x5D, 0xEF, 0x5D, 0x03, 0x1F, 0xEF, 0x5D, 0x00, 0x00, 0x00, 0x00, 
0x00, 0x00, 0x00, 0x00, 0x00, 0x00, 0x00, 0x00, 0x00, 0x00, 0x00, 0x00, 0x00, 0x00, 0x00, 0x00, 
0x00, 0x00, 0x00, 0x00, 0x00, 0x00, 0x00, 0x00, 0x00, 0x00, 0x01, 0x6F, 0x03, 0x1F, 0x3C, 0x5F, 
0x3C, 0x5F, 0x03, 0x1F, 0x03, 0x1F, 0x02, 0xBA, 0x01, 0x6F, 0xEF, 0x5D, 0xEF, 0x5D, 0xEF, 0x5D, 
0xEF, 0x5D, 0xEF, 0x5D, 0xEF, 0x5D, 0xEF, 0x5D, 0x03, 0x1F, 0xC6, 0x18, 0xAD, 0x55, 0x00, 0x00, 
0x00, 0x00, 0x00, 0x00, 0x00, 0x00, 0x00, 0x00, 0x00, 0x00, 0x00, 0x00, 0x00, 0x00, 0x00, 0x00, 
0x00, 0x00, 0x00, 0x00, 0x00, 0x00, 0x00, 0x00, 0x01, 0x6F, 0x03, 0x1F, 0x3C, 0x5F, 0x3C, 0x5F, 
0x3C, 0x5F, 0x03, 0x1F, 0x03, 0x1F, 0x02, 0xBA, 0x01, 0x6F, 0xD6, 0xBA, 0xD6, 0xBA, 0xD6, 0xBA, 
0xD6, 0xBA, 0xD6, 0xBA, 0xD6, 0xBA, 0xD6, 0xBA, 0x03, 0x1F, 0xC6, 0x18, 0xAD, 0x55, 0x7B, 0xCF, 
0x00, 0x00, 0x00, 0x00, 0x00, 0x00, 0x00, 0x00, 0x00, 0x00, 0x00, 0x00, 0x00, 0x00, 0x00, 0x00, 
0x00, 0x00, 0x00, 0x00, 0x00, 0x00, 0x00, 0x00, 0x01, 0x6F, 0x03, 0x1F, 0x3C, 0x5F, 0x3C, 0x5F, 
0x3C, 0x5F, 0x03, 0x1F, 0x03, 0x1F, 0x02, 0xBA, 0x01, 0x6F, 0xD6, 0xBA, 0xD6, 0xBA, 0xD6, 0xBA, 
0xD6, 0xBA, 0xD6, 0xBA, 0xD6, 0xBA, 0xD6, 0xBA, 0x03, 0x1F, 0xC6, 0x18, 0xAD, 0x55, 0x7B, 0xCF, 
0xAD, 0x55, 0xAE, 0x3F, 0xAE, 0x3F, 0xAE, 0x3F, 0x00, 0x00, 0x8B, 0x69, 0x8B, 0x69, 0x00, 0x00, 
0x00, 0x00, 0x00, 0x00, 0x00, 0x00, 0x00, 0x00, 0x01, 0x6F, 0x3C, 0x5F, 0x3C, 0x5F, 0x3C, 0x5F, 
0x3C, 0x5F, 0x03, 0x1F, 0x03, 0x1F, 0x02, 0xBA, 0x01, 0x6F, 0xC6, 0x18, 0xC6, 0x18, 0xC6, 0x18, 
0xC6, 0x18, 0xC6, 0x18, 0xC6, 0x18, 0xC6, 0x18, 0xC6, 0x18, 0xC6, 0x18, 0xAD, 0x55, 0x7B, 0xCF, 
0x94, 0x92, 0x75, 0x3F, 0x75, 0x3F, 0x75, 0x3F, 0x75, 0x3F, 0x8B, 0x69, 0x8B, 0x69, 0x00, 0x00, 
0x00, 0x00, 0x00, 0x00, 0x00, 0x00, 0x01, 0x6F, 0x02, 0xBA, 0x3C, 0x5F, 0x3C, 0x5F, 0x3C, 0x5F, 
0x03, 0x1F, 0x03, 0x1F, 0x03, 0x1F, 0x02, 0xBA, 0x01, 0x6F, 0xC6, 0x18, 0xC6, 0x18, 0x1C, 0x7E, 
0x5E, 0x7E, 0x5E, 0x7E, 0x1C, 0x7E, 0xC6, 0x18, 0xC6, 0x18, 0xAD, 0x55, 0xAD, 0x55, 0x7B, 0xCF, 
0x94, 0x92, 0x3C, 0x5F, 0x3C, 0x5F, 0x75, 0x3F, 0x75, 0x3F, 0x8B, 0x69, 0x8B, 0x69, 0x00, 0x00, 
0x00, 0x00, 0x00, 0x00, 0x01, 0x6F, 0x02, 0xBA, 0x02, 0xBA, 0x3C, 0x5F, 0x3C, 0x5F, 0x03, 0x1F, 
0x03, 0x1F, 0x03, 0x1F, 0x03, 0x1F, 0x02, 0xBA, 0x01, 0x6F, 0xC6, 0x18, 0xC6, 0x18, 0x1C, 0x7E, 
0x1C, 0x7E, 0x1C, 0x7E, 0x1C, 0x7E, 0xC6, 0x18, 0xAD, 0x55, 0xAD, 0x55, 0xAD, 0x55, 0x7B, 0xCF, 
0x94, 0x92, 0x3C, 0x5F, 0x3C, 0x5F, 0x3C, 0x5F, 0x3C, 0x5F, 0x8B, 0x69, 0x8B, 0x69, 0x00, 0x00, 
0x00, 0x00, 0x00, 0x00, 0x01, 0x6F, 0x02, 0xBA, 0x02, 0xBA, 0x03, 0x1F, 0x03, 0x1F, 0x03, 0x1F, 
0x03, 0x1F, 0x03, 0x1F, 0x03, 0x1F, 0x02, 0xBA, 0x01, 0x6F, 0xAD, 0x55, 0xC6, 0x18, 0xC6, 0x18, 
0xC6, 0x18, 0xC6, 0x18, 0xC6, 0x18, 0xC6, 0x18, 0xAD, 0x55, 0xAD, 0x55, 0xAD, 0x55, 0x7B, 0xCF, 
0x94, 0x92, 0x94, 0x92, 0x94, 0x92, 0x3C, 0x5F, 0x3C, 0x5F, 0x6A, 0x65, 0x6A, 0x65, 0x00, 0x00, 
0x00, 0x00, 0x00, 0x00, 0x01, 0x6F, 0x02, 0xBA, 0x02, 0xBA, 0x02, 0xBA, 0x03, 0x1F, 0x03, 0x1F, 
0x03, 0x1F, 0x03, 0x1F, 0x03, 0x1F, 0x02, 0xBA, 0x01, 0x6F, 0xAD, 0x55, 0xC6, 0x18, 0xC6, 0x18, 
0xC6, 0x18, 0xC6, 0x18, 0xC6, 0x18, 0x75, 0x3F, 0x03, 0x1F, 0xAD, 0x55, 0xAD, 0x55, 0x7B, 0xCF, 
0x94, 0x92, 0x94, 0x92, 0x94, 0x92, 0x3C, 0x5F, 0x3C, 0x5F, 0x6A, 0x65, 0x6A, 0x65, 0x00, 0x00, 
0x00, 0x00, 0x00, 0x00, 0x01, 0x6F, 0x03, 0x1F, 0x03, 0x1F, 0x02, 0xBA, 0x02, 0xBA, 0x03, 0x1F, 
0x03, 0x1F, 0x03, 0x1F, 0x02, 0xBA, 0x02, 0xBA, 0x01, 0x6F, 0xAD, 0x55, 0xAD, 0x55, 0xAD, 0x55, 
0xAD, 0x55, 0xAD, 0x55, 0xAD, 0x55, 0x03, 0x1F, 0x03, 0x1F, 0xAD, 0x55, 0xAD, 0x55, 0x7B, 0xCF, 
0x94, 0x92, 0x94, 0x92, 0x94, 0x92, 0x02, 0xBA, 0x02, 0xBA, 0x6A, 0x65, 0x6A, 0x65, 0x00, 0x00, 
0x00, 0x00, 0x00, 0x00, 0x01, 0x6F, 0x3C, 0x5F, 0x3C, 0x5F, 0x03, 0x1F, 0x02, 0xBA, 0x03, 0x1F, 
0x02, 0xBA, 0x02, 0xBA, 0x02, 0xBA, 0x02, 0xBA, 0x01, 0x6F, 0xAD, 0x55, 0xAD, 0x55, 0xAD, 0x55, 
0xAD, 0x55, 0xAD, 0x55, 0xAD, 0x55, 0xAD, 0x55, 0xAD, 0x55, 0x94, 0x92, 0x94, 0x92, 0x7B, 0xCF, 
0x94, 0x92, 0x94, 0x92, 0x94, 0x92, 0x94, 0x92, 0x94, 0x92, 0x7B, 0xCF, 0x00, 0x00, 0x00, 0x00, 
0x00, 0x00, 0x00, 0x00, 0x01, 0x6F, 0x3C, 0x5F, 0x3C, 0x5F, 0x3C, 0x5F, 0x03, 0x1F, 0x02, 0xBA, 
0x02, 0xBA, 0x02, 0xBA, 0x02, 0x15, 0x02, 0x15, 0x01, 0x6F, 0xAD, 0x55, 0xAD, 0x55, 0xAD, 0x55, 
0xAD, 0x55, 0xAD, 0x55, 0xAD, 0x55, 0xAD, 0x55, 0x94, 0x92, 0x94, 0x92, 0x94, 0x92, 0x7B, 0xCF, 
0x94, 0x92, 0x94, 0x92, 0x94, 0x92, 0x94, 0x92, 0x94, 0x92, 0x7B, 0xCF, 0x00, 0x00, 0x00, 0x00, 
0x00, 0x00, 0x00, 0x00, 0x01, 0x6F, 0x3C, 0x5F, 0x3C, 0x5F, 0x3C, 0x5F, 0x03, 0x1F, 0x02, 0xBA, 
0x02, 0xBA, 0x02, 0x15, 0x02, 0x15, 0x02, 0x15, 0x01, 0x6F, 0x94, 0x92, 0xAD, 0x55, 0xAD, 0x55, 
0xAD, 0x55, 0x94, 0x92, 0x94, 0x92, 0x94, 0x92, 0x94, 0x92, 0x94, 0x92, 0x7B, 0xCF, 0x94, 0x92, 
0x94, 0x92, 0x75, 0x3F, 0x03, 0x1F, 0x94, 0x92, 0x94, 0x92, 0x7B, 0xCF, 0x00, 0x00, 0x00, 0x00, 
0x00, 0x00, 0x00, 0x00, 0x01, 0x6F, 0x03, 0x1F, 0x3C, 0x5F, 0x3C, 0x5F, 0x03, 0x1F, 0x03, 0x1F, 
0x02, 0xBA, 0x02, 0x15, 0x02, 0x15, 0x02, 0x15, 0x01, 0x6F, 0x94, 0x92, 0x94, 0x92, 0x94, 0x92, 
0x94, 0x92, 0x94, 0x92, 0x94, 0x92, 0x94, 0x92, 0x94, 0x92, 0x94, 0x92, 0x7B, 0xCF, 0x94, 0x92, 
0x94, 0x92, 0x03, 0x1F, 0x03, 0x1F, 0x94, 0x92, 0x94, 0x92, 0x8B, 0x69, 0x8B, 0x69, 0x00, 0x00, 
0x00, 0x00, 0x00, 0x00, 0x01, 0x6F, 0x03, 0x1F, 0x03, 0x1F, 0x3C, 0x5F, 0x03, 0x1F, 0x03, 0x1F, 
0x02, 0xBA, 0x02, 0x15, 0x02, 0x15, 0x02, 0x15, 0x01, 0x6F, 0x01, 0x6F, 0x94, 0x92, 0x94, 0x92, 
0x94, 0x92, 0x94, 0x92, 0x94, 0x92, 0x94, 0x92, 0x94, 0x92, 0x94, 0x92, 0x7B, 0xCF, 0x94, 0x92, 
0x94, 0x92, 0x94, 0x92, 0x94, 0x92, 0x94, 0x92, 0x7B, 0xCF, 0x6A, 0x65, 0x6A, 0x65, 0x00, 0x00, 
0x00, 0x00, 0x00, 0x00, 0x01, 0x6F, 0x03, 0x1F, 0x03, 0x1F, 0x03, 0x1F, 0x03, 0x1F, 0x03, 0x1F, 
0x03, 0x1F, 0x02, 0xBA, 0x02, 0x15, 0x02, 0x15, 0x01, 0x6F, 0x01, 0x6F, 0x94, 0x92, 0x94, 0x92, 
0x94, 0x92, 0x94, 0x92, 0x94, 0x92, 0x94, 0x92, 0x94, 0x92, 0x94, 0x92, 0x7B, 0xCF, 0x94, 0x92, 
0x94, 0x92, 0x94, 0x92, 0x94, 0x92, 0x94, 0x92, 0x7B, 0xCF, 0x6A, 0x65, 0x6A, 0x65, 0x00, 0x00, 
0x00, 0x00, 0x00, 0x00, 0x00, 0x00, 0x01, 0x6F, 0x02, 0xBA, 0x03, 0x1F, 0x03, 0x1F, 0x03, 0x1F, 
0x03, 0x1F, 0x02, 0xBA, 0x02, 0xBA, 0x02, 0x15, 0x01, 0x6F, 0x01, 0x6F, 0x01, 0x6F, 0x94, 0x92, 
0x94, 0x92, 0x94, 0x92, 0x94, 0x92, 0x94, 0x92, 0x94, 0x92, 0x94, 0x92, 0x7B, 0xCF, 0x94, 0x92, 
0x94, 0x92, 0x94, 0x92, 0x94, 0x92, 0x94, 0x92, 0x7B, 0xCF, 0x6A, 0x65, 0x00, 0x00, 0x00, 0x00, 
0x00, 0x00, 0x00, 0x00, 0x00, 0x00, 0x01, 0x6F, 0x02, 0xBA, 0x02, 0xBA, 0x03, 0x1F, 0x03, 0x1F, 
0x03, 0x1F, 0x03, 0x1F, 0x02, 0xBA, 0x02, 0x15, 0x01, 0x6F, 0x01, 0x6F, 0x01, 0x6F, 0x94, 0x92, 
0x94, 0x92, 0x94, 0x92, 0x94, 0x92, 0x94, 0x92, 0x94, 0x92, 0x94, 0x92, 0x7B, 0xCF, 0x7B, 0xCF, 
0x7B, 0xCF, 0x7B, 0xCF, 0x94, 0x92, 0x94, 0x92, 0x7B, 0xCF, 0x00, 0x00, 0x00, 0x00, 0x00, 0x00, 
0x00, 0x00, 0x00, 0x00, 0x01, 0x6F, 0x3C, 0x5F, 0x02, 0xBA, 0x02, 0xBA, 0x02, 0xBA, 0x02, 0xBA, 
0x03, 0x1F, 0x03, 0x1F, 0x03, 0x1F, 0x02, 0xBA, 0x01, 0x6F, 0x01, 0x6F, 0x01, 0x6F, 0x01, 0x6F, 
0x94, 0x92, 0x94, 0x92, 0x94, 0x92, 0x94, 0x92, 0x94, 0x92, 0x94, 0x92, 0x7B, 0xCF, 0x00, 0x00, 
0x00, 0x00, 0x7B, 0xCF, 0x94, 0x92, 0x94, 0x92, 0x7B, 0xCF, 0x00, 0x00, 0x00, 0x00, 0x00, 0x00, 
0x00, 0x00, 0x00, 0x00, 0x01, 0x6F, 0x3C, 0x5F, 0x03, 0x1F, 0x02, 0xBA, 0x02, 0xBA, 0x02, 0xBA, 
0x02, 0xBA, 0x03, 0x1F, 0x03, 0x1F, 0x02, 0xBA, 0x02, 0xBA, 0x01, 0x6F, 0x01, 0x6F, 0x01, 0x6F, 
0x01, 0x6F, 0x94, 0x92, 0x94, 0x92, 0x94, 0x92, 0x94, 0x92, 0x7B, 0xCF, 0x00, 0x00, 0x00, 0x00, 
0x00, 0x00, 0x7B, 0xCF, 0x94, 0x92, 0x94, 0x92, 0x7B, 0xCF, 0x00, 0x00, 0x00, 0x00, 0x00, 0x00, 
0x00, 0x00, 0x00, 0x00, 0x01, 0x6F, 0x3C, 0x5F, 0x03, 0x1F, 0x02, 0xBA, 0x02, 0x15, 0x02, 0x15, 
0x02, 0xBA, 0x02, 0xBA, 0x03, 0x1F, 0x03, 0x1F, 0x02, 0xBA, 0x01, 0x6F, 0x01, 0x6F, 0x01, 0x6F, 
0x01, 0x6F, 0x94, 0x92, 0x94, 0x92, 0x94, 0x92, 0x7B, 0xCF, 0x00, 0x00, 0x00, 0x00, 0x00, 0x00, 
0x00, 0x00, 0x7B, 0xCF, 0x94, 0x92, 0x7B, 0xCF, 0x00, 0x00, 0x00, 0x00, 0x00, 0x00, 0x00, 0x00, 
0x00, 0x00, 0x01, 0x6F, 0x03, 0x1F, 0x03, 0x1F, 0x02, 0xBA, 0x02, 0xBA, 0x02, 0x15, 0x02, 0x15, 
0x02, 0x15, 0x02, 0xBA, 0x02, 0xBA, 0x03, 0x1F, 0x02, 0xBA, 0x02, 0xBA, 0x01, 0x6F, 0x01, 0x6F, 
0x01, 0x6F, 0x7B, 0xCF, 0x7B, 0xCF, 0x7B, 0xCF, 0x00, 0x00, 0x00, 0x00, 0x00, 0x00, 0x00, 0x00, 
0x7B, 0xCF, 0x94, 0x92, 0x94, 0x92, 0x7B, 0xCF, 0x00, 0x00, 0x00, 0x00, 0x00, 0x00, 0x00, 0x00, 
0x00, 0x00, 0x01, 0x6F, 0x02, 0xBA, 0x02, 0xBA, 0x02, 0xBA, 0x02, 0xBA, 0x02, 0x15, 0x02, 0x15, 
0x02, 0x15, 0x02, 0x15, 0x02, 0xBA, 0x03, 0x1F, 0x03, 0x1F, 0x02, 0xBA, 0x01, 0x6F, 0x01, 0x6F, 
0x01, 0x6F, 0x00, 0x00, 0x00, 0x00, 0x00, 0x00, 0x00, 0x00, 0x00, 0x00, 0x00, 0x00, 0x00, 0x00, 
0x7B, 0xCF, 0x94, 0x92, 0x94, 0x92, 0x7B, 0xCF, 0x00, 0x00, 0x00, 0x00, 0x00, 0x00, 0x00, 0x00, 
0x00, 0x00, 0x00, 0x00, 0x01, 0x6F, 0x02, 0xBA, 0x02, 0xBA, 0x02, 0xBA, 0x02, 0x15, 0x01, 0x6F, 
0x01, 0x6F, 0x01, 0x6F, 0x02, 0x15, 0x03, 0x1F, 0x03, 0x1F, 0x02, 0xBA, 0x01, 0x6F, 0x01, 0x6F, 
0x00, 0x00, 0x00, 0x00, 0x00, 0x00, 0x00, 0x00, 0x00, 0x00, 0x00, 0x00, 0x00, 0x00, 0x00, 0x00, 
0x7B, 0xCF, 0x94, 0x92, 0x94, 0x92, 0x7B, 0xCF, 0x00, 0x00, 0x00, 0x00, 0x00, 0x00, 0x00, 0x00, 
0x00, 0x00, 0x00, 0x00, 0x00, 0x00, 0x01, 0x6F, 0x01, 0x6F, 0x01, 0x6F, 0x01, 0x6F, 0x00, 0x00, 
0x00, 0x00, 0x00, 0x00, 0x01, 0x6F, 0x01, 0x6F, 0x01, 0x6F, 0x01, 0x6F, 0x00, 0x00, 0x00, 0x00, 
0x00, 0x00, 0x00, 0x00, 0x00, 0x00, 0x00, 0x00, 0x00, 0x00, 0x00, 0x00, 0x00, 0x00, 0x7B, 0xCF, 
0x94, 0x92, 0x94, 0x92, 0x7B, 0xCF, 0x00, 0x00, 0x00, 0x00, 0x00, 0x00, 0x00, 0x00, 0x00, 0x00, 
0x00, 0x00, 0x00, 0x00, 0x00, 0x00, 0x00, 0x00, 0x00, 0x00, 0x00, 0x00, 0x00, 0x00, 0x00, 0x00, 
0x00, 0x00, 0x00, 0x00, 0x00, 0x00, 0x00, 0x00, 0x00, 0x00, 0x00, 0x00, 0x00, 0x00, 0x00, 0x00, 
0x00, 0x00, 0x00, 0x00, 0x00, 0x00, 0x00, 0x00, 0x00, 0x00, 0x00, 0x00, 0x00, 0x00, 0x7B, 0xCF, 
0x7B, 0xCF, 0x7B, 0xCF, 0x00, 0x00, 0x00, 0x00, 0x00, 0x00, 0x00, 0x00, 0x00, 0x00, 0x00, 0x00
}
},
{
{
0x00, 0x00, 0x00, 0x00, 0x00, 0x00, 0x00, 0x00, 0x00, 0x00, 0x00, 0x00, 0x00, 0x00, 0x00, 0x00, 
0x00, 0x00, 0x00, 0x00, 0x00, 0x00, 0x00, 0x00, 0x00, 0x00, 0x00, 0x00, 0x00, 0x00, 0x00, 0x00, 
0x00, 0x00, 0x00, 0x00, 0x00, 0x00, 0x00, 0x00, 0x00, 0x00, 0x00, 0x00, 0x00, 0x00, 0x00, 0x00, 
0x00, 0x00, 0x00, 0x00, 0x7B, 0xCF, 0x7B, 0xCF, 0x00, 0x00, 0x00, 0x00, 0x00, 0x00, 0x00, 0x00, 
0x00, 0x00, 0x00, 0x00, 0x01, 0x6F, 0x01, 0x6F, 0x01, 0x6F, 0x01, 0x6F, 0x00, 0x00, 0x00, 0x00, 
0x00, 0x00, 0x01, 0x6F, 0x01, 0x6F, 0x01, 0x6F, 0x01, 0x6F, 0x00, 0x00, 0x00, 0x00, 0x00, 0x00, 
0x00, 0x00, 0x00, 0x00, 0x00, 0x00, 0x00, 0x00, 0x00, 0x00, 0x00, 0x00, 0x00, 0x00, 0x00, 0x00, 
0x00, 0x00, 0x7B, 0xCF, 0x94, 0x92, 0x7B, 0xCF, 0x00, 0x00, 0x00, 0x00, 0x00, 0x00, 0x00, 0x00, 
0x00, 0x00, 0x01, 0x6F, 0x02, 0xBA, 0x02, 0xBA, 0x02, 0xBA, 0x02, 0x15, 0x01, 0x6F, 0x01, 0x6F, 
0x01, 0x6F, 0x02, 0x15, 0x03, 0x1F, 0x03, 0x1F, 0x02, 0xBA, 0x01, 0x6F, 0x01, 0x6F, 0x00, 0x00, 
0x00, 0x00, 0x00, 0x00, 0x00, 0x00, 0x00, 0x00, 0x00, 0x00, 0x00, 0x00, 0x00, 0x00, 0x00, 0x00, 
0x00, 0x00, 0x7B, 0xCF, 0x94, 0x92, 0x7B, 0xCF, 0x00, 0x00, 0x00, 0x00, 0x00, 0x00, 0x00, 0x00, 
0x01, 0x6F, 0x02, 0xBA, 0x02, 0xBA, 0x02, 0xBA, 0x02, 0xBA, 0x02, 0x15, 0x02, 0x15, 0x02, 0x15, 
0x02, 0x15, 0x02, 0xBA, 0x03, 0x1F, 0x03, 0x1F, 0x02, 0xBA, 0x01, 0x6F, 0x01, 0x6F, 0x01, 0x6F, 
0x00, 0x00, 0x00, 0x00, 0x00, 0x00, 0x00, 0x00, 0x00, 0x00, 0x00, 0x00, 0x00, 0x00, 0x00, 0x00, 
0x00, 0x00, 0x7B, 0xCF, 0x94, 0x92, 0x7B, 0xCF, 0x00, 0x00, 0x00, 0x00, 0x00, 0x00, 0x00, 0x00, 
0x01, 0x6F, 0x03, 0x1F, 0x03, 0x1F, 0x02, 0xBA, 0x02, 0xBA, 0x02, 0x15, 0x02, 0x15, 0x02, 0x15, 
0x02, 0xBA, 0x02, 0xBA, 0x03, 0x1F, 0x02, 0xBA, 0x02, 0xBA, 0x01, 0x6F, 0x01, 0x6F, 0x01, 0x6F, 
0x7B, 0xCF, 0x7B, 0xCF, 0x7B, 0xCF, 0x00, 0x00, 0x00, 0x00, 0x00, 0x00, 0x00, 0x00, 0x00, 0x00, 
0x00, 0x00, 0x7B, 0xCF, 0x94, 0x92, 0x7B, 0xCF, 0x00, 0x00, 0x00, 0x00, 0x00, 0x00, 0x00, 0x00, 
0x00, 0x00, 0x01, 0x6F, 0x3C, 0x5F, 0x03, 0x1F, 0x02, 0xBA, 0x02, 0x15, 0x02, 0x15, 0x02, 0xBA, 
0x02, 0xBA, 0x03, 0x1F, 0x03, 0x1F, 0x02, 0xBA, 0x01, 0x6F, 0x01, 0x6F, 0x01, 0x6F, 0x01, 0x6F, 
0x94, 0x92, 0x94, 0x92, 0x94, 0x92, 0x7B, 0xCF, 0x00, 0x00, 0x00, 0x00, 0x00, 0x00, 0x00, 0x00, 
0x7B, 0xCF, 0x94, 0x92, 0x94, 0x92, 0x7B, 0xCF, 0x00, 0x00, 0x00, 0x00, 0x00, 0x00, 0x00, 0x00, 
0x00, 0x00, 0x01, 0x6F, 0x3C, 0x5F, 0x03, 0x1F, 0x02, 0xBA, 0x02, 0xBA, 0x02, 0xBA, 0x02, 0xBA, 
0x03, 0x1F, 0x03, 0x1F, 0x02, 0xBA, 0x02, 0xBA, 0x01, 0x6F, 0x01, 0x6F, 0x01, 0x6F, 0x01, 0x6F, 
0x94, 0x92, 0x94, 0x92, 0x94, 0x92, 0x94, 0x92, 0x7B, 0xCF, 0x00, 0x00, 0x00, 0x00, 0x00, 0x00, 
0x7B, 0xCF, 0x94, 0x92, 0x94, 0x92, 0x7B, 0xCF, 0x00, 0x00, 0x00, 0x00, 0x00, 0x00, 0x00, 0x00, 
0x00, 0x00, 0x01, 0x6F, 0x3C, 0x5F, 0x02, 0xBA, 0x02, 0xBA, 0x02, 0xBA, 0x02, 0xBA, 0x03, 0x1F, 
0x03, 0x1F, 0x03, 0x1F, 0x02, 0xBA, 0x01, 0x6F, 0x01, 0x6F, 0x01, 0x6F, 0x01, 0x6F, 0x94, 0x92, 
0x94, 0x92, 0x94, 0x92, 0x94, 0x92, 0x94, 0x92, 0x94, 0x92, 0x7B, 0xCF, 0x00, 0x00, 0x00, 0x00, 
0x7B, 0xCF, 0x94, 0x92, 0x94, 0x92, 0x7B, 0xCF, 0x00, 0x00, 0x00, 0x00, 0x00, 0x00, 0x00, 0x00, 
0x00, 0x00, 0x00, 0x00, 0x01, 0x6F, 0x02, 0xBA, 0x02, 0xBA, 0x03, 0x1F, 0x03, 0x1F, 0x03, 0x1F, 
0x03, 0x1F, 0x02, 0xBA, 0x02, 0x15, 0x01, 0x6F, 0x01, 0x6F, 0x01, 0x6F, 0x94, 0x92, 0x94, 0x92, 
0x94, 0x92, 0x94, 0x92, 0x94, 0x92, 0x94, 0x92, 0x94, 0x92, 0x7B, 0xCF, 0x7B, 0xCF, 0x7B, 0xCF, 
0x7B, 0xCF, 0x94, 0x92, 0x94, 0x92, 0x7B, 0xCF, 0x00, 0x00, 0x00, 0x00, 0x00, 0x00, 0x00, 0x00, 
0x00, 0x00, 0x00, 0x00, 0x01, 0x6F, 0x02, 0xBA, 0x03, 0x1F, 0x03, 0x1F, 0x03, 0x1F, 0x03, 0x1F, 
0x02, 0xBA, 0x02, 0xBA, 0x02, 0x15, 0x01, 0x6F, 0x01, 0x6F, 0x01, 0x6F, 0x94, 0x92, 0x94, 0x92, 
0x94, 0x92, 0x94, 0x92, 0x94, 0x92, 0x94, 0x92, 0x94, 0x92, 0x7B, 0xCF, 0x94, 0x92, 0x94, 0x92, 
0x94, 0x92, 0x94, 0x92, 0x94, 0x92, 0x7B, 0xCF, 0x00, 0x00, 0x00, 0x00, 0x00, 0x00, 0x00, 0x00, 
0x00, 0x00, 0x01, 0x6F, 0x03, 0x1F, 0x03, 0x1F, 0x03, 0x1F, 0x03, 0x1F, 0x03, 0x1F, 0x03, 0x1F, 
0x02, 0xBA, 0x02, 0x15, 0x02, 0x15, 0x01, 0x6F, 0x01, 0x6F, 0x94, 0x92, 0x94, 0x92, 0x94, 0x92, 
0x94, 0x92, 0x94, 0x92, 0x94, 0x92, 0x94, 0x92, 0x94, 0x92, 0x7B, 0xCF, 0x94, 0x92, 0x94, 0x92, 
0x75, 0x3F, 0x03, 0x1F, 0x94, 0x92, 0x7B, 0xCF, 0x00, 0x00, 0x00, 0x00, 0x00, 0x00, 0x00, 0x00, 
0x00, 0x00, 0x01, 0x6F, 0x03, 0x1F, 0x03, 0x1F, 0x3C, 0x5F, 0x03, 0x1F, 0x03, 0x1F, 0x02, 0xBA, 
0x02, 0x15, 0x02, 0x15, 0x02, 0x15, 0x01, 0x6F, 0x01, 0x6F, 0x94, 0x92, 0x94, 0x92, 0x94, 0x92, 
0x94, 0x92, 0x94, 0x92, 0x94, 0x92, 0x94, 0x92, 0x94, 0x92, 0x7B, 0xCF, 0x94, 0x92, 0x94, 0x92, 
0x03, 0x1F, 0x03, 0x1F, 0x94, 0x92, 0x7B, 0xCF, 0x00, 0x00, 0x00, 0x00, 0x00, 0x00, 0x00, 0x00, 
0x00, 0x00, 0x01, 0x6F, 0x03, 0x1F, 0x3C, 0x5F, 0x3C, 0x5F, 0x03, 0x1F, 0x03, 0x1F, 0x02, 0xBA, 
0x02, 0x15, 0x02, 0x15, 0x02, 0x15, 0x01, 0x6F, 0x94, 0x92, 0x94, 0x92, 0x94, 0x92, 0x94, 0x92, 
0x94, 0x92, 0x94, 0x92, 0x94, 0x92, 0x94, 0x92, 0x94, 0x92, 0x7B, 0xCF, 0x94, 0x92, 0x94, 0x92, 
0x94, 0x92, 0x94, 0x92, 0x94, 0x92, 0x94, 0x92, 0x6A, 0x65, 0x6A, 0x65, 0x00, 0x00, 0x00, 0x00, 
0x00, 0x00, 0x01, 0x6F, 0x3C, 0x5F, 0x3C, 0x5F, 0x3C, 0x5F, 0x03, 0x1F, 0x02, 0xBA, 0x02, 0xBA, 
0x02, 0x15, 0x02, 0x15, 0x02, 0x15, 0x01, 0x6F, 0x94, 0x92, 0xAD, 0x55, 0xAD, 0x55, 0xAD, 0x55, 
0x94, 0x92, 0x94, 0x92, 0x94, 0x92, 0x94, 0x92, 0x94, 0x92, 0x7B, 0xCF, 0x94, 0x92, 0x94, 0x92, 
0x94, 0x92, 0x94, 0x92, 0x94, 0x92, 0x94, 0x92, 0x6A, 0x65, 0x6A, 0x65, 0x00, 0x00, 0x00, 0x00, 
0x00, 0x00, 0x01, 0x6F, 0x3C, 0x5F, 0x3C, 0x5F, 0x3C, 0x5F, 0x03, 0x1F, 0x02, 0xBA, 0x02, 0xBA, 
0x02, 0xBA, 0x02, 0x15, 0x02, 0x15, 0x01, 0x6F, 0xAD, 0x55, 0xAD, 0x55, 0xAD, 0x55, 0xAD, 0x55, 
0xAD, 0x55, 0xAD, 0x55, 0xAD, 0x55, 0x94, 0x92, 0x94, 0x92, 0x94, 0x92, 0x7B, 0xCF, 0x94, 0x92, 
0x94, 0x92, 0x94, 0x92, 0x94, 0x92, 0x94, 0x92, 0x6A, 0x65, 0x6A, 0x65, 0x00, 0x00, 0x00, 0x00, 
0x00, 0x00, 0x01, 0x6F, 0x3C, 0x5F, 0x3C, 0x5F, 0x03, 0x1F, 0x02, 0xBA, 0x03, 0x1F, 0x02, 0xBA, 
0x02, 0xBA, 0x02, 0xBA, 0x02, 0xBA, 0x01, 0x6F, 0xAD, 0x55, 0xAD, 0x55, 0xAD, 0x55, 0xAD, 0x55, 
0xAD, 0x55, 0xAD, 0x55, 0xAD, 0x55, 0xAD, 0x55, 0x94, 0x92, 0x94, 0x92, 0x7B, 0xCF, 0x94, 0x92, 
0x94, 0x92, 0x94, 0x92, 0x94, 0x92, 0x94, 0x92, 0x6A, 0x65, 0x8B, 0x69, 0x00, 0x00, 0x00, 0x00, 
0x00, 0x00, 0x01, 0x6F, 0x03, 0x1F, 0x03, 0x1F, 0x02, 0xBA, 0x02, 0xBA, 0x03, 0x1F, 0x03, 0x1F, 
0x03, 0x1F, 0x02, 0xBA, 0x02, 0xBA, 0x01, 0x6F, 0xAD, 0x55, 0xAD, 0x55, 0xAD, 0x55, 0xAD, 0x55, 
0xAD, 0x55, 0xAD, 0x55, 0x75, 0x3F, 0x03, 0x1F, 0xAD, 0x55, 0xAD, 0x55, 0x7B, 0xCF, 0x94, 0x92, 
0x94, 0x92, 0x94, 0x92, 0x02, 0xBA, 0x02, 0xBA, 0x8B, 0x69, 0x8B, 0x69, 0x00, 0x00, 0x00, 0x00, 
0x00, 0x00, 0x01, 0x6F, 0x02, 0xBA, 0x02, 0xBA, 0x02, 0xBA, 0x03, 0x1F, 0x03, 0x1F, 0x03, 0x1F, 
0x03, 0x1F, 0x03, 0x1F, 0x02, 0xBA, 0x01, 0x6F, 0xAD, 0x55, 0xC6, 0x18, 0xC6, 0x18, 0xC6, 0x18, 
0xC6, 0x18, 0xC6, 0x18, 0x03, 0x1F, 0x03, 0x1F, 0xAD, 0x55, 0xAD, 0x55, 0x7B, 0xCF, 0x94, 0x92, 
0x94, 0x92, 0x94, 0x92, 0x3C, 0x5F, 0x3C, 0x5F, 0x8B, 0x69, 0x8B, 0x69, 0x00, 0x00, 0x00, 0x00, 
0x00, 0x00, 0x01, 0x6F, 0x02, 0xBA, 0x02, 0xBA, 0x03, 0x1F, 0x03, 0x1F, 0x03, 0x1F, 0x03, 0x1F, 
0x03, 0x1F, 0x03, 0x1F, 0x02, 0xBA, 0x01, 0x6F, 0xAD, 0x55, 0xC6, 0x18, 0xC6, 0x18, 0xC6, 0x18, 
0xC6, 0x18, 0xC6, 0x18, 0xC6, 0x18, 0xAD, 0x55, 0xAD, 0x55, 0xAD, 0x55, 0x7B, 0xCF, 0x94, 0x92, 
0x94, 0x92, 0x94, 0x92, 0x3C, 0x5F, 0x3C, 0x5F, 0x8B, 0x69, 0x8B, 0x69, 0x00, 0x00, 0x00, 0x00, 
0x00, 0x00, 0x01, 0x6F, 0x02, 0xBA, 0x02, 0xBA, 0x3C, 0x5F, 0x3C, 0x5F, 0x03, 0x1F, 0x03, 0x1F, 
0x03, 0x1F, 0x03, 0x1F, 0x02, 0xBA, 0x01, 0x6F, 0xC6, 0x18, 0xC6, 0x18, 0x1C, 0x7E, 0x1C, 0x7E, 
0x1C, 0x7E, 0x1C, 0x7E, 0xC6, 0x18, 0xAD, 0x55, 0xAD, 0x55, 0xAD, 0x55, 0x7B, 0xCF, 0x94, 0x92, 
0x3C, 0x5F, 0x3C, 0x5F, 0x3C, 0x5F, 0x75, 0x3F, 0x8B, 0x69, 0x8B, 0x69, 0x00, 0x00, 0x00, 0x00, 
0x00, 0x00, 0x00, 0x00, 0x01, 0x6F, 0x02, 0xBA, 0x3C, 0x5F, 0x3C, 0x5F, 0x3C, 0x5F, 0x03, 0x1F, 
0x03, 0x1F, 0x03, 0x1F, 0x02, 0xBA, 0x01, 0x6F, 0xC6, 0x18, 0xC6, 0x18, 0x1C, 0x7E, 0x5E, 0x7E, 
0x5E, 0x7E, 0x1C, 0x7E, 0xC6, 0x18, 0xC6, 0x18, 0xAD, 0x55, 0xAD, 0x55, 0x7B, 0xCF, 0x94, 0x92, 
0x3C, 0x5F, 0x75, 0x3F, 0x75, 0x3F, 0x75, 0x3F, 0x7B, 0xCF, 0x00, 0x00, 0x00, 0x00, 0x00, 0x00, 
0x00, 0x00, 0x00, 0x00, 0x00, 0x00, 0x01, 0x6F, 0x3C, 0x5F, 0x3C, 0x5F, 0x3C, 0x5F, 0x3C, 0x5F, 
0x03, 0x1F, 0x03, 0x1F, 0x02, 0xBA, 0x01, 0x6F, 0xC6, 0x18, 0xC6, 0x18, 0xC6, 0x18, 0xC6, 0x18, 
0xC6, 0x18, 0xC6, 0x18, 0xC6, 0x18, 0xC6, 0x18, 0xC6, 0x18, 0xAD, 0x55, 0x7B, 0xCF, 0x94, 0x92, 
0x75, 0x3F, 0x75, 0x3F, 0x75, 0x3F, 0x75, 0x3F, 0x00, 0x00, 0x00, 0x00, 0x00, 0x00, 0x00, 0x00, 
0x00, 0x00, 0x00, 0x00, 0x00, 0x00, 0x01, 0x6F, 0x03, 0x1F, 0x3C, 0x5F, 0x3C, 0x5F, 0x3C, 0x5F, 
0x03, 0x1F, 0x03, 0x1F, 0x02, 0xBA, 0x01, 0x6F, 0xD6, 0xBA, 0xD6, 0xBA, 0xD6, 0xBA, 0xD6, 0xBA, 
0xD6, 0xBA, 0xD6, 0xBA, 0xD6, 0xBA, 0x03, 0x1F, 0xC6, 0x18, 0xAD, 0x55, 0x7B, 0xCF, 0xAD, 0x55, 
0xAE, 0x3F, 0xAE, 0x3F, 0xAE, 0x3F, 0x00, 0x00, 0x00, 0x00, 0x00, 0x00, 0x00, 0x00, 0x00, 0x00, 
0x00, 0x00, 0x00, 0x00, 0x00, 0x00, 0x01, 0x6F, 0x03, 0x1F, 0x3C, 0x5F, 0x3C, 0x5F, 0x3C, 0x5F, 
0x03, 0x1F, 0x03, 0x1F, 0x02, 0xBA, 0x01, 0x6F, 0xD6, 0xBA, 0xD6, 0xBA, 0xD6, 0xBA, 0xD6, 0xBA, 
0xD6, 0xBA, 0xD6, 0xBA, 0xD6, 0xBA, 0x03, 0x1F, 0xC6, 0x18, 0xAD, 0x55, 0x7B, 0xCF, 0x00, 0x00, 
0x00, 0x00, 0x00, 0x00, 0x00, 0x00, 0x00, 0x00, 0x00, 0x00, 0x00, 0x00, 0x00, 0x00, 0x00, 0x00, 
0x00, 0x00, 0x00, 0x00, 0x00, 0x00, 0x00, 0x00, 0x01, 0x6F, 0x03, 0x1F, 0x3C, 0x5F, 0x3C, 0x5F, 
0x03, 0x1F, 0x03, 0x1F, 0x02, 0xBA, 0x01, 0x6F, 0xEF, 0x5D, 0xEF, 0x5D, 0xEF, 0x5D, 0xEF, 0x5D, 
0xEF, 0x5D, 0xEF, 0x5D, 0xEF, 0x5D, 0x03, 0x1F, 0xC6, 0x18, 0xAD, 0x55, 0x00, 0x00, 0x00, 0x00, 
0x00, 0x00, 0x00, 0x00, 0x00, 0x00, 0x00, 0x00, 0x00, 0x00, 0x00, 0x00, 0x00, 0x00, 0x00, 0x00, 
0x00, 0x00, 0x00, 0x00, 0x00, 0x00, 0x00, 0x00, 0x00, 0x00, 0x01, 0x6F, 0x01, 0x6F, 0x03, 0x1F, 
0x03, 0x1F, 0x03, 0x1F, 0x02, 0xBA, 0x01, 0x6F, 0xEF, 0x5D, 0xEF, 0x5D, 0xEF, 0x5D, 0xEF, 0x5D, 
0xEF, 0x5D, 0xEF, 0x5D, 0xEF, 0x5D, 0x03, 0x1F, 0xEF, 0x5D, 0x00, 0x00, 0x00, 0x00, 0x00, 0x00, 
0x00, 0x00, 0x00, 0x00, 0x00, 0x00, 0x00, 0x00, 0x00, 0x00, 0x00, 0x00, 0x00, 0x00, 0x00, 0x00, 
0x00, 0x00, 0x00, 0x00, 0x00, 0x00, 0x00, 0x00, 0x00, 0x00, 0x00, 0x00, 0x00, 0x00, 0x01, 0x6F, 
0x01, 0x6F, 0x03, 0x1F, 0x02, 0xBA, 0x01, 0x6F, 0xC6, 0x18, 0xC6, 0x18, 0xC6, 0x18, 0xC6, 0x18, 
0xC6, 0x18, 0xC6, 0x18, 0xC6, 0x18, 0x03, 0x1F, 0x00, 0x00, 0x00, 0x00, 0x00, 0x00, 0x00, 0x00, 
0x00, 0x00, 0x00, 0x00, 0x00, 0x00, 0x00, 0x00, 0x00, 0x00, 0x00, 0x00, 0x00, 0x00, 0x00, 0x00, 
0x00, 0x00, 0x00, 0x00, 0x00, 0x00, 0x00, 0x00, 0x00, 0x00, 0x00, 0x00, 0x00, 0x00, 0x00, 0x00, 
0x00, 0x00, 0x01, 0x6F, 0x01, 0x6F, 0x01, 0x6F, 0x00, 0x00, 0x00, 0x00, 0x00, 0x00, 0x00, 0x00, 
0x00, 0x00, 0x00, 0x00, 0x00, 0x00, 0x00, 0x00, 0x00, 0x00, 0x00, 0x00, 0x00, 0x00, 0x00, 0x00, 
0x00, 0x00, 0x00, 0x00, 0x00, 0x00, 0x00, 0x00, 0x00, 0x00, 0x00, 0x00, 0x00, 0x00, 0x00, 0x00, 
0x00, 0x00, 0x00, 0x00, 0x00, 0x00, 0x00, 0x00, 0x00, 0x00, 0x00, 0x00, 0x00, 0x00, 0x00, 0x00, 
0x00, 0x00, 0x00, 0x00, 0x00, 0x00, 0x00, 0x00, 0x00, 0x00, 0x00, 0x00, 0x00, 0x00, 0x00, 0x00, 
0x00, 0x00, 0x00, 0x00, 0x00, 0x00, 0x00, 0x00, 0x00, 0x00, 0x00, 0x00, 0x00, 0x00, 0x00, 0x00, 
0x00, 0x00, 0x00, 0x00, 0x00, 0x00, 0x00, 0x00, 0x00, 0x00, 0x00, 0x00, 0x00, 0x00, 0x00, 0x00, 
0x00, 0x00, 0x00, 0x00, 0x00, 0x00, 0x00, 0x00, 0x00, 0x00, 0x00, 0x00, 0x00, 0x00, 0x00, 0x00, 
0x00, 0x00, 0x00, 0x00, 0x00, 0x00, 0x00, 0x00, 0x00, 0x00, 0x00, 0x00, 0x00, 0x00, 0x00, 0x00, 
0x00, 0x00, 0x00, 0x00, 0x00, 0x00, 0x00, 0x00, 0x00, 0x00, 0x00, 0x00, 0x00, 0x00, 0x00, 0x00, 
0x00, 0x00, 0x00, 0x00, 0x00, 0x00, 0x00, 0x00, 0x00, 0x00, 0x00, 0x00, 0x00, 0x00, 0x00, 0x00, 
0x00, 0x00, 0x00, 0x00, 0x00, 0x00, 0x00, 0x00, 0x00, 0x00, 0x00, 0x00, 0x00, 0x00, 0x00, 0x00, 
0x00, 0x00, 0x00, 0x00, 0x00, 0x00, 0x00, 0x00, 0x00, 0x00, 0x00, 0x00, 0x00, 0x00, 0x00, 0x00, 
0x00, 0x00, 0x00, 0x00, 0x00, 0x00, 0x00, 0x00, 0x00, 0x00, 0x00, 0x00, 0x00, 0x00, 0x00, 0x00, 
0x00, 0x00, 0x00, 0x00, 0x00, 0x00, 0x00, 0x00, 0x00, 0x00, 0x00, 0x00, 0x00, 0x00, 0x00, 0x00, 
0x00, 0x00, 0x00, 0x00, 0x00, 0x00, 0x00, 0x00, 0x00, 0x00, 0x00, 0x00, 0x00, 0x00, 0x00, 0x00, 
0x00, 0x00, 0x00, 0x00, 0x00, 0x00, 0x00, 0x00, 0x00, 0x00, 0x00, 0x00, 0x00, 0x00, 0x00, 0x00, 
0x00, 0x00, 0x00, 0x00, 0x00, 0x00, 0x00, 0x00, 0x00, 0x00, 0x00, 0x00, 0x00, 0x00, 0x00, 0x00, 
0x00, 0x00, 0x00, 0x00, 0x00, 0x00, 0x00, 0x00, 0x00, 0x00, 0x00, 0x00, 0x00, 0x00, 0x00, 0x00
}
,
{
0x00, 0x00, 0x00, 0x00, 0x00, 0x00, 0x00, 0x00, 0x00, 0x00, 0x00, 0x00, 0x00, 0x00, 0x00, 0x00, 
0x00, 0x00, 0x00, 0x00, 0x00, 0x00, 0x00, 0x00, 0x00, 0x00, 0x00, 0x00, 0x00, 0x00, 0x00, 0x00, 
0x00, 0x00, 0x00, 0x00, 0x00, 0x00, 0x00, 0x00, 0x00, 0x00, 0x00, 0x00, 0x00, 0x00, 0x7B, 0xCF, 
0x7B, 0xCF, 0x7B, 0xCF, 0x00, 0x00, 0x00, 0x00, 0x00, 0x00, 0x00, 0x00, 0x00, 0x00, 0x00, 0x00, 
0x00, 0x00, 0x00, 0x00, 0x00, 0x00, 0x01, 0x6F, 0x01, 0x6F, 0x01, 0x6F, 0x01, 0x6F, 0x00, 0x00, 
0x00, 0x00, 0x00, 0x00, 0x01, 0x6F, 0x01, 0x6F, 0x01, 0x6F, 0x01, 0x6F, 0x00, 0x00, 0x00, 0x00, 
0x00, 0x00, 0x00, 0x00, 0x00, 0x00, 0x00, 0x00, 0x00, 0x00, 0x00, 0x00, 0x00, 0x00, 0x7B, 0xCF, 
0x94, 0x92, 0x94, 0x92, 0x7B, 0xCF, 0x00, 0x00, 0x00, 0x00, 0x00, 0x00, 0x00, 0x00, 0x00, 0x00, 
0x00, 0x00, 0x00, 0x00, 0x01, 0x6F, 0x02, 0xBA, 0x02, 0xBA, 0x02, 0xBA, 0x02, 0x15, 0x01, 0x6F, 
0x01, 0x6F, 0x01, 0x6F, 0x02, 0x15, 0x03, 0x1F, 0x03, 0x1F, 0x02, 0xBA, 0x01, 0x6F, 0x01, 0x6F, 
0x00, 0x00, 0x00, 0x00, 0x00, 0x00, 0x00, 0x00, 0x00, 0x00, 0x00, 0x00, 0x00, 0x00, 0x00, 0x00, 
0x7B, 0xCF, 0x94, 0x92, 0x94, 0x92, 0x7B, 0xCF, 0x00, 0x00, 0x00, 0x00, 0x00, 0x00, 0x00, 0x00, 
0x00, 0x00, 0x01, 0x6F, 0x02, 0xBA, 0x02, 0xBA, 0x02, 0xBA, 0x02, 0xBA, 0x02, 0x15, 0x02, 0x15, 
0x02, 0x15, 0x02, 0x15, 0x02, 0xBA, 0x03, 0x1F, 0x03, 0x1F, 0x02, 0xBA, 0x01, 0x6F, 0x01, 0x6F, 
0x01, 0x6F, 0x00, 0x00, 0x00, 0x00, 0x00, 0x00, 0x00, 0x00, 0x00, 0x00, 0x00, 0x00, 0x00, 0x00, 
0x7B, 0xCF, 0x94, 0x92, 0x94, 0x92, 0x7B, 0xCF, 0x00, 0x00, 0x00, 0x00, 0x00, 0x00, 0x00, 0x00, 
0x00, 0x00, 0x01, 0x6F, 0x03, 0x1F, 0x03, 0x1F, 0x02, 0xBA, 0x02, 0xBA, 0x02, 0x15, 0x02, 0x15, 
0x02, 0x15, 0x02, 0xBA, 0x02, 0xBA, 0x03, 0x1F, 0x02, 0xBA, 0x02, 0xBA, 0x01, 0x6F, 0x01, 0x6F, 
0x01, 0x6F, 0x7B, 0xCF, 0x7B, 0xCF, 0x7B, 0xCF, 0x00, 0x00, 0x00, 0x00, 0x00, 0x00, 0x00, 0x00, 
0x7B, 0xCF, 0x94, 0x92, 0x94, 0x92, 0x7B, 0xCF, 0x00, 0x00, 0x00, 0x00, 0x00, 0x00, 0x00, 0x00, 
0x00, 0x00, 0x00, 0x00, 0x01, 0x6F, 0x3C, 0x5F, 0x03, 0x1F, 0x02, 0xBA, 0x02, 0x15, 0x02, 0x15, 
0x02, 0xBA, 0x02, 0xBA, 0x03, 0x1F, 0x03, 0x1F, 0x02, 0xBA, 0x01, 0x6F, 0x01, 0x6F, 0x01, 0x6F, 
0x01, 0x6F, 0x94, 0x92, 0x94, 0x92, 0x94, 0x92, 0x7B, 0xCF, 0x00, 0x00, 0x00, 0x00, 0x00, 0x00, 
0x00, 0x00, 0x7B, 0xCF, 0x94, 0x92, 0x7B, 0xCF, 0x00, 0x00, 0x00, 0x00, 0x00, 0x00, 0x00, 0x00, 
0x00, 0x00, 0x00, 0x00, 0x01, 0x6F, 0x3C, 0x5F, 0x03, 0x1F, 0x02, 0xBA, 0x02, 0xBA, 0x02, 0xBA, 
0x02, 0xBA, 0x03, 0x1F, 0x03, 0x1F, 0x02, 0xBA, 0x02, 0xBA, 0x01, 0x6F, 0x01, 0x6F, 0x01, 0x6F, 
0x01, 0x6F, 0x94, 0x92, 0x94, 0x92, 0x94, 0x92, 0x94, 0x92, 0x7B, 0xCF, 0x00, 0x00, 0x00, 0x00, 
0x00, 0x00, 0x7B, 0xCF, 0x94, 0x92, 0x94, 0x92, 0x7B, 0xCF, 0x00, 0x00, 0x00, 0x00, 0x00, 0x00, 
0x00, 0x00, 0x00, 0x00, 0x01, 0x6F, 0x3C, 0x5F, 0x02, 0xBA, 0x02, 0xBA, 0x02, 0xBA, 0x02, 0xBA, 
0x03, 0x1F, 0x03, 0x1F, 0x03, 0x1F, 0x02, 0xBA, 0x01, 0x6F, 0x01, 0x6F, 0x01, 0x6F, 0x01, 0x6F, 
0x94, 0x92, 0x94, 0x92, 0x94, 0x92, 0x94, 0x92, 0x94, 0x92, 0x94, 0x92, 0x7B, 0xCF, 0x00, 0x00, 
0x00, 0x00, 0x7B, 0xCF, 0x94, 0x92, 0x94, 0x92, 0x7B, 0xCF, 0x00, 0x00, 0x00, 0x00, 0x00, 0x00, 
0x00, 0x00, 0x00, 0x00, 0x00, 0x00, 0x01, 0x6F, 0x02, 0xBA, 0x02, 0xBA, 0x03, 0x1F, 0x03, 0x1F, 
0x03, 0x1F, 0x03, 0x1F, 0x02, 0xBA, 0x02, 0x15, 0x01, 0x6F, 0x01, 0x6F, 0x01, 0x6F, 0x94, 0x92, 
0x94, 0x92, 0x94, 0x92, 0x94, 0x92, 0x94, 0x92, 0x94, 0x92, 0x94, 0x92, 0x7B, 0xCF, 0x7B, 0xCF, 
0x7B, 0xCF, 0x7B, 0xCF, 0x94, 0x92, 0x94, 0x92, 0x7B, 0xCF, 0x00, 0x00, 0x00, 0x00, 0x00, 0x00, 
0x00, 0x00, 0x00, 0x00, 0x00, 0x00, 0x01, 0x6F, 0x02, 0xBA, 0x03, 0x1F, 0x03, 0x1F, 0x03, 0x1F, 
0x03, 0x1F, 0x02, 0xBA, 0x02, 0xBA, 0x02, 0x15, 0x01, 0x6F, 0x01, 0x6F, 0x01, 0x6F, 0x94, 0x92, 
0x94, 0x92, 0x94, 0x92, 0x94, 0x92, 0x94, 0x92, 0x94, 0x92, 0x94, 0x92, 0x7B, 0xCF, 0x94, 0x92, 
0x94, 0x92, 0x94, 0x92, 0x94, 0x92, 0x94, 0x92, 0x7B, 0xCF, 0x6A, 0x65, 0x00, 0x00, 0x00, 0x00, 
0x00, 0x00, 0x00, 0x00, 0x01, 0x6F, 0x03, 0x1F, 0x03, 0x1F, 0x03, 0x1F, 0x03, 0x1F, 0x03, 0x1F, 
0x03, 0x1F, 0x02, 0xBA, 0x02, 0x15, 0x02, 0x15, 0x01, 0x6F, 0x01, 0x6F, 0x94, 0x92, 0x94, 0x92, 
0x94, 0x92, 0x94, 0x92, 0x94, 0x92, 0x94, 0x92, 0x94, 0x92, 0x94, 0x92, 0x7B, 0xCF, 0x94, 0x92, 
0x94, 0x92, 0x94, 0x92, 0x94, 0x92, 0x94, 0x92, 0x7B, 0xCF, 0x6A, 0x65, 0x6A, 0x65, 0x00, 0x00, 
0x00, 0x00, 0x00, 0x00, 0x01, 0x6F, 0x03, 0x1F, 0x03, 0x1F, 0x3C, 0x5F, 0x03, 0x1F, 0x03, 0x1F, 
0x02, 0xBA, 0x02, 0x15, 0x02, 0x15, 0x02, 0x15, 0x01, 0x6F, 0x01, 0x6F, 0x94, 0x92, 0x94, 0x92, 
0x94, 0x92, 0x94, 0x92, 0x94, 0x92, 0x94, 0x92, 0x94, 0x92, 0x94, 0x92, 0x7B, 0xCF, 0x94, 0x92, 
0x94, 0x92, 0x94, 0x92, 0x94, 0x92, 0x94, 0x92, 0x7B, 0xCF, 0x6A, 0x65, 0x6A, 0x65, 0x00, 0x00, 
0x00, 0x00, 0x00, 0x00, 0x01, 0x6F, 0x03, 0x1F, 0x3C, 0x5F, 0x3C, 0x5F, 0x03, 0x1F, 0x03, 0x1F, 
0x02, 0xBA, 0x02, 0x15, 0x02, 0x15, 0x02, 0x15, 0x01, 0x6F, 0x94, 0x92, 0x94, 0x92, 0x94, 0x92, 
0x94, 0x92, 0x94, 0x92, 0x94, 0x92, 0x94, 0x92, 0x94, 0x92, 0x94, 0x92, 0x7B, 0xCF, 0x94, 0x92, 
0x94, 0x92, 0x75, 0x3F, 0x03, 0x1F, 0x94, 0x92, 0x94, 0x92, 0x8B, 0x69, 0x8B, 0x69, 0x00, 0x00, 
0x00, 0x00, 0x00, 0x00, 0x01, 0x6F, 0x3C, 0x5F, 0x3C, 0x5F, 0x3C, 0x5F, 0x03, 0x1F, 0x02, 0xBA, 
0x02, 0xBA, 0x02, 0x15, 0x02, 0x15, 0x02, 0x15, 0x01, 0x6F, 0x94, 0x92, 0xAD, 0x55, 0xAD, 0x55, 
0xAD, 0x55, 0x94, 0x92, 0x94, 0x92, 0x94, 0x92, 0x94, 0x92, 0x94, 0x92, 0x7B, 0xCF, 0x94, 0x92, 
0x94, 0x92, 0x03, 0x1F, 0x03, 0x1F, 0x94, 0x92, 0x94, 0x92, 0x7B, 0xCF, 0x00, 0x00, 0x00, 0x00, 
0x00, 0x00, 0x00, 0x00, 0x01, 0x6F, 0x3C, 0x5F, 0x3C, 0x5F, 0x3C, 0x5F, 0x03, 0x1F, 0x02, 0xBA, 
0x02, 0xBA, 0x02, 0xBA, 0x02, 0x15, 0x02, 0x15, 0x01, 0x6F, 0xAD, 0x55, 0xAD, 0x55, 0xAD, 0x55, 
0xAD, 0x55, 0xAD, 0x55, 0xAD, 0x55, 0xAD, 0x55, 0x94, 0x92, 0x94, 0x92, 0x94, 0x92, 0x7B, 0xCF, 
0x94, 0x92, 0x94, 0x92, 0x94, 0x92, 0x94, 0x92, 0x94, 0x92, 0x7B, 0xCF, 0x00, 0x00, 0x00, 0x00, 
0x00, 0x00, 0x00, 0x00, 0x01, 0x6F, 0x3C, 0x5F, 0x3C, 0x5F, 0x03, 0x1F, 0x02, 0xBA, 0x03, 0x1F, 
0x02, 0xBA, 0x02, 0xBA, 0x02, 0xBA, 0x02, 0xBA, 0x01, 0x6F, 0xAD, 0x55, 0xAD, 0x55, 0xAD, 0x55, 
0xAD, 0x55, 0xAD, 0x55, 0xAD, 0x55, 0xAD, 0x55, 0xAD, 0x55, 0x94, 0x92, 0x94, 0x92, 0x7B, 0xCF, 
0x94, 0x92, 0x94, 0x92, 0x94, 0x92, 0x94, 0x92, 0x94, 0x92, 0x7B, 0xCF, 0x00, 0x00, 0x00, 0x00, 
0x00, 0x00, 0x00, 0x00, 0x01, 0x6F, 0x03, 0x1F, 0x03, 0x1F, 0x02, 0xBA, 0x02, 0xBA, 0x03, 0x1F, 
0x03, 0x1F, 0x03, 0x1F, 0x02, 0xBA, 0x02, 0xBA, 0x01, 0x6F, 0xAD, 0x55, 0xAD, 0x55, 0xAD, 0x55, 
0xAD, 0x55, 0xAD, 0x55, 0xAD, 0x55, 0x75, 0x3F, 0x03, 0x1F, 0xAD, 0x55, 0xAD, 0x55, 0x7B, 0xCF, 
0x94, 0x92, 0x94, 0x92, 0x94, 0x92, 0x02, 0xBA, 0x02, 0xBA, 0x6A, 0x65, 0x6A, 0x65, 0x00, 0x00, 
0x00, 0x00, 0x00, 0x00, 0x01, 0x6F, 0x02, 0xBA, 0x02, 0xBA, 0x02, 0xBA, 0x03, 0x1F, 0x03, 0x1F, 
0x03, 0x1F, 0x03, 0x1F, 0x03, 0x1F, 0x02, 0xBA, 0x01, 0x6F, 0xAD, 0x55, 0xC6, 0x18, 0xC6, 0x18, 
0xC6, 0x18, 0xC6, 0x18, 0xC6, 0x18, 0x03, 0x1F, 0x03, 0x1F, 0xAD, 0x55, 0xAD, 0x55, 0x7B, 0xCF, 
0x94, 0x92, 0x94, 0x92, 0x94, 0x92, 0x3C, 0x5F, 0x3C, 0x5F, 0x6A, 0x65, 0x6A, 0x65, 0x00, 0x00, 
0x00, 0x00, 0x00, 0x00, 0x01, 0x6F, 0x02, 0xBA, 0x02, 0xBA, 0x03, 0x1F, 0x03, 0x1F, 0x03, 0x1F, 
0x03, 0x1F, 0x03, 0x1F, 0x03, 0x1F, 0x02, 0xBA, 0x01, 0x6F, 0xAD, 0x55, 0xC6, 0x18, 0xC6, 0x18, 
0xC6, 0x18, 0xC6, 0x18, 0xC6, 0x18, 0xC6, 0x18, 0xAD, 0x55, 0xAD, 0x55, 0xAD, 0x55, 0x7B, 0xCF, 
0x94, 0x92, 0x94, 0x92, 0x94, 0x92, 0x3C, 0x5F, 0x3C, 0x5F, 0x6A, 0x65, 0x6A, 0x65, 0x00, 0x00, 
0x00, 0x00, 0x00, 0x00, 0x01, 0x6F, 0x02, 0xBA, 0x02, 0xBA, 0x3C, 0x5F, 0x3C, 0x5F, 0x03, 0x1F, 
0x03, 0x1F, 0x03, 0x1F, 0x03, 0x1F, 0x02, 0xBA, 0x01, 0x6F, 0xC6, 0x18, 0xC6, 0x18, 0x1C, 0x7E, 
0x1C, 0x7E, 0x1C, 0x7E, 0x1C, 0x7E, 0xC6, 0x18, 0xAD, 0x55, 0xAD, 0x55, 0xAD, 0x55, 0x7B, 0xCF, 
0x94, 0x92, 0x3C, 0x5F, 0x3C, 0x5F, 0x3C, 0x5F, 0x3C, 0x5F, 0x8B, 0x69, 0x8B, 0x69, 0x00, 0x00, 
0x00, 0x00, 0x00, 0x00, 0x00, 0x00, 0x01, 0x6F, 0x02, 0xBA, 0x3C, 0x5F, 0x3C, 0x5F, 0x3C, 0x5F, 
0x03, 0x1F, 0x03, 0x1F, 0x03, 0x1F, 0x02, 0xBA, 0x01, 0x6F, 0xC6, 0x18, 0xC6, 0x18, 0x1C, 0x7E, 
0x5E, 0x7E, 0x5E, 0x7E, 0x1C, 0x7E, 0xC6, 0x18, 0xC6, 0x18, 0xAD, 0x55, 0xAD, 0x55, 0x7B, 0xCF, 
0x94, 0x92, 0x3C, 0x5F, 0x3C, 0x5F, 0x75, 0x3F, 0x75, 0x3F, 0x8B, 0x69, 0x8B, 0x69, 0x00, 0x00, 
0x00, 0x00, 0x00, 0x00, 0x00, 0x00, 0x00, 0x00, 0x01, 0x6F, 0x3C, 0x5F, 0x3C, 0x5F, 0x3C, 0x5F, 
0x3C, 0x5F, 0x03, 0x1F, 0x03, 0x1F, 0x02, 0xBA, 0x01, 0x6F, 0xC6, 0x18, 0xC6, 0x18, 0xC6, 0x18, 
0xC6, 0x18, 0xC6, 0x18, 0xC6, 0x18, 0xC6, 0x18, 0xC6, 0x18, 0xC6, 0x18, 0xAD, 0x55, 0x7B, 0xCF, 
0x94, 0x92, 0x75, 0x3F, 0x75, 0x3F, 0x75, 0x3F, 0x75, 0x3F, 0x8B, 0x69, 0x8B, 0x69, 0x00, 0x00, 
0x00, 0x00, 0x00, 0x00, 0x00, 0x00, 0x00, 0x00, 0x01, 0x6F, 0x03, 0x1F, 0x3C, 0x5F, 0x3C, 0x5F, 
0x3C, 0x5F, 0x03, 0x1F, 0x03, 0x1F, 0x02, 0xBA, 0x01, 0x6F, 0xD6, 0xBA, 0xD6, 0xBA, 0xD6, 0xBA, 
0xD6, 0xBA, 0xD6, 0xBA, 0xD6, 0xBA, 0xD6, 0xBA, 0x03, 0x1F, 0xC6, 0x18, 0xAD, 0x55, 0x7B, 0xCF, 
0xAD, 0x55, 0xAE, 0x3F, 0xAE, 0x3F, 0xAE, 0x3F, 0x00, 0x00, 0x8B, 0x69, 0x8B, 0x69, 0x00, 0x00, 
0x00, 0x00, 0x00, 0x00, 0x00, 0x00, 0x00, 0x00, 0x01, 0x6F, 0x03, 0x1F, 0x3C, 0x5F, 0x3C, 0x5F, 
0x3C, 0x5F, 0x03, 0x1F, 0x03, 0x1F, 0x02, 0xBA, 0x01, 0x6F, 0xD6, 0xBA, 0xD6, 0xBA, 0xD6, 0xBA, 
0xD6, 0xBA, 0xD6, 0xBA, 0xD6, 0xBA, 0xD6, 0xBA, 0x03, 0x1F, 0xC6, 0x18, 0xAD, 0x55, 0x7B, 0xCF, 
0x00, 0x00, 0x00, 0x00, 0x00, 0x00, 0x00, 0x00, 0x00, 0x00, 0x00, 0x00, 0x00, 0x00, 0x00, 0x00, 
0x00, 0x00, 0x00, 0x00, 0x00, 0x00, 0x00, 0x00, 0x00, 0x00, 0x01, 0x6F, 0x03, 0x1F, 0x3C, 0x5F, 
0x3C, 0x5F, 0x03, 0x1F, 0x03, 0x1F, 0x02, 0xBA, 0x01, 0x6F, 0xEF, 0x5D, 0xEF, 0x5D, 0xEF, 0x5D, 
0xEF, 0x5D, 0xEF, 0x5D, 0xEF, 0x5D, 0xEF, 0x5D, 0x03, 0x1F, 0xC6, 0x18, 0xAD, 0x55, 0x00, 0x00, 
0x00, 0x00, 0x00, 0x00, 0x00, 0x00, 0x00, 0x00, 0x00, 0x00, 0x00, 0x00, 0x00, 0x00, 0x00, 0x00, 
0x00, 0x00, 0x00, 0x00, 0x00, 0x00, 0x00, 0x00, 0x00, 0x00, 0x00, 0x00, 0x01, 0x6F, 0x01, 0x6F, 
0x03, 0x1F, 0x03, 0x1F, 0x03, 0x1F, 0x02, 0xBA, 0x01, 0x6F, 0xEF, 0x5D, 0xEF, 0x5D, 0xEF, 0x5D, 
0xEF, 0x5D, 0xEF, 0x5D, 0xEF, 0x5D, 0xEF, 0x5D, 0x03, 0x1F, 0xEF, 0x5D, 0x00, 0x00, 0x00, 0x00, 
0x00, 0x00, 0x00, 0x00, 0x00, 0x00, 0x00, 0x00, 0x00, 0x00, 0x00, 0x00, 0x00, 0x00, 0x00, 0x00, 
0x00, 0x00, 0x00, 0x00, 0x00, 0x00, 0x00, 0x00, 0x00, 0x00, 0x00, 0x00, 0x00, 0x00, 0x00, 0x00, 
0x01, 0x6F, 0x01, 0x6F, 0x03, 0x1F, 0x02, 0xBA, 0x01, 0x6F, 0xC6, 0x18, 0xC6, 0x18, 0xC6, 0x18, 
0xC6, 0x18, 0xC6, 0x18, 0xC6, 0x18, 0xC6, 0x18, 0x03, 0x1F, 0x00, 0x00, 0x00, 0x00, 0x00, 0x00, 
0x00, 0x00, 0x00, 0x00, 0x00, 0x00, 0x00, 0x00, 0x00, 0x00, 0x00, 0x00, 0x00, 0x00, 0x00, 0x00, 
0x00, 0x00, 0x00, 0x00, 0x00, 0x00, 0x00, 0x00, 0x00, 0x00, 0x00, 0x00, 0x00, 0x00, 0x00, 0x00, 
0x00, 0x00, 0x00, 0x00, 0x01, 0x6F, 0x01, 0x6F, 0x01, 0x6F, 0x00, 0x00, 0x00, 0x00, 0x00, 0x00, 
0x00, 0x00, 0x00, 0x00, 0x00, 0x00, 0x00, 0x00, 0x00, 0x00, 0x00, 0x00, 0x00, 0x00, 0x00, 0x00, 
0x00, 0x00, 0x00, 0x00, 0x00, 0x00, 0x00, 0x00, 0x00, 0x00, 0x00, 0x00, 0x00, 0x00, 0x00, 0x00, 
0x00, 0x00, 0x00, 0x00, 0x00, 0x00, 0x00, 0x00, 0x00, 0x00, 0x00, 0x00, 0x00, 0x00, 0x00, 0x00, 
0x00, 0x00, 0x00, 0x00, 0x00, 0x00, 0x00, 0x00, 0x00, 0x00, 0x00, 0x00, 0x00, 0x00, 0x00, 0x00, 
0x00, 0x00, 0x00, 0x00, 0x00, 0x00, 0x00, 0x00, 0x00, 0x00, 0x00, 0x00, 0x00, 0x00, 0x00, 0x00, 
0x00, 0x00, 0x00, 0x00, 0x00, 0x00, 0x00, 0x00, 0x00, 0x00, 0x00, 0x00, 0x00, 0x00, 0x00, 0x00, 
0x00, 0x00, 0x00, 0x00, 0x00, 0x00, 0x00, 0x00, 0x00, 0x00, 0x00, 0x00, 0x00, 0x00, 0x00, 0x00, 
0x00, 0x00, 0x00, 0x00, 0x00, 0x00, 0x00, 0x00, 0x00, 0x00, 0x00, 0x00, 0x00, 0x00, 0x00, 0x00, 
0x00, 0x00, 0x00, 0x00, 0x00, 0x00, 0x00, 0x00, 0x00, 0x00, 0x00, 0x00, 0x00, 0x00, 0x00, 0x00, 
0x00, 0x00, 0x00, 0x00, 0x00, 0x00, 0x00, 0x00, 0x00, 0x00, 0x00, 0x00, 0x00, 0x00, 0x00, 0x00, 
0x00, 0x00, 0x00, 0x00, 0x00, 0x00, 0x00, 0x00, 0x00, 0x00, 0x00, 0x00, 0x00, 0x00, 0x00, 0x00, 
0x00, 0x00, 0x00, 0x00, 0x00, 0x00, 0x00, 0x00, 0x00, 0x00, 0x00, 0x00, 0x00, 0x00, 0x00, 0x00, 
0x00, 0x00, 0x00, 0x00, 0x00, 0x00, 0x00, 0x00, 0x00, 0x00, 0x00, 0x00, 0x00, 0x00, 0x00, 0x00, 
0x00, 0x00, 0x00, 0x00, 0x00, 0x00, 0x00, 0x00, 0x00, 0x00, 0x00, 0x00, 0x00, 0x00, 0x00, 0x00, 
0x00, 0x00, 0x00, 0x00, 0x00, 0x00, 0x00, 0x00, 0x00, 0x00, 0x00, 0x00, 0x00, 0x00, 0x00, 0x00, 
0x00, 0x00, 0x00, 0x00, 0x00, 0x00, 0x00, 0x00, 0x00, 0x00, 0x00, 0x00, 0x00, 0x00, 0x00, 0x00, 
0x00, 0x00, 0x00, 0x00, 0x00, 0x00, 0x00, 0x00, 0x00, 0x00, 0x00, 0x00, 0x00, 0x00, 0x00, 0x00, 
0x00, 0x00, 0x00, 0x00, 0x00, 0x00, 0x00, 0x00, 0x00, 0x00, 0x00, 0x00, 0x00, 0x00, 0x00, 0x00
}
,
{
0x00, 0x00, 0x00, 0x00, 0x00, 0x00, 0x00, 0x00, 0x00, 0x00, 0x00, 0x00, 0x00, 0x00, 0x00, 0x00, 
0x00, 0x00, 0x00, 0x00, 0x00, 0x00, 0x00, 0x00, 0x00, 0x00, 0x00, 0x00, 0x00, 0x00, 0x00, 0x00, 
0x00, 0x00, 0x00, 0x00, 0x00, 0x00, 0x00, 0x00, 0x00, 0x00, 0x00, 0x00, 0x00, 0x00, 0x00, 0x00, 
0x00, 0x00, 0x00, 0x00, 0x7B, 0xCF, 0x7B, 0xCF, 0x00, 0x00, 0x00, 0x00, 0x00, 0x00, 0x00, 0x00, 
0x00, 0x00, 0x00, 0x00, 0x01, 0x6F, 0x01, 0x6F, 0x01, 0x6F, 0x01, 0x6F, 0x00, 0x00, 0x00, 0x00, 
0x00, 0x00, 0x01, 0x6F, 0x01, 0x6F, 0x01, 0x6F, 0x01, 0x6F, 0x00, 0x00, 0x00, 0x00, 0x00, 0x00, 
0x00, 0x00, 0x00, 0x00, 0x00, 0x00, 0x00, 0x00, 0x00, 0x00, 0x00, 0x00, 0x00, 0x00, 0x00, 0x00, 
0x00, 0x00, 0x7B, 0xCF, 0x94, 0x92, 0x7B, 0xCF, 0x00, 0x00, 0x00, 0x00, 0x00, 0x00, 0x00, 0x00, 
0x00, 0x00, 0x01, 0x6F, 0x02, 0xBA, 0x02, 0xBA, 0x02, 0xBA, 0x02, 0x15, 0x01, 0x6F, 0x01, 0x6F, 
0x01, 0x6F, 0x02, 0x15, 0x03, 0x1F, 0x03, 0x1F, 0x02, 0xBA, 0x01, 0x6F, 0x01, 0x6F, 0x00, 0x00, 
0x00, 0x00, 0x00, 0x00, 0x00, 0x00, 0x00, 0x00, 0x00, 0x00, 0x00, 0x00, 0x00, 0x00, 0x00, 0x00, 
0x00, 0x00, 0x7B, 0xCF, 0x94, 0x92, 0x7B, 0xCF, 0x00, 0x00, 0x00, 0x00, 0x00, 0x00, 0x00, 0x00, 
0x01, 0x6F, 0x02, 0xBA, 0x02, 0xBA, 0x02, 0xBA, 0x02, 0xBA, 0x02, 0x15, 0x02, 0x15, 0x02, 0x15, 
0x02, 0x15, 0x02, 0xBA, 0x03, 0x1F, 0x03, 0x1F, 0x02, 0xBA, 0x01, 0x6F, 0x01, 0x6F, 0x01, 0x6F, 
0x00, 0x00, 0x00, 0x00, 0x00, 0x00, 0x00, 0x00, 0x00, 0x00, 0x00, 0x00, 0x00, 0x00, 0x00, 0x00, 
0x00, 0x00, 0x7B, 0xCF, 0x94, 0x92, 0x7B, 0xCF, 0x00, 0x00, 0x00, 0x00, 0x00, 0x00, 0x00, 0x00, 
0x01, 0x6F, 0x03, 0x1F, 0x03, 0x1F, 0x02, 0xBA, 0x02, 0xBA, 0x02, 0x15, 0x02, 0x15, 0x02, 0x15, 
0x02, 0xBA, 0x02, 0xBA, 0x03, 0x1F, 0x02, 0xBA, 0x02, 0xBA, 0x01, 0x6F, 0x01, 0x6F, 0x01, 0x6F, 
0x7B, 0xCF, 0x7B, 0xCF, 0x7B, 0xCF, 0x00, 0x00, 0x00, 0x00, 0x00, 0x00, 0x00, 0x00, 0x00, 0x00, 
0x00, 0x00, 0x7B, 0xCF, 0x94, 0x92, 0x7B, 0xCF, 0x00, 0x00, 0x00, 0x00, 0x00, 0x00, 0x00, 0x00, 
0x00, 0x00, 0x01, 0x6F, 0x3C, 0x5F, 0x03, 0x1F, 0x02, 0xBA, 0x02, 0x15, 0x02, 0x15, 0x02, 0xBA, 
0x02, 0xBA, 0x03, 0x1F, 0x03, 0x1F, 0x02, 0xBA, 0x01, 0x6F, 0x01, 0x6F, 0x01, 0x6F, 0x01, 0x6F, 
0x94, 0x92, 0x94, 0x92, 0x94, 0x92, 0x7B, 0xCF, 0x00, 0x00, 0x00, 0x00, 0x00, 0x00, 0x00, 0x00, 
0x7B, 0xCF, 0x94, 0x92, 0x94, 0x92, 0x7B, 0xCF, 0x00, 0x00, 0x00, 0x00, 0x00, 0x00, 0x00, 0x00, 
0x00, 0x00, 0x01, 0x6F, 0x3C, 0x5F, 0x03, 0x1F, 0x02, 0xBA, 0x02, 0xBA, 0x02, 0xBA, 0x02, 0xBA, 
0x03, 0x1F, 0x03, 0x1F, 0x02, 0xBA, 0x02, 0xBA, 0x01, 0x6F, 0x01, 0x6F, 0x01, 0x6F, 0x01, 0x6F, 
0x94, 0x92, 0x94, 0x92, 0x94, 0x92, 0x94, 0x92, 0x7B, 0xCF, 0x00, 0x00, 0x00, 0x00, 0x00, 0x00, 
0x7B, 0xCF, 0x94, 0x92, 0x94, 0x92, 0x7B, 0xCF, 0x00, 0x00, 0x00, 0x00, 0x00, 0x00, 0x00, 0x00, 
0x00, 0x00, 0x01, 0x6F, 0x3C, 0x5F, 0x02, 0xBA, 0x02, 0xBA, 0x02, 0xBA, 0x02, 0xBA, 0x03, 0x1F, 
0x03, 0x1F, 0x03, 0x1F, 0x02, 0xBA, 0x01, 0x6F, 0x01, 0x6F, 0x01, 0x6F, 0x01, 0x6F, 0x94, 0x92, 
0x94, 0x92, 0x94, 0x92, 0x94, 0x92, 0x94, 0x92, 0x94, 0x92, 0x7B, 0xCF, 0x00, 0x00, 0x00, 0x00, 
0x7B, 0xCF, 0x94, 0x92, 0x94, 0x92, 0x7B, 0xCF, 0x00, 0x00, 0x00, 0x00, 0x00, 0x00, 0x00, 0x00, 
0x00, 0x00, 0x00, 0x00, 0x01, 0x6F, 0x02, 0xBA, 0x02, 0xBA, 0x03, 0x1F, 0x03, 0x1F, 0x03, 0x1F, 
0x03, 0x1F, 0x02, 0xBA, 0x02, 0x15, 0x01, 0x6F, 0x01, 0x6F, 0x01, 0x6F, 0x94, 0x92, 0x94, 0x92, 
0x94, 0x92, 0x94, 0x92, 0x94, 0x92, 0x94, 0x92, 0x94, 0x92, 0x7B, 0xCF, 0x7B, 0xCF, 0x7B, 0xCF, 
0x7B, 0xCF, 0x94, 0x92, 0x94, 0x92, 0x7B, 0xCF, 0x00, 0x00, 0x00, 0x00, 0x00, 0x00, 0x00, 0x00, 
0x00, 0x00, 0x00, 0x00, 0x01, 0x6F, 0x02, 0xBA, 0x03, 0x1F, 0x03, 0x1F, 0x03, 0x1F, 0x03, 0x1F, 
0x02, 0xBA, 0x02, 0xBA, 0x02, 0x15, 0x01, 0x6F, 0x01, 0x6F, 0x01, 0x6F, 0x94, 0x92, 0x94, 0x92, 
0x94, 0x92, 0x94, 0x92, 0x94, 0x92, 0x94, 0x92, 0x94, 0x92, 0x7B, 0xCF, 0x94, 0x92, 0x94, 0x92, 
0x94, 0x92, 0x94, 0x92, 0x94, 0x92, 0x7B, 0xCF, 0x00, 0x00, 0x00, 0x00, 0x00, 0x00, 0x00, 0x00, 
0x00, 0x00, 0x01, 0x6F, 0x03, 0x1F, 0x03, 0x1F, 0x03, 0x1F, 0x03, 0x1F, 0x03, 0x1F, 0x03, 0x1F, 
0x02, 0xBA, 0x02, 0x15, 0x02, 0x15, 0x01, 0x6F, 0x01, 0x6F, 0x94, 0x92, 0x94, 0x92, 0x94, 0x92, 
0x94, 0x92, 0x94, 0x92, 0x94, 0x92, 0x94, 0x92, 0x94, 0x92, 0x7B, 0xCF, 0x94, 0x92, 0x94, 0x92, 
0x75, 0x3F, 0x03, 0x1F, 0x94, 0x92, 0x7B, 0xCF, 0x00, 0x00, 0x00, 0x00, 0x00, 0x00, 0x00, 0x00, 
0x00, 0x00, 0x01, 0x6F, 0x03, 0x1F, 0x03, 0x1F, 0x3C, 0x5F, 0x03, 0x1F, 0x03, 0x1F, 0x02, 0xBA, 
0x02, 0x15, 0x02, 0x15, 0x02, 0x15, 0x01, 0x6F, 0x01, 0x6F, 0x94, 0x92, 0x94, 0x92, 0x94, 0x92, 
0x94, 0x92, 0x94, 0x92, 0x94, 0x92, 0x94, 0x92, 0x94, 0x92, 0x7B, 0xCF, 0x94, 0x92, 0x94, 0x92, 
0x03, 0x1F, 0x03, 0x1F, 0x94, 0x92, 0x7B, 0xCF, 0x00, 0x00, 0x00, 0x00, 0x00, 0x00, 0x00, 0x00, 
0x00, 0x00, 0x01, 0x6F, 0x03, 0x1F, 0x3C, 0x5F, 0x3C, 0x5F, 0x03, 0x1F, 0x03, 0x1F, 0x02, 0xBA, 
0x02, 0x15, 0x02, 0x15, 0x02, 0x15, 0x01, 0x6F, 0x94, 0x92, 0x94, 0x92, 0x94, 0x92, 0x94, 0x92, 
0x94, 0x92, 0x94, 0x92, 0x94, 0x92, 0x94, 0x92, 0x94, 0x92, 0x7B, 0xCF, 0x94, 0x92, 0x94, 0x92, 
0x94, 0x92, 0x94, 0x92, 0x94, 0x92, 0x94, 0x92, 0x6A, 0x65, 0x6A, 0x65, 0x00, 0x00, 0x00, 0x00, 
0x00, 0x00, 0x01, 0x6F, 0x3C, 0x5F, 0x3C, 0x5F, 0x3C, 0x5F, 0x03, 0x1F, 0x02, 0xBA, 0x02, 0xBA, 
0x02, 0x15, 0x02, 0x15, 0x02, 0x15, 0x01, 0x6F, 0x94, 0x92, 0xAD, 0x55, 0xAD, 0x55, 0xAD, 0x55, 
0x94, 0x92, 0x94, 0x92, 0x94, 0x92, 0x94, 0x92, 0x94, 0x92, 0x7B, 0xCF, 0x94, 0x92, 0x94, 0x92, 
0x94, 0x92, 0x94, 0x92, 0x94, 0x92, 0x94, 0x92, 0x6A, 0x65, 0x6A, 0x65, 0x00, 0x00, 0x00, 0x00, 
0x00, 0x00, 0x01, 0x6F, 0x3C, 0x5F, 0x3C, 0x5F, 0x3C, 0x5F, 0x03, 0x1F, 0x02, 0xBA, 0x02, 0xBA, 
0x02, 0xBA, 0x02, 0x15, 0x02, 0x15, 0x01, 0x6F, 0xAD, 0x55, 0xAD, 0x55, 0xAD, 0x55, 0xAD, 0x55, 
0xAD, 0x55, 0xAD, 0x55, 0xAD, 0x55, 0x94, 0x92, 0x94, 0x92, 0x94, 0x92, 0x7B, 0xCF, 0x94, 0x92, 
0x94, 0x92, 0x94, 0x92, 0x94, 0x92, 0x94, 0x92, 0x6A, 0x65, 0x6A, 0x65, 0x00, 0x00, 0x00, 0x00, 
0x00, 0x00, 0x01, 0x6F, 0x3C, 0x5F, 0x3C, 0x5F, 0x03, 0x1F, 0x02, 0xBA, 0x03, 0x1F, 0x02, 0xBA, 
0x02, 0xBA, 0x02, 0xBA, 0x02, 0xBA, 0x01, 0x6F, 0xAD, 0x55, 0xAD, 0x55, 0xAD, 0x55, 0xAD, 0x55, 
0xAD, 0x55, 0xAD, 0x55, 0xAD, 0x55, 0xAD, 0x55, 0x94, 0x92, 0x94, 0x92, 0x7B, 0xCF, 0x94, 0x92, 
0x94, 0x92, 0x94, 0x92, 0x94, 0x92, 0x94, 0x92, 0x6A, 0x65, 0x8B, 0x69, 0x00, 0x00, 0x00, 0x00, 
0x00, 0x00, 0x01, 0x6F, 0x03, 0x1F, 0x03, 0x1F, 0x02, 0xBA, 0x02, 0xBA, 0x03, 0x1F, 0x03, 0x1F, 
0x03, 0x1F, 0x02, 0xBA, 0x02, 0xBA, 0x01, 0x6F, 0xAD, 0x55, 0xAD, 0x55, 0xAD, 0x55, 0xAD, 0x55, 
0xAD, 0x55, 0xAD, 0x55, 0x75, 0x3F, 0x03, 0x1F, 0xAD, 0x55, 0xAD, 0x55, 0x7B, 0xCF, 0x94, 0x92, 
0x94, 0x92, 0x94, 0x92, 0x02, 0xBA, 0x02, 0xBA, 0x8B, 0x69, 0x8B, 0x69, 0x00, 0x00, 0x00, 0x00, 
0x00, 0x00, 0x01, 0x6F, 0x02, 0xBA, 0x02, 0xBA, 0x02, 0xBA, 0x03, 0x1F, 0x03, 0x1F, 0x03, 0x1F, 
0x03, 0x1F, 0x03, 0x1F, 0x02, 0xBA, 0x01, 0x6F, 0xAD, 0x55, 0xC6, 0x18, 0xC6, 0x18, 0xC6, 0x18, 
0xC6, 0x18, 0xC6, 0x18, 0x03, 0x1F, 0x03, 0x1F, 0xAD, 0x55, 0xAD, 0x55, 0x7B, 0xCF, 0x94, 0x92, 
0x94, 0x92, 0x94, 0x92, 0x3C, 0x5F, 0x3C, 0x5F, 0x8B, 0x69, 0x8B, 0x69, 0x00, 0x00, 0x00, 0x00, 
0x00, 0x00, 0x01, 0x6F, 0x02, 0xBA, 0x02, 0xBA, 0x03, 0x1F, 0x03, 0x1F, 0x03, 0x1F, 0x03, 0x1F, 
0x03, 0x1F, 0x03, 0x1F, 0x02, 0xBA, 0x01, 0x6F, 0xAD, 0x55, 0xC6, 0x18, 0xC6, 0x18, 0xC6, 0x18, 
0xC6, 0x18, 0xC6, 0x18, 0xC6, 0x18, 0xAD, 0x55, 0xAD, 0x55, 0xAD, 0x55, 0x7B, 0xCF, 0x94, 0x92, 
0x94, 0x92, 0x94, 0x92, 0x3C, 0x5F, 0x3C, 0x5F, 0x8B, 0x69, 0x8B, 0x69, 0x00, 0x00, 0x00, 0x00, 
0x00, 0x00, 0x01, 0x6F, 0x02, 0xBA, 0x02, 0xBA, 0x3C, 0x5F, 0x3C, 0x5F, 0x03, 0x1F, 0x03, 0x1F, 
0x03, 0x1F, 0x03, 0x1F, 0x02, 0xBA, 0x01, 0x6F, 0xC6, 0x18, 0xC6, 0x18, 0x1C, 0x7E, 0x1C, 0x7E, 
0x1C, 0x7E, 0x1C, 0x7E, 0xC6, 0x18, 0xAD, 0x55, 0xAD, 0x55, 0xAD, 0x55, 0x7B, 0xCF, 0x94, 0x92, 
0x3C, 0x5F, 0x3C, 0x5F, 0x3C, 0x5F, 0x75, 0x3F, 0x8B, 0x69, 0x8B, 0x69, 0x00, 0x00, 0x00, 0x00, 
0x00, 0x00, 0x00, 0x00, 0x01, 0x6F, 0x02, 0xBA, 0x3C, 0x5F, 0x3C, 0x5F, 0x3C, 0x5F, 0x03, 0x1F, 
0x03, 0x1F, 0x03, 0x1F, 0x02, 0xBA, 0x01, 0x6F, 0xC6, 0x18, 0xC6, 0x18, 0x1C, 0x7E, 0x5E, 0x7E, 
0x5E, 0x7E, 0x1C, 0x7E, 0xC6, 0x18, 0xC6, 0x18, 0xAD, 0x55, 0xAD, 0x55, 0x7B, 0xCF, 0x94, 0x92, 
0x3C, 0x5F, 0x75, 0x3F, 0x75, 0x3F, 0x75, 0x3F, 0x7B, 0xCF, 0x00, 0x00, 0x00, 0x00, 0x00, 0x00, 
0x00, 0x00, 0x00, 0x00, 0x00, 0x00, 0x01, 0x6F, 0x3C, 0x5F, 0x3C, 0x5F, 0x3C, 0x5F, 0x3C, 0x5F, 
0x03, 0x1F, 0x03, 0x1F, 0x02, 0xBA, 0x01, 0x6F, 0xC6, 0x18, 0xC6, 0x18, 0xC6, 0x18, 0xC6, 0x18, 
0xC6, 0x18, 0xC6, 0x18, 0xC6, 0x18, 0xC6, 0x18, 0xC6, 0x18, 0xAD, 0x55, 0x7B, 0xCF, 0x94, 0x92, 
0x75, 0x3F, 0x75, 0x3F, 0x75, 0x3F, 0x75, 0x3F, 0x00, 0x00, 0x00, 0x00, 0x00, 0x00, 0x00, 0x00, 
0x00, 0x00, 0x00, 0x00, 0x00, 0x00, 0x01, 0x6F, 0x03, 0x1F, 0x3C, 0x5F, 0x3C, 0x5F, 0x3C, 0x5F, 
0x03, 0x1F, 0x03, 0x1F, 0x02, 0xBA, 0x01, 0x6F, 0xD6, 0xBA, 0xD6, 0xBA, 0xD6, 0xBA, 0xD6, 0xBA, 
0xD6, 0xBA, 0xD6, 0xBA, 0xD6, 0xBA, 0x03, 0x1F, 0xC6, 0x18, 0xAD, 0x55, 0x7B, 0xCF, 0xAD, 0x55, 
0xAE, 0x3F, 0xAE, 0x3F, 0xAE, 0x3F, 0x00, 0x00, 0x00, 0x00, 0x00, 0x00, 0x00, 0x00, 0x00, 0x00, 
0x00, 0x00, 0x00, 0x00, 0x00, 0x00, 0x01, 0x6F, 0x03, 0x1F, 0x3C, 0x5F, 0x3C, 0x5F, 0x3C, 0x5F, 
0x03, 0x1F, 0x03, 0x1F, 0x02, 0xBA, 0x01, 0x6F, 0xD6, 0xBA, 0xD6, 0xBA, 0xD6, 0xBA, 0xD6, 0xBA, 
0xD6, 0xBA, 0xD6, 0xBA, 0xD6, 0xBA, 0x03, 0x1F, 0xC6, 0x18, 0xAD, 0x55, 0x7B, 0xCF, 0x00, 0x00, 
0x00, 0x00, 0x00, 0x00, 0x00, 0x00, 0x00, 0x00, 0x00, 0x00, 0x00, 0x00, 0x00, 0x00, 0x00, 0x00, 
0x00, 0x00, 0x00, 0x00, 0x00, 0x00, 0x00, 0x00, 0x01, 0x6F, 0x03, 0x1F, 0x3C, 0x5F, 0x3C, 0x5F, 
0x03, 0x1F, 0x03, 0x1F, 0x02, 0xBA, 0x01, 0x6F, 0xEF, 0x5D, 0xEF, 0x5D, 0xEF, 0x5D, 0xEF, 0x5D, 
0xEF, 0x5D, 0xEF, 0x5D, 0xEF, 0x5D, 0x03, 0x1F, 0xC6, 0x18, 0xAD, 0x55, 0x00, 0x00, 0x00, 0x00, 
0x00, 0x00, 0x00, 0x00, 0x00, 0x00, 0x00, 0x00, 0x00, 0x00, 0x00, 0x00, 0x00, 0x00, 0x00, 0x00, 
0x00, 0x00, 0x00, 0x00, 0x00, 0x00, 0x00, 0x00, 0x00, 0x00, 0x01, 0x6F, 0x01, 0x6F, 0x03, 0x1F, 
0x03, 0x1F, 0x03, 0x1F, 0x02, 0xBA, 0x01, 0x6F, 0xEF, 0x5D, 0xEF, 0x5D, 0xEF, 0x5D, 0xEF, 0x5D, 
0xEF, 0x5D, 0xEF, 0x5D, 0xEF, 0x5D, 0x03, 0x1F, 0xEF, 0x5D, 0x00, 0x00, 0x00, 0x00, 0x00, 0x00, 
0x00, 0x00, 0x00, 0x00, 0x00, 0x00, 0x00, 0x00, 0x00, 0x00, 0x00, 0x00, 0x00, 0x00, 0x00, 0x00, 
0x00, 0x00, 0x00, 0x00, 0x00, 0x00, 0x00, 0x00, 0x00, 0x00, 0x00, 0x00, 0x00, 0x00, 0x01, 0x6F, 
0x01, 0x6F, 0x03, 0x1F, 0x02, 0xBA, 0x01, 0x6F, 0xC6, 0x18, 0xC6, 0x18, 0xC6, 0x18, 0xC6, 0x18, 
0xC6, 0x18, 0xC6, 0x18, 0xC6, 0x18, 0x03, 0x1F, 0x00, 0x00, 0x00, 0x00, 0x00, 0x00, 0x00, 0x00, 
0x00, 0x00, 0x00, 0x00, 0x00, 0x00, 0x00, 0x00, 0x00, 0x00, 0x00, 0x00, 0x00, 0x00, 0x00, 0x00, 
0x00, 0x00, 0x00, 0x00, 0x00, 0x00, 0x00, 0x00, 0x00, 0x00, 0x00, 0x00, 0x00, 0x00, 0x00, 0x00, 
0x00, 0x00, 0x01, 0x6F, 0x01, 0x6F, 0x01, 0x6F, 0x00, 0x00, 0x00, 0x00, 0x00, 0x00, 0x00, 0x00, 
0x00, 0x00, 0x00, 0x00, 0x00, 0x00, 0x00, 0x00, 0x00, 0x00, 0x00, 0x00, 0x00, 0x00, 0x00, 0x00, 
0x00, 0x00, 0x00, 0x00, 0x00, 0x00, 0x00, 0x00, 0x00, 0x00, 0x00, 0x00, 0x00, 0x00, 0x00, 0x00, 
0x00, 0x00, 0x00, 0x00, 0x00, 0x00, 0x00, 0x00, 0x00, 0x00, 0x00, 0x00, 0x00, 0x00, 0x00, 0x00, 
0x00, 0x00, 0x00, 0x00, 0x00, 0x00, 0x00, 0x00, 0x00, 0x00, 0x00, 0x00, 0x00, 0x00, 0x00, 0x00, 
0x00, 0x00, 0x00, 0x00, 0x00, 0x00, 0x00, 0x00, 0x00, 0x00, 0x00, 0x00, 0x00, 0x00, 0x00, 0x00, 
0x00, 0x00, 0x00, 0x00, 0x00, 0x00, 0x00, 0x00, 0x00, 0x00, 0x00, 0x00, 0x00, 0x00, 0x00, 0x00, 
0x00, 0x00, 0x00, 0x00, 0x00, 0x00, 0x00, 0x00, 0x00, 0x00, 0x00, 0x00, 0x00, 0x00, 0x00, 0x00, 
0x00, 0x00, 0x00, 0x00, 0x00, 0x00, 0x00, 0x00, 0x00, 0x00, 0x00, 0x00, 0x00, 0x00, 0x00, 0x00, 
0x00, 0x00, 0x00, 0x00, 0x00, 0x00, 0x00, 0x00, 0x00, 0x00, 0x00, 0x00, 0x00, 0x00, 0x00, 0x00, 
0x00, 0x00, 0x00, 0x00, 0x00, 0x00, 0x00, 0x00, 0x00, 0x00, 0x00, 0x00, 0x00, 0x00, 0x00, 0x00, 
0x00, 0x00, 0x00, 0x00, 0x00, 0x00, 0x00, 0x00, 0x00, 0x00, 0x00, 0x00, 0x00, 0x00, 0x00, 0x00, 
0x00, 0x00, 0x00, 0x00, 0x00, 0x00, 0x00, 0x00, 0x00, 0x00, 0x00, 0x00, 0x00, 0x00, 0x00, 0x00, 
0x00, 0x00, 0x00, 0x00, 0x00, 0x00, 0x00, 0x00, 0x00, 0x00, 0x00, 0x00, 0x00, 0x00, 0x00, 0x00, 
0x00, 0x00, 0x00, 0x00, 0x00, 0x00, 0x00, 0x00, 0x00, 0x00, 0x00, 0x00, 0x00, 0x00, 0x00, 0x00, 
0x00, 0x00, 0x00, 0x00, 0x00, 0x00, 0x00, 0x00, 0x00, 0x00, 0x00, 0x00, 0x00, 0x00, 0x00, 0x00, 
0x00, 0x00, 0x00, 0x00, 0x00, 0x00, 0x00, 0x00, 0x00, 0x00, 0x00, 0x00, 0x00, 0x00, 0x00, 0x00, 
0x00, 0x00, 0x00, 0x00, 0x00, 0x00, 0x00, 0x00, 0x00, 0x00, 0x00, 0x00, 0x00, 0x00, 0x00, 0x00, 
0x00, 0x00, 0x00, 0x00, 0x00, 0x00, 0x00, 0x00, 0x00, 0x00, 0x00, 0x00, 0x00, 0x00, 0x00, 0x00
}
,
{
0x00, 0x00, 0x00, 0x00, 0x00, 0x00, 0x00, 0x00, 0x00, 0x00, 0x00, 0x00, 0x00, 0x00, 0x00, 0x00, 
0x00, 0x00, 0x00, 0x00, 0x00, 0x00, 0x00, 0x00, 0x00, 0x00, 0x00, 0x00, 0x00, 0x00, 0x00, 0x00, 
0x00, 0x00, 0x00, 0x00, 0x00, 0x00, 0x00, 0x00, 0x00, 0x00, 0x00, 0x00, 0x00, 0x00, 0x7B, 0xCF, 
0x7B, 0xCF, 0x7B, 0xCF, 0x00, 0x00, 0x00, 0x00, 0x00, 0x00, 0x00, 0x00, 0x00, 0x00, 0x00, 0x00, 
0x00, 0x00, 0x00, 0x00, 0x00, 0x00, 0x01, 0x6F, 0x01, 0x6F, 0x01, 0x6F, 0x01, 0x6F, 0x00, 0x00, 
0x00, 0x00, 0x00, 0x00, 0x01, 0x6F, 0x01, 0x6F, 0x01, 0x6F, 0x01, 0x6F, 0x00, 0x00, 0x00, 0x00, 
0x00, 0x00, 0x00, 0x00, 0x00, 0x00, 0x00, 0x00, 0x00, 0x00, 0x00, 0x00, 0x00, 0x00, 0x7B, 0xCF, 
0x94, 0x92, 0x94, 0x92, 0x7B, 0xCF, 0x00, 0x00, 0x00, 0x00, 0x00, 0x00, 0x00, 0x00, 0x00, 0x00, 
0x00, 0x00, 0x00, 0x00, 0x01, 0x6F, 0x02, 0xBA, 0x02, 0xBA, 0x02, 0xBA, 0x02, 0x15, 0x01, 0x6F, 
0x01, 0x6F, 0x01, 0x6F, 0x02, 0x15, 0x03, 0x1F, 0x03, 0x1F, 0x02, 0xBA, 0x01, 0x6F, 0x01, 0x6F, 
0x00, 0x00, 0x00, 0x00, 0x00, 0x00, 0x00, 0x00, 0x00, 0x00, 0x00, 0x00, 0x00, 0x00, 0x00, 0x00, 
0x7B, 0xCF, 0x94, 0x92, 0x94, 0x92, 0x7B, 0xCF, 0x00, 0x00, 0x00, 0x00, 0x00, 0x00, 0x00, 0x00, 
0x00, 0x00, 0x01, 0x6F, 0x02, 0xBA, 0x02, 0xBA, 0x02, 0xBA, 0x02, 0xBA, 0x02, 0x15, 0x02, 0x15, 
0x02, 0x15, 0x02, 0x15, 0x02, 0xBA, 0x03, 0x1F, 0x03, 0x1F, 0x02, 0xBA, 0x01, 0x6F, 0x01, 0x6F, 
0x01, 0x6F, 0x00, 0x00, 0x00, 0x00, 0x00, 0x00, 0x00, 0x00, 0x00, 0x00, 0x00, 0x00, 0x00, 0x00, 
0x7B, 0xCF, 0x94, 0x92, 0x94, 0x92, 0x7B, 0xCF, 0x00, 0x00, 0x00, 0x00, 0x00, 0x00, 0x00, 0x00, 
0x00, 0x00, 0x01, 0x6F, 0x03, 0x1F, 0x03, 0x1F, 0x02, 0xBA, 0x02, 0xBA, 0x02, 0x15, 0x02, 0x15, 
0x02, 0x15, 0x02, 0xBA, 0x02, 0xBA, 0x03, 0x1F, 0x02, 0xBA, 0x02, 0xBA, 0x01, 0x6F, 0x01, 0x6F, 
0x01, 0x6F, 0x7B, 0xCF, 0x7B, 0xCF, 0x7B, 0xCF, 0x00, 0x00, 0x00, 0x00, 0x00, 0x00, 0x00, 0x00, 
0x7B, 0xCF, 0x94, 0x92, 0x94, 0x92, 0x7B, 0xCF, 0x00, 0x00, 0x00, 0x00, 0x00, 0x00, 0x00, 0x00, 
0x00, 0x00, 0x00, 0x00, 0x01, 0x6F, 0x3C, 0x5F, 0x03, 0x1F, 0x02, 0xBA, 0x02, 0x15, 0x02, 0x15, 
0x02, 0xBA, 0x02, 0xBA, 0x03, 0x1F, 0x03, 0x1F, 0x02, 0xBA, 0x01, 0x6F, 0x01, 0x6F, 0x01, 0x6F, 
0x01, 0x6F, 0x94, 0x92, 0x94, 0x92, 0x94, 0x92, 0x7B, 0xCF, 0x00, 0x00, 0x00, 0x00, 0x00, 0x00, 
0x00, 0x00, 0x7B, 0xCF, 0x94, 0x92, 0x7B, 0xCF, 0x00, 0x00, 0x00, 0x00, 0x00, 0x00, 0x00, 0x00, 
0x00, 0x00, 0x00, 0x00, 0x01, 0x6F, 0x3C, 0x5F, 0x03, 0x1F, 0x02, 0xBA, 0x02, 0xBA, 0x02, 0xBA, 
0x02, 0xBA, 0x03, 0x1F, 0x03, 0x1F, 0x02, 0xBA, 0x02, 0xBA, 0x01, 0x6F, 0x01, 0x6F, 0x01, 0x6F, 
0x01, 0x6F, 0x94, 0x92, 0x94, 0x92, 0x94, 0x92, 0x94, 0x92, 0x7B, 0xCF, 0x00, 0x00, 0x00, 0x00, 
0x00, 0x00, 0x7B, 0xCF, 0x94, 0x92, 0x94, 0x92, 0x7B, 0xCF, 0x00, 0x00, 0x00, 0x00, 0x00, 0x00, 
0x00, 0x00, 0x00, 0x00, 0x01, 0x6F, 0x3C, 0x5F, 0x02, 0xBA, 0x02, 0xBA, 0x02, 0xBA, 0x02, 0xBA, 
0x03, 0x1F, 0x03, 0x1F, 0x03, 0x1F, 0x02, 0xBA, 0x01, 0x6F, 0x01, 0x6F, 0x01, 0x6F, 0x01, 0x6F, 
0x94, 0x92, 0x94, 0x92, 0x94, 0x92, 0x94, 0x92, 0x94, 0x92, 0x94, 0x92, 0x7B, 0xCF, 0x00, 0x00, 
0x00, 0x00, 0x7B, 0xCF, 0x94, 0x92, 0x94, 0x92, 0x7B, 0xCF, 0x00, 0x00, 0x00, 0x00, 0x00, 0x00, 
0x00, 0x00, 0x00, 0x00, 0x00, 0x00, 0x01, 0x6F, 0x02, 0xBA, 0x02, 0xBA, 0x03, 0x1F, 0x03, 0x1F, 
0x03, 0x1F, 0x03, 0x1F, 0x02, 0xBA, 0x02, 0x15, 0x01, 0x6F, 0x01, 0x6F, 0x01, 0x6F, 0x94, 0x92, 
0x94, 0x92, 0x94, 0x92, 0x94, 0x92, 0x94, 0x92, 0x94, 0x92, 0x94, 0x92, 0x7B, 0xCF, 0x7B, 0xCF, 
0x7B, 0xCF, 0x7B, 0xCF, 0x94, 0x92, 0x94, 0x92, 0x7B, 0xCF, 0x00, 0x00, 0x00, 0x00, 0x00, 0x00, 
0x00, 0x00, 0x00, 0x00, 0x00, 0x00, 0x01, 0x6F, 0x02, 0xBA, 0x03, 0x1F, 0x03, 0x1F, 0x03, 0x1F, 
0x03, 0x1F, 0x02, 0xBA, 0x02, 0xBA, 0x02, 0x15, 0x01, 0x6F, 0x01, 0x6F, 0x01, 0x6F, 0x94, 0x92, 
0x94, 0x92, 0x94, 0x92, 0x94, 0x92, 0x94, 0x92, 0x94, 0x92, 0x94, 0x92, 0x7B, 0xCF, 0x94, 0x92, 
0x94, 0x92, 0x94, 0x92, 0x94, 0x92, 0x94, 0x92, 0x7B, 0xCF, 0x6A, 0x65, 0x00, 0x00, 0x00, 0x00, 
0x00, 0x00, 0x00, 0x00, 0x01, 0x6F, 0x03, 0x1F, 0x03, 0x1F, 0x03, 0x1F, 0x03, 0x1F, 0x03, 0x1F, 
0x03, 0x1F, 0x02, 0xBA, 0x02, 0x15, 0x02, 0x15, 0x01, 0x6F, 0x01, 0x6F, 0x94, 0x92, 0x94, 0x92, 
0x94, 0x92, 0x94, 0x92, 0x94, 0x92, 0x94, 0x92, 0x94, 0x92, 0x94, 0x92, 0x7B, 0xCF, 0x94, 0x92, 
0x94, 0x92, 0x94, 0x92, 0x94, 0x92, 0x94, 0x92, 0x7B, 0xCF, 0x6A, 0x65, 0x6A, 0x65, 0x00, 0x00, 
0x00, 0x00, 0x00, 0x00, 0x01, 0x6F, 0x03, 0x1F, 0x03, 0x1F, 0x3C, 0x5F, 0x03, 0x1F, 0x03, 0x1F, 
0x02, 0xBA, 0x02, 0x15, 0x02, 0x15, 0x02, 0x15, 0x01, 0x6F, 0x01, 0x6F, 0x94, 0x92, 0x94, 0x92, 
0x94, 0x92, 0x94, 0x92, 0x94, 0x92, 0x94, 0x92, 0x94, 0x92, 0x94, 0x92, 0x7B, 0xCF, 0x94, 0x92, 
0x94, 0x92, 0x94, 0x92, 0x94, 0x92, 0x94, 0x92, 0x7B, 0xCF, 0x6A, 0x65, 0x6A, 0x65, 0x00, 0x00, 
0x00, 0x00, 0x00, 0x00, 0x01, 0x6F, 0x03, 0x1F, 0x3C, 0x5F, 0x3C, 0x5F, 0x03, 0x1F, 0x03, 0x1F, 
0x02, 0xBA, 0x02, 0x15, 0x02, 0x15, 0x02, 0x15, 0x01, 0x6F, 0x94, 0x92, 0x94, 0x92, 0x94, 0x92, 
0x94, 0x92, 0x94, 0x92, 0x94, 0x92, 0x94, 0x92, 0x94, 0x92, 0x94, 0x92, 0x7B, 0xCF, 0x94, 0x92, 
0x94, 0x92, 0x75, 0x3F, 0x03, 0x1F, 0x94, 0x92, 0x94, 0x92, 0x8B, 0x69, 0x8B, 0x69, 0x00, 0x00, 
0x00, 0x00, 0x00, 0x00, 0x01, 0x6F, 0x3C, 0x5F, 0x3C, 0x5F, 0x3C, 0x5F, 0x03, 0x1F, 0x02, 0xBA, 
0x02, 0xBA, 0x02, 0x15, 0x02, 0x15, 0x02, 0x15, 0x01, 0x6F, 0x94, 0x92, 0xAD, 0x55, 0xAD, 0x55, 
0xAD, 0x55, 0x94, 0x92, 0x94, 0x92, 0x94, 0x92, 0x94, 0x92, 0x94, 0x92, 0x7B, 0xCF, 0x94, 0x92, 
0x94, 0x92, 0x03, 0x1F, 0x03, 0x1F, 0x94, 0x92, 0x94, 0x92, 0x7B, 0xCF, 0x00, 0x00, 0x00, 0x00, 
0x00, 0x00, 0x00, 0x00, 0x01, 0x6F, 0x3C, 0x5F, 0x3C, 0x5F, 0x3C, 0x5F, 0x03, 0x1F, 0x02, 0xBA, 
0x02, 0xBA, 0x02, 0xBA, 0x02, 0x15, 0x02, 0x15, 0x01, 0x6F, 0xAD, 0x55, 0xAD, 0x55, 0xAD, 0x55, 
0xAD, 0x55, 0xAD, 0x55, 0xAD, 0x55, 0xAD, 0x55, 0x94, 0x92, 0x94, 0x92, 0x94, 0x92, 0x7B, 0xCF, 
0x94, 0x92, 0x94, 0x92, 0x94, 0x92, 0x94, 0x92, 0x94, 0x92, 0x7B, 0xCF, 0x00, 0x00, 0x00, 0x00, 
0x00, 0x00, 0x00, 0x00, 0x01, 0x6F, 0x3C, 0x5F, 0x3C, 0x5F, 0x03, 0x1F, 0x02, 0xBA, 0x03, 0x1F, 
0x02, 0xBA, 0x02, 0xBA, 0x02, 0xBA, 0x02, 0xBA, 0x01, 0x6F, 0xAD, 0x55, 0xAD, 0x55, 0xAD, 0x55, 
0xAD, 0x55, 0xAD, 0x55, 0xAD, 0x55, 0xAD, 0x55, 0xAD, 0x55, 0x94, 0x92, 0x94, 0x92, 0x7B, 0xCF, 
0x94, 0x92, 0x94, 0x92, 0x94, 0x92, 0x94, 0x92, 0x94, 0x92, 0x7B, 0xCF, 0x00, 0x00, 0x00, 0x00, 
0x00, 0x00, 0x00, 0x00, 0x01, 0x6F, 0x03, 0x1F, 0x03, 0x1F, 0x02, 0xBA, 0x02, 0xBA, 0x03, 0x1F, 
0x03, 0x1F, 0x03, 0x1F, 0x02, 0xBA, 0x02, 0xBA, 0x01, 0x6F, 0xAD, 0x55, 0xAD, 0x55, 0xAD, 0x55, 
0xAD, 0x55, 0xAD, 0x55, 0xAD, 0x55, 0x75, 0x3F, 0x03, 0x1F, 0xAD, 0x55, 0xAD, 0x55, 0x7B, 0xCF, 
0x94, 0x92, 0x94, 0x92, 0x94, 0x92, 0x02, 0xBA, 0x02, 0xBA, 0x6A, 0x65, 0x6A, 0x65, 0x00, 0x00, 
0x00, 0x00, 0x00, 0x00, 0x01, 0x6F, 0x02, 0xBA, 0x02, 0xBA, 0x02, 0xBA, 0x03, 0x1F, 0x03, 0x1F, 
0x03, 0x1F, 0x03, 0x1F, 0x03, 0x1F, 0x02, 0xBA, 0x01, 0x6F, 0xAD, 0x55, 0xC6, 0x18, 0xC6, 0x18, 
0xC6, 0x18, 0xC6, 0x18, 0xC6, 0x18, 0x03, 0x1F, 0x03, 0x1F, 0xAD, 0x55, 0xAD, 0x55, 0x7B, 0xCF, 
0x94, 0x92, 0x94, 0x92, 0x94, 0x92, 0x3C, 0x5F, 0x3C, 0x5F, 0x6A, 0x65, 0x6A, 0x65, 0x00, 0x00, 
0x00, 0x00, 0x00, 0x00, 0x01, 0x6F, 0x02, 0xBA, 0x02, 0xBA, 0x03, 0x1F, 0x03, 0x1F, 0x03, 0x1F, 
0x03, 0x1F, 0x03, 0x1F, 0x03, 0x1F, 0x02, 0xBA, 0x01, 0x6F, 0xAD, 0x55, 0xC6, 0x18, 0xC6, 0x18, 
0xC6, 0x18, 0xC6, 0x18, 0xC6, 0x18, 0xC6, 0x18, 0xAD, 0x55, 0xAD, 0x55, 0xAD, 0x55, 0x7B, 0xCF, 
0x94, 0x92, 0x94, 0x92, 0x94, 0x92, 0x3C, 0x5F, 0x3C, 0x5F, 0x6A, 0x65, 0x6A, 0x65, 0x00, 0x00, 
0x00, 0x00, 0x00, 0x00, 0x01, 0x6F, 0x02, 0xBA, 0x02, 0xBA, 0x3C, 0x5F, 0x3C, 0x5F, 0x03, 0x1F, 
0x03, 0x1F, 0x03, 0x1F, 0x03, 0x1F, 0x02, 0xBA, 0x01, 0x6F, 0xC6, 0x18, 0xC6, 0x18, 0x1C, 0x7E, 
0x1C, 0x7E, 0x1C, 0x7E, 0x1C, 0x7E, 0xC6, 0x18, 0xAD, 0x55, 0xAD, 0x55, 0xAD, 0x55, 0x7B, 0xCF, 
0x94, 0x92, 0x3C, 0x5F, 0x3C, 0x5F, 0x3C, 0x5F, 0x3C, 0x5F, 0x8B, 0x69, 0x8B, 0x69, 0x00, 0x00, 
0x00, 0x00, 0x00, 0x00, 0x00, 0x00, 0x01, 0x6F, 0x02, 0xBA, 0x3C, 0x5F, 0x3C, 0x5F, 0x3C, 0x5F, 
0x03, 0x1F, 0x03, 0x1F, 0x03, 0x1F, 0x02, 0xBA, 0x01, 0x6F, 0xC6, 0x18, 0xC6, 0x18, 0x1C, 0x7E, 
0x5E, 0x7E, 0x5E, 0x7E, 0x1C, 0x7E, 0xC6, 0x18, 0xC6, 0x18, 0xAD, 0x55, 0xAD, 0x55, 0x7B, 0xCF, 
0x94, 0x92, 0x3C, 0x5F, 0x3C, 0x5F, 0x75, 0x3F, 0x75, 0x3F, 0x8B, 0x69, 0x8B, 0x69, 0x00, 0x00, 
0x00, 0x00, 0x00, 0x00, 0x00, 0x00, 0x00, 0x00, 0x01, 0x6F, 0x3C, 0x5F, 0x3C, 0x5F, 0x3C, 0x5F, 
0x3C, 0x5F, 0x03, 0x1F, 0x03, 0x1F, 0x02, 0xBA, 0x01, 0x6F, 0xC6, 0x18, 0xC6, 0x18, 0xC6, 0x18, 
0xC6, 0x18, 0xC6, 0x18, 0xC6, 0x18, 0xC6, 0x18, 0xC6, 0x18, 0xC6, 0x18, 0xAD, 0x55, 0x7B, 0xCF, 
0x94, 0x92, 0x75, 0x3F, 0x75, 0x3F, 0x75, 0x3F, 0x75, 0x3F, 0x8B, 0x69, 0x8B, 0x69, 0x00, 0x00, 
0x00, 0x00, 0x00, 0x00, 0x00, 0x00, 0x00, 0x00, 0x01, 0x6F, 0x03, 0x1F, 0x3C, 0x5F, 0x3C, 0x5F, 
0x3C, 0x5F, 0x03, 0x1F, 0x03, 0x1F, 0x02, 0xBA, 0x01, 0x6F, 0xD6, 0xBA, 0xD6, 0xBA, 0xD6, 0xBA, 
0xD6, 0xBA, 0xD6, 0xBA, 0xD6, 0xBA, 0xD6, 0xBA, 0x03, 0x1F, 0xC6, 0x18, 0xAD, 0x55, 0x7B, 0xCF, 
0xAD, 0x55, 0xAE, 0x3F, 0xAE, 0x3F, 0xAE, 0x3F, 0x00, 0x00, 0x8B, 0x69, 0x8B, 0x69, 0x00, 0x00, 
0x00, 0x00, 0x00, 0x00, 0x00, 0x00, 0x00, 0x00, 0x01, 0x6F, 0x03, 0x1F, 0x3C, 0x5F, 0x3C, 0x5F, 
0x3C, 0x5F, 0x03, 0x1F, 0x03, 0x1F, 0x02, 0xBA, 0x01, 0x6F, 0xD6, 0xBA, 0xD6, 0xBA, 0xD6, 0xBA, 
0xD6, 0xBA, 0xD6, 0xBA, 0xD6, 0xBA, 0xD6, 0xBA, 0x03, 0x1F, 0xC6, 0x18, 0xAD, 0x55, 0x7B, 0xCF, 
0x00, 0x00, 0x00, 0x00, 0x00, 0x00, 0x00, 0x00, 0x00, 0x00, 0x00, 0x00, 0x00, 0x00, 0x00, 0x00, 
0x00, 0x00, 0x00, 0x00, 0x00, 0x00, 0x00, 0x00, 0x00, 0x00, 0x01, 0x6F, 0x03, 0x1F, 0x3C, 0x5F, 
0x3C, 0x5F, 0x03, 0x1F, 0x03, 0x1F, 0x02, 0xBA, 0x01, 0x6F, 0xEF, 0x5D, 0xEF, 0x5D, 0xEF, 0x5D, 
0xEF, 0x5D, 0xEF, 0x5D, 0xEF, 0x5D, 0xEF, 0x5D, 0x03, 0x1F, 0xC6, 0x18, 0xAD, 0x55, 0x00, 0x00, 
0x00, 0x00, 0x00, 0x00, 0x00, 0x00, 0x00, 0x00, 0x00, 0x00, 0x00, 0x00, 0x00, 0x00, 0x00, 0x00, 
0x00, 0x00, 0x00, 0x00, 0x00, 0x00, 0x00, 0x00, 0x00, 0x00, 0x00, 0x00, 0x01, 0x6F, 0x01, 0x6F, 
0x03, 0x1F, 0x03, 0x1F, 0x03, 0x1F, 0x02, 0xBA, 0x01, 0x6F, 0xEF, 0x5D, 0xEF, 0x5D, 0xEF, 0x5D, 
0xEF, 0x5D, 0xEF, 0x5D, 0xEF, 0x5D, 0xEF, 0x5D, 0x03, 0x1F, 0xEF, 0x5D, 0x00, 0x00, 0x00, 0x00, 
0x00, 0x00, 0x00, 0x00, 0x00, 0x00, 0x00, 0x00, 0x00, 0x00, 0x00, 0x00, 0x00, 0x00, 0x00, 0x00, 
0x00, 0x00, 0x00, 0x00, 0x00, 0x00, 0x00, 0x00, 0x00, 0x00, 0x00, 0x00, 0x00, 0x00, 0x00, 0x00, 
0x01, 0x6F, 0x01, 0x6F, 0x03, 0x1F, 0x02, 0xBA, 0x01, 0x6F, 0xC6, 0x18, 0xC6, 0x18, 0xC6, 0x18, 
0xC6, 0x18, 0xC6, 0x18, 0xC6, 0x18, 0xC6, 0x18, 0x03, 0x1F, 0x00, 0x00, 0x00, 0x00, 0x00, 0x00, 
0x00, 0x00, 0x00, 0x00, 0x00, 0x00, 0x00, 0x00, 0x00, 0x00, 0x00, 0x00, 0x00, 0x00, 0x00, 0x00, 
0x00, 0x00, 0x00, 0x00, 0x00, 0x00, 0x00, 0x00, 0x00, 0x00, 0x00, 0x00, 0x00, 0x00, 0x00, 0x00, 
0x00, 0x00, 0x00, 0x00, 0x01, 0x6F, 0x01, 0x6F, 0x01, 0x6F, 0x00, 0x00, 0x00, 0x00, 0x00, 0x00, 
0x00, 0x00, 0x00, 0x00, 0x00, 0x00, 0x00, 0x00, 0x00, 0x00, 0x00, 0x00, 0x00, 0x00, 0x00, 0x00, 
0x00, 0x00, 0x00, 0x00, 0x00, 0x00, 0x00, 0x00, 0x00, 0x00, 0x00, 0x00, 0x00, 0x00, 0x00, 0x00, 
0x00, 0x00, 0x00, 0x00, 0x00, 0x00, 0x00, 0x00, 0x00, 0x00, 0x00, 0x00, 0x00, 0x00, 0x00, 0x00, 
0x00, 0x00, 0x00, 0x00, 0x00, 0x00, 0x00, 0x00, 0x00, 0x00, 0x00, 0x00, 0x00, 0x00, 0x00, 0x00, 
0x00, 0x00, 0x00, 0x00, 0x00, 0x00, 0x00, 0x00, 0x00, 0x00, 0x00, 0x00, 0x00, 0x00, 0x00, 0x00, 
0x00, 0x00, 0x00, 0x00, 0x00, 0x00, 0x00, 0x00, 0x00, 0x00, 0x00, 0x00, 0x00, 0x00, 0x00, 0x00, 
0x00, 0x00, 0x00, 0x00, 0x00, 0x00, 0x00, 0x00, 0x00, 0x00, 0x00, 0x00, 0x00, 0x00, 0x00, 0x00, 
0x00, 0x00, 0x00, 0x00, 0x00, 0x00, 0x00, 0x00, 0x00, 0x00, 0x00, 0x00, 0x00, 0x00, 0x00, 0x00, 
0x00, 0x00, 0x00, 0x00, 0x00, 0x00, 0x00, 0x00, 0x00, 0x00, 0x00, 0x00, 0x00, 0x00, 0x00, 0x00, 
0x00, 0x00, 0x00, 0x00, 0x00, 0x00, 0x00, 0x00, 0x00, 0x00, 0x00, 0x00, 0x00, 0x00, 0x00, 0x00, 
0x00, 0x00, 0x00, 0x00, 0x00, 0x00, 0x00, 0x00, 0x00, 0x00, 0x00, 0x00, 0x00, 0x00, 0x00, 0x00, 
0x00, 0x00, 0x00, 0x00, 0x00, 0x00, 0x00, 0x00, 0x00, 0x00, 0x00, 0x00, 0x00, 0x00, 0x00, 0x00, 
0x00, 0x00, 0x00, 0x00, 0x00, 0x00, 0x00, 0x00, 0x00, 0x00, 0x00, 0x00, 0x00, 0x00, 0x00, 0x00, 
0x00, 0x00, 0x00, 0x00, 0x00, 0x00, 0x00, 0x00, 0x00, 0x00, 0x00, 0x00, 0x00, 0x00, 0x00, 0x00, 
0x00, 0x00, 0x00, 0x00, 0x00, 0x00, 0x00, 0x00, 0x00, 0x00, 0x00, 0x00, 0x00, 0x00, 0x00, 0x00, 
0x00, 0x00, 0x00, 0x00, 0x00, 0x00, 0x00, 0x00, 0x00, 0x00, 0x00, 0x00, 0x00, 0x00, 0x00, 0x00, 
0x00, 0x00, 0x00, 0x00, 0x00, 0x00, 0x00, 0x00, 0x00, 0x00, 0x00, 0x00, 0x00, 0x00, 0x00, 0x00, 
0x00, 0x00, 0x00, 0x00, 0x00, 0x00, 0x00, 0x00, 0x00, 0x00, 0x00, 0x00, 0x00, 0x00, 0x00, 0x00
}
},
{
{
0x00, 0x00, 0x00, 0x00, 0x00, 0x00, 0x00, 0x00, 0x00, 0x00, 0x00, 0x00, 0x00, 0x00, 0x00, 0x00, 
0x00, 0x00, 0x00, 0x00, 0x00, 0x00, 0x00, 0x00, 0x00, 0x00, 0x00, 0x00, 0x00, 0x00, 0x00, 0x00, 
0x00, 0x00, 0x00, 0x00, 0x00, 0x00, 0x00, 0x00, 0x00, 0x00, 0x00, 0x00, 0x00, 0x00, 0x00, 0x00, 
0x00, 0x00, 0x00, 0x00, 0x00, 0x00, 0x00, 0x00, 0x00, 0x00, 0x00, 0x00, 0x00, 0x00, 0x00, 0x00, 
0x00, 0x00, 0x00, 0x00, 0x00, 0x00, 0x00, 0x00, 0x00, 0x00, 0x00, 0x00, 0x00, 0x00, 0x00, 0x00, 
0x00, 0x00, 0x00, 0x00, 0x00, 0x00, 0x00, 0x00, 0x00, 0x00, 0x00, 0x00, 0x00, 0x00, 0x00, 0x00, 
0x00, 0x00, 0x00, 0x00, 0x00, 0x00, 0x00, 0x00, 0x00, 0x00, 0x00, 0x00, 0x00, 0x00, 0x00, 0x00, 
0x00, 0x00, 0x00, 0x00, 0x00, 0x00, 0x00, 0x00, 0x7B, 0xCF, 0x00, 0x00, 0x00, 0x00, 0x00, 0x00, 
0x00, 0x00, 0x00, 0x00, 0x00, 0x00, 0x00, 0x00, 0x00, 0x00, 0x00, 0x00, 0x00, 0x00, 0x00, 0x00, 
0x00, 0x00, 0x01, 0x6F, 0x01, 0x6F, 0x01, 0x6F, 0x01, 0x6F, 0x00, 0x00, 0x00, 0x00, 0x00, 0x00, 
0x00, 0x00, 0x00, 0x00, 0x00, 0x00, 0x00, 0x00, 0x00, 0x00, 0x00, 0x00, 0x00, 0x00, 0x00, 0x00, 
0x00, 0x00, 0x00, 0x00, 0x00, 0x00, 0x7B, 0xCF, 0x94, 0x92, 0x7B, 0xCF, 0x00, 0x00, 0x00, 0x00, 
0x00, 0x00, 0x00, 0x00, 0x00, 0x00, 0x00, 0x00, 0x00, 0x00, 0x00, 0x00, 0x00, 0x00, 0x00, 0x00, 
0x01, 0x6F, 0x02, 0x15, 0x03, 0x1F, 0x02, 0xBA, 0x02, 0x15, 0x01, 0x6F, 0x00, 0x00, 0x00, 0x00, 
0x00, 0x00, 0x00, 0x00, 0x00, 0x00, 0x00, 0x00, 0x00, 0x00, 0x00, 0x00, 0x00, 0x00, 0x00, 0x00, 
0x00, 0x00, 0x00, 0x00, 0x7B, 0xCF, 0xAD, 0x55, 0x94, 0x92, 0x7B, 0xCF, 0x00, 0x00, 0x00, 0x00, 
0x00, 0x00, 0x00, 0x00, 0x01, 0x6F, 0x01, 0x6F, 0x01, 0x6F, 0x01, 0x6F, 0x01, 0x6F, 0x01, 0x6F, 
0x02, 0x15, 0x3C, 0x5F, 0x03, 0x1F, 0x02, 0xBA, 0x02, 0x15, 0x01, 0x6F, 0x01, 0x6F, 0x7B, 0xCF, 
0x7B, 0xCF, 0x7B, 0xCF, 0x7B, 0xCF, 0x00, 0x00, 0x00, 0x00, 0x00, 0x00, 0x00, 0x00, 0x7B, 0xCF, 
0x7B, 0xCF, 0x00, 0x00, 0x7B, 0xCF, 0xAD, 0x55, 0xAD, 0x55, 0x7B, 0xCF, 0x00, 0x00, 0x00, 0x00, 
0x00, 0x00, 0x01, 0x6F, 0x3C, 0x5F, 0x3C, 0x5F, 0x03, 0x1F, 0x03, 0x1F, 0x02, 0xBA, 0x02, 0x15, 
0x3C, 0x5F, 0x3C, 0x5F, 0x03, 0x1F, 0x02, 0xBA, 0x02, 0x15, 0x03, 0x1F, 0x02, 0x15, 0x01, 0x6F, 
0xAD, 0x55, 0xAD, 0x55, 0xAD, 0x55, 0x7B, 0xCF, 0x00, 0x00, 0x00, 0x00, 0x7B, 0xCF, 0xC6, 0x18, 
0xC6, 0x18, 0x7B, 0xCF, 0x7B, 0xCF, 0xC6, 0x18, 0xAD, 0x55, 0x7B, 0xCF, 0x00, 0x00, 0x00, 0x00, 
0x01, 0x6F, 0x3C, 0x5F, 0x3C, 0x5F, 0x3C, 0x5F, 0x03, 0x1F, 0x03, 0x1F, 0x02, 0xBA, 0x02, 0x15, 
0x3C, 0x5F, 0x3C, 0x5F, 0x03, 0x1F, 0x02, 0xBA, 0x02, 0x15, 0x03, 0x1F, 0x02, 0x15, 0x02, 0x15, 
0x01, 0x6F, 0xC6, 0x18, 0xC6, 0x18, 0xC6, 0x18, 0x7B, 0xCF, 0x7B, 0xCF, 0xC6, 0x18, 0xD6, 0xBA, 
0xEF, 0x5D, 0xD6, 0xBA, 0x7B, 0xCF, 0xC6, 0x18, 0xAD, 0x55, 0x7B, 0xCF, 0x00, 0x00, 0x00, 0x00, 
0x01, 0x6F, 0x03, 0x1F, 0x3C, 0x5F, 0x3C, 0x5F, 0x03, 0x1F, 0x03, 0x1F, 0x02, 0x15, 0x02, 0x15, 
0x3C, 0x5F, 0x03, 0x1F, 0x03, 0x1F, 0x02, 0xBA, 0x02, 0x15, 0x03, 0x1F, 0x02, 0xBA, 0x02, 0x15, 
0x01, 0x6F, 0xD6, 0xBA, 0xD6, 0xBA, 0xC6, 0x18, 0xC6, 0x18, 0x7B, 0xCF, 0xD6, 0xBA, 0xEF, 0x5D, 
0xEF, 0x5D, 0xD6, 0xBA, 0x7B, 0xCF, 0xD6, 0xBA, 0xAD, 0x55, 0x7B, 0xCF, 0x00, 0x00, 0x00, 0x00, 
0x00, 0x00, 0x01, 0x6F, 0x03, 0x1F, 0x03, 0x1F, 0x03, 0x1F, 0x03, 0x1F, 0x02, 0x15, 0x3C, 0x5F, 
0x3C, 0x5F, 0x03, 0x1F, 0x03, 0x1F, 0x02, 0x15, 0x02, 0x15, 0x03, 0x1F, 0x02, 0xBA, 0x02, 0x15, 
0x01, 0x6F, 0xEF, 0x5D, 0xD6, 0xBA, 0xD6, 0xBA, 0xC6, 0x18, 0x7B, 0xCF, 0xEF, 0x5D, 0xEF, 0x5D, 
0xEF, 0x5D, 0xD6, 0xBA, 0x7B, 0xCF, 0xD6, 0xBA, 0xAD, 0x55, 0x7B, 0xCF, 0x00, 0x00, 0x00, 0x00, 
0x00, 0x00, 0x01, 0x6F, 0x03, 0x1F, 0x03, 0x1F, 0x03, 0x1F, 0x02, 0x15, 0x02, 0x15, 0x3C, 0x5F, 
0x3C, 0x5F, 0x03, 0x1F, 0x03, 0x1F, 0x02, 0x15, 0x03, 0x1F, 0x03, 0x1F, 0x02, 0xBA, 0x02, 0xBA, 
0x02, 0x15, 0x01, 0x6F, 0xEF, 0x5D, 0xD6, 0xBA, 0xC6, 0x18, 0x7B, 0xCF, 0xEF, 0x5D, 0xEF, 0x5D, 
0xEF, 0x5D, 0x7B, 0xCF, 0xEF, 0x5D, 0xC6, 0x18, 0xAD, 0x55, 0x7B, 0xCF, 0x00, 0x00, 0x00, 0x00, 
0x00, 0x00, 0x01, 0x6F, 0x03, 0x1F, 0x02, 0xBA, 0x02, 0xBA, 0x02, 0x15, 0x3C, 0x5F, 0x3C, 0x5F, 
0x03, 0x1F, 0x03, 0x1F, 0x02, 0xBA, 0x02, 0x15, 0x03, 0x1F, 0x03, 0x1F, 0x02, 0xBA, 0x02, 0xBA, 
0x02, 0x15, 0x01, 0x6F, 0xEF, 0x5D, 0xD6, 0xBA, 0xD6, 0xBA, 0xC6, 0x18, 0x7B, 0xCF, 0xEF, 0x5D, 
0xEF, 0x5D, 0x7B, 0xCF, 0xC6, 0x18, 0xC6, 0x18, 0x7B, 0xCF, 0x6A, 0x65, 0x00, 0x00, 0x00, 0x00, 
0x00, 0x00, 0x01, 0x6F, 0x02, 0xBA, 0x02, 0xBA, 0x02, 0x15, 0x02, 0x15, 0x3C, 0x5F, 0x3C, 0x5F, 
0x03, 0x1F, 0x03, 0x1F, 0x02, 0xBA, 0x02, 0x15, 0x03, 0x1F, 0x03, 0x1F, 0x02, 0xBA, 0x02, 0xBA, 
0x02, 0x15, 0x01, 0x6F, 0xEF, 0x5D, 0xD6, 0xBA, 0xD6, 0xBA, 0xC6, 0x18, 0x7B, 0xCF, 0xEF, 0x5D, 
0xEF, 0x5D, 0x7B, 0xCF, 0xC6, 0x18, 0xC6, 0x18, 0x7B, 0xCF, 0x6A, 0x65, 0x00, 0x00, 0x00, 0x00, 
0x00, 0x00, 0x00, 0x00, 0x01, 0x6F, 0x02, 0x15, 0x02, 0x15, 0x3C, 0x5F, 0x3C, 0x5F, 0x03, 0x1F, 
0x03, 0x1F, 0x03, 0x1F, 0x02, 0xBA, 0x02, 0x15, 0x03, 0x1F, 0x03, 0x1F, 0x02, 0xBA, 0x02, 0xBA, 
0x02, 0x15, 0x01, 0x6F, 0xEF, 0x5D, 0xD6, 0xBA, 0xD6, 0xBA, 0xC6, 0x18, 0x7B, 0xCF, 0xEF, 0x5D, 
0xC6, 0x18, 0x7B, 0xCF, 0xC6, 0x18, 0xC6, 0x18, 0x7B, 0xCF, 0x6A, 0x65, 0x00, 0x00, 0x00, 0x00, 
0x00, 0x00, 0x00, 0x00, 0x01, 0x6F, 0x02, 0x15, 0x3C, 0x5F, 0x3C, 0x5F, 0x03, 0x1F, 0x03, 0x1F, 
0x03, 0x1F, 0x02, 0xBA, 0x02, 0x15, 0x02, 0x15, 0x03, 0x1F, 0x03, 0x1F, 0x02, 0xBA, 0x02, 0xBA, 
0x02, 0x15, 0x01, 0x6F, 0xEF, 0x5D, 0xD6, 0xBA, 0xD6, 0xBA, 0xC6, 0x18, 0x7B, 0xCF, 0xC6, 0x18, 
0xC6, 0x18, 0x7B, 0xCF, 0xC6, 0x18, 0xC6, 0x18, 0x7B, 0xCF, 0x8B, 0x69, 0x00, 0x00, 0x00, 0x00, 
0x00, 0x00, 0x00, 0x00, 0x01, 0x6F, 0x3C, 0x5F, 0x3C, 0x5F, 0x03, 0x1F, 0x03, 0x1F, 0x03, 0x1F, 
0x02, 0xBA, 0x02, 0xBA, 0x02, 0x15, 0x02, 0xBA, 0x03, 0x1F, 0x03, 0x1F, 0x02, 0xBA, 0x02, 0x15, 
0x02, 0x15, 0x01, 0x6F, 0xD6, 0xBA, 0xD6, 0xBA, 0xD6, 0xBA, 0xC6, 0x18, 0xAD, 0x55, 0xC6, 0x18, 
0x7B, 0xCF, 0xC6, 0x18, 0xC6, 0x18, 0xC6, 0x18, 0x7B, 0xCF, 0x6A, 0x65, 0x00, 0x00, 0x00, 0x00, 
0x00, 0x00, 0x00, 0x00, 0x01, 0x6F, 0x3C, 0x5F, 0x3C, 0x5F, 0x03, 0x1F, 0x03, 0x1F, 0x03, 0x1F, 
0x02, 0xBA, 0x02, 0xBA, 0x02, 0x15, 0x03, 0x1F, 0x03, 0x1F, 0x02, 0xBA, 0x02, 0xBA, 0x02, 0x15, 
0x02, 0x15, 0x01, 0x6F, 0xD6, 0xBA, 0xD6, 0xBA, 0xD6, 0xBA, 0xC6, 0x18, 0xAD, 0x55, 0xC6, 0x18, 
0x7B, 0xCF, 0xC6, 0x18, 0xC6, 0x18, 0xC6, 0x18, 0x7B, 0xCF, 0x00, 0x00, 0x00, 0x00, 0x00, 0x00, 
0x00, 0x00, 0x00, 0x00, 0x01, 0x6F, 0x03, 0x1F, 0x03, 0x1F, 0x03, 0x1F, 0x03, 0x1F, 0x03, 0x1F, 
0x02, 0xBA, 0x02, 0xBA, 0x02, 0x15, 0x03, 0x1F, 0x03, 0x1F, 0x02, 0xBA, 0x02, 0xBA, 0x02, 0x15, 
0x02, 0x15, 0x01, 0x6F, 0xD6, 0xBA, 0xD6, 0xBA, 0xD6, 0xBA, 0xC6, 0x18, 0xAD, 0x55, 0xC6, 0x18, 
0xC6, 0x18, 0xC6, 0x18, 0xC6, 0x18, 0xC6, 0x18, 0x7B, 0xCF, 0x00, 0x00, 0x00, 0x00, 0x00, 0x00, 
0x00, 0x00, 0x00, 0x00, 0x01, 0x6F, 0x03, 0x1F, 0x03, 0x1F, 0x03, 0x1F, 0x02, 0xBA, 0x02, 0xBA, 
0x02, 0xBA, 0x02, 0xBA, 0x02, 0x15, 0x03, 0x1F, 0x03, 0x1F, 0x02, 0xBA, 0x02, 0xBA, 0x02, 0x15, 
0x02, 0x15, 0x01, 0x6F, 0xD6, 0xBA, 0xD6, 0xBA, 0xD6, 0xBA, 0xAD, 0x55, 0xAD, 0x55, 0xC6, 0x18, 
0xC6, 0x18, 0xC6, 0x18, 0xC6, 0x18, 0xC6, 0x18, 0x7B, 0xCF, 0x6A, 0x65, 0x00, 0x00, 0x00, 0x00, 
0x00, 0x00, 0x00, 0x00, 0x01, 0x6F, 0x03, 0x1F, 0x03, 0x1F, 0x03, 0x1F, 0x02, 0xBA, 0x02, 0xBA, 
0x02, 0xBA, 0x02, 0x15, 0x3C, 0x5F, 0x03, 0x1F, 0x03, 0x1F, 0x02, 0xBA, 0x02, 0x15, 0x02, 0x15, 
0x02, 0x15, 0x01, 0x6F, 0xD6, 0xBA, 0xD6, 0xBA, 0xC6, 0x18, 0xAD, 0x55, 0xAD, 0x55, 0xC6, 0x18, 
0xC6, 0x18, 0xC6, 0x18, 0xC6, 0x18, 0xC6, 0x18, 0x7B, 0xCF, 0x6A, 0x65, 0x00, 0x00, 0x00, 0x00, 
0x00, 0x00, 0x00, 0x00, 0x01, 0x6F, 0x02, 0xBA, 0x03, 0x1F, 0x02, 0xBA, 0x02, 0xBA, 0x02, 0xBA, 
0x02, 0x15, 0x02, 0x15, 0x3C, 0x5F, 0x02, 0xBA, 0x02, 0xBA, 0x02, 0xBA, 0x02, 0x15, 0x02, 0x15, 
0x02, 0x15, 0x01, 0x6F, 0xC6, 0x18, 0xC6, 0x18, 0xC6, 0x18, 0xAD, 0x55, 0x7B, 0xCF, 0xAD, 0x55, 
0xC6, 0x18, 0xC6, 0x18, 0xC6, 0x18, 0xC6, 0x18, 0x7B, 0xCF, 0x6A, 0x65, 0x00, 0x00, 0x00, 0x00, 
0x00, 0x00, 0x00, 0x00, 0x01, 0x6F, 0x02, 0xBA, 0x03, 0x1F, 0x02, 0xBA, 0x02, 0xBA, 0x02, 0x15, 
0x02, 0x15, 0x3C, 0x5F, 0x03, 0x1F, 0x02, 0xBA, 0x02, 0xBA, 0x02, 0xBA, 0x02, 0x15, 0x02, 0x15, 
0x02, 0x15, 0x01, 0x6F, 0xC6, 0x18, 0xC6, 0x18, 0xC6, 0x18, 0xAD, 0x55, 0x7B, 0xCF, 0xAD, 0x55, 
0xC6, 0x18, 0xC6, 0x18, 0xC6, 0x18, 0xC6, 0x18, 0x7B, 0xCF, 0x6A, 0x65, 0x00, 0x00, 0x00, 0x00, 
0x00, 0x00, 0x00, 0x00, 0x01, 0x6F, 0x02, 0xBA, 0x02, 0xBA, 0x02, 0xBA, 0x02, 0x15, 0x02, 0x15, 
0x03, 0x1F, 0x03, 0x1F, 0x03, 0x1F, 0x02, 0xBA, 0x02, 0xBA, 0x02, 0x15, 0x02, 0x15, 0x02, 0x15, 
0x01, 0x6F, 0xC6, 0x18, 0xC6, 0x18, 0xC6, 0x18, 0xC6, 0x18, 0xAD, 0x55, 0x7B, 0xCF, 0xAD, 0x55, 
0xAD, 0x55, 0xC6, 0x18, 0xC6, 0x18, 0xC6, 0x18, 0x7B, 0xCF, 0x8B, 0x69, 0x00, 0x00, 0x00, 0x00, 
0x00, 0x00, 0x00, 0x00, 0x00, 0x00, 0x01, 0x6F, 0x02, 0xBA, 0x02, 0x15, 0x02, 0x15, 0x03, 0x1F, 
0x03, 0x1F, 0x03, 0x1F, 0x02, 0xBA, 0x02, 0xBA, 0x02, 0x15, 0x02, 0x15, 0x02, 0x15, 0x02, 0x15, 
0x01, 0x6F, 0xC6, 0x18, 0xC6, 0x18, 0xC6, 0x18, 0xAD, 0x55, 0x7B, 0xCF, 0xAD, 0x55, 0xAD, 0x55, 
0xAD, 0x55, 0xAD, 0x55, 0x7B, 0xCF, 0xD6, 0xBA, 0x7B, 0xCF, 0x6A, 0x65, 0x00, 0x00, 0x00, 0x00, 
0x00, 0x00, 0x00, 0x00, 0x00, 0x00, 0x00, 0x00, 0x01, 0x6F, 0x02, 0x15, 0x03, 0x1F, 0x03, 0x1F, 
0x03, 0x1F, 0x03, 0x1F, 0x02, 0xBA, 0x02, 0xBA, 0x02, 0x15, 0x02, 0x15, 0x02, 0x15, 0x01, 0x6F, 
0xAD, 0x55, 0xAD, 0x55, 0xAD, 0x55, 0xAD, 0x55, 0xAD, 0x55, 0x7B, 0xCF, 0x94, 0x92, 0xAD, 0x55, 
0xAD, 0x55, 0xC6, 0x18, 0x7B, 0xCF, 0xC6, 0x18, 0x7B, 0xCF, 0x00, 0x00, 0x00, 0x00, 0x00, 0x00, 
0x00, 0x00, 0x00, 0x00, 0x00, 0x00, 0x00, 0x00, 0x00, 0x00, 0x01, 0x6F, 0x03, 0x1F, 0x03, 0x1F, 
0x02, 0xBA, 0x02, 0xBA, 0x02, 0xBA, 0x02, 0x15, 0x02, 0x15, 0x02, 0x15, 0x02, 0x15, 0x01, 0x6F, 
0xAD, 0x55, 0xAD, 0x55, 0xAD, 0x55, 0xAD, 0x55, 0x94, 0x92, 0x7B, 0xCF, 0x94, 0x92, 0x94, 0x92, 
0xC6, 0x18, 0xC6, 0x18, 0x7B, 0xCF, 0x7B, 0xCF, 0x00, 0x00, 0x00, 0x00, 0x00, 0x00, 0x00, 0x00, 
0x00, 0x00, 0x00, 0x00, 0x00, 0x00, 0x00, 0x00, 0x00, 0x00, 0x00, 0x00, 0x01, 0x6F, 0x02, 0xBA, 
0x02, 0xBA, 0x02, 0xBA, 0x02, 0x15, 0x02, 0x15, 0x02, 0x15, 0x02, 0x15, 0x01, 0x6F, 0x94, 0x92, 
0x94, 0x92, 0x94, 0x92, 0x94, 0x92, 0x94, 0x92, 0x7B, 0xCF, 0x7B, 0xCF, 0x94, 0x92, 0x94, 0x92, 
0xC6, 0x18, 0xC6, 0x18, 0x7B, 0xCF, 0x00, 0x00, 0x00, 0x00, 0x00, 0x00, 0x00, 0x00, 0x00, 0x00, 
0x00, 0x00, 0x00, 0x00, 0x00, 0x00, 0x00, 0x00, 0x00, 0x00, 0x00, 0x00, 0x00, 0x00, 0x01, 0x6F, 
0x01, 0x6F, 0x01, 0x6F, 0x01, 0x6F, 0x01, 0x6F, 0x01, 0x6F, 0x01, 0x6F, 0x94, 0x92, 0x94, 0x92, 
0x94, 0x92, 0x94, 0x92, 0x94, 0x92, 0x7B, 0xCF, 0x00, 0x00, 0x00, 0x00, 0x7B, 0xCF, 0x94, 0x92, 
0x94, 0x92, 0x7B, 0xCF, 0x00, 0x00, 0x00, 0x00, 0x00, 0x00, 0x00, 0x00, 0x00, 0x00, 0x00, 0x00, 
0x00, 0x00, 0x00, 0x00, 0x00, 0x00, 0x00, 0x00, 0x00, 0x00, 0x00, 0x00, 0x00, 0x00, 0x00, 0x00, 
0x00, 0x00, 0x00, 0x00, 0x00, 0x00, 0x00, 0x00, 0x00, 0x00, 0x7B, 0xCF, 0x7B, 0xCF, 0x7B, 0xCF, 
0x7B, 0xCF, 0x7B, 0xCF, 0x7B, 0xCF, 0x00, 0x00, 0x00, 0x00, 0x00, 0x00, 0x00, 0x00, 0x7B, 0xCF, 
0x7B, 0xCF, 0x00, 0x00, 0x00, 0x00, 0x00, 0x00, 0x00, 0x00, 0x00, 0x00, 0x00, 0x00, 0x00, 0x00, 
0x00, 0x00, 0x00, 0x00, 0x00, 0x00, 0x00, 0x00, 0x00, 0x00, 0x00, 0x00, 0x00, 0x00, 0x00, 0x00, 
0x00, 0x00, 0x00, 0x00, 0x00, 0x00, 0x00, 0x00, 0x00, 0x00, 0x00, 0x00, 0x00, 0x00, 0x00, 0x00, 
0x00, 0x00, 0x00, 0x00, 0x00, 0x00, 0x00, 0x00, 0x00, 0x00, 0x00, 0x00, 0x00, 0x00, 0x00, 0x00, 
0x00, 0x00, 0x00, 0x00, 0x00, 0x00, 0x00, 0x00, 0x00, 0x00, 0x00, 0x00, 0x00, 0x00, 0x00, 0x00, 
0x00, 0x00, 0x00, 0x00, 0x00, 0x00, 0x00, 0x00, 0x00, 0x00, 0x00, 0x00, 0x00, 0x00, 0x00, 0x00, 
0x00, 0x00, 0x00, 0x00, 0x00, 0x00, 0x00, 0x00, 0x00, 0x00, 0x00, 0x00, 0x00, 0x00, 0x00, 0x00, 
0x00, 0x00, 0x00, 0x00, 0x00, 0x00, 0x00, 0x00, 0x00, 0x00, 0x00, 0x00, 0x00, 0x00, 0x00, 0x00, 
0x00, 0x00, 0x00, 0x00, 0x00, 0x00, 0x00, 0x00, 0x00, 0x00, 0x00, 0x00, 0x00, 0x00, 0x00, 0x00, 
0x00, 0x00, 0x00, 0x00, 0x00, 0x00, 0x00, 0x00, 0x00, 0x00, 0x00, 0x00, 0x00, 0x00, 0x00, 0x00, 
0x00, 0x00, 0x00, 0x00, 0x00, 0x00, 0x00, 0x00, 0x00, 0x00, 0x00, 0x00, 0x00, 0x00, 0x00, 0x00, 
0x00, 0x00, 0x00, 0x00, 0x00, 0x00, 0x00, 0x00, 0x00, 0x00, 0x00, 0x00, 0x00, 0x00, 0x00, 0x00, 
0x00, 0x00, 0x00, 0x00, 0x00, 0x00, 0x00, 0x00, 0x00, 0x00, 0x00, 0x00, 0x00, 0x00, 0x00, 0x00, 
0x00, 0x00, 0x00, 0x00, 0x00, 0x00, 0x00, 0x00, 0x00, 0x00, 0x00, 0x00, 0x00, 0x00, 0x00, 0x00, 
0x00, 0x00, 0x00, 0x00, 0x00, 0x00, 0x00, 0x00, 0x00, 0x00, 0x00, 0x00, 0x00, 0x00, 0x00, 0x00, 
0x00, 0x00, 0x00, 0x00, 0x00, 0x00, 0x00, 0x00, 0x00, 0x00, 0x00, 0x00, 0x00, 0x00, 0x00, 0x00, 
0x00, 0x00, 0x00, 0x00, 0x00, 0x00, 0x00, 0x00, 0x00, 0x00, 0x00, 0x00, 0x00, 0x00, 0x00, 0x00
}
,
{
0x00, 0x00, 0x00, 0x00, 0x00, 0x00, 0x00, 0x00, 0x00, 0x00, 0x00, 0x00, 0x00, 0x00, 0x00, 0x00, 
0x00, 0x00, 0x00, 0x00, 0x00, 0x00, 0x00, 0x00, 0x00, 0x00, 0x00, 0x00, 0x00, 0x00, 0x00, 0x00, 
0x00, 0x00, 0x00, 0x00, 0x00, 0x00, 0x00, 0x00, 0x00, 0x00, 0x00, 0x00, 0x00, 0x00, 0x00, 0x00, 
0x00, 0x00, 0x00, 0x00, 0x00, 0x00, 0x00, 0x00, 0x00, 0x00, 0x00, 0x00, 0x00, 0x00, 0x00, 0x00, 
0x00, 0x00, 0x00, 0x00, 0x00, 0x00, 0x00, 0x00, 0x00, 0x00, 0x00, 0x00, 0x00, 0x00, 0x00, 0x00, 
0x00, 0x00, 0x00, 0x00, 0x00, 0x00, 0x00, 0x00, 0x00, 0x00, 0x00, 0x00, 0x00, 0x00, 0x00, 0x00, 
0x00, 0x00, 0x00, 0x00, 0x00, 0x00, 0x00, 0x00, 0x00, 0x00, 0x00, 0x00, 0x00, 0x00, 0x00, 0x00, 
0x00, 0x00, 0x00, 0x00, 0x00, 0x00, 0x00, 0x00, 0x00, 0x00, 0x00, 0x00, 0x00, 0x00, 0x00, 0x00, 
0x00, 0x00, 0x00, 0x00, 0x00, 0x00, 0x00, 0x00, 0x00, 0x00, 0x00, 0x00, 0x00, 0x00, 0x00, 0x00, 
0x00, 0x00, 0x00, 0x00, 0x00, 0x00, 0x00, 0x00, 0x00, 0x00, 0x00, 0x00, 0x00, 0x00, 0x00, 0x00, 
0x00, 0x00, 0x00, 0x00, 0x00, 0x00, 0x00, 0x00, 0x00, 0x00, 0x00, 0x00, 0x00, 0x00, 0x00, 0x00, 
0x00, 0x00, 0x00, 0x00, 0x94, 0x92, 0x94, 0x92, 0x00, 0x00, 0x00, 0x00, 0x00, 0x00, 0x00, 0x00, 
0x00, 0x00, 0x00, 0x00, 0x00, 0x00, 0x00, 0x00, 0x00, 0x00, 0x00, 0x00, 0x00, 0x00, 0x00, 0x00, 
0x00, 0x00, 0x00, 0x00, 0x01, 0x6F, 0x01, 0x6F, 0x01, 0x6F, 0x01, 0x6F, 0x00, 0x00, 0x00, 0x00, 
0x00, 0x00, 0x00, 0x00, 0x00, 0x00, 0x00, 0x00, 0x00, 0x00, 0x00, 0x00, 0x00, 0x00, 0x00, 0x00, 
0x00, 0x00, 0x00, 0x00, 0x94, 0x92, 0xEF, 0x5D, 0x94, 0x92, 0x00, 0x00, 0x00, 0x00, 0x00, 0x00, 
0x00, 0x00, 0x00, 0x00, 0x00, 0x00, 0x00, 0x00, 0x00, 0x00, 0x00, 0x00, 0x00, 0x00, 0x00, 0x00, 
0x00, 0x00, 0x01, 0x6F, 0x02, 0x15, 0x03, 0x1F, 0x02, 0xBA, 0x02, 0x15, 0x01, 0x6F, 0x00, 0x00, 
0x00, 0x00, 0x00, 0x00, 0x00, 0x00, 0x00, 0x00, 0x00, 0x00, 0x00, 0x00, 0x00, 0x00, 0x00, 0x00, 
0x00, 0x00, 0x00, 0x00, 0x94, 0x92, 0xEF, 0x5D, 0xEF, 0x5D, 0x94, 0x92, 0x00, 0x00, 0x00, 0x00, 
0x00, 0x00, 0x00, 0x00, 0x00, 0x00, 0x01, 0x6F, 0x01, 0x6F, 0x01, 0x6F, 0x01, 0x6F, 0x01, 0x6F, 
0x01, 0x6F, 0x02, 0x15, 0x3C, 0x5F, 0x03, 0x1F, 0x02, 0xBA, 0x02, 0x15, 0x01, 0x6F, 0x01, 0x6F, 
0x7B, 0xCF, 0x7B, 0xCF, 0x7B, 0xCF, 0x7B, 0xCF, 0x00, 0x00, 0x00, 0x00, 0x00, 0x00, 0x00, 0x00, 
0x7B, 0xCF, 0x7B, 0xCF, 0x00, 0x00, 0x94, 0x92, 0xEF, 0x5D, 0xAD, 0x55, 0x94, 0x92, 0x00, 0x00, 
0x00, 0x00, 0x00, 0x00, 0x01, 0x6F, 0x3C, 0x5F, 0x3C, 0x5F, 0x03, 0x1F, 0x03, 0x1F, 0x02, 0xBA, 
0x02, 0x15, 0x3C, 0x5F, 0x3C, 0x5F, 0x03, 0x1F, 0x02, 0xBA, 0x02, 0x15, 0x03, 0x1F, 0x02, 0x15, 
0x01, 0x6F, 0xAD, 0x55, 0xAD, 0x55, 0xAD, 0x55, 0x7B, 0xCF, 0x00, 0x00, 0x00, 0x00, 0x7B, 0xCF, 
0xC6, 0x18, 0xC6, 0x18, 0x7B, 0xCF, 0x94, 0x92, 0xC6, 0x18, 0xAD, 0x55, 0x94, 0x92, 0x00, 0x00, 
0x00, 0x00, 0x01, 0x6F, 0x3C, 0x5F, 0x3C, 0x5F, 0x3C, 0x5F, 0x03, 0x1F, 0x03, 0x1F, 0x02, 0xBA, 
0x02, 0x15, 0x3C, 0x5F, 0x3C, 0x5F, 0x03, 0x1F, 0x02, 0xBA, 0x02, 0x15, 0x03, 0x1F, 0x02, 0x15, 
0x02, 0x15, 0x01, 0x6F, 0xC6, 0x18, 0xC6, 0x18, 0xC6, 0x18, 0x7B, 0xCF, 0x7B, 0xCF, 0xC6, 0x18, 
0xD6, 0xBA, 0xEF, 0x5D, 0xD6, 0xBA, 0x94, 0x92, 0xC6, 0x18, 0xAD, 0x55, 0x7B, 0xCF, 0x00, 0x00, 
0x00, 0x00, 0x01, 0x6F, 0x03, 0x1F, 0x3C, 0x5F, 0x3C, 0x5F, 0x03, 0x1F, 0x03, 0x1F, 0x02, 0x15, 
0x02, 0x15, 0x3C, 0x5F, 0x03, 0x1F, 0x03, 0x1F, 0x02, 0xBA, 0x02, 0x15, 0x03, 0x1F, 0x02, 0xBA, 
0x02, 0x15, 0x01, 0x6F, 0xD6, 0xBA, 0xD6, 0xBA, 0xC6, 0x18, 0xC6, 0x18, 0x7B, 0xCF, 0xD6, 0xBA, 
0xEF, 0x5D, 0xEF, 0x5D, 0xD6, 0xBA, 0x7B, 0xCF, 0xC6, 0x18, 0xAD, 0x55, 0x7B, 0xCF, 0x00, 0x00, 
0x00, 0x00, 0x00, 0x00, 0x01, 0x6F, 0x03, 0x1F, 0x03, 0x1F, 0x03, 0x1F, 0x03, 0x1F, 0x02, 0x15, 
0x3C, 0x5F, 0x3C, 0x5F, 0x03, 0x1F, 0x03, 0x1F, 0x02, 0x15, 0x02, 0x15, 0x03, 0x1F, 0x02, 0xBA, 
0x02, 0x15, 0x01, 0x6F, 0xEF, 0x5D, 0xD6, 0xBA, 0xD6, 0xBA, 0xC6, 0x18, 0x7B, 0xCF, 0xEF, 0x5D, 
0xEF, 0x5D, 0xEF, 0x5D, 0xD6, 0xBA, 0x7B, 0xCF, 0xC6, 0x18, 0xAD, 0x55, 0x7B, 0xCF, 0x00, 0x00, 
0x00, 0x00, 0x00, 0x00, 0x01, 0x6F, 0x03, 0x1F, 0x03, 0x1F, 0x03, 0x1F, 0x02, 0x15, 0x02, 0x15, 
0x3C, 0x5F, 0x3C, 0x5F, 0x03, 0x1F, 0x03, 0x1F, 0x02, 0x15, 0x03, 0x1F, 0x03, 0x1F, 0x02, 0xBA, 
0x02, 0xBA, 0x02, 0x15, 0x01, 0x6F, 0xEF, 0x5D, 0xD6, 0xBA, 0xC6, 0x18, 0x7B, 0xCF, 0xEF, 0x5D, 
0xEF, 0x5D, 0xEF, 0x5D, 0x7B, 0xCF, 0xEF, 0x5D, 0xC6, 0x18, 0xAD, 0x55, 0x7B, 0xCF, 0x00, 0x00, 
0x00, 0x00, 0x00, 0x00, 0x01, 0x6F, 0x03, 0x1F, 0x02, 0xBA, 0x02, 0xBA, 0x02, 0x15, 0x3C, 0x5F, 
0x3C, 0x5F, 0x03, 0x1F, 0x03, 0x1F, 0x02, 0xBA, 0x02, 0x15, 0x03, 0x1F, 0x03, 0x1F, 0x02, 0xBA, 
0x02, 0xBA, 0x02, 0x15, 0x01, 0x6F, 0xEF, 0x5D, 0xD6, 0xBA, 0xD6, 0xBA, 0xC6, 0x18, 0x7B, 0xCF, 
0xEF, 0x5D, 0xEF, 0x5D, 0x7B, 0xCF, 0xC6, 0x18, 0xC6, 0x18, 0x7B, 0xCF, 0x8B, 0x69, 0x8B, 0x69, 
0x00, 0x00, 0x00, 0x00, 0x01, 0x6F, 0x02, 0xBA, 0x02, 0xBA, 0x02, 0x15, 0x02, 0x15, 0x3C, 0x5F, 
0x3C, 0x5F, 0x03, 0x1F, 0x03, 0x1F, 0x02, 0xBA, 0x02, 0x15, 0x03, 0x1F, 0x03, 0x1F, 0x02, 0xBA, 
0x02, 0xBA, 0x02, 0x15, 0x01, 0x6F, 0xEF, 0x5D, 0xD6, 0xBA, 0xD6, 0xBA, 0xC6, 0x18, 0x7B, 0xCF, 
0xEF, 0x5D, 0xEF, 0x5D, 0x7B, 0xCF, 0xC6, 0x18, 0xC6, 0x18, 0x7B, 0xCF, 0x8B, 0x69, 0x8B, 0x69, 
0x00, 0x00, 0x00, 0x00, 0x00, 0x00, 0x01, 0x6F, 0x02, 0x15, 0x02, 0x15, 0x3C, 0x5F, 0x3C, 0x5F, 
0x03, 0x1F, 0x03, 0x1F, 0x03, 0x1F, 0x02, 0xBA, 0x02, 0x15, 0x03, 0x1F, 0x03, 0x1F, 0x02, 0xBA, 
0x02, 0xBA, 0x02, 0x15, 0x01, 0x6F, 0xEF, 0x5D, 0xD6, 0xBA, 0xD6, 0xBA, 0xC6, 0x18, 0x7B, 0xCF, 
0xEF, 0x5D, 0xC6, 0x18, 0x7B, 0xCF, 0xC6, 0x18, 0xC6, 0x18, 0x7B, 0xCF, 0x8B, 0x69, 0x6A, 0x65, 
0x00, 0x00, 0x00, 0x00, 0x00, 0x00, 0x01, 0x6F, 0x02, 0x15, 0x3C, 0x5F, 0x3C, 0x5F, 0x03, 0x1F, 
0x03, 0x1F, 0x03, 0x1F, 0x02, 0xBA, 0x02, 0x15, 0x02, 0x15, 0x03, 0x1F, 0x03, 0x1F, 0x02, 0xBA, 
0x02, 0xBA, 0x02, 0x15, 0x01, 0x6F, 0xEF, 0x5D, 0xD6, 0xBA, 0xD6, 0xBA, 0xC6, 0x18, 0x7B, 0xCF, 
0xC6, 0x18, 0xC6, 0x18, 0x7B, 0xCF, 0xC6, 0x18, 0xC6, 0x18, 0x7B, 0xCF, 0x6A, 0x65, 0x6A, 0x65, 
0x00, 0x00, 0x00, 0x00, 0x00, 0x00, 0x01, 0x6F, 0x3C, 0x5F, 0x3C, 0x5F, 0x03, 0x1F, 0x03, 0x1F, 
0x03, 0x1F, 0x02, 0xBA, 0x02, 0xBA, 0x02, 0x15, 0x02, 0xBA, 0x03, 0x1F, 0x03, 0x1F, 0x02, 0xBA, 
0x02, 0x15, 0x02, 0x15, 0x01, 0x6F, 0xD6, 0xBA, 0xD6, 0xBA, 0xD6, 0xBA, 0xC6, 0x18, 0xAD, 0x55, 
0xC6, 0x18, 0x7B, 0xCF, 0xC6, 0x18, 0xC6, 0x18, 0xC6, 0x18, 0x7B, 0xCF, 0x6A, 0x65, 0x6A, 0x65, 
0x00, 0x00, 0x00, 0x00, 0x00, 0x00, 0x01, 0x6F, 0x3C, 0x5F, 0x3C, 0x5F, 0x03, 0x1F, 0x03, 0x1F, 
0x03, 0x1F, 0x02, 0xBA, 0x02, 0xBA, 0x02, 0x15, 0x03, 0x1F, 0x03, 0x1F, 0x02, 0xBA, 0x02, 0xBA, 
0x02, 0x15, 0x02, 0x15, 0x01, 0x6F, 0xD6, 0xBA, 0xD6, 0xBA, 0xD6, 0xBA, 0xC6, 0x18, 0xAD, 0x55, 
0xC6, 0x18, 0x7B, 0xCF, 0xC6, 0x18, 0xC6, 0x18, 0xC6, 0x18, 0x7B, 0xCF, 0x00, 0x00, 0x00, 0x00, 
0x00, 0x00, 0x00, 0x00, 0x00, 0x00, 0x01, 0x6F, 0x03, 0x1F, 0x03, 0x1F, 0x03, 0x1F, 0x03, 0x1F, 
0x03, 0x1F, 0x02, 0xBA, 0x02, 0xBA, 0x02, 0x15, 0x03, 0x1F, 0x03, 0x1F, 0x02, 0xBA, 0x02, 0xBA, 
0x02, 0x15, 0x02, 0x15, 0x01, 0x6F, 0xD6, 0xBA, 0xD6, 0xBA, 0xD6, 0xBA, 0xC6, 0x18, 0xAD, 0x55, 
0xC6, 0x18, 0xC6, 0x18, 0xC6, 0x18, 0xC6, 0x18, 0xC6, 0x18, 0x7B, 0xCF, 0x00, 0x00, 0x00, 0x00, 
0x00, 0x00, 0x00, 0x00, 0x00, 0x00, 0x01, 0x6F, 0x03, 0x1F, 0x03, 0x1F, 0x03, 0x1F, 0x02, 0xBA, 
0x02, 0xBA, 0x02, 0xBA, 0x02, 0xBA, 0x02, 0x15, 0x03, 0x1F, 0x03, 0x1F, 0x02, 0xBA, 0x02, 0xBA, 
0x02, 0x15, 0x02, 0x15, 0x01, 0x6F, 0xD6, 0xBA, 0xD6, 0xBA, 0xD6, 0xBA, 0xAD, 0x55, 0xAD, 0x55, 
0xC6, 0x18, 0xC6, 0x18, 0xC6, 0x18, 0xC6, 0x18, 0xC6, 0x18, 0x7B, 0xCF, 0x8B, 0x69, 0x00, 0x00, 
0x00, 0x00, 0x00, 0x00, 0x00, 0x00, 0x01, 0x6F, 0x03, 0x1F, 0x03, 0x1F, 0x03, 0x1F, 0x02, 0xBA, 
0x02, 0xBA, 0x02, 0xBA, 0x02, 0x15, 0x3C, 0x5F, 0x03, 0x1F, 0x03, 0x1F, 0x02, 0xBA, 0x02, 0x15, 
0x02, 0x15, 0x02, 0x15, 0x01, 0x6F, 0xD6, 0xBA, 0xD6, 0xBA, 0xC6, 0x18, 0xAD, 0x55, 0xAD, 0x55, 
0xC6, 0x18, 0xC6, 0x18, 0xC6, 0x18, 0xC6, 0x18, 0xC6, 0x18, 0x7B, 0xCF, 0x8B, 0x69, 0x00, 0x00, 
0x00, 0x00, 0x00, 0x00, 0x00, 0x00, 0x01, 0x6F, 0x02, 0xBA, 0x03, 0x1F, 0x02, 0xBA, 0x02, 0xBA, 
0x02, 0xBA, 0x02, 0x15, 0x02, 0x15, 0x3C, 0x5F, 0x02, 0xBA, 0x02, 0xBA, 0x02, 0xBA, 0x02, 0x15, 
0x02, 0x15, 0x02, 0x15, 0x01, 0x6F, 0xC6, 0x18, 0xC6, 0x18, 0xC6, 0x18, 0xAD, 0x55, 0x7B, 0xCF, 
0xAD, 0x55, 0xC6, 0x18, 0xC6, 0x18, 0xC6, 0x18, 0xC6, 0x18, 0x7B, 0xCF, 0x6A, 0x65, 0x00, 0x00, 
0x00, 0x00, 0x00, 0x00, 0x00, 0x00, 0x01, 0x6F, 0x02, 0xBA, 0x03, 0x1F, 0x02, 0xBA, 0x02, 0xBA, 
0x02, 0x15, 0x02, 0x15, 0x3C, 0x5F, 0x03, 0x1F, 0x02, 0xBA, 0x02, 0xBA, 0x02, 0xBA, 0x02, 0x15, 
0x02, 0x15, 0x02, 0x15, 0x01, 0x6F, 0xC6, 0x18, 0xC6, 0x18, 0xC6, 0x18, 0xAD, 0x55, 0x7B, 0xCF, 
0xAD, 0x55, 0xC6, 0x18, 0xC6, 0x18, 0xC6, 0x18, 0xC6, 0x18, 0x7B, 0xCF, 0x6A, 0x65, 0x00, 0x00, 
0x00, 0x00, 0x00, 0x00, 0x00, 0x00, 0x01, 0x6F, 0x02, 0xBA, 0x02, 0xBA, 0x02, 0xBA, 0x02, 0x15, 
0x02, 0x15, 0x03, 0x1F, 0x03, 0x1F, 0x03, 0x1F, 0x02, 0xBA, 0x02, 0xBA, 0x02, 0x15, 0x02, 0x15, 
0x02, 0x15, 0x01, 0x6F, 0xC6, 0x18, 0xC6, 0x18, 0xC6, 0x18, 0xC6, 0x18, 0xAD, 0x55, 0x7B, 0xCF, 
0xAD, 0x55, 0xAD, 0x55, 0xC6, 0x18, 0xC6, 0x18, 0xC6, 0x18, 0x7B, 0xCF, 0x6A, 0x65, 0x00, 0x00, 
0x00, 0x00, 0x00, 0x00, 0x00, 0x00, 0x00, 0x00, 0x01, 0x6F, 0x02, 0xBA, 0x02, 0x15, 0x02, 0x15, 
0x03, 0x1F, 0x03, 0x1F, 0x03, 0x1F, 0x02, 0xBA, 0x02, 0xBA, 0x02, 0x15, 0x02, 0x15, 0x02, 0x15, 
0x02, 0x15, 0x01, 0x6F, 0xC6, 0x18, 0xC6, 0x18, 0xC6, 0x18, 0xAD, 0x55, 0x7B, 0xCF, 0xAD, 0x55, 
0xAD, 0x55, 0xAD, 0x55, 0xAD, 0x55, 0x7B, 0xCF, 0xD6, 0xBA, 0x7B, 0xCF, 0x6A, 0x65, 0x00, 0x00, 
0x00, 0x00, 0x00, 0x00, 0x00, 0x00, 0x00, 0x00, 0x00, 0x00, 0x01, 0x6F, 0x02, 0x15, 0x03, 0x1F, 
0x03, 0x1F, 0x03, 0x1F, 0x03, 0x1F, 0x02, 0xBA, 0x02, 0xBA, 0x02, 0x15, 0x02, 0x15, 0x02, 0x15, 
0x01, 0x6F, 0xAD, 0x55, 0xAD, 0x55, 0xAD, 0x55, 0xAD, 0x55, 0xAD, 0x55, 0x7B, 0xCF, 0x94, 0x92, 
0xAD, 0x55, 0xAD, 0x55, 0xC6, 0x18, 0x7B, 0xCF, 0xC6, 0x18, 0x7B, 0xCF, 0x00, 0x00, 0x00, 0x00, 
0x00, 0x00, 0x00, 0x00, 0x00, 0x00, 0x00, 0x00, 0x00, 0x00, 0x00, 0x00, 0x01, 0x6F, 0x03, 0x1F, 
0x03, 0x1F, 0x02, 0xBA, 0x02, 0xBA, 0x02, 0xBA, 0x02, 0x15, 0x02, 0x15, 0x02, 0x15, 0x02, 0x15, 
0x01, 0x6F, 0xAD, 0x55, 0xAD, 0x55, 0xAD, 0x55, 0xAD, 0x55, 0x94, 0x92, 0x7B, 0xCF, 0x94, 0x92, 
0x94, 0x92, 0xC6, 0x18, 0xC6, 0x18, 0x7B, 0xCF, 0x7B, 0xCF, 0x00, 0x00, 0x00, 0x00, 0x00, 0x00, 
0x00, 0x00, 0x00, 0x00, 0x00, 0x00, 0x00, 0x00, 0x00, 0x00, 0x00, 0x00, 0x00, 0x00, 0x01, 0x6F, 
0x02, 0xBA, 0x02, 0xBA, 0x02, 0xBA, 0x02, 0xBA, 0x02, 0x15, 0x02, 0x15, 0x02, 0x15, 0x01, 0x6F, 
0x94, 0x92, 0x94, 0x92, 0x94, 0x92, 0x94, 0x92, 0x94, 0x92, 0x7B, 0xCF, 0x7B, 0xCF, 0x94, 0x92, 
0x94, 0x92, 0xC6, 0x18, 0xC6, 0x18, 0x7B, 0xCF, 0x00, 0x00, 0x00, 0x00, 0x00, 0x00, 0x00, 0x00, 
0x00, 0x00, 0x00, 0x00, 0x00, 0x00, 0x00, 0x00, 0x00, 0x00, 0x00, 0x00, 0x00, 0x00, 0x00, 0x00, 
0x01, 0x6F, 0x01, 0x6F, 0x01, 0x6F, 0x01, 0x6F, 0x01, 0x6F, 0x01, 0x6F, 0x01, 0x6F, 0x94, 0x92, 
0x94, 0x92, 0x94, 0x92, 0x94, 0x92, 0x94, 0x92, 0x7B, 0xCF, 0x00, 0x00, 0x00, 0x00, 0x7B, 0xCF, 
0x94, 0x92, 0x94, 0x92, 0x7B, 0xCF, 0x00, 0x00, 0x00, 0x00, 0x00, 0x00, 0x00, 0x00, 0x00, 0x00, 
0x00, 0x00, 0x00, 0x00, 0x00, 0x00, 0x00, 0x00, 0x00, 0x00, 0x00, 0x00, 0x00, 0x00, 0x00, 0x00, 
0x00, 0x00, 0x00, 0x00, 0x00, 0x00, 0x00, 0x00, 0x00, 0x00, 0x00, 0x00, 0x7B, 0xCF, 0x7B, 0xCF, 
0x7B, 0xCF, 0x7B, 0xCF, 0x7B, 0xCF, 0x7B, 0xCF, 0x00, 0x00, 0x00, 0x00, 0x00, 0x00, 0x00, 0x00, 
0x00, 0x00, 0x00, 0x00, 0x00, 0x00, 0x00, 0x00, 0x00, 0x00, 0x00, 0x00, 0x00, 0x00, 0x00, 0x00, 
0x00, 0x00, 0x00, 0x00, 0x00, 0x00, 0x00, 0x00, 0x00, 0x00, 0x00, 0x00, 0x00, 0x00, 0x00, 0x00, 
0x00, 0x00, 0x00, 0x00, 0x00, 0x00, 0x00, 0x00, 0x00, 0x00, 0x00, 0x00, 0x00, 0x00, 0x00, 0x00, 
0x00, 0x00, 0x00, 0x00, 0x00, 0x00, 0x00, 0x00, 0x00, 0x00, 0x00, 0x00, 0x00, 0x00, 0x00, 0x00, 
0x00, 0x00, 0x00, 0x00, 0x00, 0x00, 0x00, 0x00, 0x00, 0x00, 0x00, 0x00, 0x00, 0x00, 0x00, 0x00, 
0x00, 0x00, 0x00, 0x00, 0x00, 0x00, 0x00, 0x00, 0x00, 0x00, 0x00, 0x00, 0x00, 0x00, 0x00, 0x00, 
0x00, 0x00, 0x00, 0x00, 0x00, 0x00, 0x00, 0x00, 0x00, 0x00, 0x00, 0x00, 0x00, 0x00, 0x00, 0x00, 
0x00, 0x00, 0x00, 0x00, 0x00, 0x00, 0x00, 0x00, 0x00, 0x00, 0x00, 0x00, 0x00, 0x00, 0x00, 0x00, 
0x00, 0x00, 0x00, 0x00, 0x00, 0x00, 0x00, 0x00, 0x00, 0x00, 0x00, 0x00, 0x00, 0x00, 0x00, 0x00, 
0x00, 0x00, 0x00, 0x00, 0x00, 0x00, 0x00, 0x00, 0x00, 0x00, 0x00, 0x00, 0x00, 0x00, 0x00, 0x00, 
0x00, 0x00, 0x00, 0x00, 0x00, 0x00, 0x00, 0x00, 0x00, 0x00, 0x00, 0x00, 0x00, 0x00, 0x00, 0x00, 
0x00, 0x00, 0x00, 0x00, 0x00, 0x00, 0x00, 0x00, 0x00, 0x00, 0x00, 0x00, 0x00, 0x00, 0x00, 0x00, 
0x00, 0x00, 0x00, 0x00, 0x00, 0x00, 0x00, 0x00, 0x00, 0x00, 0x00, 0x00, 0x00, 0x00, 0x00, 0x00
}
,
{
0x00, 0x00, 0x00, 0x00, 0x00, 0x00, 0x00, 0x00, 0x00, 0x00, 0x00, 0x00, 0x00, 0x00, 0x00, 0x00, 
0x00, 0x00, 0x00, 0x00, 0x00, 0x00, 0x00, 0x00, 0x00, 0x00, 0x00, 0x00, 0x00, 0x00, 0x00, 0x00, 
0x00, 0x00, 0x00, 0x00, 0x00, 0x00, 0x00, 0x00, 0x00, 0x00, 0x00, 0x00, 0x00, 0x00, 0x00, 0x00, 
0x00, 0x00, 0x00, 0x00, 0x00, 0x00, 0x00, 0x00, 0x7B, 0xCF, 0x00, 0x00, 0x00, 0x00, 0x00, 0x00, 
0x00, 0x00, 0x00, 0x00, 0x00, 0x00, 0x00, 0x00, 0x00, 0x00, 0x00, 0x00, 0x00, 0x00, 0x00, 0x00, 
0x00, 0x00, 0x01, 0x6F, 0x01, 0x6F, 0x01, 0x6F, 0x01, 0x6F, 0x00, 0x00, 0x00, 0x00, 0x00, 0x00, 
0x00, 0x00, 0x00, 0x00, 0x00, 0x00, 0x00, 0x00, 0x00, 0x00, 0x00, 0x00, 0x00, 0x00, 0x00, 0x00, 
0x00, 0x00, 0x00, 0x00, 0x00, 0x00, 0x7B, 0xCF, 0x94, 0x92, 0x7B, 0xCF, 0x00, 0x00, 0x00, 0x00, 
0x00, 0x00, 0x00, 0x00, 0x00, 0x00, 0x00, 0x00, 0x00, 0x00, 0x00, 0x00, 0x00, 0x00, 0x00, 0x00, 
0x01, 0x6F, 0x02, 0x15, 0x03, 0x1F, 0x02, 0xBA, 0x02, 0x15, 0x01, 0x6F, 0x00, 0x00, 0x00, 0x00, 
0x00, 0x00, 0x00, 0x00, 0x00, 0x00, 0x00, 0x00, 0x00, 0x00, 0x00, 0x00, 0x00, 0x00, 0x00, 0x00, 
0x00, 0x00, 0x00, 0x00, 0x7B, 0xCF, 0xAD, 0x55, 0x94, 0x92, 0x7B, 0xCF, 0x00, 0x00, 0x00, 0x00, 
0x00, 0x00, 0x00, 0x00, 0x01, 0x6F, 0x01, 0x6F, 0x01, 0x6F, 0x01, 0x6F, 0x01, 0x6F, 0x01, 0x6F, 
0x02, 0x15, 0x3C, 0x5F, 0x03, 0x1F, 0x02, 0xBA, 0x02, 0x15, 0x01, 0x6F, 0x01, 0x6F, 0x7B, 0xCF, 
0x7B, 0xCF, 0x7B, 0xCF, 0x7B, 0xCF, 0x00, 0x00, 0x00, 0x00, 0x00, 0x00, 0x00, 0x00, 0x7B, 0xCF, 
0x7B, 0xCF, 0x00, 0x00, 0x7B, 0xCF, 0xAD, 0x55, 0xAD, 0x55, 0x7B, 0xCF, 0x00, 0x00, 0x00, 0x00, 
0x00, 0x00, 0x01, 0x6F, 0x3C, 0x5F, 0x3C, 0x5F, 0x03, 0x1F, 0x03, 0x1F, 0x02, 0xBA, 0x02, 0x15, 
0x3C, 0x5F, 0x3C, 0x5F, 0x03, 0x1F, 0x02, 0xBA, 0x02, 0x15, 0x03, 0x1F, 0x02, 0x15, 0x01, 0x6F, 
0xAD, 0x55, 0xAD, 0x55, 0xAD, 0x55, 0x7B, 0xCF, 0x00, 0x00, 0x00, 0x00, 0x7B, 0xCF, 0xC6, 0x18, 
0xC6, 0x18, 0x7B, 0xCF, 0x7B, 0xCF, 0xC6, 0x18, 0xAD, 0x55, 0x7B, 0xCF, 0x00, 0x00, 0x00, 0x00, 
0x01, 0x6F, 0x3C, 0x5F, 0x3C, 0x5F, 0x3C, 0x5F, 0x03, 0x1F, 0x03, 0x1F, 0x02, 0xBA, 0x02, 0x15, 
0x3C, 0x5F, 0x3C, 0x5F, 0x03, 0x1F, 0x02, 0xBA, 0x02, 0x15, 0x03, 0x1F, 0x02, 0x15, 0x02, 0x15, 
0x01, 0x6F, 0xC6, 0x18, 0xC6, 0x18, 0xC6, 0x18, 0x7B, 0xCF, 0x7B, 0xCF, 0xC6, 0x18, 0xD6, 0xBA, 
0xEF, 0x5D, 0xD6, 0xBA, 0x7B, 0xCF, 0xC6, 0x18, 0xAD, 0x55, 0x7B, 0xCF, 0x00, 0x00, 0x00, 0x00, 
0x01, 0x6F, 0x03, 0x1F, 0x3C, 0x5F, 0x3C, 0x5F, 0x03, 0x1F, 0x03, 0x1F, 0x02, 0x15, 0x02, 0x15, 
0x3C, 0x5F, 0x03, 0x1F, 0x03, 0x1F, 0x02, 0xBA, 0x02, 0x15, 0x03, 0x1F, 0x02, 0xBA, 0x02, 0x15, 
0x01, 0x6F, 0xD6, 0xBA, 0xD6, 0xBA, 0xC6, 0x18, 0xC6, 0x18, 0x7B, 0xCF, 0xD6, 0xBA, 0xEF, 0x5D, 
0xEF, 0x5D, 0xD6, 0xBA, 0x7B, 0xCF, 0xD6, 0xBA, 0xAD, 0x55, 0x7B, 0xCF, 0x00, 0x00, 0x00, 0x00, 
0x00, 0x00, 0x01, 0x6F, 0x03, 0x1F, 0x03, 0x1F, 0x03, 0x1F, 0x03, 0x1F, 0x02, 0x15, 0x3C, 0x5F, 
0x3C, 0x5F, 0x03, 0x1F, 0x03, 0x1F, 0x02, 0x15, 0x02, 0x15, 0x03, 0x1F, 0x02, 0xBA, 0x02, 0x15, 
0x01, 0x6F, 0xEF, 0x5D, 0xD6, 0xBA, 0xD6, 0xBA, 0xC6, 0x18, 0x7B, 0xCF, 0xEF, 0x5D, 0xEF, 0x5D, 
0xEF, 0x5D, 0xD6, 0xBA, 0x7B, 0xCF, 0xD6, 0xBA, 0xAD, 0x55, 0x7B, 0xCF, 0x00, 0x00, 0x00, 0x00, 
0x00, 0x00, 0x01, 0x6F, 0x03, 0x1F, 0x03, 0x1F, 0x03, 0x1F, 0x02, 0x15, 0x02, 0x15, 0x3C, 0x5F, 
0x3C, 0x5F, 0x03, 0x1F, 0x03, 0x1F, 0x02, 0x15, 0x03, 0x1F, 0x03, 0x1F, 0x02, 0xBA, 0x02, 0xBA, 
0x02, 0x15, 0x01, 0x6F, 0xEF, 0x5D, 0xD6, 0xBA, 0xC6, 0x18, 0x7B, 0xCF, 0xEF, 0x5D, 0xEF, 0x5D, 
0xEF, 0x5D, 0x7B, 0xCF, 0xEF, 0x5D, 0xC6, 0x18, 0xAD, 0x55, 0x7B, 0xCF, 0x00, 0x00, 0x00, 0x00, 
0x00, 0x00, 0x01, 0x6F, 0x03, 0x1F, 0x02, 0xBA, 0x02, 0xBA, 0x02, 0x15, 0x3C, 0x5F, 0x3C, 0x5F, 
0x03, 0x1F, 0x03, 0x1F, 0x02, 0xBA, 0x02, 0x15, 0x03, 0x1F, 0x03, 0x1F, 0x02, 0xBA, 0x02, 0xBA, 
0x02, 0x15, 0x01, 0x6F, 0xEF, 0x5D, 0xD6, 0xBA, 0xD6, 0xBA, 0xC6, 0x18, 0x7B, 0xCF, 0xEF, 0x5D, 
0xEF, 0x5D, 0x7B, 0xCF, 0xC6, 0x18, 0xC6, 0x18, 0x7B, 0xCF, 0x6A, 0x65, 0x00, 0x00, 0x00, 0x00, 
0x00, 0x00, 0x01, 0x6F, 0x02, 0xBA, 0x02, 0xBA, 0x02, 0x15, 0x02, 0x15, 0x3C, 0x5F, 0x3C, 0x5F, 
0x03, 0x1F, 0x03, 0x1F, 0x02, 0xBA, 0x02, 0x15, 0x03, 0x1F, 0x03, 0x1F, 0x02, 0xBA, 0x02, 0xBA, 
0x02, 0x15, 0x01, 0x6F, 0xEF, 0x5D, 0xD6, 0xBA, 0xD6, 0xBA, 0xC6, 0x18, 0x7B, 0xCF, 0xEF, 0x5D, 
0xEF, 0x5D, 0x7B, 0xCF, 0xC6, 0x18, 0xC6, 0x18, 0x7B, 0xCF, 0x6A, 0x65, 0x00, 0x00, 0x00, 0x00, 
0x00, 0x00, 0x00, 0x00, 0x01, 0x6F, 0x02, 0x15, 0x02, 0x15, 0x3C, 0x5F, 0x3C, 0x5F, 0x03, 0x1F, 
0x03, 0x1F, 0x03, 0x1F, 0x02, 0xBA, 0x02, 0x15, 0x03, 0x1F, 0x03, 0x1F, 0x02, 0xBA, 0x02, 0xBA, 
0x02, 0x15, 0x01, 0x6F, 0xEF, 0x5D, 0xD6, 0xBA, 0xD6, 0xBA, 0xC6, 0x18, 0x7B, 0xCF, 0xEF, 0x5D, 
0xC6, 0x18, 0x7B, 0xCF, 0xC6, 0x18, 0xC6, 0x18, 0x7B, 0xCF, 0x6A, 0x65, 0x00, 0x00, 0x00, 0x00, 
0x00, 0x00, 0x00, 0x00, 0x01, 0x6F, 0x02, 0x15, 0x3C, 0x5F, 0x3C, 0x5F, 0x03, 0x1F, 0x03, 0x1F, 
0x03, 0x1F, 0x02, 0xBA, 0x02, 0x15, 0x02, 0x15, 0x03, 0x1F, 0x03, 0x1F, 0x02, 0xBA, 0x02, 0xBA, 
0x02, 0x15, 0x01, 0x6F, 0xEF, 0x5D, 0xD6, 0xBA, 0xD6, 0xBA, 0xC6, 0x18, 0x7B, 0xCF, 0xC6, 0x18, 
0xC6, 0x18, 0x7B, 0xCF, 0xC6, 0x18, 0xC6, 0x18, 0x7B, 0xCF, 0x8B, 0x69, 0x00, 0x00, 0x00, 0x00, 
0x00, 0x00, 0x00, 0x00, 0x01, 0x6F, 0x3C, 0x5F, 0x3C, 0x5F, 0x03, 0x1F, 0x03, 0x1F, 0x03, 0x1F, 
0x02, 0xBA, 0x02, 0xBA, 0x02, 0x15, 0x02, 0xBA, 0x03, 0x1F, 0x03, 0x1F, 0x02, 0xBA, 0x02, 0x15, 
0x02, 0x15, 0x01, 0x6F, 0xD6, 0xBA, 0xD6, 0xBA, 0xD6, 0xBA, 0xC6, 0x18, 0xAD, 0x55, 0xC6, 0x18, 
0x7B, 0xCF, 0xC6, 0x18, 0xC6, 0x18, 0xC6, 0x18, 0x7B, 0xCF, 0x6A, 0x65, 0x00, 0x00, 0x00, 0x00, 
0x00, 0x00, 0x00, 0x00, 0x01, 0x6F, 0x3C, 0x5F, 0x3C, 0x5F, 0x03, 0x1F, 0x03, 0x1F, 0x03, 0x1F, 
0x02, 0xBA, 0x02, 0xBA, 0x02, 0x15, 0x03, 0x1F, 0x03, 0x1F, 0x02, 0xBA, 0x02, 0xBA, 0x02, 0x15, 
0x02, 0x15, 0x01, 0x6F, 0xD6, 0xBA, 0xD6, 0xBA, 0xD6, 0xBA, 0xC6, 0x18, 0xAD, 0x55, 0xC6, 0x18, 
0x7B, 0xCF, 0xC6, 0x18, 0xC6, 0x18, 0xC6, 0x18, 0x7B, 0xCF, 0x00, 0x00, 0x00, 0x00, 0x00, 0x00, 
0x00, 0x00, 0x00, 0x00, 0x01, 0x6F, 0x03, 0x1F, 0x03, 0x1F, 0x03, 0x1F, 0x03, 0x1F, 0x03, 0x1F, 
0x02, 0xBA, 0x02, 0xBA, 0x02, 0x15, 0x03, 0x1F, 0x03, 0x1F, 0x02, 0xBA, 0x02, 0xBA, 0x02, 0x15, 
0x02, 0x15, 0x01, 0x6F, 0xD6, 0xBA, 0xD6, 0xBA, 0xD6, 0xBA, 0xC6, 0x18, 0xAD, 0x55, 0xC6, 0x18, 
0xC6, 0x18, 0xC6, 0x18, 0xC6, 0x18, 0xC6, 0x18, 0x7B, 0xCF, 0x00, 0x00, 0x00, 0x00, 0x00, 0x00, 
0x00, 0x00, 0x00, 0x00, 0x01, 0x6F, 0x03, 0x1F, 0x03, 0x1F, 0x03, 0x1F, 0x02, 0xBA, 0x02, 0xBA, 
0x02, 0xBA, 0x02, 0xBA, 0x02, 0x15, 0x03, 0x1F, 0x03, 0x1F, 0x02, 0xBA, 0x02, 0xBA, 0x02, 0x15, 
0x02, 0x15, 0x01, 0x6F, 0xD6, 0xBA, 0xD6, 0xBA, 0xD6, 0xBA, 0xAD, 0x55, 0xAD, 0x55, 0xC6, 0x18, 
0xC6, 0x18, 0xC6, 0x18, 0xC6, 0x18, 0xC6, 0x18, 0x7B, 0xCF, 0x6A, 0x65, 0x00, 0x00, 0x00, 0x00, 
0x00, 0x00, 0x00, 0x00, 0x01, 0x6F, 0x03, 0x1F, 0x03, 0x1F, 0x03, 0x1F, 0x02, 0xBA, 0x02, 0xBA, 
0x02, 0xBA, 0x02, 0x15, 0x3C, 0x5F, 0x03, 0x1F, 0x03, 0x1F, 0x02, 0xBA, 0x02, 0x15, 0x02, 0x15, 
0x02, 0x15, 0x01, 0x6F, 0xD6, 0xBA, 0xD6, 0xBA, 0xC6, 0x18, 0xAD, 0x55, 0xAD, 0x55, 0xC6, 0x18, 
0xC6, 0x18, 0xC6, 0x18, 0xC6, 0x18, 0xC6, 0x18, 0x7B, 0xCF, 0x6A, 0x65, 0x00, 0x00, 0x00, 0x00, 
0x00, 0x00, 0x00, 0x00, 0x01, 0x6F, 0x02, 0xBA, 0x03, 0x1F, 0x02, 0xBA, 0x02, 0xBA, 0x02, 0xBA, 
0x02, 0x15, 0x02, 0x15, 0x3C, 0x5F, 0x02, 0xBA, 0x02, 0xBA, 0x02, 0xBA, 0x02, 0x15, 0x02, 0x15, 
0x02, 0x15, 0x01, 0x6F, 0xC6, 0x18, 0xC6, 0x18, 0xC6, 0x18, 0xAD, 0x55, 0x7B, 0xCF, 0xAD, 0x55, 
0xC6, 0x18, 0xC6, 0x18, 0xC6, 0x18, 0xC6, 0x18, 0x7B, 0xCF, 0x6A, 0x65, 0x00, 0x00, 0x00, 0x00, 
0x00, 0x00, 0x00, 0x00, 0x01, 0x6F, 0x02, 0xBA, 0x03, 0x1F, 0x02, 0xBA, 0x02, 0xBA, 0x02, 0x15, 
0x02, 0x15, 0x3C, 0x5F, 0x03, 0x1F, 0x02, 0xBA, 0x02, 0xBA, 0x02, 0xBA, 0x02, 0x15, 0x02, 0x15, 
0x02, 0x15, 0x01, 0x6F, 0xC6, 0x18, 0xC6, 0x18, 0xC6, 0x18, 0xAD, 0x55, 0x7B, 0xCF, 0xAD, 0x55, 
0xC6, 0x18, 0xC6, 0x18, 0xC6, 0x18, 0xC6, 0x18, 0x7B, 0xCF, 0x6A, 0x65, 0x00, 0x00, 0x00, 0x00, 
0x00, 0x00, 0x00, 0x00, 0x01, 0x6F, 0x02, 0xBA, 0x02, 0xBA, 0x02, 0xBA, 0x02, 0x15, 0x02, 0x15, 
0x03, 0x1F, 0x03, 0x1F, 0x03, 0x1F, 0x02, 0xBA, 0x02, 0xBA, 0x02, 0x15, 0x02, 0x15, 0x02, 0x15, 
0x01, 0x6F, 0xC6, 0x18, 0xC6, 0x18, 0xC6, 0x18, 0xC6, 0x18, 0xAD, 0x55, 0x7B, 0xCF, 0xAD, 0x55, 
0xAD, 0x55, 0xC6, 0x18, 0xC6, 0x18, 0xC6, 0x18, 0x7B, 0xCF, 0x8B, 0x69, 0x00, 0x00, 0x00, 0x00, 
0x00, 0x00, 0x00, 0x00, 0x00, 0x00, 0x01, 0x6F, 0x02, 0xBA, 0x02, 0x15, 0x02, 0x15, 0x03, 0x1F, 
0x03, 0x1F, 0x03, 0x1F, 0x02, 0xBA, 0x02, 0xBA, 0x02, 0x15, 0x02, 0x15, 0x02, 0x15, 0x02, 0x15, 
0x01, 0x6F, 0xC6, 0x18, 0xC6, 0x18, 0xC6, 0x18, 0xAD, 0x55, 0x7B, 0xCF, 0xAD, 0x55, 0xAD, 0x55, 
0xAD, 0x55, 0xAD, 0x55, 0x7B, 0xCF, 0xD6, 0xBA, 0x7B, 0xCF, 0x6A, 0x65, 0x00, 0x00, 0x00, 0x00, 
0x00, 0x00, 0x00, 0x00, 0x00, 0x00, 0x00, 0x00, 0x01, 0x6F, 0x02, 0x15, 0x03, 0x1F, 0x03, 0x1F, 
0x03, 0x1F, 0x03, 0x1F, 0x02, 0xBA, 0x02, 0xBA, 0x02, 0x15, 0x02, 0x15, 0x02, 0x15, 0x01, 0x6F, 
0xAD, 0x55, 0xAD, 0x55, 0xAD, 0x55, 0xAD, 0x55, 0xAD, 0x55, 0x7B, 0xCF, 0x94, 0x92, 0xAD, 0x55, 
0xAD, 0x55, 0xC6, 0x18, 0x7B, 0xCF, 0xC6, 0x18, 0x7B, 0xCF, 0x00, 0x00, 0x00, 0x00, 0x00, 0x00, 
0x00, 0x00, 0x00, 0x00, 0x00, 0x00, 0x00, 0x00, 0x00, 0x00, 0x01, 0x6F, 0x03, 0x1F, 0x03, 0x1F, 
0x02, 0xBA, 0x02, 0xBA, 0x02, 0xBA, 0x02, 0x15, 0x02, 0x15, 0x02, 0x15, 0x02, 0x15, 0x01, 0x6F, 
0xAD, 0x55, 0xAD, 0x55, 0xAD, 0x55, 0xAD, 0x55, 0x94, 0x92, 0x7B, 0xCF, 0x94, 0x92, 0x94, 0x92, 
0xC6, 0x18, 0xC6, 0x18, 0x7B, 0xCF, 0x7B, 0xCF, 0x00, 0x00, 0x00, 0x00, 0x00, 0x00, 0x00, 0x00, 
0x00, 0x00, 0x00, 0x00, 0x00, 0x00, 0x00, 0x00, 0x00, 0x00, 0x00, 0x00, 0x01, 0x6F, 0x02, 0xBA, 
0x02, 0xBA, 0x02, 0xBA, 0x02, 0x15, 0x02, 0x15, 0x02, 0x15, 0x02, 0x15, 0x01, 0x6F, 0x94, 0x92, 
0x94, 0x92, 0x94, 0x92, 0x94, 0x92, 0x94, 0x92, 0x7B, 0xCF, 0x7B, 0xCF, 0x94, 0x92, 0x94, 0x92, 
0xC6, 0x18, 0xC6, 0x18, 0x7B, 0xCF, 0x00, 0x00, 0x00, 0x00, 0x00, 0x00, 0x00, 0x00, 0x00, 0x00, 
0x00, 0x00, 0x00, 0x00, 0x00, 0x00, 0x00, 0x00, 0x00, 0x00, 0x00, 0x00, 0x00, 0x00, 0x01, 0x6F, 
0x01, 0x6F, 0x01, 0x6F, 0x01, 0x6F, 0x01, 0x6F, 0x01, 0x6F, 0x01, 0x6F, 0x94, 0x92, 0x94, 0x92, 
0x94, 0x92, 0x94, 0x92, 0x94, 0x92, 0x7B, 0xCF, 0x00, 0x00, 0x00, 0x00, 0x7B, 0xCF, 0x94, 0x92, 
0x94, 0x92, 0x7B, 0xCF, 0x00, 0x00, 0x00, 0x00, 0x00, 0x00, 0x00, 0x00, 0x00, 0x00, 0x00, 0x00, 
0x00, 0x00, 0x00, 0x00, 0x00, 0x00, 0x00, 0x00, 0x00, 0x00, 0x00, 0x00, 0x00, 0x00, 0x00, 0x00, 
0x00, 0x00, 0x00, 0x00, 0x00, 0x00, 0x00, 0x00, 0x00, 0x00, 0x7B, 0xCF, 0x7B, 0xCF, 0x7B, 0xCF, 
0x7B, 0xCF, 0x7B, 0xCF, 0x7B, 0xCF, 0x00, 0x00, 0x00, 0x00, 0x00, 0x00, 0x00, 0x00, 0x7B, 0xCF, 
0x7B, 0xCF, 0x00, 0x00, 0x00, 0x00, 0x00, 0x00, 0x00, 0x00, 0x00, 0x00, 0x00, 0x00, 0x00, 0x00, 
0x00, 0x00, 0x00, 0x00, 0x00, 0x00, 0x00, 0x00, 0x00, 0x00, 0x00, 0x00, 0x00, 0x00, 0x00, 0x00, 
0x00, 0x00, 0x00, 0x00, 0x00, 0x00, 0x00, 0x00, 0x00, 0x00, 0x00, 0x00, 0x00, 0x00, 0x00, 0x00, 
0x00, 0x00, 0x00, 0x00, 0x00, 0x00, 0x00, 0x00, 0x00, 0x00, 0x00, 0x00, 0x00, 0x00, 0x00, 0x00, 
0x00, 0x00, 0x00, 0x00, 0x00, 0x00, 0x00, 0x00, 0x00, 0x00, 0x00, 0x00, 0x00, 0x00, 0x00, 0x00, 
0x00, 0x00, 0x00, 0x00, 0x00, 0x00, 0x00, 0x00, 0x00, 0x00, 0x00, 0x00, 0x00, 0x00, 0x00, 0x00, 
0x00, 0x00, 0x00, 0x00, 0x00, 0x00, 0x00, 0x00, 0x00, 0x00, 0x00, 0x00, 0x00, 0x00, 0x00, 0x00, 
0x00, 0x00, 0x00, 0x00, 0x00, 0x00, 0x00, 0x00, 0x00, 0x00, 0x00, 0x00, 0x00, 0x00, 0x00, 0x00, 
0x00, 0x00, 0x00, 0x00, 0x00, 0x00, 0x00, 0x00, 0x00, 0x00, 0x00, 0x00, 0x00, 0x00, 0x00, 0x00, 
0x00, 0x00, 0x00, 0x00, 0x00, 0x00, 0x00, 0x00, 0x00, 0x00, 0x00, 0x00, 0x00, 0x00, 0x00, 0x00, 
0x00, 0x00, 0x00, 0x00, 0x00, 0x00, 0x00, 0x00, 0x00, 0x00, 0x00, 0x00, 0x00, 0x00, 0x00, 0x00, 
0x00, 0x00, 0x00, 0x00, 0x00, 0x00, 0x00, 0x00, 0x00, 0x00, 0x00, 0x00, 0x00, 0x00, 0x00, 0x00, 
0x00, 0x00, 0x00, 0x00, 0x00, 0x00, 0x00, 0x00, 0x00, 0x00, 0x00, 0x00, 0x00, 0x00, 0x00, 0x00, 
0x00, 0x00, 0x00, 0x00, 0x00, 0x00, 0x00, 0x00, 0x00, 0x00, 0x00, 0x00, 0x00, 0x00, 0x00, 0x00, 
0x00, 0x00, 0x00, 0x00, 0x00, 0x00, 0x00, 0x00, 0x00, 0x00, 0x00, 0x00, 0x00, 0x00, 0x00, 0x00, 
0x00, 0x00, 0x00, 0x00, 0x00, 0x00, 0x00, 0x00, 0x00, 0x00, 0x00, 0x00, 0x00, 0x00, 0x00, 0x00, 
0x00, 0x00, 0x00, 0x00, 0x00, 0x00, 0x00, 0x00, 0x00, 0x00, 0x00, 0x00, 0x00, 0x00, 0x00, 0x00, 
0x00, 0x00, 0x00, 0x00, 0x00, 0x00, 0x00, 0x00, 0x00, 0x00, 0x00, 0x00, 0x00, 0x00, 0x00, 0x00, 
0x00, 0x00, 0x00, 0x00, 0x00, 0x00, 0x00, 0x00, 0x00, 0x00, 0x00, 0x00, 0x00, 0x00, 0x00, 0x00, 
0x00, 0x00, 0x00, 0x00, 0x00, 0x00, 0x00, 0x00, 0x00, 0x00, 0x00, 0x00, 0x00, 0x00, 0x00, 0x00, 
0x00, 0x00, 0x00, 0x00, 0x00, 0x00, 0x00, 0x00, 0x00, 0x00, 0x00, 0x00, 0x00, 0x00, 0x00, 0x00
}
,
{
0x00, 0x00, 0x00, 0x00, 0x00, 0x00, 0x00, 0x00, 0x00, 0x00, 0x00, 0x00, 0x00, 0x00, 0x00, 0x00, 
0x00, 0x00, 0x00, 0x00, 0x00, 0x00, 0x00, 0x00, 0x00, 0x00, 0x00, 0x00, 0x00, 0x00, 0x00, 0x00, 
0x00, 0x00, 0x00, 0x00, 0x00, 0x00, 0x00, 0x00, 0x00, 0x00, 0x00, 0x00, 0x00, 0x00, 0x00, 0x00, 
0x00, 0x00, 0x00, 0x00, 0x00, 0x00, 0x00, 0x00, 0x00, 0x00, 0x00, 0x00, 0x00, 0x00, 0x00, 0x00, 
0x00, 0x00, 0x00, 0x00, 0x00, 0x00, 0x00, 0x00, 0x00, 0x00, 0x00, 0x00, 0x00, 0x00, 0x00, 0x00, 
0x00, 0x00, 0x00, 0x00, 0x00, 0x00, 0x00, 0x00, 0x00, 0x00, 0x00, 0x00, 0x00, 0x00, 0x00, 0x00, 
0x00, 0x00, 0x00, 0x00, 0x00, 0x00, 0x00, 0x00, 0x00, 0x00, 0x00, 0x00, 0x00, 0x00, 0x00, 0x00, 
0x00, 0x00, 0x00, 0x00, 0x00, 0x00, 0x00, 0x00, 0x00, 0x00, 0x00, 0x00, 0x00, 0x00, 0x00, 0x00, 
0x00, 0x00, 0x00, 0x00, 0x00, 0x00, 0x00, 0x00, 0x00, 0x00, 0x00, 0x00, 0x00, 0x00, 0x00, 0x00, 
0x00, 0x00, 0x00, 0x00, 0x00, 0x00, 0x00, 0x00, 0x00, 0x00, 0x00, 0x00, 0x00, 0x00, 0x00, 0x00, 
0x00, 0x00, 0x00, 0x00, 0x00, 0x00, 0x00, 0x00, 0x00, 0x00, 0x00, 0x00, 0x00, 0x00, 0x00, 0x00, 
0x00, 0x00, 0x00, 0x00, 0x94, 0x92, 0x94, 0x92, 0x00, 0x00, 0x00, 0x00, 0x00, 0x00, 0x00, 0x00, 
0x00, 0x00, 0x00, 0x00, 0x00, 0x00, 0x00, 0x00, 0x00, 0x00, 0x00, 0x00, 0x00, 0x00, 0x00, 0x00, 
0x00, 0x00, 0x00, 0x00, 0x01, 0x6F, 0x01, 0x6F, 0x01, 0x6F, 0x01, 0x6F, 0x00, 0x00, 0x00, 0x00, 
0x00, 0x00, 0x00, 0x00, 0x00, 0x00, 0x00, 0x00, 0x00, 0x00, 0x00, 0x00, 0x00, 0x00, 0x00, 0x00, 
0x00, 0x00, 0x00, 0x00, 0x94, 0x92, 0xEF, 0x5D, 0x94, 0x92, 0x00, 0x00, 0x00, 0x00, 0x00, 0x00, 
0x00, 0x00, 0x00, 0x00, 0x00, 0x00, 0x00, 0x00, 0x00, 0x00, 0x00, 0x00, 0x00, 0x00, 0x00, 0x00, 
0x00, 0x00, 0x01, 0x6F, 0x02, 0x15, 0x03, 0x1F, 0x02, 0xBA, 0x02, 0x15, 0x01, 0x6F, 0x00, 0x00, 
0x00, 0x00, 0x00, 0x00, 0x00, 0x00, 0x00, 0x00, 0x00, 0x00, 0x00, 0x00, 0x00, 0x00, 0x00, 0x00, 
0x00, 0x00, 0x00, 0x00, 0x94, 0x92, 0xEF, 0x5D, 0xEF, 0x5D, 0x94, 0x92, 0x00, 0x00, 0x00, 0x00, 
0x00, 0x00, 0x00, 0x00, 0x00, 0x00, 0x01, 0x6F, 0x01, 0x6F, 0x01, 0x6F, 0x01, 0x6F, 0x01, 0x6F, 
0x01, 0x6F, 0x02, 0x15, 0x3C, 0x5F, 0x03, 0x1F, 0x02, 0xBA, 0x02, 0x15, 0x01, 0x6F, 0x01, 0x6F, 
0x7B, 0xCF, 0x7B, 0xCF, 0x7B, 0xCF, 0x7B, 0xCF, 0x00, 0x00, 0x00, 0x00, 0x00, 0x00, 0x00, 0x00, 
0x00, 0x00, 0x00, 0x00, 0x00, 0x00, 0x94, 0x92, 0xEF, 0x5D, 0xAD, 0x55, 0x94, 0x92, 0x00, 0x00, 
0x00, 0x00, 0x00, 0x00, 0x01, 0x6F, 0x3C, 0x5F, 0x3C, 0x5F, 0x03, 0x1F, 0x03, 0x1F, 0x02, 0xBA, 
0x02, 0x15, 0x3C, 0x5F, 0x3C, 0x5F, 0x03, 0x1F, 0x02, 0xBA, 0x02, 0x15, 0x03, 0x1F, 0x02, 0x15, 
0x01, 0x6F, 0xAD, 0x55, 0xAD, 0x55, 0xAD, 0x55, 0x7B, 0xCF, 0x00, 0x00, 0x00, 0x00, 0x00, 0x00, 
0x00, 0x00, 0x00, 0x00, 0x00, 0x00, 0x94, 0x92, 0xC6, 0x18, 0xAD, 0x55, 0x94, 0x92, 0x00, 0x00, 
0x00, 0x00, 0x01, 0x6F, 0x3C, 0x5F, 0x3C, 0x5F, 0x3C, 0x5F, 0x03, 0x1F, 0x03, 0x1F, 0x02, 0xBA, 
0x02, 0x15, 0x3C, 0x5F, 0x3C, 0x5F, 0x03, 0x1F, 0x02, 0xBA, 0x02, 0x15, 0x03, 0x1F, 0x02, 0x15, 
0x02, 0x15, 0x01, 0x6F, 0xC6, 0x18, 0xC6, 0x18, 0xC6, 0x18, 0x7B, 0xCF, 0x7B, 0xCF, 0x00, 0x00, 
0x94, 0x92, 0x94, 0x92, 0x00, 0x00, 0x94, 0x92, 0xC6, 0x18, 0xAD, 0x55, 0x7B, 0xCF, 0x00, 0x00, 
0x00, 0x00, 0x01, 0x6F, 0x03, 0x1F, 0x3C, 0x5F, 0x3C, 0x5F, 0x03, 0x1F, 0x03, 0x1F, 0x02, 0x15, 
0x02, 0x15, 0x3C, 0x5F, 0x03, 0x1F, 0x03, 0x1F, 0x02, 0xBA, 0x02, 0x15, 0x03, 0x1F, 0x02, 0xBA, 
0x02, 0x15, 0x01, 0x6F, 0xD6, 0xBA, 0xD6, 0xBA, 0xC6, 0x18, 0xC6, 0x18, 0x7B, 0xCF, 0x94, 0x92, 
0xEF, 0x5D, 0xEF, 0x5D, 0x94, 0x92, 0x7B, 0xCF, 0xC6, 0x18, 0xAD, 0x55, 0x7B, 0xCF, 0x00, 0x00, 
0x00, 0x00, 0x00, 0x00, 0x01, 0x6F, 0x03, 0x1F, 0x03, 0x1F, 0x03, 0x1F, 0x03, 0x1F, 0x02, 0x15, 
0x3C, 0x5F, 0x3C, 0x5F, 0x03, 0x1F, 0x03, 0x1F, 0x02, 0x15, 0x02, 0x15, 0x03, 0x1F, 0x02, 0xBA, 
0x02, 0x15, 0x01, 0x6F, 0xEF, 0x5D, 0xD6, 0xBA, 0xD6, 0xBA, 0xC6, 0x18, 0x7B, 0xCF, 0xEF, 0x5D, 
0xEF, 0x5D, 0xEF, 0x5D, 0xD6, 0xBA, 0x7B, 0xCF, 0xC6, 0x18, 0xAD, 0x55, 0x7B, 0xCF, 0x00, 0x00, 
0x00, 0x00, 0x00, 0x00, 0x01, 0x6F, 0x03, 0x1F, 0x03, 0x1F, 0x03, 0x1F, 0x02, 0x15, 0x02, 0x15, 
0x3C, 0x5F, 0x3C, 0x5F, 0x03, 0x1F, 0x03, 0x1F, 0x02, 0x15, 0x03, 0x1F, 0x03, 0x1F, 0x02, 0xBA, 
0x02, 0xBA, 0x02, 0x15, 0x01, 0x6F, 0xEF, 0x5D, 0xD6, 0xBA, 0xC6, 0x18, 0x7B, 0xCF, 0xEF, 0x5D, 
0xEF, 0x5D, 0xEF, 0x5D, 0x7B, 0xCF, 0xEF, 0x5D, 0xC6, 0x18, 0xAD, 0x55, 0x7B, 0xCF, 0x00, 0x00, 
0x00, 0x00, 0x00, 0x00, 0x01, 0x6F, 0x03, 0x1F, 0x02, 0xBA, 0x02, 0xBA, 0x02, 0x15, 0x3C, 0x5F, 
0x3C, 0x5F, 0x03, 0x1F, 0x03, 0x1F, 0x02, 0xBA, 0x02, 0x15, 0x03, 0x1F, 0x03, 0x1F, 0x02, 0xBA, 
0x02, 0xBA, 0x02, 0x15, 0x01, 0x6F, 0xEF, 0x5D, 0xD6, 0xBA, 0xD6, 0xBA, 0xC6, 0x18, 0x7B, 0xCF, 
0xEF, 0x5D, 0xEF, 0x5D, 0x7B, 0xCF, 0xC6, 0x18, 0xC6, 0x18, 0x7B, 0xCF, 0x8B, 0x69, 0x00, 0x00, 
0x00, 0x00, 0x00, 0x00, 0x01, 0x6F, 0x02, 0xBA, 0x02, 0xBA, 0x02, 0x15, 0x02, 0x15, 0x3C, 0x5F, 
0x3C, 0x5F, 0x03, 0x1F, 0x03, 0x1F, 0x02, 0xBA, 0x02, 0x15, 0x03, 0x1F, 0x03, 0x1F, 0x02, 0xBA, 
0x02, 0xBA, 0x02, 0x15, 0x01, 0x6F, 0xEF, 0x5D, 0xD6, 0xBA, 0xD6, 0xBA, 0xC6, 0x18, 0x7B, 0xCF, 
0xEF, 0x5D, 0xEF, 0x5D, 0x7B, 0xCF, 0xC6, 0x18, 0xC6, 0x18, 0x7B, 0xCF, 0x8B, 0x69, 0x00, 0x00, 
0x00, 0x00, 0x00, 0x00, 0x00, 0x00, 0x01, 0x6F, 0x02, 0x15, 0x02, 0x15, 0x3C, 0x5F, 0x3C, 0x5F, 
0x03, 0x1F, 0x03, 0x1F, 0x03, 0x1F, 0x02, 0xBA, 0x02, 0x15, 0x03, 0x1F, 0x03, 0x1F, 0x02, 0xBA, 
0x02, 0xBA, 0x02, 0x15, 0x01, 0x6F, 0xEF, 0x5D, 0xD6, 0xBA, 0xD6, 0xBA, 0xC6, 0x18, 0x7B, 0xCF, 
0xEF, 0x5D, 0xC6, 0x18, 0x7B, 0xCF, 0xC6, 0x18, 0xC6, 0x18, 0x7B, 0xCF, 0x6A, 0x65, 0x00, 0x00, 
0x00, 0x00, 0x00, 0x00, 0x00, 0x00, 0x01, 0x6F, 0x02, 0x15, 0x3C, 0x5F, 0x3C, 0x5F, 0x03, 0x1F, 
0x03, 0x1F, 0x03, 0x1F, 0x02, 0xBA, 0x02, 0x15, 0x02, 0x15, 0x03, 0x1F, 0x03, 0x1F, 0x02, 0xBA, 
0x02, 0xBA, 0x02, 0x15, 0x01, 0x6F, 0xEF, 0x5D, 0xD6, 0xBA, 0xD6, 0xBA, 0xC6, 0x18, 0x7B, 0xCF, 
0xC6, 0x18, 0xC6, 0x18, 0x7B, 0xCF, 0xC6, 0x18, 0xC6, 0x18, 0x7B, 0xCF, 0x6A, 0x65, 0x00, 0x00, 
0x00, 0x00, 0x00, 0x00, 0x00, 0x00, 0x01, 0x6F, 0x3C, 0x5F, 0x3C, 0x5F, 0x03, 0x1F, 0x03, 0x1F, 
0x03, 0x1F, 0x02, 0xBA, 0x02, 0xBA, 0x02, 0x15, 0x02, 0xBA, 0x03, 0x1F, 0x03, 0x1F, 0x02, 0xBA, 
0x02, 0x15, 0x02, 0x15, 0x01, 0x6F, 0xD6, 0xBA, 0xD6, 0xBA, 0xD6, 0xBA, 0xC6, 0x18, 0xAD, 0x55, 
0xC6, 0x18, 0x7B, 0xCF, 0xC6, 0x18, 0xC6, 0x18, 0xC6, 0x18, 0x7B, 0xCF, 0x6A, 0x65, 0x00, 0x00, 
0x00, 0x00, 0x00, 0x00, 0x00, 0x00, 0x01, 0x6F, 0x3C, 0x5F, 0x3C, 0x5F, 0x03, 0x1F, 0x03, 0x1F, 
0x03, 0x1F, 0x02, 0xBA, 0x02, 0xBA, 0x02, 0x15, 0x03, 0x1F, 0x03, 0x1F, 0x02, 0xBA, 0x02, 0xBA, 
0x02, 0x15, 0x02, 0x15, 0x01, 0x6F, 0xD6, 0xBA, 0xD6, 0xBA, 0xD6, 0xBA, 0xC6, 0x18, 0xAD, 0x55, 
0xC6, 0x18, 0x7B, 0xCF, 0xC6, 0x18, 0xC6, 0x18, 0xC6, 0x18, 0x7B, 0xCF, 0x00, 0x00, 0x00, 0x00, 
0x00, 0x00, 0x00, 0x00, 0x00, 0x00, 0x01, 0x6F, 0x03, 0x1F, 0x03, 0x1F, 0x03, 0x1F, 0x03, 0x1F, 
0x03, 0x1F, 0x02, 0xBA, 0x02, 0xBA, 0x02, 0x15, 0x03, 0x1F, 0x03, 0x1F, 0x02, 0xBA, 0x02, 0xBA, 
0x02, 0x15, 0x02, 0x15, 0x01, 0x6F, 0xD6, 0xBA, 0xD6, 0xBA, 0xD6, 0xBA, 0xC6, 0x18, 0xAD, 0x55, 
0xC6, 0x18, 0xC6, 0x18, 0xC6, 0x18, 0xC6, 0x18, 0xC6, 0x18, 0x7B, 0xCF, 0x00, 0x00, 0x00, 0x00, 
0x00, 0x00, 0x00, 0x00, 0x00, 0x00, 0x01, 0x6F, 0x03, 0x1F, 0x03, 0x1F, 0x03, 0x1F, 0x02, 0xBA, 
0x02, 0xBA, 0x02, 0xBA, 0x02, 0xBA, 0x02, 0x15, 0x03, 0x1F, 0x03, 0x1F, 0x02, 0xBA, 0x02, 0xBA, 
0x02, 0x15, 0x02, 0x15, 0x01, 0x6F, 0xD6, 0xBA, 0xD6, 0xBA, 0xD6, 0xBA, 0xAD, 0x55, 0xAD, 0x55, 
0xC6, 0x18, 0xC6, 0x18, 0xC6, 0x18, 0xC6, 0x18, 0xC6, 0x18, 0x7B, 0xCF, 0x8B, 0x69, 0x8B, 0x69, 
0x00, 0x00, 0x00, 0x00, 0x00, 0x00, 0x01, 0x6F, 0x03, 0x1F, 0x03, 0x1F, 0x03, 0x1F, 0x02, 0xBA, 
0x02, 0xBA, 0x02, 0xBA, 0x02, 0x15, 0x3C, 0x5F, 0x03, 0x1F, 0x03, 0x1F, 0x02, 0xBA, 0x02, 0x15, 
0x02, 0x15, 0x02, 0x15, 0x01, 0x6F, 0xD6, 0xBA, 0xD6, 0xBA, 0xC6, 0x18, 0xAD, 0x55, 0xAD, 0x55, 
0xC6, 0x18, 0xC6, 0x18, 0xC6, 0x18, 0xC6, 0x18, 0xC6, 0x18, 0x7B, 0xCF, 0x8B, 0x69, 0x8B, 0x69, 
0x00, 0x00, 0x00, 0x00, 0x00, 0x00, 0x01, 0x6F, 0x02, 0xBA, 0x03, 0x1F, 0x02, 0xBA, 0x02, 0xBA, 
0x02, 0xBA, 0x02, 0x15, 0x02, 0x15, 0x3C, 0x5F, 0x02, 0xBA, 0x02, 0xBA, 0x02, 0xBA, 0x02, 0x15, 
0x02, 0x15, 0x02, 0x15, 0x01, 0x6F, 0xC6, 0x18, 0xC6, 0x18, 0xC6, 0x18, 0xAD, 0x55, 0x7B, 0xCF, 
0xAD, 0x55, 0xC6, 0x18, 0xC6, 0x18, 0xC6, 0x18, 0xC6, 0x18, 0x7B, 0xCF, 0x8B, 0x69, 0x6A, 0x65, 
0x00, 0x00, 0x00, 0x00, 0x00, 0x00, 0x01, 0x6F, 0x02, 0xBA, 0x03, 0x1F, 0x02, 0xBA, 0x02, 0xBA, 
0x02, 0x15, 0x02, 0x15, 0x3C, 0x5F, 0x03, 0x1F, 0x02, 0xBA, 0x02, 0xBA, 0x02, 0xBA, 0x02, 0x15, 
0x02, 0x15, 0x02, 0x15, 0x01, 0x6F, 0xC6, 0x18, 0xC6, 0x18, 0xC6, 0x18, 0xAD, 0x55, 0x7B, 0xCF, 
0xAD, 0x55, 0xC6, 0x18, 0xC6, 0x18, 0xC6, 0x18, 0xC6, 0x18, 0x7B, 0xCF, 0x6A, 0x65, 0x6A, 0x65, 
0x00, 0x00, 0x00, 0x00, 0x00, 0x00, 0x01, 0x6F, 0x02, 0xBA, 0x02, 0xBA, 0x02, 0xBA, 0x02, 0x15, 
0x02, 0x15, 0x03, 0x1F, 0x03, 0x1F, 0x03, 0x1F, 0x02, 0xBA, 0x02, 0xBA, 0x02, 0x15, 0x02, 0x15, 
0x02, 0x15, 0x01, 0x6F, 0xC6, 0x18, 0xC6, 0x18, 0xC6, 0x18, 0xC6, 0x18, 0xAD, 0x55, 0x7B, 0xCF, 
0xAD, 0x55, 0xAD, 0x55, 0xC6, 0x18, 0xC6, 0x18, 0xC6, 0x18, 0x7B, 0xCF, 0x6A, 0x65, 0x6A, 0x65, 
0x00, 0x00, 0x00, 0x00, 0x00, 0x00, 0x00, 0x00, 0x01, 0x6F, 0x02, 0xBA, 0x02, 0x15, 0x02, 0x15, 
0x03, 0x1F, 0x03, 0x1F, 0x03, 0x1F, 0x02, 0xBA, 0x02, 0xBA, 0x02, 0x15, 0x02, 0x15, 0x02, 0x15, 
0x02, 0x15, 0x01, 0x6F, 0xC6, 0x18, 0xC6, 0x18, 0xC6, 0x18, 0xAD, 0x55, 0x7B, 0xCF, 0xAD, 0x55, 
0xAD, 0x55, 0xAD, 0x55, 0xAD, 0x55, 0x7B, 0xCF, 0xD6, 0xBA, 0x7B, 0xCF, 0x6A, 0x65, 0x6A, 0x65, 
0x00, 0x00, 0x00, 0x00, 0x00, 0x00, 0x00, 0x00, 0x00, 0x00, 0x01, 0x6F, 0x02, 0x15, 0x03, 0x1F, 
0x03, 0x1F, 0x03, 0x1F, 0x03, 0x1F, 0x02, 0xBA, 0x02, 0xBA, 0x02, 0x15, 0x02, 0x15, 0x02, 0x15, 
0x01, 0x6F, 0xAD, 0x55, 0xAD, 0x55, 0xAD, 0x55, 0xAD, 0x55, 0xAD, 0x55, 0x7B, 0xCF, 0x94, 0x92, 
0xAD, 0x55, 0xAD, 0x55, 0xC6, 0x18, 0x7B, 0xCF, 0xC6, 0x18, 0x7B, 0xCF, 0x00, 0x00, 0x00, 0x00, 
0x00, 0x00, 0x00, 0x00, 0x00, 0x00, 0x00, 0x00, 0x00, 0x00, 0x00, 0x00, 0x01, 0x6F, 0x03, 0x1F, 
0x03, 0x1F, 0x02, 0xBA, 0x02, 0xBA, 0x02, 0xBA, 0x02, 0x15, 0x02, 0x15, 0x02, 0x15, 0x02, 0x15, 
0x01, 0x6F, 0xAD, 0x55, 0xAD, 0x55, 0xAD, 0x55, 0xAD, 0x55, 0x94, 0x92, 0x7B, 0xCF, 0x94, 0x92, 
0x94, 0x92, 0xC6, 0x18, 0xC6, 0x18, 0x7B, 0xCF, 0x7B, 0xCF, 0x00, 0x00, 0x00, 0x00, 0x00, 0x00, 
0x00, 0x00, 0x00, 0x00, 0x00, 0x00, 0x00, 0x00, 0x00, 0x00, 0x00, 0x00, 0x00, 0x00, 0x01, 0x6F, 
0x02, 0xBA, 0x02, 0xBA, 0x02, 0xBA, 0x02, 0xBA, 0x02, 0x15, 0x02, 0x15, 0x02, 0x15, 0x01, 0x6F, 
0x94, 0x92, 0x94, 0x92, 0x94, 0x92, 0x94, 0x92, 0x94, 0x92, 0x7B, 0xCF, 0x7B, 0xCF, 0x94, 0x92, 
0x94, 0x92, 0xC6, 0x18, 0xC6, 0x18, 0x7B, 0xCF, 0x00, 0x00, 0x00, 0x00, 0x00, 0x00, 0x00, 0x00, 
0x00, 0x00, 0x00, 0x00, 0x00, 0x00, 0x00, 0x00, 0x00, 0x00, 0x00, 0x00, 0x00, 0x00, 0x00, 0x00, 
0x01, 0x6F, 0x01, 0x6F, 0x01, 0x6F, 0x01, 0x6F, 0x01, 0x6F, 0x01, 0x6F, 0x01, 0x6F, 0x94, 0x92, 
0x94, 0x92, 0x94, 0x92, 0x94, 0x92, 0x94, 0x92, 0x7B, 0xCF, 0x00, 0x00, 0x00, 0x00, 0x7B, 0xCF, 
0x94, 0x92, 0x94, 0x92, 0x7B, 0xCF, 0x00, 0x00, 0x00, 0x00, 0x00, 0x00, 0x00, 0x00, 0x00, 0x00, 
0x00, 0x00, 0x00, 0x00, 0x00, 0x00, 0x00, 0x00, 0x00, 0x00, 0x00, 0x00, 0x00, 0x00, 0x00, 0x00, 
0x00, 0x00, 0x00, 0x00, 0x00, 0x00, 0x00, 0x00, 0x00, 0x00, 0x00, 0x00, 0x7B, 0xCF, 0x7B, 0xCF, 
0x7B, 0xCF, 0x7B, 0xCF, 0x7B, 0xCF, 0x7B, 0xCF, 0x00, 0x00, 0x00, 0x00, 0x00, 0x00, 0x00, 0x00, 
0x00, 0x00, 0x00, 0x00, 0x00, 0x00, 0x00, 0x00, 0x00, 0x00, 0x00, 0x00, 0x00, 0x00, 0x00, 0x00, 
0x00, 0x00, 0x00, 0x00, 0x00, 0x00, 0x00, 0x00, 0x00, 0x00, 0x00, 0x00, 0x00, 0x00, 0x00, 0x00, 
0x00, 0x00, 0x00, 0x00, 0x00, 0x00, 0x00, 0x00, 0x00, 0x00, 0x00, 0x00, 0x00, 0x00, 0x00, 0x00, 
0x00, 0x00, 0x00, 0x00, 0x00, 0x00, 0x00, 0x00, 0x00, 0x00, 0x00, 0x00, 0x00, 0x00, 0x00, 0x00, 
0x00, 0x00, 0x00, 0x00, 0x00, 0x00, 0x00, 0x00, 0x00, 0x00, 0x00, 0x00, 0x00, 0x00, 0x00, 0x00, 
0x00, 0x00, 0x00, 0x00, 0x00, 0x00, 0x00, 0x00, 0x00, 0x00, 0x00, 0x00, 0x00, 0x00, 0x00, 0x00, 
0x00, 0x00, 0x00, 0x00, 0x00, 0x00, 0x00, 0x00, 0x00, 0x00, 0x00, 0x00, 0x00, 0x00, 0x00, 0x00, 
0x00, 0x00, 0x00, 0x00, 0x00, 0x00, 0x00, 0x00, 0x00, 0x00, 0x00, 0x00, 0x00, 0x00, 0x00, 0x00, 
0x00, 0x00, 0x00, 0x00, 0x00, 0x00, 0x00, 0x00, 0x00, 0x00, 0x00, 0x00, 0x00, 0x00, 0x00, 0x00, 
0x00, 0x00, 0x00, 0x00, 0x00, 0x00, 0x00, 0x00, 0x00, 0x00, 0x00, 0x00, 0x00, 0x00, 0x00, 0x00, 
0x00, 0x00, 0x00, 0x00, 0x00, 0x00, 0x00, 0x00, 0x00, 0x00, 0x00, 0x00, 0x00, 0x00, 0x00, 0x00, 
0x00, 0x00, 0x00, 0x00, 0x00, 0x00, 0x00, 0x00, 0x00, 0x00, 0x00, 0x00, 0x00, 0x00, 0x00, 0x00, 
0x00, 0x00, 0x00, 0x00, 0x00, 0x00, 0x00, 0x00, 0x00, 0x00, 0x00, 0x00, 0x00, 0x00, 0x00, 0x00
}
},
{
{
0x00, 0x00, 0x00, 0x00, 0x00, 0x00, 0x00, 0x00, 0x00, 0x00, 0x00, 0x00, 0x00, 0x00, 0x00, 0x00, 
0x00, 0x00, 0x00, 0x00, 0x00, 0x00, 0x00, 0x00, 0x00, 0x00, 0x00, 0x00, 0x00, 0x00, 0x00, 0x00, 
0x00, 0x00, 0x00, 0x00, 0x00, 0x00, 0x00, 0x00, 0x00, 0x00, 0x00, 0x00, 0x00, 0x00, 0x00, 0x00, 
0x00, 0x00, 0x00, 0x00, 0x00, 0x00, 0x00, 0x00, 0x00, 0x00, 0x00, 0x00, 0x00, 0x00, 0x00, 0x00, 
0x00, 0x00, 0x00, 0x00, 0x00, 0x00, 0x00, 0x00, 0x00, 0x00, 0x00, 0x00, 0x00, 0x00, 0x00, 0x00, 
0x00, 0x00, 0x00, 0x00, 0x00, 0x00, 0x00, 0x00, 0x00, 0x00, 0x00, 0x00, 0x00, 0x00, 0x00, 0x00, 
0x00, 0x00, 0x00, 0x00, 0x00, 0x00, 0x00, 0x00, 0x00, 0x00, 0x00, 0x00, 0x00, 0x00, 0x00, 0x00, 
0x00, 0x00, 0x00, 0x00, 0x00, 0x00, 0x00, 0x00, 0x00, 0x00, 0x00, 0x00, 0x00, 0x00, 0x00, 0x00, 
0x00, 0x00, 0x00, 0x00, 0x00, 0x00, 0x00, 0x00, 0x00, 0x00, 0x00, 0x00, 0x00, 0x00, 0x00, 0x00, 
0x00, 0x00, 0x00, 0x00, 0x00, 0x00, 0x00, 0x00, 0x00, 0x00, 0x00, 0x00, 0x00, 0x00, 0x00, 0x00, 
0x00, 0x00, 0x00, 0x00, 0x00, 0x00, 0x00, 0x00, 0x00, 0x00, 0x00, 0x00, 0x00, 0x00, 0x00, 0x00, 
0x00, 0x00, 0x00, 0x00, 0x00, 0x00, 0x00, 0x00, 0x00, 0x00, 0x00, 0x00, 0x00, 0x00, 0x00, 0x00, 
0x00, 0x00, 0x00, 0x00, 0x00, 0x00, 0x00, 0x00, 0x00, 0x00, 0x00, 0x00, 0x00, 0x00, 0x00, 0x00, 
0x00, 0x00, 0x00, 0x00, 0x00, 0x00, 0x00, 0x00, 0x00, 0x00, 0x00, 0x00, 0x00, 0x00, 0x00, 0x00, 
0x00, 0x00, 0x00, 0x00, 0x00, 0x00, 0x00, 0x00, 0x00, 0x00, 0x00, 0x00, 0x00, 0x00, 0x00, 0x00, 
0x00, 0x00, 0x00, 0x00, 0x00, 0x00, 0x00, 0x00, 0x00, 0x00, 0x00, 0x00, 0x00, 0x00, 0x00, 0x00, 
0x00, 0x00, 0x00, 0x00, 0x00, 0x00, 0x00, 0x00, 0x00, 0x00, 0x00, 0x00, 0x00, 0x00, 0x00, 0x00, 
0x00, 0x00, 0x00, 0x00, 0x00, 0x00, 0x00, 0x00, 0x00, 0x00, 0x7B, 0xCF, 0x7B, 0xCF, 0x7B, 0xCF, 
0x7B, 0xCF, 0x7B, 0xCF, 0x7B, 0xCF, 0x00, 0x00, 0x00, 0x00, 0x00, 0x00, 0x00, 0x00, 0x7B, 0xCF, 
0x7B, 0xCF, 0x00, 0x00, 0x00, 0x00, 0x00, 0x00, 0x00, 0x00, 0x00, 0x00, 0x00, 0x00, 0x00, 0x00, 
0x00, 0x00, 0x00, 0x00, 0x00, 0x00, 0x00, 0x00, 0x00, 0x00, 0x00, 0x00, 0x00, 0x00, 0x01, 0x6F, 
0x01, 0x6F, 0x01, 0x6F, 0x01, 0x6F, 0x01, 0x6F, 0x7B, 0xCF, 0x94, 0x92, 0x94, 0x92, 0xAD, 0x55, 
0xAD, 0x55, 0xAD, 0x55, 0xAD, 0x55, 0x7B, 0xCF, 0x00, 0x00, 0x00, 0x00, 0x7B, 0xCF, 0xC6, 0x18, 
0xC6, 0x18, 0x7B, 0xCF, 0x00, 0x00, 0x00, 0x00, 0x00, 0x00, 0x00, 0x00, 0x00, 0x00, 0x00, 0x00, 
0x00, 0x00, 0x00, 0x00, 0x00, 0x00, 0x00, 0x00, 0x00, 0x00, 0x00, 0x00, 0x01, 0x6F, 0x3C, 0x5F, 
0x3C, 0x5F, 0x03, 0x1F, 0x03, 0x1F, 0x01, 0x6F, 0x94, 0x92, 0x94, 0x92, 0xC6, 0x18, 0xC6, 0x18, 
0xC6, 0x18, 0xC6, 0x18, 0xC6, 0x18, 0xC6, 0x18, 0x7B, 0xCF, 0x7B, 0xCF, 0xC6, 0x18, 0xD6, 0xBA, 
0x75, 0x3F, 0x03, 0x1F, 0x7B, 0xCF, 0x00, 0x00, 0x00, 0x00, 0x00, 0x00, 0x00, 0x00, 0x00, 0x00, 
0x00, 0x00, 0x00, 0x00, 0x00, 0x00, 0x00, 0x00, 0x00, 0x00, 0x01, 0x6F, 0x3C, 0x5F, 0x3C, 0x5F, 
0x3C, 0x5F, 0x03, 0x1F, 0x03, 0x1F, 0x01, 0x6F, 0x01, 0x6F, 0xC6, 0x18, 0xD6, 0xBA, 0xD6, 0xBA, 
0xD6, 0xBA, 0xD6, 0xBA, 0xD6, 0xBA, 0xC6, 0x18, 0xC6, 0x18, 0x7B, 0xCF, 0xD6, 0xBA, 0xEF, 0x5D, 
0x03, 0x1F, 0x03, 0x1F, 0xAD, 0x55, 0x7B, 0xCF, 0x00, 0x00, 0x00, 0x00, 0x00, 0x00, 0x00, 0x00, 
0x00, 0x00, 0x00, 0x00, 0x00, 0x00, 0x00, 0x00, 0x01, 0x6F, 0x02, 0x15, 0x03, 0x1F, 0x3C, 0x5F, 
0x3C, 0x5F, 0x03, 0x1F, 0x03, 0x1F, 0x02, 0xBA, 0x01, 0x6F, 0xD6, 0xBA, 0xEF, 0x5D, 0x1C, 0x7E, 
0xEF, 0x5D, 0xEF, 0x5D, 0x75, 0x3F, 0x03, 0x1F, 0xC6, 0x18, 0x7B, 0xCF, 0xEF, 0x5D, 0xEF, 0x5D, 
0xEF, 0x5D, 0xAD, 0x55, 0xC6, 0x18, 0xC6, 0x18, 0x7B, 0xCF, 0x00, 0x00, 0x00, 0x00, 0x00, 0x00, 
0x00, 0x00, 0x00, 0x00, 0x00, 0x00, 0x01, 0x6F, 0x3C, 0x5F, 0x02, 0x15, 0x02, 0x15, 0x03, 0x1F, 
0x03, 0x1F, 0x03, 0x1F, 0x03, 0x1F, 0x02, 0xBA, 0x01, 0x6F, 0xD6, 0xBA, 0xEF, 0x5D, 0x1C, 0x7E, 
0xEF, 0x5D, 0xEF, 0x5D, 0x03, 0x1F, 0x03, 0x1F, 0xC6, 0x18, 0x7B, 0xCF, 0xEF, 0x5D, 0xEF, 0x5D, 
0xAD, 0x55, 0xD6, 0xBA, 0xD6, 0xBA, 0xC6, 0x18, 0x8B, 0x69, 0x8B, 0x69, 0x00, 0x00, 0x00, 0x00, 
0x00, 0x00, 0x00, 0x00, 0x01, 0x6F, 0x3C, 0x5F, 0x3C, 0x5F, 0x3C, 0x5F, 0x02, 0x15, 0x02, 0x15, 
0x03, 0x1F, 0x03, 0x1F, 0x02, 0xBA, 0x02, 0xBA, 0x01, 0x6F, 0xD6, 0xBA, 0xEF, 0x5D, 0x1C, 0x7E, 
0xEF, 0x5D, 0xEF, 0x5D, 0xEF, 0x5D, 0xD6, 0xBA, 0xD6, 0xBA, 0xC6, 0x18, 0x7B, 0xCF, 0xAD, 0x55, 
0xEF, 0x5D, 0xEF, 0x5D, 0xEF, 0x5D, 0xD6, 0xBA, 0x8B, 0x69, 0x8B, 0x69, 0x00, 0x00, 0x00, 0x00, 
0x00, 0x00, 0x00, 0x00, 0x01, 0x6F, 0x3C, 0x5F, 0x3C, 0x5F, 0x3C, 0x5F, 0x03, 0x1F, 0x02, 0x15, 
0x02, 0x15, 0x03, 0x1F, 0x02, 0xBA, 0x02, 0xBA, 0x01, 0x6F, 0xD6, 0xBA, 0xEF, 0x5D, 0x1C, 0x7E, 
0xEF, 0x5D, 0xEF, 0x5D, 0xEF, 0x5D, 0xD6, 0xBA, 0xD6, 0xBA, 0xC6, 0x18, 0x7B, 0xCF, 0xEF, 0x5D, 
0xEF, 0x5D, 0xEF, 0x5D, 0xEF, 0x5D, 0xD6, 0xBA, 0x8B, 0x69, 0x6A, 0x65, 0x00, 0x00, 0x00, 0x00, 
0x00, 0x00, 0x00, 0x00, 0x01, 0x6F, 0x3C, 0x5F, 0x3C, 0x5F, 0x3C, 0x5F, 0x03, 0x1F, 0x03, 0x1F, 
0x02, 0x15, 0x02, 0x15, 0x02, 0xBA, 0x02, 0xBA, 0x01, 0x6F, 0xD6, 0xBA, 0xEF, 0x5D, 0x1C, 0x7E, 
0xEF, 0x5D, 0xEF, 0x5D, 0xEF, 0x5D, 0xD6, 0xBA, 0xD6, 0xBA, 0xC6, 0x18, 0x7B, 0xCF, 0xEF, 0x5D, 
0xAE, 0x3F, 0xAE, 0x3F, 0x75, 0x3F, 0x02, 0xBA, 0x6A, 0x65, 0x6A, 0x65, 0x00, 0x00, 0x00, 0x00, 
0x00, 0x00, 0x00, 0x00, 0x01, 0x6F, 0x3C, 0x5F, 0x3C, 0x5F, 0x3C, 0x5F, 0x03, 0x1F, 0x03, 0x1F, 
0x03, 0x1F, 0x02, 0x15, 0x02, 0xBA, 0x02, 0xBA, 0x01, 0x6F, 0xD6, 0xBA, 0xEF, 0x5D, 0xEF, 0x5D, 
0xEF, 0x5D, 0xEF, 0x5D, 0xEF, 0x5D, 0x03, 0x1F, 0xD6, 0xBA, 0xC6, 0x18, 0x7B, 0xCF, 0xAE, 0x3F, 
0xAE, 0x3F, 0x75, 0x3F, 0x3C, 0x5F, 0x02, 0xBA, 0x6A, 0x65, 0x6A, 0x65, 0x00, 0x00, 0x00, 0x00, 
0x00, 0x00, 0x00, 0x00, 0x01, 0x6F, 0x3C, 0x5F, 0x3C, 0x5F, 0x3C, 0x5F, 0x03, 0x1F, 0x03, 0x1F, 
0x03, 0x1F, 0x02, 0xBA, 0x02, 0x15, 0x02, 0xBA, 0x01, 0x6F, 0xD6, 0xBA, 0xEF, 0x5D, 0xEF, 0x5D, 
0xEF, 0x5D, 0xEF, 0x5D, 0xD6, 0xBA, 0x03, 0x1F, 0xD6, 0xBA, 0xC6, 0x18, 0xAD, 0x55, 0xAE, 0x3F, 
0x75, 0x3F, 0x75, 0x3F, 0x3C, 0x5F, 0x02, 0xBA, 0x6A, 0x65, 0x6A, 0x65, 0x00, 0x00, 0x00, 0x00, 
0x00, 0x00, 0x00, 0x00, 0x01, 0x6F, 0x3C, 0x5F, 0x3C, 0x5F, 0x3C, 0x5F, 0x03, 0x1F, 0x03, 0x1F, 
0x03, 0x1F, 0x02, 0xBA, 0x02, 0x15, 0x02, 0xBA, 0x01, 0x6F, 0xD6, 0xBA, 0xD6, 0xBA, 0xEF, 0x5D, 
0xEF, 0x5D, 0xD6, 0xBA, 0xD6, 0xBA, 0x03, 0x1F, 0xD6, 0xBA, 0xC6, 0x18, 0xAD, 0x55, 0x75, 0x3F, 
0x75, 0x3F, 0x75, 0x3F, 0x3C, 0x5F, 0x02, 0xBA, 0xAD, 0x55, 0x00, 0x00, 0x00, 0x00, 0x00, 0x00, 
0x00, 0x00, 0x00, 0x00, 0x01, 0x6F, 0x03, 0x1F, 0x3C, 0x5F, 0x3C, 0x5F, 0x03, 0x1F, 0x03, 0x1F, 
0x03, 0x1F, 0x02, 0xBA, 0x02, 0x15, 0x02, 0xBA, 0x01, 0x6F, 0xD6, 0xBA, 0xD6, 0xBA, 0xD6, 0xBA, 
0xD6, 0xBA, 0xD6, 0xBA, 0xD6, 0xBA, 0x03, 0x1F, 0xD6, 0xBA, 0xC6, 0x18, 0xAD, 0x55, 0x3C, 0x5F, 
0x3C, 0x5F, 0x3C, 0x5F, 0x3C, 0x5F, 0x02, 0xBA, 0xAD, 0x55, 0x00, 0x00, 0x00, 0x00, 0x00, 0x00, 
0x00, 0x00, 0x00, 0x00, 0x01, 0x6F, 0x03, 0x1F, 0x03, 0x1F, 0x03, 0x1F, 0x03, 0x1F, 0x03, 0x1F, 
0x03, 0x1F, 0x02, 0xBA, 0x02, 0x15, 0x02, 0xBA, 0x01, 0x6F, 0xC6, 0x18, 0xD6, 0xBA, 0xD6, 0xBA, 
0xD6, 0xBA, 0xD6, 0xBA, 0xD6, 0xBA, 0x03, 0x1F, 0xD6, 0xBA, 0xAD, 0x55, 0xAD, 0x55, 0x3C, 0x5F, 
0x3C, 0x5F, 0x3C, 0x5F, 0x3C, 0x5F, 0x02, 0xBA, 0x8B, 0x69, 0x8B, 0x69, 0x00, 0x00, 0x00, 0x00, 
0x00, 0x00, 0x00, 0x00, 0x01, 0x6F, 0x02, 0x15, 0x03, 0x1F, 0x03, 0x1F, 0x03, 0x1F, 0x03, 0x1F, 
0x03, 0x1F, 0x02, 0xBA, 0x02, 0x15, 0x02, 0x15, 0x01, 0x6F, 0xC6, 0x18, 0xC6, 0x18, 0x1C, 0x7E, 
0xD6, 0xBA, 0xD6, 0xBA, 0xD6, 0xBA, 0x03, 0x1F, 0xC6, 0x18, 0xAD, 0x55, 0xAD, 0x55, 0xC6, 0x18, 
0x02, 0xBA, 0x02, 0xBA, 0x02, 0xBA, 0x02, 0xBA, 0x8B, 0x69, 0x8B, 0x69, 0x00, 0x00, 0x00, 0x00, 
0x00, 0x00, 0x00, 0x00, 0x01, 0x6F, 0x02, 0x15, 0x02, 0x15, 0x03, 0x1F, 0x03, 0x1F, 0x03, 0x1F, 
0x03, 0x1F, 0x02, 0xBA, 0x02, 0xBA, 0x02, 0x15, 0x01, 0x6F, 0xC6, 0x18, 0xC6, 0x18, 0x1C, 0x7E, 
0xC6, 0x18, 0xC6, 0x18, 0xC6, 0x18, 0xC6, 0x18, 0xC6, 0x18, 0xAD, 0x55, 0x7B, 0xCF, 0xAD, 0x55, 
0x02, 0xBA, 0x02, 0xBA, 0x02, 0xBA, 0x02, 0xBA, 0x8B, 0x69, 0x6A, 0x65, 0x00, 0x00, 0x00, 0x00, 
0x00, 0x00, 0x01, 0x6F, 0x3C, 0x5F, 0x3C, 0x5F, 0x02, 0x15, 0x02, 0x15, 0x03, 0x1F, 0x03, 0x1F, 
0x02, 0xBA, 0x02, 0xBA, 0x02, 0xBA, 0x02, 0x15, 0x01, 0x6F, 0xC6, 0x18, 0xC6, 0x18, 0x1C, 0x7E, 
0xC6, 0x18, 0xC6, 0x18, 0xC6, 0x18, 0xC6, 0x18, 0xC6, 0x18, 0xAD, 0x55, 0x7B, 0xCF, 0xAD, 0x55, 
0xC6, 0x18, 0xC6, 0x18, 0xC6, 0x18, 0xC6, 0x18, 0x6A, 0x65, 0x6A, 0x65, 0x00, 0x00, 0x00, 0x00, 
0x00, 0x00, 0x01, 0x6F, 0x3C, 0x5F, 0x3C, 0x5F, 0x03, 0x1F, 0x02, 0x15, 0x02, 0xBA, 0x02, 0xBA, 
0x02, 0xBA, 0x02, 0xBA, 0x02, 0xBA, 0x02, 0x15, 0x01, 0x6F, 0xC6, 0x18, 0xC6, 0x18, 0x1C, 0x7E, 
0xC6, 0x18, 0xC6, 0x18, 0xC6, 0x18, 0xC6, 0x18, 0xC6, 0x18, 0xAD, 0x55, 0x7B, 0xCF, 0x7B, 0xCF, 
0xAD, 0x55, 0xAD, 0x55, 0xAD, 0x55, 0xAD, 0x55, 0x6A, 0x65, 0x6A, 0x65, 0x00, 0x00, 0x00, 0x00, 
0x00, 0x00, 0x01, 0x6F, 0x03, 0x1F, 0x03, 0x1F, 0x03, 0x1F, 0x02, 0x15, 0x02, 0x15, 0x02, 0xBA, 
0x02, 0xBA, 0x02, 0xBA, 0x02, 0xBA, 0x02, 0x15, 0x01, 0x6F, 0xAD, 0x55, 0xC6, 0x18, 0x1C, 0x7E, 
0xC6, 0x18, 0xC6, 0x18, 0x75, 0x3F, 0x03, 0x1F, 0xAD, 0x55, 0x7B, 0xCF, 0xAD, 0x55, 0xAD, 0x55, 
0x7B, 0xCF, 0xAD, 0x55, 0xAD, 0x55, 0x7B, 0xCF, 0x6A, 0x65, 0x6A, 0x65, 0x00, 0x00, 0x00, 0x00, 
0x00, 0x00, 0x01, 0x6F, 0x03, 0x1F, 0x03, 0x1F, 0x03, 0x1F, 0x03, 0x1F, 0x02, 0x15, 0x02, 0xBA, 
0x02, 0xBA, 0x02, 0xBA, 0x02, 0xBA, 0x02, 0x15, 0x01, 0x6F, 0xAD, 0x55, 0xAD, 0x55, 0xAD, 0x55, 
0xAD, 0x55, 0xAD, 0x55, 0x03, 0x1F, 0x03, 0x1F, 0xAD, 0x55, 0x7B, 0xCF, 0x94, 0x92, 0xAD, 0x55, 
0xAD, 0x55, 0x7B, 0xCF, 0xAD, 0x55, 0xAD, 0x55, 0xAD, 0x55, 0x00, 0x00, 0x00, 0x00, 0x00, 0x00, 
0x01, 0x6F, 0x03, 0x1F, 0x03, 0x1F, 0x03, 0x1F, 0x03, 0x1F, 0x02, 0xBA, 0x02, 0x15, 0x02, 0x15, 
0x02, 0xBA, 0x02, 0xBA, 0x02, 0xBA, 0x02, 0x15, 0x01, 0x6F, 0x94, 0x92, 0xAD, 0x55, 0xAD, 0x55, 
0xAD, 0x55, 0xAD, 0x55, 0xAD, 0x55, 0xAD, 0x55, 0x94, 0x92, 0x7B, 0xCF, 0x94, 0x92, 0x94, 0x92, 
0x75, 0x3F, 0x03, 0x1F, 0x94, 0x92, 0x7B, 0xCF, 0xC6, 0x18, 0x7B, 0xCF, 0x00, 0x00, 0x00, 0x00, 
0x01, 0x6F, 0x03, 0x1F, 0x03, 0x1F, 0x02, 0xBA, 0x02, 0xBA, 0x02, 0xBA, 0x02, 0xBA, 0x02, 0x15, 
0x02, 0xBA, 0x02, 0xBA, 0x02, 0x15, 0x02, 0x15, 0x01, 0x6F, 0x94, 0x92, 0x94, 0x92, 0x94, 0x92, 
0x94, 0x92, 0x94, 0x92, 0x94, 0x92, 0x94, 0x92, 0x7B, 0xCF, 0x7B, 0xCF, 0x94, 0x92, 0x94, 0x92, 
0x03, 0x1F, 0x03, 0x1F, 0x7B, 0xCF, 0xD6, 0xBA, 0xC6, 0x18, 0x7B, 0xCF, 0x00, 0x00, 0x00, 0x00, 
0x00, 0x00, 0x01, 0x6F, 0x02, 0xBA, 0x02, 0xBA, 0x02, 0xBA, 0x02, 0xBA, 0x02, 0xBA, 0x02, 0x15, 
0x02, 0x15, 0x02, 0x15, 0x02, 0x15, 0x02, 0x15, 0x02, 0x15, 0x01, 0x6F, 0x94, 0x92, 0x94, 0x92, 
0x94, 0x92, 0x94, 0x92, 0x94, 0x92, 0x7B, 0xCF, 0x00, 0x00, 0x00, 0x00, 0x7B, 0xCF, 0x94, 0x92, 
0x94, 0x92, 0x7B, 0xCF, 0x7B, 0xCF, 0xC6, 0x18, 0xC6, 0x18, 0x7B, 0xCF, 0x00, 0x00, 0x00, 0x00, 
0x00, 0x00, 0x00, 0x00, 0x01, 0x6F, 0x01, 0x6F, 0x01, 0x6F, 0x01, 0x6F, 0x01, 0x6F, 0x01, 0x6F, 
0x02, 0x15, 0x02, 0x15, 0x02, 0x15, 0x02, 0x15, 0x02, 0x15, 0x01, 0x6F, 0x7B, 0xCF, 0x7B, 0xCF, 
0x7B, 0xCF, 0x7B, 0xCF, 0x7B, 0xCF, 0x00, 0x00, 0x00, 0x00, 0x00, 0x00, 0x00, 0x00, 0x7B, 0xCF, 
0x7B, 0xCF, 0x00, 0x00, 0x7B, 0xCF, 0xAD, 0x55, 0xAD, 0x55, 0x7B, 0xCF, 0x00, 0x00, 0x00, 0x00, 
0x00, 0x00, 0x00, 0x00, 0x00, 0x00, 0x00, 0x00, 0x00, 0x00, 0x00, 0x00, 0x00, 0x00, 0x00, 0x00, 
0x01, 0x6F, 0x02, 0x15, 0x02, 0x15, 0x02, 0x15, 0x02, 0x15, 0x01, 0x6F, 0x00, 0x00, 0x00, 0x00, 
0x00, 0x00, 0x00, 0x00, 0x00, 0x00, 0x00, 0x00, 0x00, 0x00, 0x00, 0x00, 0x00, 0x00, 0x00, 0x00, 
0x00, 0x00, 0x00, 0x00, 0x7B, 0xCF, 0xAD, 0x55, 0x94, 0x92, 0x7B, 0xCF, 0x00, 0x00, 0x00, 0x00, 
0x00, 0x00, 0x00, 0x00, 0x00, 0x00, 0x00, 0x00, 0x00, 0x00, 0x00, 0x00, 0x00, 0x00, 0x00, 0x00, 
0x00, 0x00, 0x01, 0x6F, 0x01, 0x6F, 0x01, 0x6F, 0x01, 0x6F, 0x00, 0x00, 0x00, 0x00, 0x00, 0x00, 
0x00, 0x00, 0x00, 0x00, 0x00, 0x00, 0x00, 0x00, 0x00, 0x00, 0x00, 0x00, 0x00, 0x00, 0x00, 0x00, 
0x00, 0x00, 0x00, 0x00, 0x00, 0x00, 0x7B, 0xCF, 0x94, 0x92, 0x7B, 0xCF, 0x00, 0x00, 0x00, 0x00, 
0x00, 0x00, 0x00, 0x00, 0x00, 0x00, 0x00, 0x00, 0x00, 0x00, 0x00, 0x00, 0x00, 0x00, 0x00, 0x00, 
0x00, 0x00, 0x00, 0x00, 0x00, 0x00, 0x00, 0x00, 0x00, 0x00, 0x00, 0x00, 0x00, 0x00, 0x00, 0x00, 
0x00, 0x00, 0x00, 0x00, 0x00, 0x00, 0x00, 0x00, 0x00, 0x00, 0x00, 0x00, 0x00, 0x00, 0x00, 0x00, 
0x00, 0x00, 0x00, 0x00, 0x00, 0x00, 0x00, 0x00, 0x7B, 0xCF, 0x00, 0x00, 0x00, 0x00, 0x00, 0x00, 
0x00, 0x00, 0x00, 0x00, 0x00, 0x00, 0x00, 0x00, 0x00, 0x00, 0x00, 0x00, 0x00, 0x00, 0x00, 0x00, 
0x00, 0x00, 0x00, 0x00, 0x00, 0x00, 0x00, 0x00, 0x00, 0x00, 0x00, 0x00, 0x00, 0x00, 0x00, 0x00, 
0x00, 0x00, 0x00, 0x00, 0x00, 0x00, 0x00, 0x00, 0x00, 0x00, 0x00, 0x00, 0x00, 0x00, 0x00, 0x00, 
0x00, 0x00, 0x00, 0x00, 0x00, 0x00, 0x00, 0x00, 0x00, 0x00, 0x00, 0x00, 0x00, 0x00, 0x00, 0x00
}
,
{
0x00, 0x00, 0x00, 0x00, 0x00, 0x00, 0x00, 0x00, 0x00, 0x00, 0x00, 0x00, 0x00, 0x00, 0x00, 0x00, 
0x00, 0x00, 0x00, 0x00, 0x00, 0x00, 0x00, 0x00, 0x00, 0x00, 0x00, 0x00, 0x00, 0x00, 0x00, 0x00, 
0x00, 0x00, 0x00, 0x00, 0x00, 0x00, 0x00, 0x00, 0x00, 0x00, 0x00, 0x00, 0x00, 0x00, 0x00, 0x00, 
0x00, 0x00, 0x00, 0x00, 0x00, 0x00, 0x00, 0x00, 0x00, 0x00, 0x00, 0x00, 0x00, 0x00, 0x00, 0x00, 
0x00, 0x00, 0x00, 0x00, 0x00, 0x00, 0x00, 0x00, 0x00, 0x00, 0x00, 0x00, 0x00, 0x00, 0x00, 0x00, 
0x00, 0x00, 0x00, 0x00, 0x00, 0x00, 0x00, 0x00, 0x00, 0x00, 0x00, 0x00, 0x00, 0x00, 0x00, 0x00, 
0x00, 0x00, 0x00, 0x00, 0x00, 0x00, 0x00, 0x00, 0x00, 0x00, 0x00, 0x00, 0x00, 0x00, 0x00, 0x00, 
0x00, 0x00, 0x00, 0x00, 0x00, 0x00, 0x00, 0x00, 0x00, 0x00, 0x00, 0x00, 0x00, 0x00, 0x00, 0x00, 
0x00, 0x00, 0x00, 0x00, 0x00, 0x00, 0x00, 0x00, 0x00, 0x00, 0x00, 0x00, 0x00, 0x00, 0x00, 0x00, 
0x00, 0x00, 0x00, 0x00, 0x00, 0x00, 0x00, 0x00, 0x00, 0x00, 0x00, 0x00, 0x00, 0x00, 0x00, 0x00, 
0x00, 0x00, 0x00, 0x00, 0x00, 0x00, 0x00, 0x00, 0x00, 0x00, 0x00, 0x00, 0x00, 0x00, 0x00, 0x00, 
0x00, 0x00, 0x00, 0x00, 0x00, 0x00, 0x00, 0x00, 0x00, 0x00, 0x00, 0x00, 0x00, 0x00, 0x00, 0x00, 
0x00, 0x00, 0x00, 0x00, 0x00, 0x00, 0x00, 0x00, 0x00, 0x00, 0x00, 0x00, 0x00, 0x00, 0x00, 0x00, 
0x00, 0x00, 0x00, 0x00, 0x00, 0x00, 0x00, 0x00, 0x00, 0x00, 0x00, 0x00, 0x00, 0x00, 0x00, 0x00, 
0x00, 0x00, 0x00, 0x00, 0x00, 0x00, 0x00, 0x00, 0x00, 0x00, 0x00, 0x00, 0x00, 0x00, 0x00, 0x00, 
0x00, 0x00, 0x00, 0x00, 0x00, 0x00, 0x00, 0x00, 0x00, 0x00, 0x00, 0x00, 0x00, 0x00, 0x00, 0x00, 
0x00, 0x00, 0x00, 0x00, 0x00, 0x00, 0x00, 0x00, 0x00, 0x00, 0x00, 0x00, 0x00, 0x00, 0x00, 0x00, 
0x00, 0x00, 0x00, 0x00, 0x00, 0x00, 0x00, 0x00, 0x00, 0x00, 0x00, 0x00, 0x7B, 0xCF, 0x7B, 0xCF, 
0x7B, 0xCF, 0x7B, 0xCF, 0x7B, 0xCF, 0x7B, 0xCF, 0x00, 0x00, 0x00, 0x00, 0x00, 0x00, 0x7B, 0xCF, 
0x7B, 0xCF, 0x00, 0x00, 0x00, 0x00, 0x00, 0x00, 0x00, 0x00, 0x00, 0x00, 0x00, 0x00, 0x00, 0x00, 
0x00, 0x00, 0x00, 0x00, 0x00, 0x00, 0x00, 0x00, 0x00, 0x00, 0x00, 0x00, 0x00, 0x00, 0x00, 0x00, 
0x01, 0x6F, 0x01, 0x6F, 0x01, 0x6F, 0x01, 0x6F, 0x01, 0x6F, 0x7B, 0xCF, 0x94, 0x92, 0x94, 0x92, 
0xAD, 0x55, 0xAD, 0x55, 0xAD, 0x55, 0xAD, 0x55, 0x7B, 0xCF, 0x00, 0x00, 0x7B, 0xCF, 0xC6, 0x18, 
0xC6, 0x18, 0x7B, 0xCF, 0x00, 0x00, 0x00, 0x00, 0x00, 0x00, 0x00, 0x00, 0x00, 0x00, 0x00, 0x00, 
0x00, 0x00, 0x00, 0x00, 0x00, 0x00, 0x00, 0x00, 0x00, 0x00, 0x00, 0x00, 0x00, 0x00, 0x01, 0x6F, 
0x3C, 0x5F, 0x3C, 0x5F, 0x03, 0x1F, 0x03, 0x1F, 0x01, 0x6F, 0x94, 0x92, 0x94, 0x92, 0xC6, 0x18, 
0xC6, 0x18, 0xC6, 0x18, 0xC6, 0x18, 0xC6, 0x18, 0xC6, 0x18, 0x7B, 0xCF, 0xC6, 0x18, 0xD6, 0xBA, 
0x75, 0x3F, 0x03, 0x1F, 0x7B, 0xCF, 0x00, 0x00, 0x00, 0x00, 0x00, 0x00, 0x00, 0x00, 0x00, 0x00, 
0x00, 0x00, 0x00, 0x00, 0x00, 0x00, 0x00, 0x00, 0x00, 0x00, 0x00, 0x00, 0x01, 0x6F, 0x3C, 0x5F, 
0x3C, 0x5F, 0x3C, 0x5F, 0x03, 0x1F, 0x03, 0x1F, 0x01, 0x6F, 0x01, 0x6F, 0xC6, 0x18, 0xD6, 0xBA, 
0xD6, 0xBA, 0xD6, 0xBA, 0xD6, 0xBA, 0xD6, 0xBA, 0xC6, 0x18, 0x7B, 0xCF, 0xD6, 0xBA, 0xEF, 0x5D, 
0x03, 0x1F, 0x03, 0x1F, 0xAD, 0x55, 0x7B, 0xCF, 0x00, 0x00, 0x00, 0x00, 0x00, 0x00, 0x00, 0x00, 
0x00, 0x00, 0x00, 0x00, 0x00, 0x00, 0x00, 0x00, 0x00, 0x00, 0x01, 0x6F, 0x02, 0x15, 0x03, 0x1F, 
0x3C, 0x5F, 0x3C, 0x5F, 0x03, 0x1F, 0x03, 0x1F, 0x02, 0xBA, 0x01, 0x6F, 0xD6, 0xBA, 0xEF, 0x5D, 
0x1C, 0x7E, 0xEF, 0x5D, 0xEF, 0x5D, 0x75, 0x3F, 0x03, 0x1F, 0x7B, 0xCF, 0xEF, 0x5D, 0xEF, 0x5D, 
0xEF, 0x5D, 0xAD, 0x55, 0xC6, 0x18, 0xC6, 0x18, 0x7B, 0xCF, 0x00, 0x00, 0x00, 0x00, 0x00, 0x00, 
0x00, 0x00, 0x00, 0x00, 0x00, 0x00, 0x00, 0x00, 0x01, 0x6F, 0x3C, 0x5F, 0x02, 0x15, 0x02, 0x15, 
0x03, 0x1F, 0x03, 0x1F, 0x03, 0x1F, 0x03, 0x1F, 0x02, 0xBA, 0x01, 0x6F, 0xD6, 0xBA, 0xEF, 0x5D, 
0x1C, 0x7E, 0xEF, 0x5D, 0xEF, 0x5D, 0x03, 0x1F, 0x03, 0x1F, 0x7B, 0xCF, 0xEF, 0x5D, 0xEF, 0x5D, 
0xAD, 0x55, 0xD6, 0xBA, 0xD6, 0xBA, 0xC6, 0x18, 0x8B, 0x69, 0x8B, 0x69, 0x00, 0x00, 0x00, 0x00, 
0x00, 0x00, 0x00, 0x00, 0x00, 0x00, 0x01, 0x6F, 0x3C, 0x5F, 0x3C, 0x5F, 0x3C, 0x5F, 0x02, 0x15, 
0x02, 0x15, 0x03, 0x1F, 0x03, 0x1F, 0x02, 0xBA, 0x02, 0xBA, 0x01, 0x6F, 0xD6, 0xBA, 0xEF, 0x5D, 
0x1C, 0x7E, 0xEF, 0x5D, 0xEF, 0x5D, 0xEF, 0x5D, 0xD6, 0xBA, 0xC6, 0x18, 0x7B, 0xCF, 0xAD, 0x55, 
0xEF, 0x5D, 0xEF, 0x5D, 0xEF, 0x5D, 0xD6, 0xBA, 0x8B, 0x69, 0x8B, 0x69, 0x00, 0x00, 0x00, 0x00, 
0x00, 0x00, 0x00, 0x00, 0x00, 0x00, 0x01, 0x6F, 0x3C, 0x5F, 0x3C, 0x5F, 0x3C, 0x5F, 0x03, 0x1F, 
0x02, 0x15, 0x02, 0x15, 0x03, 0x1F, 0x02, 0xBA, 0x02, 0xBA, 0x01, 0x6F, 0xD6, 0xBA, 0xEF, 0x5D, 
0x1C, 0x7E, 0xEF, 0x5D, 0xEF, 0x5D, 0xEF, 0x5D, 0xD6, 0xBA, 0xC6, 0x18, 0x7B, 0xCF, 0xEF, 0x5D, 
0xEF, 0x5D, 0xEF, 0x5D, 0xEF, 0x5D, 0xD6, 0xBA, 0x8B, 0x69, 0x6A, 0x65, 0x00, 0x00, 0x00, 0x00, 
0x00, 0x00, 0x00, 0x00, 0x00, 0x00, 0x01, 0x6F, 0x3C, 0x5F, 0x3C, 0x5F, 0x3C, 0x5F, 0x03, 0x1F, 
0x03, 0x1F, 0x02, 0x15, 0x02, 0x15, 0x02, 0xBA, 0x02, 0xBA, 0x01, 0x6F, 0xD6, 0xBA, 0xEF, 0x5D, 
0x1C, 0x7E, 0xEF, 0x5D, 0xEF, 0x5D, 0xEF, 0x5D, 0xD6, 0xBA, 0xC6, 0x18, 0x7B, 0xCF, 0xEF, 0x5D, 
0xAE, 0x3F, 0xAE, 0x3F, 0x75, 0x3F, 0x02, 0xBA, 0x6A, 0x65, 0x6A, 0x65, 0x00, 0x00, 0x00, 0x00, 
0x00, 0x00, 0x00, 0x00, 0x00, 0x00, 0x01, 0x6F, 0x3C, 0x5F, 0x3C, 0x5F, 0x3C, 0x5F, 0x03, 0x1F, 
0x03, 0x1F, 0x03, 0x1F, 0x02, 0x15, 0x02, 0xBA, 0x02, 0xBA, 0x01, 0x6F, 0xD6, 0xBA, 0xEF, 0x5D, 
0xEF, 0x5D, 0xEF, 0x5D, 0xEF, 0x5D, 0xEF, 0x5D, 0x03, 0x1F, 0xC6, 0x18, 0x7B, 0xCF, 0xAE, 0x3F, 
0xAE, 0x3F, 0x75, 0x3F, 0x3C, 0x5F, 0x02, 0xBA, 0x6A, 0x65, 0x6A, 0x65, 0x00, 0x00, 0x00, 0x00, 
0x00, 0x00, 0x00, 0x00, 0x00, 0x00, 0x01, 0x6F, 0x3C, 0x5F, 0x3C, 0x5F, 0x3C, 0x5F, 0x03, 0x1F, 
0x03, 0x1F, 0x03, 0x1F, 0x02, 0xBA, 0x02, 0x15, 0x02, 0xBA, 0x01, 0x6F, 0xD6, 0xBA, 0xEF, 0x5D, 
0xEF, 0x5D, 0xEF, 0x5D, 0xEF, 0x5D, 0xD6, 0xBA, 0x03, 0x1F, 0xC6, 0x18, 0xAD, 0x55, 0xAE, 0x3F, 
0x75, 0x3F, 0x75, 0x3F, 0x3C, 0x5F, 0x02, 0xBA, 0x6A, 0x65, 0x6A, 0x65, 0x00, 0x00, 0x00, 0x00, 
0x00, 0x00, 0x00, 0x00, 0x00, 0x00, 0x01, 0x6F, 0x3C, 0x5F, 0x3C, 0x5F, 0x3C, 0x5F, 0x03, 0x1F, 
0x03, 0x1F, 0x03, 0x1F, 0x02, 0xBA, 0x02, 0x15, 0x02, 0xBA, 0x01, 0x6F, 0xD6, 0xBA, 0xD6, 0xBA, 
0xEF, 0x5D, 0xEF, 0x5D, 0xD6, 0xBA, 0xD6, 0xBA, 0x03, 0x1F, 0xC6, 0x18, 0xAD, 0x55, 0x75, 0x3F, 
0x75, 0x3F, 0x75, 0x3F, 0x3C, 0x5F, 0x02, 0xBA, 0xAD, 0x55, 0x00, 0x00, 0x00, 0x00, 0x00, 0x00, 
0x00, 0x00, 0x00, 0x00, 0x00, 0x00, 0x01, 0x6F, 0x03, 0x1F, 0x3C, 0x5F, 0x3C, 0x5F, 0x03, 0x1F, 
0x03, 0x1F, 0x03, 0x1F, 0x02, 0xBA, 0x02, 0x15, 0x02, 0xBA, 0x01, 0x6F, 0xD6, 0xBA, 0xD6, 0xBA, 
0xD6, 0xBA, 0xD6, 0xBA, 0xD6, 0xBA, 0xD6, 0xBA, 0x03, 0x1F, 0xC6, 0x18, 0xAD, 0x55, 0x3C, 0x5F, 
0x3C, 0x5F, 0x3C, 0x5F, 0x3C, 0x5F, 0x02, 0xBA, 0xAD, 0x55, 0x00, 0x00, 0x00, 0x00, 0x00, 0x00, 
0x00, 0x00, 0x00, 0x00, 0x00, 0x00, 0x01, 0x6F, 0x03, 0x1F, 0x03, 0x1F, 0x03, 0x1F, 0x03, 0x1F, 
0x03, 0x1F, 0x03, 0x1F, 0x02, 0xBA, 0x02, 0x15, 0x02, 0xBA, 0x01, 0x6F, 0xC6, 0x18, 0xD6, 0xBA, 
0xD6, 0xBA, 0xD6, 0xBA, 0xD6, 0xBA, 0xD6, 0xBA, 0x03, 0x1F, 0xAD, 0x55, 0xAD, 0x55, 0x3C, 0x5F, 
0x3C, 0x5F, 0x3C, 0x5F, 0x3C, 0x5F, 0x02, 0xBA, 0x8B, 0x69, 0x8B, 0x69, 0x00, 0x00, 0x00, 0x00, 
0x00, 0x00, 0x00, 0x00, 0x00, 0x00, 0x01, 0x6F, 0x02, 0x15, 0x03, 0x1F, 0x03, 0x1F, 0x03, 0x1F, 
0x03, 0x1F, 0x03, 0x1F, 0x02, 0xBA, 0x02, 0x15, 0x02, 0x15, 0x01, 0x6F, 0xC6, 0x18, 0xC6, 0x18, 
0x1C, 0x7E, 0xD6, 0xBA, 0xD6, 0xBA, 0xD6, 0xBA, 0x03, 0x1F, 0xAD, 0x55, 0xAD, 0x55, 0xC6, 0x18, 
0x02, 0xBA, 0x02, 0xBA, 0x02, 0xBA, 0x02, 0xBA, 0x8B, 0x69, 0x8B, 0x69, 0x00, 0x00, 0x00, 0x00, 
0x00, 0x00, 0x00, 0x00, 0x00, 0x00, 0x01, 0x6F, 0x02, 0x15, 0x02, 0x15, 0x03, 0x1F, 0x03, 0x1F, 
0x03, 0x1F, 0x03, 0x1F, 0x02, 0xBA, 0x02, 0xBA, 0x02, 0x15, 0x01, 0x6F, 0xC6, 0x18, 0xC6, 0x18, 
0x1C, 0x7E, 0xC6, 0x18, 0xC6, 0x18, 0xC6, 0x18, 0xC6, 0x18, 0xAD, 0x55, 0x7B, 0xCF, 0xAD, 0x55, 
0x02, 0xBA, 0x02, 0xBA, 0x02, 0xBA, 0x02, 0xBA, 0x8B, 0x69, 0x6A, 0x65, 0x00, 0x00, 0x00, 0x00, 
0x00, 0x00, 0x00, 0x00, 0x01, 0x6F, 0x3C, 0x5F, 0x3C, 0x5F, 0x02, 0x15, 0x02, 0x15, 0x03, 0x1F, 
0x03, 0x1F, 0x02, 0xBA, 0x02, 0xBA, 0x02, 0xBA, 0x02, 0x15, 0x01, 0x6F, 0xC6, 0x18, 0xC6, 0x18, 
0x1C, 0x7E, 0xC6, 0x18, 0xC6, 0x18, 0xC6, 0x18, 0xC6, 0x18, 0xAD, 0x55, 0x7B, 0xCF, 0xAD, 0x55, 
0xC6, 0x18, 0xC6, 0x18, 0xC6, 0x18, 0xC6, 0x18, 0x6A, 0x65, 0x6A, 0x65, 0x00, 0x00, 0x00, 0x00, 
0x00, 0x00, 0x00, 0x00, 0x01, 0x6F, 0x3C, 0x5F, 0x3C, 0x5F, 0x03, 0x1F, 0x02, 0x15, 0x02, 0xBA, 
0x02, 0xBA, 0x02, 0xBA, 0x02, 0xBA, 0x02, 0xBA, 0x02, 0x15, 0x01, 0x6F, 0xC6, 0x18, 0xC6, 0x18, 
0x1C, 0x7E, 0xC6, 0x18, 0xC6, 0x18, 0xC6, 0x18, 0xC6, 0x18, 0xAD, 0x55, 0x7B, 0xCF, 0x7B, 0xCF, 
0xAD, 0x55, 0xAD, 0x55, 0xAD, 0x55, 0xAD, 0x55, 0x6A, 0x65, 0x6A, 0x65, 0x00, 0x00, 0x00, 0x00, 
0x00, 0x00, 0x00, 0x00, 0x01, 0x6F, 0x03, 0x1F, 0x03, 0x1F, 0x03, 0x1F, 0x02, 0x15, 0x02, 0x15, 
0x02, 0xBA, 0x02, 0xBA, 0x02, 0xBA, 0x02, 0xBA, 0x02, 0x15, 0x01, 0x6F, 0xAD, 0x55, 0xC6, 0x18, 
0x1C, 0x7E, 0xC6, 0x18, 0xC6, 0x18, 0x75, 0x3F, 0x03, 0x1F, 0x7B, 0xCF, 0xAD, 0x55, 0xAD, 0x55, 
0x7B, 0xCF, 0xAD, 0x55, 0xAD, 0x55, 0x7B, 0xCF, 0x6A, 0x65, 0x6A, 0x65, 0x00, 0x00, 0x00, 0x00, 
0x00, 0x00, 0x00, 0x00, 0x01, 0x6F, 0x03, 0x1F, 0x03, 0x1F, 0x03, 0x1F, 0x03, 0x1F, 0x02, 0x15, 
0x02, 0xBA, 0x02, 0xBA, 0x02, 0xBA, 0x02, 0xBA, 0x02, 0x15, 0x01, 0x6F, 0xAD, 0x55, 0xAD, 0x55, 
0xAD, 0x55, 0xAD, 0x55, 0xAD, 0x55, 0x03, 0x1F, 0x03, 0x1F, 0x7B, 0xCF, 0x94, 0x92, 0xAD, 0x55, 
0xAD, 0x55, 0x7B, 0xCF, 0xAD, 0x55, 0xAD, 0x55, 0xAD, 0x55, 0x00, 0x00, 0x00, 0x00, 0x00, 0x00, 
0x00, 0x00, 0x01, 0x6F, 0x03, 0x1F, 0x03, 0x1F, 0x03, 0x1F, 0x03, 0x1F, 0x02, 0xBA, 0x02, 0x15, 
0x02, 0x15, 0x02, 0xBA, 0x02, 0xBA, 0x02, 0xBA, 0x02, 0x15, 0x01, 0x6F, 0x94, 0x92, 0xAD, 0x55, 
0xAD, 0x55, 0xAD, 0x55, 0xAD, 0x55, 0xAD, 0x55, 0xAD, 0x55, 0x7B, 0xCF, 0x94, 0x92, 0x94, 0x92, 
0x75, 0x3F, 0x03, 0x1F, 0x94, 0x92, 0x7B, 0xCF, 0xC6, 0x18, 0x7B, 0xCF, 0x00, 0x00, 0x00, 0x00, 
0x00, 0x00, 0x01, 0x6F, 0x03, 0x1F, 0x03, 0x1F, 0x02, 0xBA, 0x02, 0xBA, 0x02, 0xBA, 0x02, 0xBA, 
0x02, 0x15, 0x02, 0xBA, 0x02, 0xBA, 0x02, 0x15, 0x02, 0x15, 0x01, 0x6F, 0x94, 0x92, 0x94, 0x92, 
0x94, 0x92, 0x94, 0x92, 0x94, 0x92, 0x94, 0x92, 0x94, 0x92, 0x7B, 0xCF, 0x94, 0x92, 0x94, 0x92, 
0x03, 0x1F, 0x03, 0x1F, 0x7B, 0xCF, 0xD6, 0xBA, 0xC6, 0x18, 0x7B, 0xCF, 0x00, 0x00, 0x00, 0x00, 
0x00, 0x00, 0x00, 0x00, 0x01, 0x6F, 0x02, 0xBA, 0x02, 0xBA, 0x02, 0xBA, 0x02, 0xBA, 0x02, 0xBA, 
0x02, 0x15, 0x02, 0x15, 0x02, 0x15, 0x02, 0x15, 0x02, 0x15, 0x02, 0x15, 0x01, 0x6F, 0x94, 0x92, 
0x94, 0x92, 0x94, 0x92, 0x94, 0x92, 0x94, 0x92, 0x7B, 0xCF, 0x00, 0x00, 0x7B, 0xCF, 0x94, 0x92, 
0x94, 0x92, 0x7B, 0xCF, 0x7B, 0xCF, 0xC6, 0x18, 0xC6, 0x18, 0x7B, 0xCF, 0x00, 0x00, 0x00, 0x00, 
0x00, 0x00, 0x00, 0x00, 0x00, 0x00, 0x01, 0x6F, 0x01, 0x6F, 0x01, 0x6F, 0x01, 0x6F, 0x01, 0x6F, 
0x01, 0x6F, 0x02, 0x15, 0x02, 0x15, 0x02, 0x15, 0x02, 0x15, 0x02, 0x15, 0x01, 0x6F, 0x7B, 0xCF, 
0x7B, 0xCF, 0x7B, 0xCF, 0x7B, 0xCF, 0x7B, 0xCF, 0x00, 0x00, 0x00, 0x00, 0x00, 0x00, 0x7B, 0xCF, 
0x7B, 0xCF, 0x00, 0x00, 0x7B, 0xCF, 0xAD, 0x55, 0xAD, 0x55, 0x7B, 0xCF, 0x00, 0x00, 0x00, 0x00, 
0x00, 0x00, 0x00, 0x00, 0x00, 0x00, 0x00, 0x00, 0x00, 0x00, 0x00, 0x00, 0x00, 0x00, 0x00, 0x00, 
0x00, 0x00, 0x01, 0x6F, 0x02, 0x15, 0x02, 0x15, 0x02, 0x15, 0x02, 0x15, 0x01, 0x6F, 0x00, 0x00, 
0x00, 0x00, 0x00, 0x00, 0x00, 0x00, 0x00, 0x00, 0x00, 0x00, 0x00, 0x00, 0x00, 0x00, 0x00, 0x00, 
0x00, 0x00, 0x00, 0x00, 0x7B, 0xCF, 0xAD, 0x55, 0x94, 0x92, 0x7B, 0xCF, 0x00, 0x00, 0x00, 0x00, 
0x00, 0x00, 0x00, 0x00, 0x00, 0x00, 0x00, 0x00, 0x00, 0x00, 0x00, 0x00, 0x00, 0x00, 0x00, 0x00, 
0x00, 0x00, 0x00, 0x00, 0x01, 0x6F, 0x01, 0x6F, 0x01, 0x6F, 0x01, 0x6F, 0x00, 0x00, 0x00, 0x00, 
0x00, 0x00, 0x00, 0x00, 0x00, 0x00, 0x00, 0x00, 0x00, 0x00, 0x00, 0x00, 0x00, 0x00, 0x00, 0x00, 
0x00, 0x00, 0x00, 0x00, 0x00, 0x00, 0x7B, 0xCF, 0x94, 0x92, 0x7B, 0xCF, 0x00, 0x00, 0x00, 0x00, 
0x00, 0x00, 0x00, 0x00, 0x00, 0x00, 0x00, 0x00, 0x00, 0x00, 0x00, 0x00, 0x00, 0x00, 0x00, 0x00, 
0x00, 0x00, 0x00, 0x00, 0x00, 0x00, 0x00, 0x00, 0x00, 0x00, 0x00, 0x00, 0x00, 0x00, 0x00, 0x00, 
0x00, 0x00, 0x00, 0x00, 0x00, 0x00, 0x00, 0x00, 0x00, 0x00, 0x00, 0x00, 0x00, 0x00, 0x00, 0x00, 
0x00, 0x00, 0x00, 0x00, 0x00, 0x00, 0x00, 0x00, 0x7B, 0xCF, 0x00, 0x00, 0x00, 0x00, 0x00, 0x00, 
0x00, 0x00, 0x00, 0x00, 0x00, 0x00, 0x00, 0x00, 0x00, 0x00, 0x00, 0x00, 0x00, 0x00, 0x00, 0x00, 
0x00, 0x00, 0x00, 0x00, 0x00, 0x00, 0x00, 0x00, 0x00, 0x00, 0x00, 0x00, 0x00, 0x00, 0x00, 0x00, 
0x00, 0x00, 0x00, 0x00, 0x00, 0x00, 0x00, 0x00, 0x00, 0x00, 0x00, 0x00, 0x00, 0x00, 0x00, 0x00, 
0x00, 0x00, 0x00, 0x00, 0x00, 0x00, 0x00, 0x00, 0x00, 0x00, 0x00, 0x00, 0x00, 0x00, 0x00, 0x00
}
,
{
0x00, 0x00, 0x00, 0x00, 0x00, 0x00, 0x00, 0x00, 0x00, 0x00, 0x00, 0x00, 0x00, 0x00, 0x00, 0x00, 
0x00, 0x00, 0x00, 0x00, 0x00, 0x00, 0x00, 0x00, 0x00, 0x00, 0x00, 0x00, 0x00, 0x00, 0x00, 0x00, 
0x00, 0x00, 0x00, 0x00, 0x00, 0x00, 0x00, 0x00, 0x00, 0x00, 0x00, 0x00, 0x00, 0x00, 0x00, 0x00, 
0x00, 0x00, 0x00, 0x00, 0x00, 0x00, 0x00, 0x00, 0x00, 0x00, 0x00, 0x00, 0x00, 0x00, 0x00, 0x00, 
0x00, 0x00, 0x00, 0x00, 0x00, 0x00, 0x00, 0x00, 0x00, 0x00, 0x00, 0x00, 0x00, 0x00, 0x00, 0x00, 
0x00, 0x00, 0x00, 0x00, 0x00, 0x00, 0x00, 0x00, 0x00, 0x00, 0x00, 0x00, 0x00, 0x00, 0x00, 0x00, 
0x00, 0x00, 0x00, 0x00, 0x00, 0x00, 0x00, 0x00, 0x00, 0x00, 0x00, 0x00, 0x00, 0x00, 0x00, 0x00, 
0x00, 0x00, 0x00, 0x00, 0x00, 0x00, 0x00, 0x00, 0x00, 0x00, 0x00, 0x00, 0x00, 0x00, 0x00, 0x00, 
0x00, 0x00, 0x00, 0x00, 0x00, 0x00, 0x00, 0x00, 0x00, 0x00, 0x00, 0x00, 0x00, 0x00, 0x00, 0x00, 
0x00, 0x00, 0x00, 0x00, 0x00, 0x00, 0x00, 0x00, 0x00, 0x00, 0x00, 0x00, 0x00, 0x00, 0x00, 0x00, 
0x00, 0x00, 0x00, 0x00, 0x00, 0x00, 0x00, 0x00, 0x00, 0x00, 0x00, 0x00, 0x00, 0x00, 0x00, 0x00, 
0x00, 0x00, 0x00, 0x00, 0x00, 0x00, 0x00, 0x00, 0x00, 0x00, 0x00, 0x00, 0x00, 0x00, 0x00, 0x00, 
0x00, 0x00, 0x00, 0x00, 0x00, 0x00, 0x00, 0x00, 0x00, 0x00, 0x00, 0x00, 0x00, 0x00, 0x00, 0x00, 
0x00, 0x00, 0x00, 0x00, 0x00, 0x00, 0x00, 0x00, 0x00, 0x00, 0x00, 0x00, 0x00, 0x00, 0x00, 0x00, 
0x00, 0x00, 0x00, 0x00, 0x00, 0x00, 0x00, 0x00, 0x00, 0x00, 0x00, 0x00, 0x00, 0x00, 0x00, 0x00, 
0x00, 0x00, 0x00, 0x00, 0x00, 0x00, 0x00, 0x00, 0x00, 0x00, 0x00, 0x00, 0x00, 0x00, 0x00, 0x00, 
0x00, 0x00, 0x00, 0x00, 0x00, 0x00, 0x00, 0x00, 0x00, 0x00, 0x00, 0x00, 0x00, 0x00, 0x00, 0x00, 
0x00, 0x00, 0x00, 0x00, 0x00, 0x00, 0x00, 0x00, 0x00, 0x00, 0x7B, 0xCF, 0x7B, 0xCF, 0x7B, 0xCF, 
0x7B, 0xCF, 0x7B, 0xCF, 0x7B, 0xCF, 0x00, 0x00, 0x00, 0x00, 0x00, 0x00, 0x00, 0x00, 0x7B, 0xCF, 
0x7B, 0xCF, 0x00, 0x00, 0x00, 0x00, 0x00, 0x00, 0x00, 0x00, 0x00, 0x00, 0x00, 0x00, 0x00, 0x00, 
0x00, 0x00, 0x00, 0x00, 0x00, 0x00, 0x00, 0x00, 0x00, 0x00, 0x00, 0x00, 0x00, 0x00, 0x01, 0x6F, 
0x01, 0x6F, 0x01, 0x6F, 0x01, 0x6F, 0x01, 0x6F, 0x7B, 0xCF, 0x94, 0x92, 0x94, 0x92, 0xAD, 0x55, 
0xAD, 0x55, 0xAD, 0x55, 0xAD, 0x55, 0x7B, 0xCF, 0x00, 0x00, 0x00, 0x00, 0x7B, 0xCF, 0xC6, 0x18, 
0xC6, 0x18, 0x7B, 0xCF, 0x00, 0x00, 0x00, 0x00, 0x00, 0x00, 0x00, 0x00, 0x00, 0x00, 0x00, 0x00, 
0x00, 0x00, 0x00, 0x00, 0x00, 0x00, 0x00, 0x00, 0x00, 0x00, 0x00, 0x00, 0x01, 0x6F, 0x3C, 0x5F, 
0x3C, 0x5F, 0x03, 0x1F, 0x03, 0x1F, 0x01, 0x6F, 0x94, 0x92, 0x94, 0x92, 0xC6, 0x18, 0xC6, 0x18, 
0xC6, 0x18, 0xC6, 0x18, 0xC6, 0x18, 0xC6, 0x18, 0x7B, 0xCF, 0x7B, 0xCF, 0xC6, 0x18, 0xD6, 0xBA, 
0x75, 0x3F, 0x03, 0x1F, 0x7B, 0xCF, 0x00, 0x00, 0x00, 0x00, 0x00, 0x00, 0x00, 0x00, 0x00, 0x00, 
0x00, 0x00, 0x00, 0x00, 0x00, 0x00, 0x00, 0x00, 0x00, 0x00, 0x01, 0x6F, 0x3C, 0x5F, 0x3C, 0x5F, 
0x3C, 0x5F, 0x03, 0x1F, 0x03, 0x1F, 0x01, 0x6F, 0x01, 0x6F, 0xC6, 0x18, 0xD6, 0xBA, 0xD6, 0xBA, 
0xD6, 0xBA, 0xD6, 0xBA, 0xD6, 0xBA, 0xC6, 0x18, 0xC6, 0x18, 0x7B, 0xCF, 0xD6, 0xBA, 0xEF, 0x5D, 
0x03, 0x1F, 0x03, 0x1F, 0xAD, 0x55, 0x7B, 0xCF, 0x00, 0x00, 0x00, 0x00, 0x00, 0x00, 0x00, 0x00, 
0x00, 0x00, 0x00, 0x00, 0x00, 0x00, 0x00, 0x00, 0x01, 0x6F, 0x02, 0x15, 0x03, 0x1F, 0x3C, 0x5F, 
0x3C, 0x5F, 0x03, 0x1F, 0x03, 0x1F, 0x02, 0xBA, 0x01, 0x6F, 0xD6, 0xBA, 0xEF, 0x5D, 0x1C, 0x7E, 
0xEF, 0x5D, 0xEF, 0x5D, 0x75, 0x3F, 0x03, 0x1F, 0xC6, 0x18, 0x7B, 0xCF, 0xEF, 0x5D, 0xEF, 0x5D, 
0xEF, 0x5D, 0xAD, 0x55, 0xC6, 0x18, 0xC6, 0x18, 0x7B, 0xCF, 0x00, 0x00, 0x00, 0x00, 0x00, 0x00, 
0x00, 0x00, 0x00, 0x00, 0x00, 0x00, 0x01, 0x6F, 0x3C, 0x5F, 0x02, 0x15, 0x02, 0x15, 0x03, 0x1F, 
0x03, 0x1F, 0x03, 0x1F, 0x03, 0x1F, 0x02, 0xBA, 0x01, 0x6F, 0xD6, 0xBA, 0xEF, 0x5D, 0x1C, 0x7E, 
0xEF, 0x5D, 0xEF, 0x5D, 0x03, 0x1F, 0x03, 0x1F, 0xC6, 0x18, 0x7B, 0xCF, 0xEF, 0x5D, 0xEF, 0x5D, 
0xAD, 0x55, 0xD6, 0xBA, 0xD6, 0xBA, 0xC6, 0x18, 0x8B, 0x69, 0x8B, 0x69, 0x00, 0x00, 0x00, 0x00, 
0x00, 0x00, 0x00, 0x00, 0x01, 0x6F, 0x3C, 0x5F, 0x3C, 0x5F, 0x3C, 0x5F, 0x02, 0x15, 0x02, 0x15, 
0x03, 0x1F, 0x03, 0x1F, 0x02, 0xBA, 0x02, 0xBA, 0x01, 0x6F, 0xD6, 0xBA, 0xEF, 0x5D, 0x1C, 0x7E, 
0xEF, 0x5D, 0xEF, 0x5D, 0xEF, 0x5D, 0xD6, 0xBA, 0xD6, 0xBA, 0xC6, 0x18, 0x7B, 0xCF, 0xAD, 0x55, 
0xEF, 0x5D, 0xEF, 0x5D, 0xEF, 0x5D, 0xD6, 0xBA, 0x8B, 0x69, 0x8B, 0x69, 0x00, 0x00, 0x00, 0x00, 
0x00, 0x00, 0x00, 0x00, 0x01, 0x6F, 0x3C, 0x5F, 0x3C, 0x5F, 0x3C, 0x5F, 0x03, 0x1F, 0x02, 0x15, 
0x02, 0x15, 0x03, 0x1F, 0x02, 0xBA, 0x02, 0xBA, 0x01, 0x6F, 0xD6, 0xBA, 0xEF, 0x5D, 0x1C, 0x7E, 
0xEF, 0x5D, 0xEF, 0x5D, 0xEF, 0x5D, 0xD6, 0xBA, 0xD6, 0xBA, 0xC6, 0x18, 0x7B, 0xCF, 0xEF, 0x5D, 
0xEF, 0x5D, 0xEF, 0x5D, 0xEF, 0x5D, 0xD6, 0xBA, 0x8B, 0x69, 0x6A, 0x65, 0x00, 0x00, 0x00, 0x00, 
0x00, 0x00, 0x00, 0x00, 0x01, 0x6F, 0x3C, 0x5F, 0x3C, 0x5F, 0x3C, 0x5F, 0x03, 0x1F, 0x03, 0x1F, 
0x02, 0x15, 0x02, 0x15, 0x02, 0xBA, 0x02, 0xBA, 0x01, 0x6F, 0xD6, 0xBA, 0xEF, 0x5D, 0x1C, 0x7E, 
0xEF, 0x5D, 0xEF, 0x5D, 0xEF, 0x5D, 0xD6, 0xBA, 0xD6, 0xBA, 0xC6, 0x18, 0x7B, 0xCF, 0xEF, 0x5D, 
0xAE, 0x3F, 0xAE, 0x3F, 0x75, 0x3F, 0x02, 0xBA, 0x6A, 0x65, 0x6A, 0x65, 0x00, 0x00, 0x00, 0x00, 
0x00, 0x00, 0x00, 0x00, 0x01, 0x6F, 0x3C, 0x5F, 0x3C, 0x5F, 0x3C, 0x5F, 0x03, 0x1F, 0x03, 0x1F, 
0x03, 0x1F, 0x02, 0x15, 0x02, 0xBA, 0x02, 0xBA, 0x01, 0x6F, 0xD6, 0xBA, 0xEF, 0x5D, 0xEF, 0x5D, 
0xEF, 0x5D, 0xEF, 0x5D, 0xEF, 0x5D, 0x03, 0x1F, 0xD6, 0xBA, 0xC6, 0x18, 0x7B, 0xCF, 0xAE, 0x3F, 
0xAE, 0x3F, 0x75, 0x3F, 0x3C, 0x5F, 0x02, 0xBA, 0x6A, 0x65, 0x6A, 0x65, 0x00, 0x00, 0x00, 0x00, 
0x00, 0x00, 0x00, 0x00, 0x01, 0x6F, 0x3C, 0x5F, 0x3C, 0x5F, 0x3C, 0x5F, 0x03, 0x1F, 0x03, 0x1F, 
0x03, 0x1F, 0x02, 0xBA, 0x02, 0x15, 0x02, 0xBA, 0x01, 0x6F, 0xD6, 0xBA, 0xEF, 0x5D, 0xEF, 0x5D, 
0xEF, 0x5D, 0xEF, 0x5D, 0xD6, 0xBA, 0x03, 0x1F, 0xD6, 0xBA, 0xC6, 0x18, 0xAD, 0x55, 0xAE, 0x3F, 
0x75, 0x3F, 0x75, 0x3F, 0x3C, 0x5F, 0x02, 0xBA, 0x6A, 0x65, 0x6A, 0x65, 0x00, 0x00, 0x00, 0x00, 
0x00, 0x00, 0x00, 0x00, 0x01, 0x6F, 0x3C, 0x5F, 0x3C, 0x5F, 0x3C, 0x5F, 0x03, 0x1F, 0x03, 0x1F, 
0x03, 0x1F, 0x02, 0xBA, 0x02, 0x15, 0x02, 0xBA, 0x01, 0x6F, 0xD6, 0xBA, 0xD6, 0xBA, 0xEF, 0x5D, 
0xEF, 0x5D, 0xD6, 0xBA, 0xD6, 0xBA, 0x03, 0x1F, 0xD6, 0xBA, 0xC6, 0x18, 0xAD, 0x55, 0x75, 0x3F, 
0x75, 0x3F, 0x75, 0x3F, 0x3C, 0x5F, 0x02, 0xBA, 0xAD, 0x55, 0x00, 0x00, 0x00, 0x00, 0x00, 0x00, 
0x00, 0x00, 0x00, 0x00, 0x01, 0x6F, 0x03, 0x1F, 0x3C, 0x5F, 0x3C, 0x5F, 0x03, 0x1F, 0x03, 0x1F, 
0x03, 0x1F, 0x02, 0xBA, 0x02, 0x15, 0x02, 0xBA, 0x01, 0x6F, 0xD6, 0xBA, 0xD6, 0xBA, 0xD6, 0xBA, 
0xD6, 0xBA, 0xD6, 0xBA, 0xD6, 0xBA, 0x03, 0x1F, 0xD6, 0xBA, 0xC6, 0x18, 0xAD, 0x55, 0x3C, 0x5F, 
0x3C, 0x5F, 0x3C, 0x5F, 0x3C, 0x5F, 0x02, 0xBA, 0xAD, 0x55, 0x00, 0x00, 0x00, 0x00, 0x00, 0x00, 
0x00, 0x00, 0x00, 0x00, 0x01, 0x6F, 0x03, 0x1F, 0x03, 0x1F, 0x03, 0x1F, 0x03, 0x1F, 0x03, 0x1F, 
0x03, 0x1F, 0x02, 0xBA, 0x02, 0x15, 0x02, 0xBA, 0x01, 0x6F, 0xC6, 0x18, 0xD6, 0xBA, 0xD6, 0xBA, 
0xD6, 0xBA, 0xD6, 0xBA, 0xD6, 0xBA, 0x03, 0x1F, 0xD6, 0xBA, 0xAD, 0x55, 0xAD, 0x55, 0x3C, 0x5F, 
0x3C, 0x5F, 0x3C, 0x5F, 0x3C, 0x5F, 0x02, 0xBA, 0x8B, 0x69, 0x8B, 0x69, 0x00, 0x00, 0x00, 0x00, 
0x00, 0x00, 0x00, 0x00, 0x01, 0x6F, 0x02, 0x15, 0x03, 0x1F, 0x03, 0x1F, 0x03, 0x1F, 0x03, 0x1F, 
0x03, 0x1F, 0x02, 0xBA, 0x02, 0x15, 0x02, 0x15, 0x01, 0x6F, 0xC6, 0x18, 0xC6, 0x18, 0x1C, 0x7E, 
0xD6, 0xBA, 0xD6, 0xBA, 0xD6, 0xBA, 0x03, 0x1F, 0xC6, 0x18, 0xAD, 0x55, 0xAD, 0x55, 0xC6, 0x18, 
0x02, 0xBA, 0x02, 0xBA, 0x02, 0xBA, 0x02, 0xBA, 0x8B, 0x69, 0x8B, 0x69, 0x00, 0x00, 0x00, 0x00, 
0x00, 0x00, 0x00, 0x00, 0x01, 0x6F, 0x02, 0x15, 0x02, 0x15, 0x03, 0x1F, 0x03, 0x1F, 0x03, 0x1F, 
0x03, 0x1F, 0x02, 0xBA, 0x02, 0xBA, 0x02, 0x15, 0x01, 0x6F, 0xC6, 0x18, 0xC6, 0x18, 0x1C, 0x7E, 
0xC6, 0x18, 0xC6, 0x18, 0xC6, 0x18, 0xC6, 0x18, 0xC6, 0x18, 0xAD, 0x55, 0x7B, 0xCF, 0xAD, 0x55, 
0x02, 0xBA, 0x02, 0xBA, 0x02, 0xBA, 0x02, 0xBA, 0x8B, 0x69, 0x6A, 0x65, 0x00, 0x00, 0x00, 0x00, 
0x00, 0x00, 0x01, 0x6F, 0x3C, 0x5F, 0x3C, 0x5F, 0x02, 0x15, 0x02, 0x15, 0x03, 0x1F, 0x03, 0x1F, 
0x02, 0xBA, 0x02, 0xBA, 0x02, 0xBA, 0x02, 0x15, 0x01, 0x6F, 0xC6, 0x18, 0xC6, 0x18, 0x1C, 0x7E, 
0xC6, 0x18, 0xC6, 0x18, 0xC6, 0x18, 0xC6, 0x18, 0xC6, 0x18, 0xAD, 0x55, 0x7B, 0xCF, 0xAD, 0x55, 
0xC6, 0x18, 0xC6, 0x18, 0xC6, 0x18, 0xC6, 0x18, 0x6A, 0x65, 0x6A, 0x65, 0x00, 0x00, 0x00, 0x00, 
0x00, 0x00, 0x01, 0x6F, 0x3C, 0x5F, 0x3C, 0x5F, 0x03, 0x1F, 0x02, 0x15, 0x02, 0xBA, 0x02, 0xBA, 
0x02, 0xBA, 0x02, 0xBA, 0x02, 0xBA, 0x02, 0x15, 0x01, 0x6F, 0xC6, 0x18, 0xC6, 0x18, 0x1C, 0x7E, 
0xC6, 0x18, 0xC6, 0x18, 0xC6, 0x18, 0xC6, 0x18, 0xC6, 0x18, 0xAD, 0x55, 0x7B, 0xCF, 0x7B, 0xCF, 
0xAD, 0x55, 0xAD, 0x55, 0xAD, 0x55, 0xAD, 0x55, 0x6A, 0x65, 0x6A, 0x65, 0x00, 0x00, 0x00, 0x00, 
0x00, 0x00, 0x01, 0x6F, 0x03, 0x1F, 0x03, 0x1F, 0x03, 0x1F, 0x02, 0x15, 0x02, 0x15, 0x02, 0xBA, 
0x02, 0xBA, 0x02, 0xBA, 0x02, 0xBA, 0x02, 0x15, 0x01, 0x6F, 0xAD, 0x55, 0xC6, 0x18, 0x1C, 0x7E, 
0xC6, 0x18, 0xC6, 0x18, 0x75, 0x3F, 0x03, 0x1F, 0xAD, 0x55, 0x7B, 0xCF, 0xAD, 0x55, 0xAD, 0x55, 
0x7B, 0xCF, 0xAD, 0x55, 0xAD, 0x55, 0x7B, 0xCF, 0x6A, 0x65, 0x6A, 0x65, 0x00, 0x00, 0x00, 0x00, 
0x00, 0x00, 0x01, 0x6F, 0x03, 0x1F, 0x03, 0x1F, 0x03, 0x1F, 0x03, 0x1F, 0x02, 0x15, 0x02, 0xBA, 
0x02, 0xBA, 0x02, 0xBA, 0x02, 0xBA, 0x02, 0x15, 0x01, 0x6F, 0xAD, 0x55, 0xAD, 0x55, 0xAD, 0x55, 
0xAD, 0x55, 0xAD, 0x55, 0x03, 0x1F, 0x03, 0x1F, 0xAD, 0x55, 0x7B, 0xCF, 0x94, 0x92, 0xAD, 0x55, 
0xAD, 0x55, 0x7B, 0xCF, 0xAD, 0x55, 0xAD, 0x55, 0xAD, 0x55, 0x00, 0x00, 0x00, 0x00, 0x00, 0x00, 
0x01, 0x6F, 0x03, 0x1F, 0x03, 0x1F, 0x03, 0x1F, 0x03, 0x1F, 0x02, 0xBA, 0x02, 0x15, 0x02, 0x15, 
0x02, 0xBA, 0x02, 0xBA, 0x02, 0xBA, 0x02, 0x15, 0x01, 0x6F, 0x94, 0x92, 0xAD, 0x55, 0xAD, 0x55, 
0xAD, 0x55, 0xAD, 0x55, 0xAD, 0x55, 0xAD, 0x55, 0x94, 0x92, 0x7B, 0xCF, 0x94, 0x92, 0x94, 0x92, 
0x75, 0x3F, 0x03, 0x1F, 0x94, 0x92, 0x7B, 0xCF, 0xC6, 0x18, 0x7B, 0xCF, 0x00, 0x00, 0x00, 0x00, 
0x01, 0x6F, 0x03, 0x1F, 0x03, 0x1F, 0x02, 0xBA, 0x02, 0xBA, 0x02, 0xBA, 0x02, 0xBA, 0x02, 0x15, 
0x02, 0xBA, 0x02, 0xBA, 0x02, 0x15, 0x02, 0x15, 0x01, 0x6F, 0x94, 0x92, 0x94, 0x92, 0x94, 0x92, 
0x94, 0x92, 0x94, 0x92, 0x94, 0x92, 0x94, 0x92, 0x7B, 0xCF, 0x7B, 0xCF, 0x94, 0x92, 0x94, 0x92, 
0x03, 0x1F, 0x03, 0x1F, 0x7B, 0xCF, 0xD6, 0xBA, 0xC6, 0x18, 0x7B, 0xCF, 0x00, 0x00, 0x00, 0x00, 
0x00, 0x00, 0x01, 0x6F, 0x02, 0xBA, 0x02, 0xBA, 0x02, 0xBA, 0x02, 0xBA, 0x02, 0xBA, 0x02, 0x15, 
0x02, 0x15, 0x02, 0x15, 0x02, 0x15, 0x02, 0x15, 0x02, 0x15, 0x01, 0x6F, 0x94, 0x92, 0x94, 0x92, 
0x94, 0x92, 0x94, 0x92, 0x94, 0x92, 0x7B, 0xCF, 0x00, 0x00, 0x00, 0x00, 0x7B, 0xCF, 0x94, 0x92, 
0x94, 0x92, 0x7B, 0xCF, 0x7B, 0xCF, 0xC6, 0x18, 0xC6, 0x18, 0x7B, 0xCF, 0x00, 0x00, 0x00, 0x00, 
0x00, 0x00, 0x00, 0x00, 0x01, 0x6F, 0x01, 0x6F, 0x01, 0x6F, 0x01, 0x6F, 0x01, 0x6F, 0x01, 0x6F, 
0x02, 0x15, 0x02, 0x15, 0x02, 0x15, 0x02, 0x15, 0x02, 0x15, 0x01, 0x6F, 0x7B, 0xCF, 0x7B, 0xCF, 
0x7B, 0xCF, 0x7B, 0xCF, 0x7B, 0xCF, 0x00, 0x00, 0x00, 0x00, 0x00, 0x00, 0x00, 0x00, 0x7B, 0xCF, 
0x7B, 0xCF, 0x00, 0x00, 0x7B, 0xCF, 0xAD, 0x55, 0xAD, 0x55, 0x7B, 0xCF, 0x00, 0x00, 0x00, 0x00, 
0x00, 0x00, 0x00, 0x00, 0x00, 0x00, 0x00, 0x00, 0x00, 0x00, 0x00, 0x00, 0x00, 0x00, 0x00, 0x00, 
0x01, 0x6F, 0x02, 0x15, 0x02, 0x15, 0x02, 0x15, 0x02, 0x15, 0x01, 0x6F, 0x00, 0x00, 0x00, 0x00, 
0x00, 0x00, 0x00, 0x00, 0x00, 0x00, 0x00, 0x00, 0x00, 0x00, 0x00, 0x00, 0x00, 0x00, 0x00, 0x00, 
0x00, 0x00, 0x00, 0x00, 0x7B, 0xCF, 0xAD, 0x55, 0x94, 0x92, 0x7B, 0xCF, 0x00, 0x00, 0x00, 0x00, 
0x00, 0x00, 0x00, 0x00, 0x00, 0x00, 0x00, 0x00, 0x00, 0x00, 0x00, 0x00, 0x00, 0x00, 0x00, 0x00, 
0x00, 0x00, 0x01, 0x6F, 0x01, 0x6F, 0x01, 0x6F, 0x01, 0x6F, 0x00, 0x00, 0x00, 0x00, 0x00, 0x00, 
0x00, 0x00, 0x00, 0x00, 0x00, 0x00, 0x00, 0x00, 0x00, 0x00, 0x00, 0x00, 0x00, 0x00, 0x00, 0x00, 
0x00, 0x00, 0x00, 0x00, 0x00, 0x00, 0x7B, 0xCF, 0x94, 0x92, 0x7B, 0xCF, 0x00, 0x00, 0x00, 0x00, 
0x00, 0x00, 0x00, 0x00, 0x00, 0x00, 0x00, 0x00, 0x00, 0x00, 0x00, 0x00, 0x00, 0x00, 0x00, 0x00, 
0x00, 0x00, 0x00, 0x00, 0x00, 0x00, 0x00, 0x00, 0x00, 0x00, 0x00, 0x00, 0x00, 0x00, 0x00, 0x00, 
0x00, 0x00, 0x00, 0x00, 0x00, 0x00, 0x00, 0x00, 0x00, 0x00, 0x00, 0x00, 0x00, 0x00, 0x00, 0x00, 
0x00, 0x00, 0x00, 0x00, 0x00, 0x00, 0x00, 0x00, 0x7B, 0xCF, 0x00, 0x00, 0x00, 0x00, 0x00, 0x00, 
0x00, 0x00, 0x00, 0x00, 0x00, 0x00, 0x00, 0x00, 0x00, 0x00, 0x00, 0x00, 0x00, 0x00, 0x00, 0x00, 
0x00, 0x00, 0x00, 0x00, 0x00, 0x00, 0x00, 0x00, 0x00, 0x00, 0x00, 0x00, 0x00, 0x00, 0x00, 0x00, 
0x00, 0x00, 0x00, 0x00, 0x00, 0x00, 0x00, 0x00, 0x00, 0x00, 0x00, 0x00, 0x00, 0x00, 0x00, 0x00, 
0x00, 0x00, 0x00, 0x00, 0x00, 0x00, 0x00, 0x00, 0x00, 0x00, 0x00, 0x00, 0x00, 0x00, 0x00, 0x00
}
,
{
0x00, 0x00, 0x00, 0x00, 0x00, 0x00, 0x00, 0x00, 0x00, 0x00, 0x00, 0x00, 0x00, 0x00, 0x00, 0x00, 
0x00, 0x00, 0x00, 0x00, 0x00, 0x00, 0x00, 0x00, 0x00, 0x00, 0x00, 0x00, 0x00, 0x00, 0x00, 0x00, 
0x00, 0x00, 0x00, 0x00, 0x00, 0x00, 0x00, 0x00, 0x00, 0x00, 0x00, 0x00, 0x00, 0x00, 0x00, 0x00, 
0x00, 0x00, 0x00, 0x00, 0x00, 0x00, 0x00, 0x00, 0x00, 0x00, 0x00, 0x00, 0x00, 0x00, 0x00, 0x00, 
0x00, 0x00, 0x00, 0x00, 0x00, 0x00, 0x00, 0x00, 0x00, 0x00, 0x00, 0x00, 0x00, 0x00, 0x00, 0x00, 
0x00, 0x00, 0x00, 0x00, 0x00, 0x00, 0x00, 0x00, 0x00, 0x00, 0x00, 0x00, 0x00, 0x00, 0x00, 0x00, 
0x00, 0x00, 0x00, 0x00, 0x00, 0x00, 0x00, 0x00, 0x00, 0x00, 0x00, 0x00, 0x00, 0x00, 0x00, 0x00, 
0x00, 0x00, 0x00, 0x00, 0x00, 0x00, 0x00, 0x00, 0x00, 0x00, 0x00, 0x00, 0x00, 0x00, 0x00, 0x00, 
0x00, 0x00, 0x00, 0x00, 0x00, 0x00, 0x00, 0x00, 0x00, 0x00, 0x00, 0x00, 0x00, 0x00, 0x00, 0x00, 
0x00, 0x00, 0x00, 0x00, 0x00, 0x00, 0x00, 0x00, 0x00, 0x00, 0x00, 0x00, 0x00, 0x00, 0x00, 0x00, 
0x00, 0x00, 0x00, 0x00, 0x00, 0x00, 0x00, 0x00, 0x00, 0x00, 0x00, 0x00, 0x00, 0x00, 0x00, 0x00, 
0x00, 0x00, 0x00, 0x00, 0x00, 0x00, 0x00, 0x00, 0x00, 0x00, 0x00, 0x00, 0x00, 0x00, 0x00, 0x00, 
0x00, 0x00, 0x00, 0x00, 0x00, 0x00, 0x00, 0x00, 0x00, 0x00, 0x00, 0x00, 0x00, 0x00, 0x00, 0x00, 
0x00, 0x00, 0x00, 0x00, 0x00, 0x00, 0x00, 0x00, 0x00, 0x00, 0x00, 0x00, 0x00, 0x00, 0x00, 0x00, 
0x00, 0x00, 0x00, 0x00, 0x00, 0x00, 0x00, 0x00, 0x00, 0x00, 0x00, 0x00, 0x00, 0x00, 0x00, 0x00, 
0x00, 0x00, 0x00, 0x00, 0x00, 0x00, 0x00, 0x00, 0x00, 0x00, 0x00, 0x00, 0x00, 0x00, 0x00, 0x00, 
0x00, 0x00, 0x00, 0x00, 0x00, 0x00, 0x00, 0x00, 0x00, 0x00, 0x00, 0x00, 0x00, 0x00, 0x00, 0x00, 
0x00, 0x00, 0x00, 0x00, 0x00, 0x00, 0x00, 0x00, 0x00, 0x00, 0x00, 0x00, 0x7B, 0xCF, 0x7B, 0xCF, 
0x7B, 0xCF, 0x7B, 0xCF, 0x7B, 0xCF, 0x7B, 0xCF, 0x00, 0x00, 0x00, 0x00, 0x00, 0x00, 0x7B, 0xCF, 
0x7B, 0xCF, 0x00, 0x00, 0x00, 0x00, 0x00, 0x00, 0x00, 0x00, 0x00, 0x00, 0x00, 0x00, 0x00, 0x00, 
0x00, 0x00, 0x00, 0x00, 0x00, 0x00, 0x00, 0x00, 0x00, 0x00, 0x00, 0x00, 0x00, 0x00, 0x00, 0x00, 
0x01, 0x6F, 0x01, 0x6F, 0x01, 0x6F, 0x01, 0x6F, 0x01, 0x6F, 0x7B, 0xCF, 0x94, 0x92, 0x94, 0x92, 
0xAD, 0x55, 0xAD, 0x55, 0xAD, 0x55, 0xAD, 0x55, 0x7B, 0xCF, 0x00, 0x00, 0x7B, 0xCF, 0xC6, 0x18, 
0xC6, 0x18, 0x7B, 0xCF, 0x00, 0x00, 0x00, 0x00, 0x00, 0x00, 0x00, 0x00, 0x00, 0x00, 0x00, 0x00, 
0x00, 0x00, 0x00, 0x00, 0x00, 0x00, 0x00, 0x00, 0x00, 0x00, 0x00, 0x00, 0x00, 0x00, 0x01, 0x6F, 
0x3C, 0x5F, 0x3C, 0x5F, 0x03, 0x1F, 0x03, 0x1F, 0x01, 0x6F, 0x94, 0x92, 0x94, 0x92, 0xC6, 0x18, 
0xC6, 0x18, 0xC6, 0x18, 0xC6, 0x18, 0xC6, 0x18, 0xC6, 0x18, 0x7B, 0xCF, 0xC6, 0x18, 0xD6, 0xBA, 
0x75, 0x3F, 0x03, 0x1F, 0x7B, 0xCF, 0x00, 0x00, 0x00, 0x00, 0x00, 0x00, 0x00, 0x00, 0x00, 0x00, 
0x00, 0x00, 0x00, 0x00, 0x00, 0x00, 0x00, 0x00, 0x00, 0x00, 0x00, 0x00, 0x01, 0x6F, 0x3C, 0x5F, 
0x3C, 0x5F, 0x3C, 0x5F, 0x03, 0x1F, 0x03, 0x1F, 0x01, 0x6F, 0x01, 0x6F, 0xC6, 0x18, 0xD6, 0xBA, 
0xD6, 0xBA, 0xD6, 0xBA, 0xD6, 0xBA, 0xD6, 0xBA, 0xC6, 0x18, 0x7B, 0xCF, 0xD6, 0xBA, 0xEF, 0x5D, 
0x03, 0x1F, 0x03, 0x1F, 0xAD, 0x55, 0x7B, 0xCF, 0x00, 0x00, 0x00, 0x00, 0x00, 0x00, 0x00, 0x00, 
0x00, 0x00, 0x00, 0x00, 0x00, 0x00, 0x00, 0x00, 0x00, 0x00, 0x01, 0x6F, 0x02, 0x15, 0x03, 0x1F, 
0x3C, 0x5F, 0x3C, 0x5F, 0x03, 0x1F, 0x03, 0x1F, 0x02, 0xBA, 0x01, 0x6F, 0xD6, 0xBA, 0xEF, 0x5D, 
0x1C, 0x7E, 0xEF, 0x5D, 0xEF, 0x5D, 0x75, 0x3F, 0x03, 0x1F, 0x7B, 0xCF, 0xEF, 0x5D, 0xEF, 0x5D, 
0xEF, 0x5D, 0xAD, 0x55, 0xC6, 0x18, 0xC6, 0x18, 0x7B, 0xCF, 0x00, 0x00, 0x00, 0x00, 0x00, 0x00, 
0x00, 0x00, 0x00, 0x00, 0x00, 0x00, 0x00, 0x00, 0x01, 0x6F, 0x3C, 0x5F, 0x02, 0x15, 0x02, 0x15, 
0x03, 0x1F, 0x03, 0x1F, 0x03, 0x1F, 0x03, 0x1F, 0x02, 0xBA, 0x01, 0x6F, 0xD6, 0xBA, 0xEF, 0x5D, 
0x1C, 0x7E, 0xEF, 0x5D, 0xEF, 0x5D, 0x03, 0x1F, 0x03, 0x1F, 0x7B, 0xCF, 0xEF, 0x5D, 0xEF, 0x5D, 
0xAD, 0x55, 0xD6, 0xBA, 0xD6, 0xBA, 0xC6, 0x18, 0x8B, 0x69, 0x8B, 0x69, 0x00, 0x00, 0x00, 0x00, 
0x00, 0x00, 0x00, 0x00, 0x00, 0x00, 0x01, 0x6F, 0x3C, 0x5F, 0x3C, 0x5F, 0x3C, 0x5F, 0x02, 0x15, 
0x02, 0x15, 0x03, 0x1F, 0x03, 0x1F, 0x02, 0xBA, 0x02, 0xBA, 0x01, 0x6F, 0xD6, 0xBA, 0xEF, 0x5D, 
0x1C, 0x7E, 0xEF, 0x5D, 0xEF, 0x5D, 0xEF, 0x5D, 0xD6, 0xBA, 0xC6, 0x18, 0x7B, 0xCF, 0xAD, 0x55, 
0xEF, 0x5D, 0xEF, 0x5D, 0xEF, 0x5D, 0xD6, 0xBA, 0x8B, 0x69, 0x8B, 0x69, 0x00, 0x00, 0x00, 0x00, 
0x00, 0x00, 0x00, 0x00, 0x00, 0x00, 0x01, 0x6F, 0x3C, 0x5F, 0x3C, 0x5F, 0x3C, 0x5F, 0x03, 0x1F, 
0x02, 0x15, 0x02, 0x15, 0x03, 0x1F, 0x02, 0xBA, 0x02, 0xBA, 0x01, 0x6F, 0xD6, 0xBA, 0xEF, 0x5D, 
0x1C, 0x7E, 0xEF, 0x5D, 0xEF, 0x5D, 0xEF, 0x5D, 0xD6, 0xBA, 0xC6, 0x18, 0x7B, 0xCF, 0xEF, 0x5D, 
0xEF, 0x5D, 0xEF, 0x5D, 0xEF, 0x5D, 0xD6, 0xBA, 0x8B, 0x69, 0x6A, 0x65, 0x00, 0x00, 0x00, 0x00, 
0x00, 0x00, 0x00, 0x00, 0x00, 0x00, 0x01, 0x6F, 0x3C, 0x5F, 0x3C, 0x5F, 0x3C, 0x5F, 0x03, 0x1F, 
0x03, 0x1F, 0x02, 0x15, 0x02, 0x15, 0x02, 0xBA, 0x02, 0xBA, 0x01, 0x6F, 0xD6, 0xBA, 0xEF, 0x5D, 
0x1C, 0x7E, 0xEF, 0x5D, 0xEF, 0x5D, 0xEF, 0x5D, 0xD6, 0xBA, 0xC6, 0x18, 0x7B, 0xCF, 0xEF, 0x5D, 
0xAE, 0x3F, 0xAE, 0x3F, 0x75, 0x3F, 0x02, 0xBA, 0x6A, 0x65, 0x6A, 0x65, 0x00, 0x00, 0x00, 0x00, 
0x00, 0x00, 0x00, 0x00, 0x00, 0x00, 0x01, 0x6F, 0x3C, 0x5F, 0x3C, 0x5F, 0x3C, 0x5F, 0x03, 0x1F, 
0x03, 0x1F, 0x03, 0x1F, 0x02, 0x15, 0x02, 0xBA, 0x02, 0xBA, 0x01, 0x6F, 0xD6, 0xBA, 0xEF, 0x5D, 
0xEF, 0x5D, 0xEF, 0x5D, 0xEF, 0x5D, 0xEF, 0x5D, 0x03, 0x1F, 0xC6, 0x18, 0x7B, 0xCF, 0xAE, 0x3F, 
0xAE, 0x3F, 0x75, 0x3F, 0x3C, 0x5F, 0x02, 0xBA, 0x6A, 0x65, 0x6A, 0x65, 0x00, 0x00, 0x00, 0x00, 
0x00, 0x00, 0x00, 0x00, 0x00, 0x00, 0x01, 0x6F, 0x3C, 0x5F, 0x3C, 0x5F, 0x3C, 0x5F, 0x03, 0x1F, 
0x03, 0x1F, 0x03, 0x1F, 0x02, 0xBA, 0x02, 0x15, 0x02, 0xBA, 0x01, 0x6F, 0xD6, 0xBA, 0xEF, 0x5D, 
0xEF, 0x5D, 0xEF, 0x5D, 0xEF, 0x5D, 0xD6, 0xBA, 0x03, 0x1F, 0xC6, 0x18, 0xAD, 0x55, 0xAE, 0x3F, 
0x75, 0x3F, 0x75, 0x3F, 0x3C, 0x5F, 0x02, 0xBA, 0x6A, 0x65, 0x6A, 0x65, 0x00, 0x00, 0x00, 0x00, 
0x00, 0x00, 0x00, 0x00, 0x00, 0x00, 0x01, 0x6F, 0x3C, 0x5F, 0x3C, 0x5F, 0x3C, 0x5F, 0x03, 0x1F, 
0x03, 0x1F, 0x03, 0x1F, 0x02, 0xBA, 0x02, 0x15, 0x02, 0xBA, 0x01, 0x6F, 0xD6, 0xBA, 0xD6, 0xBA, 
0xEF, 0x5D, 0xEF, 0x5D, 0xD6, 0xBA, 0xD6, 0xBA, 0x03, 0x1F, 0xC6, 0x18, 0xAD, 0x55, 0x75, 0x3F, 
0x75, 0x3F, 0x75, 0x3F, 0x3C, 0x5F, 0x02, 0xBA, 0xAD, 0x55, 0x00, 0x00, 0x00, 0x00, 0x00, 0x00, 
0x00, 0x00, 0x00, 0x00, 0x00, 0x00, 0x01, 0x6F, 0x03, 0x1F, 0x3C, 0x5F, 0x3C, 0x5F, 0x03, 0x1F, 
0x03, 0x1F, 0x03, 0x1F, 0x02, 0xBA, 0x02, 0x15, 0x02, 0xBA, 0x01, 0x6F, 0xD6, 0xBA, 0xD6, 0xBA, 
0xD6, 0xBA, 0xD6, 0xBA, 0xD6, 0xBA, 0xD6, 0xBA, 0x03, 0x1F, 0xC6, 0x18, 0xAD, 0x55, 0x3C, 0x5F, 
0x3C, 0x5F, 0x3C, 0x5F, 0x3C, 0x5F, 0x02, 0xBA, 0xAD, 0x55, 0x00, 0x00, 0x00, 0x00, 0x00, 0x00, 
0x00, 0x00, 0x00, 0x00, 0x00, 0x00, 0x01, 0x6F, 0x03, 0x1F, 0x03, 0x1F, 0x03, 0x1F, 0x03, 0x1F, 
0x03, 0x1F, 0x03, 0x1F, 0x02, 0xBA, 0x02, 0x15, 0x02, 0xBA, 0x01, 0x6F, 0xC6, 0x18, 0xD6, 0xBA, 
0xD6, 0xBA, 0xD6, 0xBA, 0xD6, 0xBA, 0xD6, 0xBA, 0x03, 0x1F, 0xAD, 0x55, 0xAD, 0x55, 0x3C, 0x5F, 
0x3C, 0x5F, 0x3C, 0x5F, 0x3C, 0x5F, 0x02, 0xBA, 0x8B, 0x69, 0x8B, 0x69, 0x00, 0x00, 0x00, 0x00, 
0x00, 0x00, 0x00, 0x00, 0x00, 0x00, 0x01, 0x6F, 0x02, 0x15, 0x03, 0x1F, 0x03, 0x1F, 0x03, 0x1F, 
0x03, 0x1F, 0x03, 0x1F, 0x02, 0xBA, 0x02, 0x15, 0x02, 0x15, 0x01, 0x6F, 0xC6, 0x18, 0xC6, 0x18, 
0x1C, 0x7E, 0xD6, 0xBA, 0xD6, 0xBA, 0xD6, 0xBA, 0x03, 0x1F, 0xAD, 0x55, 0xAD, 0x55, 0xC6, 0x18, 
0x02, 0xBA, 0x02, 0xBA, 0x02, 0xBA, 0x02, 0xBA, 0x8B, 0x69, 0x8B, 0x69, 0x00, 0x00, 0x00, 0x00, 
0x00, 0x00, 0x00, 0x00, 0x00, 0x00, 0x01, 0x6F, 0x02, 0x15, 0x02, 0x15, 0x03, 0x1F, 0x03, 0x1F, 
0x03, 0x1F, 0x03, 0x1F, 0x02, 0xBA, 0x02, 0xBA, 0x02, 0x15, 0x01, 0x6F, 0xC6, 0x18, 0xC6, 0x18, 
0x1C, 0x7E, 0xC6, 0x18, 0xC6, 0x18, 0xC6, 0x18, 0xC6, 0x18, 0xAD, 0x55, 0x7B, 0xCF, 0xAD, 0x55, 
0x02, 0xBA, 0x02, 0xBA, 0x02, 0xBA, 0x02, 0xBA, 0x8B, 0x69, 0x6A, 0x65, 0x00, 0x00, 0x00, 0x00, 
0x00, 0x00, 0x00, 0x00, 0x01, 0x6F, 0x3C, 0x5F, 0x3C, 0x5F, 0x02, 0x15, 0x02, 0x15, 0x03, 0x1F, 
0x03, 0x1F, 0x02, 0xBA, 0x02, 0xBA, 0x02, 0xBA, 0x02, 0x15, 0x01, 0x6F, 0xC6, 0x18, 0xC6, 0x18, 
0x1C, 0x7E, 0xC6, 0x18, 0xC6, 0x18, 0xC6, 0x18, 0xC6, 0x18, 0xAD, 0x55, 0x7B, 0xCF, 0xAD, 0x55, 
0xC6, 0x18, 0xC6, 0x18, 0xC6, 0x18, 0xC6, 0x18, 0x6A, 0x65, 0x6A, 0x65, 0x00, 0x00, 0x00, 0x00, 
0x00, 0x00, 0x00, 0x00, 0x01, 0x6F, 0x3C, 0x5F, 0x3C, 0x5F, 0x03, 0x1F, 0x02, 0x15, 0x02, 0xBA, 
0x02, 0xBA, 0x02, 0xBA, 0x02, 0xBA, 0x02, 0xBA, 0x02, 0x15, 0x01, 0x6F, 0xC6, 0x18, 0xC6, 0x18, 
0x1C, 0x7E, 0xC6, 0x18, 0xC6, 0x18, 0xC6, 0x18, 0xC6, 0x18, 0xAD, 0x55, 0x7B, 0xCF, 0x7B, 0xCF, 
0xAD, 0x55, 0xAD, 0x55, 0xAD, 0x55, 0xAD, 0x55, 0x6A, 0x65, 0x6A, 0x65, 0x00, 0x00, 0x00, 0x00, 
0x00, 0x00, 0x00, 0x00, 0x01, 0x6F, 0x03, 0x1F, 0x03, 0x1F, 0x03, 0x1F, 0x02, 0x15, 0x02, 0x15, 
0x02, 0xBA, 0x02, 0xBA, 0x02, 0xBA, 0x02, 0xBA, 0x02, 0x15, 0x01, 0x6F, 0xAD, 0x55, 0xC6, 0x18, 
0x1C, 0x7E, 0xC6, 0x18, 0xC6, 0x18, 0x75, 0x3F, 0x03, 0x1F, 0x7B, 0xCF, 0xAD, 0x55, 0xAD, 0x55, 
0x7B, 0xCF, 0xAD, 0x55, 0xAD, 0x55, 0x7B, 0xCF, 0x6A, 0x65, 0x6A, 0x65, 0x00, 0x00, 0x00, 0x00, 
0x00, 0x00, 0x00, 0x00, 0x01, 0x6F, 0x03, 0x1F, 0x03, 0x1F, 0x03, 0x1F, 0x03, 0x1F, 0x02, 0x15, 
0x02, 0xBA, 0x02, 0xBA, 0x02, 0xBA, 0x02, 0xBA, 0x02, 0x15, 0x01, 0x6F, 0xAD, 0x55, 0xAD, 0x55, 
0xAD, 0x55, 0xAD, 0x55, 0xAD, 0x55, 0x03, 0x1F, 0x03, 0x1F, 0x7B, 0xCF, 0x94, 0x92, 0xAD, 0x55, 
0xAD, 0x55, 0x7B, 0xCF, 0xAD, 0x55, 0xAD, 0x55, 0xAD, 0x55, 0x00, 0x00, 0x00, 0x00, 0x00, 0x00, 
0x00, 0x00, 0x01, 0x6F, 0x03, 0x1F, 0x03, 0x1F, 0x03, 0x1F, 0x03, 0x1F, 0x02, 0xBA, 0x02, 0x15, 
0x02, 0x15, 0x02, 0xBA, 0x02, 0xBA, 0x02, 0xBA, 0x02, 0x15, 0x01, 0x6F, 0x94, 0x92, 0xAD, 0x55, 
0xAD, 0x55, 0xAD, 0x55, 0xAD, 0x55, 0xAD, 0x55, 0xAD, 0x55, 0x7B, 0xCF, 0x94, 0x92, 0x94, 0x92, 
0x75, 0x3F, 0x03, 0x1F, 0x94, 0x92, 0x7B, 0xCF, 0xC6, 0x18, 0x7B, 0xCF, 0x00, 0x00, 0x00, 0x00, 
0x00, 0x00, 0x01, 0x6F, 0x03, 0x1F, 0x03, 0x1F, 0x02, 0xBA, 0x02, 0xBA, 0x02, 0xBA, 0x02, 0xBA, 
0x02, 0x15, 0x02, 0xBA, 0x02, 0xBA, 0x02, 0x15, 0x02, 0x15, 0x01, 0x6F, 0x94, 0x92, 0x94, 0x92, 
0x94, 0x92, 0x94, 0x92, 0x94, 0x92, 0x94, 0x92, 0x94, 0x92, 0x7B, 0xCF, 0x94, 0x92, 0x94, 0x92, 
0x03, 0x1F, 0x03, 0x1F, 0x7B, 0xCF, 0xD6, 0xBA, 0xC6, 0x18, 0x7B, 0xCF, 0x00, 0x00, 0x00, 0x00, 
0x00, 0x00, 0x00, 0x00, 0x01, 0x6F, 0x02, 0xBA, 0x02, 0xBA, 0x02, 0xBA, 0x02, 0xBA, 0x02, 0xBA, 
0x02, 0x15, 0x02, 0x15, 0x02, 0x15, 0x02, 0x15, 0x02, 0x15, 0x02, 0x15, 0x01, 0x6F, 0x94, 0x92, 
0x94, 0x92, 0x94, 0x92, 0x94, 0x92, 0x94, 0x92, 0x7B, 0xCF, 0x00, 0x00, 0x7B, 0xCF, 0x94, 0x92, 
0x94, 0x92, 0x7B, 0xCF, 0x7B, 0xCF, 0xC6, 0x18, 0xC6, 0x18, 0x7B, 0xCF, 0x00, 0x00, 0x00, 0x00, 
0x00, 0x00, 0x00, 0x00, 0x00, 0x00, 0x01, 0x6F, 0x01, 0x6F, 0x01, 0x6F, 0x01, 0x6F, 0x01, 0x6F, 
0x01, 0x6F, 0x02, 0x15, 0x02, 0x15, 0x02, 0x15, 0x02, 0x15, 0x02, 0x15, 0x01, 0x6F, 0x7B, 0xCF, 
0x7B, 0xCF, 0x7B, 0xCF, 0x7B, 0xCF, 0x7B, 0xCF, 0x00, 0x00, 0x00, 0x00, 0x00, 0x00, 0x7B, 0xCF, 
0x7B, 0xCF, 0x00, 0x00, 0x7B, 0xCF, 0xAD, 0x55, 0xAD, 0x55, 0x7B, 0xCF, 0x00, 0x00, 0x00, 0x00, 
0x00, 0x00, 0x00, 0x00, 0x00, 0x00, 0x00, 0x00, 0x00, 0x00, 0x00, 0x00, 0x00, 0x00, 0x00, 0x00, 
0x00, 0x00, 0x01, 0x6F, 0x02, 0x15, 0x02, 0x15, 0x02, 0x15, 0x02, 0x15, 0x01, 0x6F, 0x00, 0x00, 
0x00, 0x00, 0x00, 0x00, 0x00, 0x00, 0x00, 0x00, 0x00, 0x00, 0x00, 0x00, 0x00, 0x00, 0x00, 0x00, 
0x00, 0x00, 0x00, 0x00, 0x7B, 0xCF, 0xAD, 0x55, 0x94, 0x92, 0x7B, 0xCF, 0x00, 0x00, 0x00, 0x00, 
0x00, 0x00, 0x00, 0x00, 0x00, 0x00, 0x00, 0x00, 0x00, 0x00, 0x00, 0x00, 0x00, 0x00, 0x00, 0x00, 
0x00, 0x00, 0x00, 0x00, 0x01, 0x6F, 0x01, 0x6F, 0x01, 0x6F, 0x01, 0x6F, 0x00, 0x00, 0x00, 0x00, 
0x00, 0x00, 0x00, 0x00, 0x00, 0x00, 0x00, 0x00, 0x00, 0x00, 0x00, 0x00, 0x00, 0x00, 0x00, 0x00, 
0x00, 0x00, 0x00, 0x00, 0x00, 0x00, 0x7B, 0xCF, 0x94, 0x92, 0x7B, 0xCF, 0x00, 0x00, 0x00, 0x00, 
0x00, 0x00, 0x00, 0x00, 0x00, 0x00, 0x00, 0x00, 0x00, 0x00, 0x00, 0x00, 0x00, 0x00, 0x00, 0x00, 
0x00, 0x00, 0x00, 0x00, 0x00, 0x00, 0x00, 0x00, 0x00, 0x00, 0x00, 0x00, 0x00, 0x00, 0x00, 0x00, 
0x00, 0x00, 0x00, 0x00, 0x00, 0x00, 0x00, 0x00, 0x00, 0x00, 0x00, 0x00, 0x00, 0x00, 0x00, 0x00, 
0x00, 0x00, 0x00, 0x00, 0x00, 0x00, 0x00, 0x00, 0x7B, 0xCF, 0x00, 0x00, 0x00, 0x00, 0x00, 0x00, 
0x00, 0x00, 0x00, 0x00, 0x00, 0x00, 0x00, 0x00, 0x00, 0x00, 0x00, 0x00, 0x00, 0x00, 0x00, 0x00, 
0x00, 0x00, 0x00, 0x00, 0x00, 0x00, 0x00, 0x00, 0x00, 0x00, 0x00, 0x00, 0x00, 0x00, 0x00, 0x00, 
0x00, 0x00, 0x00, 0x00, 0x00, 0x00, 0x00, 0x00, 0x00, 0x00, 0x00, 0x00, 0x00, 0x00, 0x00, 0x00, 
0x00, 0x00, 0x00, 0x00, 0x00, 0x00, 0x00, 0x00, 0x00, 0x00, 0x00, 0x00, 0x00, 0x00, 0x00, 0x00
}
},
{
{
0x00, 0x00, 0x00, 0x00, 0x00, 0x00, 0x00, 0x00, 0x00, 0x00, 0x00, 0x00, 0x00, 0x00, 0x00, 0x00, 
0x00, 0x00, 0x00, 0x00, 0x00, 0x00, 0x00, 0x00, 0x00, 0x00, 0x00, 0x00, 0x00, 0x00, 0x00, 0x00, 
0x00, 0x00, 0x00, 0x00, 0x00, 0x00, 0x00, 0x00, 0x00, 0x00, 0x00, 0x00, 0x00, 0x00, 0x00, 0x00, 
0x00, 0x00, 0x00, 0x00, 0x00, 0x00, 0x00, 0x00, 0x00, 0x00, 0x00, 0x00, 0x00, 0x00, 0x00, 0x00, 
0x00, 0x00, 0x00, 0x00, 0x00, 0x00, 0x00, 0x00, 0x00, 0x00, 0x00, 0x00, 0x00, 0x00, 0x00, 0x00, 
0x00, 0x00, 0x00, 0x00, 0x00, 0x00, 0x00, 0x00, 0x00, 0x00, 0x00, 0x00, 0x00, 0x00, 0x00, 0x00, 
0x00, 0x00, 0x00, 0x00, 0x00, 0x00, 0x00, 0x00, 0x00, 0x00, 0x00, 0x00, 0x00, 0x00, 0x00, 0x00, 
0x00, 0x00, 0x00, 0x00, 0x00, 0x00, 0x00, 0x00, 0x00, 0x00, 0x00, 0x00, 0x00, 0x00, 0x00, 0x00, 
0x00, 0x00, 0x00, 0x00, 0x00, 0x00, 0x00, 0x00, 0x00, 0x00, 0x00, 0x00, 0x00, 0x00, 0x00, 0x00, 
0x00, 0x00, 0x00, 0x00, 0x00, 0x00, 0x00, 0x00, 0x00, 0x00, 0x00, 0x00, 0x00, 0x00, 0x00, 0x00, 
0x00, 0x00, 0x00, 0x00, 0x00, 0x00, 0x00, 0x00, 0x00, 0x00, 0x00, 0x00, 0x00, 0x00, 0x00, 0x00, 
0x00, 0x00, 0x00, 0x00, 0x00, 0x00, 0x00, 0x00, 0x00, 0x00, 0x00, 0x00, 0x00, 0x00, 0x00, 0x00, 
0x00, 0x00, 0x00, 0x00, 0x00, 0x00, 0x00, 0x00, 0x00, 0x00, 0x00, 0x00, 0x00, 0x00, 0x00, 0x00, 
0x00, 0x00, 0x00, 0x00, 0x00, 0x00, 0x00, 0x00, 0x00, 0x00, 0x00, 0x00, 0x00, 0x00, 0x00, 0x00, 
0x00, 0x00, 0x00, 0x00, 0x00, 0x00, 0x00, 0x00, 0x00, 0x00, 0x00, 0x00, 0x00, 0x00, 0x00, 0x00, 
0x00, 0x00, 0x00, 0x00, 0x00, 0x00, 0x00, 0x00, 0x00, 0x00, 0x00, 0x00, 0x00, 0x00, 0x00, 0x00, 
0x00, 0x00, 0x00, 0x00, 0x00, 0x00, 0x00, 0x00, 0x00, 0x00, 0x00, 0x00, 0x00, 0x00, 0x00, 0x00, 
0x00, 0x00, 0x00, 0x00, 0x00, 0x00, 0x00, 0x00, 0x00, 0x00, 0x7B, 0xCF, 0x7B, 0xCF, 0x7B, 0xCF, 
0x7B, 0xCF, 0x7B, 0xCF, 0x7B, 0xCF, 0x00, 0x00, 0x00, 0x00, 0x7B, 0xCF, 0x7B, 0xCF, 0x00, 0x00, 
0x00, 0x00, 0x00, 0x00, 0x00, 0x00, 0x00, 0x00, 0x00, 0x00, 0x00, 0x00, 0x00, 0x00, 0x00, 0x00, 
0x00, 0x00, 0x00, 0x00, 0x00, 0x00, 0x00, 0x00, 0x00, 0x00, 0x00, 0x00, 0x00, 0x00, 0x01, 0x6F, 
0x01, 0x6F, 0x01, 0x6F, 0x01, 0x6F, 0x01, 0x6F, 0x7B, 0xCF, 0x94, 0x92, 0x94, 0x92, 0xAD, 0x55, 
0xAD, 0x55, 0xAD, 0x55, 0xAD, 0x55, 0x7B, 0xCF, 0x7B, 0xCF, 0x75, 0x3F, 0x03, 0x1F, 0x7B, 0xCF, 
0x00, 0x00, 0x00, 0x00, 0x00, 0x00, 0x00, 0x00, 0x00, 0x00, 0x00, 0x00, 0x00, 0x00, 0x00, 0x00, 
0x00, 0x00, 0x00, 0x00, 0x00, 0x00, 0x00, 0x00, 0x00, 0x00, 0x00, 0x00, 0x01, 0x6F, 0x3C, 0x5F, 
0x3C, 0x5F, 0x03, 0x1F, 0x03, 0x1F, 0x01, 0x6F, 0x94, 0x92, 0x94, 0x92, 0xC6, 0x18, 0xC6, 0x18, 
0xC6, 0x18, 0xC6, 0x18, 0xC6, 0x18, 0xC6, 0x18, 0x7B, 0xCF, 0x03, 0x1F, 0x03, 0x1F, 0xD6, 0xBA, 
0x7B, 0xCF, 0x00, 0x00, 0x00, 0x00, 0x00, 0x00, 0x00, 0x00, 0x00, 0x00, 0x00, 0x00, 0x00, 0x00, 
0x00, 0x00, 0x00, 0x00, 0x00, 0x00, 0x00, 0x00, 0x00, 0x00, 0x01, 0x6F, 0x3C, 0x5F, 0x3C, 0x5F, 
0x3C, 0x5F, 0x03, 0x1F, 0x03, 0x1F, 0x01, 0x6F, 0x01, 0x6F, 0xC6, 0x18, 0xD6, 0xBA, 0xD6, 0xBA, 
0xD6, 0xBA, 0xD6, 0xBA, 0xD6, 0xBA, 0xC6, 0x18, 0xC6, 0x18, 0x7B, 0xCF, 0xD6, 0xBA, 0xEF, 0x5D, 
0xEF, 0x5D, 0x7B, 0xCF, 0xAD, 0x55, 0x7B, 0xCF, 0x00, 0x00, 0x00, 0x00, 0x00, 0x00, 0x00, 0x00, 
0x00, 0x00, 0x00, 0x00, 0x00, 0x00, 0x00, 0x00, 0x01, 0x6F, 0x02, 0x15, 0x03, 0x1F, 0x3C, 0x5F, 
0x3C, 0x5F, 0x03, 0x1F, 0x03, 0x1F, 0x02, 0xBA, 0x01, 0x6F, 0xD6, 0xBA, 0xEF, 0x5D, 0xEF, 0x5D, 
0xEF, 0x5D, 0xEF, 0x5D, 0x75, 0x3F, 0x03, 0x1F, 0xC6, 0x18, 0x7B, 0xCF, 0xEF, 0x5D, 0xEF, 0x5D, 
0xEF, 0x5D, 0xAD, 0x55, 0xC6, 0x18, 0xC6, 0x18, 0x7B, 0xCF, 0x00, 0x00, 0x00, 0x00, 0x00, 0x00, 
0x00, 0x00, 0x00, 0x00, 0x00, 0x00, 0x01, 0x6F, 0x3C, 0x5F, 0x02, 0x15, 0x02, 0x15, 0x03, 0x1F, 
0x03, 0x1F, 0x03, 0x1F, 0x03, 0x1F, 0x02, 0xBA, 0x01, 0x6F, 0xD6, 0xBA, 0xEF, 0x5D, 0xEF, 0x5D, 
0xEF, 0x5D, 0xEF, 0x5D, 0x03, 0x1F, 0x03, 0x1F, 0xC6, 0x18, 0x7B, 0xCF, 0xEF, 0x5D, 0xEF, 0x5D, 
0xAD, 0x55, 0xD6, 0xBA, 0xD6, 0xBA, 0xC6, 0x18, 0x8B, 0x69, 0x8B, 0x69, 0x00, 0x00, 0x00, 0x00, 
0x00, 0x00, 0x00, 0x00, 0x01, 0x6F, 0x3C, 0x5F, 0x3C, 0x5F, 0x3C, 0x5F, 0x02, 0x15, 0x02, 0x15, 
0x03, 0x1F, 0x03, 0x1F, 0x02, 0xBA, 0x02, 0xBA, 0x01, 0x6F, 0xD6, 0xBA, 0x1C, 0x7E, 0x1C, 0x7E, 
0x1C, 0x7E, 0xEF, 0x5D, 0xEF, 0x5D, 0xD6, 0xBA, 0xD6, 0xBA, 0xC6, 0x18, 0x7B, 0xCF, 0xAD, 0x55, 
0xEF, 0x5D, 0xEF, 0x5D, 0xEF, 0x5D, 0xD6, 0xBA, 0x8B, 0x69, 0x8B, 0x69, 0x00, 0x00, 0x00, 0x00, 
0x00, 0x00, 0x00, 0x00, 0x01, 0x6F, 0x3C, 0x5F, 0x3C, 0x5F, 0x3C, 0x5F, 0x03, 0x1F, 0x02, 0x15, 
0x02, 0x15, 0x03, 0x1F, 0x02, 0xBA, 0x02, 0xBA, 0x01, 0x6F, 0xD6, 0xBA, 0x1C, 0x7E, 0x5E, 0x7E, 
0x5E, 0x7E, 0xEF, 0x5D, 0xEF, 0x5D, 0xD6, 0xBA, 0xD6, 0xBA, 0xC6, 0x18, 0x7B, 0xCF, 0xEF, 0x5D, 
0xEF, 0x5D, 0xEF, 0x5D, 0xEF, 0x5D, 0xD6, 0xBA, 0x8B, 0x69, 0x6A, 0x65, 0x00, 0x00, 0x00, 0x00, 
0x00, 0x00, 0x00, 0x00, 0x01, 0x6F, 0x3C, 0x5F, 0x3C, 0x5F, 0x3C, 0x5F, 0x03, 0x1F, 0x03, 0x1F, 
0x02, 0x15, 0x02, 0x15, 0x02, 0xBA, 0x02, 0xBA, 0x01, 0x6F, 0xD6, 0xBA, 0xEF, 0x5D, 0xEF, 0x5D, 
0xEF, 0x5D, 0xEF, 0x5D, 0xEF, 0x5D, 0xD6, 0xBA, 0xD6, 0xBA, 0xC6, 0x18, 0x7B, 0xCF, 0xEF, 0x5D, 
0xAE, 0x3F, 0xAE, 0x3F, 0x75, 0x3F, 0x02, 0xBA, 0x6A, 0x65, 0x6A, 0x65, 0x00, 0x00, 0x00, 0x00, 
0x00, 0x00, 0x00, 0x00, 0x01, 0x6F, 0x3C, 0x5F, 0x3C, 0x5F, 0x3C, 0x5F, 0x03, 0x1F, 0x03, 0x1F, 
0x03, 0x1F, 0x02, 0x15, 0x02, 0xBA, 0x02, 0xBA, 0x01, 0x6F, 0xD6, 0xBA, 0xEF, 0x5D, 0xEF, 0x5D, 
0xEF, 0x5D, 0xEF, 0x5D, 0xEF, 0x5D, 0x03, 0x1F, 0xD6, 0xBA, 0xC6, 0x18, 0x7B, 0xCF, 0xAE, 0x3F, 
0xAE, 0x3F, 0x75, 0x3F, 0x3C, 0x5F, 0x02, 0xBA, 0x6A, 0x65, 0x6A, 0x65, 0x00, 0x00, 0x00, 0x00, 
0x00, 0x00, 0x00, 0x00, 0x01, 0x6F, 0x3C, 0x5F, 0x3C, 0x5F, 0x3C, 0x5F, 0x03, 0x1F, 0x03, 0x1F, 
0x03, 0x1F, 0x02, 0xBA, 0x02, 0x15, 0x02, 0xBA, 0x01, 0x6F, 0xD6, 0xBA, 0xEF, 0x5D, 0xEF, 0x5D, 
0xEF, 0x5D, 0xEF, 0x5D, 0xD6, 0xBA, 0x03, 0x1F, 0xD6, 0xBA, 0xC6, 0x18, 0xAD, 0x55, 0xAE, 0x3F, 
0x75, 0x3F, 0x75, 0x3F, 0x3C, 0x5F, 0x02, 0xBA, 0x6A, 0x65, 0x6A, 0x65, 0x00, 0x00, 0x00, 0x00, 
0x00, 0x00, 0x00, 0x00, 0x01, 0x6F, 0x3C, 0x5F, 0x3C, 0x5F, 0x3C, 0x5F, 0x03, 0x1F, 0x03, 0x1F, 
0x03, 0x1F, 0x02, 0xBA, 0x02, 0x15, 0x02, 0xBA, 0x01, 0x6F, 0xD6, 0xBA, 0xD6, 0xBA, 0xEF, 0x5D, 
0xEF, 0x5D, 0xD6, 0xBA, 0xD6, 0xBA, 0x03, 0x1F, 0xD6, 0xBA, 0xC6, 0x18, 0xAD, 0x55, 0x75, 0x3F, 
0x75, 0x3F, 0x75, 0x3F, 0x3C, 0x5F, 0x02, 0xBA, 0xAD, 0x55, 0x00, 0x00, 0x00, 0x00, 0x00, 0x00, 
0x00, 0x00, 0x00, 0x00, 0x01, 0x6F, 0x03, 0x1F, 0x3C, 0x5F, 0x3C, 0x5F, 0x03, 0x1F, 0x03, 0x1F, 
0x03, 0x1F, 0x02, 0xBA, 0x02, 0x15, 0x02, 0xBA, 0x01, 0x6F, 0xD6, 0xBA, 0xD6, 0xBA, 0xD6, 0xBA, 
0xD6, 0xBA, 0xD6, 0xBA, 0xD6, 0xBA, 0x03, 0x1F, 0xD6, 0xBA, 0xC6, 0x18, 0xAD, 0x55, 0x3C, 0x5F, 
0x3C, 0x5F, 0x3C, 0x5F, 0x3C, 0x5F, 0x02, 0xBA, 0xAD, 0x55, 0x00, 0x00, 0x00, 0x00, 0x00, 0x00, 
0x00, 0x00, 0x00, 0x00, 0x01, 0x6F, 0x03, 0x1F, 0x03, 0x1F, 0x03, 0x1F, 0x03, 0x1F, 0x03, 0x1F, 
0x03, 0x1F, 0x02, 0xBA, 0x02, 0x15, 0x02, 0xBA, 0x01, 0x6F, 0xC6, 0x18, 0xD6, 0xBA, 0xD6, 0xBA, 
0xD6, 0xBA, 0xD6, 0xBA, 0xD6, 0xBA, 0x03, 0x1F, 0xD6, 0xBA, 0xAD, 0x55, 0xAD, 0x55, 0x3C, 0x5F, 
0x3C, 0x5F, 0x3C, 0x5F, 0x3C, 0x5F, 0x02, 0xBA, 0x8B, 0x69, 0x8B, 0x69, 0x00, 0x00, 0x00, 0x00, 
0x00, 0x00, 0x00, 0x00, 0x01, 0x6F, 0x02, 0x15, 0x03, 0x1F, 0x03, 0x1F, 0x03, 0x1F, 0x03, 0x1F, 
0x03, 0x1F, 0x02, 0xBA, 0x02, 0x15, 0x02, 0x15, 0x01, 0x6F, 0xC6, 0x18, 0xD6, 0xBA, 0xD6, 0xBA, 
0xD6, 0xBA, 0xD6, 0xBA, 0xD6, 0xBA, 0x03, 0x1F, 0xC6, 0x18, 0xAD, 0x55, 0xAD, 0x55, 0xC6, 0x18, 
0x02, 0xBA, 0x02, 0xBA, 0x02, 0xBA, 0x02, 0xBA, 0x8B, 0x69, 0x8B, 0x69, 0x00, 0x00, 0x00, 0x00, 
0x00, 0x00, 0x00, 0x00, 0x01, 0x6F, 0x02, 0x15, 0x02, 0x15, 0x03, 0x1F, 0x03, 0x1F, 0x03, 0x1F, 
0x03, 0x1F, 0x02, 0xBA, 0x02, 0xBA, 0x02, 0x15, 0x01, 0x6F, 0xC6, 0x18, 0xC6, 0x18, 0xC6, 0x18, 
0xC6, 0x18, 0xC6, 0x18, 0xC6, 0x18, 0xC6, 0x18, 0xC6, 0x18, 0xAD, 0x55, 0x7B, 0xCF, 0xAD, 0x55, 
0x02, 0xBA, 0x02, 0xBA, 0x02, 0xBA, 0x02, 0xBA, 0x8B, 0x69, 0x6A, 0x65, 0x00, 0x00, 0x00, 0x00, 
0x00, 0x00, 0x01, 0x6F, 0x3C, 0x5F, 0x3C, 0x5F, 0x02, 0x15, 0x02, 0x15, 0x03, 0x1F, 0x03, 0x1F, 
0x02, 0xBA, 0x02, 0xBA, 0x02, 0xBA, 0x02, 0x15, 0x01, 0x6F, 0xC6, 0x18, 0x1C, 0x7E, 0x5E, 0x7E, 
0x5E, 0x7E, 0xC6, 0x18, 0xC6, 0x18, 0xC6, 0x18, 0xC6, 0x18, 0xAD, 0x55, 0x7B, 0xCF, 0xAD, 0x55, 
0xC6, 0x18, 0xC6, 0x18, 0xC6, 0x18, 0xC6, 0x18, 0x6A, 0x65, 0x6A, 0x65, 0x00, 0x00, 0x00, 0x00, 
0x00, 0x00, 0x01, 0x6F, 0x3C, 0x5F, 0x3C, 0x5F, 0x03, 0x1F, 0x02, 0x15, 0x02, 0xBA, 0x02, 0xBA, 
0x02, 0xBA, 0x02, 0xBA, 0x02, 0xBA, 0x02, 0x15, 0x01, 0x6F, 0xC6, 0x18, 0x1C, 0x7E, 0x1C, 0x7E, 
0x1C, 0x7E, 0xC6, 0x18, 0xC6, 0x18, 0xC6, 0x18, 0xC6, 0x18, 0xAD, 0x55, 0x7B, 0xCF, 0x7B, 0xCF, 
0xAD, 0x55, 0xAD, 0x55, 0xAD, 0x55, 0xAD, 0x55, 0x6A, 0x65, 0x6A, 0x65, 0x00, 0x00, 0x00, 0x00, 
0x00, 0x00, 0x01, 0x6F, 0x03, 0x1F, 0x03, 0x1F, 0x03, 0x1F, 0x02, 0x15, 0x02, 0x15, 0x02, 0xBA, 
0x02, 0xBA, 0x02, 0xBA, 0x02, 0xBA, 0x02, 0x15, 0x01, 0x6F, 0xAD, 0x55, 0xC6, 0x18, 0xC6, 0x18, 
0xC6, 0x18, 0xC6, 0x18, 0x75, 0x3F, 0x03, 0x1F, 0xAD, 0x55, 0x7B, 0xCF, 0xAD, 0x55, 0xAD, 0x55, 
0x7B, 0xCF, 0xAD, 0x55, 0xAD, 0x55, 0x7B, 0xCF, 0x6A, 0x65, 0x6A, 0x65, 0x00, 0x00, 0x00, 0x00, 
0x00, 0x00, 0x01, 0x6F, 0x03, 0x1F, 0x03, 0x1F, 0x03, 0x1F, 0x03, 0x1F, 0x02, 0x15, 0x02, 0xBA, 
0x02, 0xBA, 0x02, 0xBA, 0x02, 0xBA, 0x02, 0x15, 0x01, 0x6F, 0xAD, 0x55, 0xAD, 0x55, 0xAD, 0x55, 
0xAD, 0x55, 0xAD, 0x55, 0x03, 0x1F, 0x03, 0x1F, 0xAD, 0x55, 0x7B, 0xCF, 0xAD, 0x55, 0xAD, 0x55, 
0xAD, 0x55, 0x7B, 0xCF, 0xAD, 0x55, 0xAD, 0x55, 0xAD, 0x55, 0x00, 0x00, 0x00, 0x00, 0x00, 0x00, 
0x01, 0x6F, 0x03, 0x1F, 0x03, 0x1F, 0x03, 0x1F, 0x03, 0x1F, 0x02, 0xBA, 0x02, 0x15, 0x02, 0x15, 
0x02, 0xBA, 0x02, 0xBA, 0x02, 0xBA, 0x02, 0x15, 0x01, 0x6F, 0x94, 0x92, 0xAD, 0x55, 0xAD, 0x55, 
0xAD, 0x55, 0xAD, 0x55, 0xAD, 0x55, 0xAD, 0x55, 0x94, 0x92, 0x7B, 0xCF, 0xAD, 0x55, 0xAD, 0x55, 
0x7B, 0xCF, 0x7B, 0xCF, 0x94, 0x92, 0x7B, 0xCF, 0xC6, 0x18, 0x7B, 0xCF, 0x00, 0x00, 0x00, 0x00, 
0x01, 0x6F, 0x03, 0x1F, 0x03, 0x1F, 0x02, 0xBA, 0x02, 0xBA, 0x02, 0xBA, 0x02, 0xBA, 0x02, 0x15, 
0x02, 0xBA, 0x02, 0xBA, 0x02, 0x15, 0x02, 0x15, 0x01, 0x6F, 0x94, 0x92, 0x94, 0x92, 0x94, 0x92, 
0x94, 0x92, 0x94, 0x92, 0x94, 0x92, 0x94, 0x92, 0x7B, 0xCF, 0xAD, 0x55, 0xAD, 0x55, 0x94, 0x92, 
0x7B, 0xCF, 0x00, 0x00, 0x7B, 0xCF, 0xD6, 0xBA, 0xC6, 0x18, 0x7B, 0xCF, 0x00, 0x00, 0x00, 0x00, 
0x00, 0x00, 0x01, 0x6F, 0x02, 0xBA, 0x02, 0xBA, 0x02, 0xBA, 0x02, 0xBA, 0x02, 0xBA, 0x02, 0x15, 
0x02, 0x15, 0x02, 0x15, 0x02, 0x15, 0x02, 0x15, 0x02, 0x15, 0x01, 0x6F, 0x94, 0x92, 0x94, 0x92, 
0x94, 0x92, 0x94, 0x92, 0x94, 0x92, 0x7B, 0xCF, 0x75, 0x3F, 0x03, 0x1F, 0x7B, 0xCF, 0x7B, 0xCF, 
0x00, 0x00, 0x00, 0x00, 0x7B, 0xCF, 0xC6, 0x18, 0xC6, 0x18, 0x7B, 0xCF, 0x00, 0x00, 0x00, 0x00, 
0x00, 0x00, 0x00, 0x00, 0x01, 0x6F, 0x01, 0x6F, 0x01, 0x6F, 0x01, 0x6F, 0x01, 0x6F, 0x01, 0x6F, 
0x02, 0x15, 0x02, 0x15, 0x02, 0x15, 0x02, 0x15, 0x02, 0x15, 0x01, 0x6F, 0x7B, 0xCF, 0x7B, 0xCF, 
0x7B, 0xCF, 0x7B, 0xCF, 0x7B, 0xCF, 0x7B, 0xCF, 0x03, 0x1F, 0x03, 0x1F, 0x7B, 0xCF, 0x00, 0x00, 
0x00, 0x00, 0x00, 0x00, 0x7B, 0xCF, 0xAD, 0x55, 0xAD, 0x55, 0x7B, 0xCF, 0x00, 0x00, 0x00, 0x00, 
0x00, 0x00, 0x00, 0x00, 0x00, 0x00, 0x00, 0x00, 0x00, 0x00, 0x00, 0x00, 0x00, 0x00, 0x00, 0x00, 
0x01, 0x6F, 0x02, 0x15, 0x02, 0x15, 0x02, 0x15, 0x02, 0x15, 0x01, 0x6F, 0x00, 0x00, 0x00, 0x00, 
0x00, 0x00, 0x00, 0x00, 0x00, 0x00, 0x00, 0x00, 0x7B, 0xCF, 0x7B, 0xCF, 0x00, 0x00, 0x00, 0x00, 
0x00, 0x00, 0x00, 0x00, 0x7B, 0xCF, 0xAD, 0x55, 0x94, 0x92, 0x7B, 0xCF, 0x00, 0x00, 0x00, 0x00, 
0x00, 0x00, 0x00, 0x00, 0x00, 0x00, 0x00, 0x00, 0x00, 0x00, 0x00, 0x00, 0x00, 0x00, 0x00, 0x00, 
0x00, 0x00, 0x01, 0x6F, 0x01, 0x6F, 0x01, 0x6F, 0x01, 0x6F, 0x00, 0x00, 0x00, 0x00, 0x00, 0x00, 
0x00, 0x00, 0x00, 0x00, 0x00, 0x00, 0x00, 0x00, 0x00, 0x00, 0x00, 0x00, 0x00, 0x00, 0x00, 0x00, 
0x00, 0x00, 0x00, 0x00, 0x00, 0x00, 0x7B, 0xCF, 0x94, 0x92, 0x7B, 0xCF, 0x00, 0x00, 0x00, 0x00, 
0x00, 0x00, 0x00, 0x00, 0x00, 0x00, 0x00, 0x00, 0x00, 0x00, 0x00, 0x00, 0x00, 0x00, 0x00, 0x00, 
0x00, 0x00, 0x00, 0x00, 0x00, 0x00, 0x00, 0x00, 0x00, 0x00, 0x00, 0x00, 0x00, 0x00, 0x00, 0x00, 
0x00, 0x00, 0x00, 0x00, 0x00, 0x00, 0x00, 0x00, 0x00, 0x00, 0x00, 0x00, 0x00, 0x00, 0x00, 0x00, 
0x00, 0x00, 0x00, 0x00, 0x00, 0x00, 0x00, 0x00, 0x7B, 0xCF, 0x00, 0x00, 0x00, 0x00, 0x00, 0x00, 
0x00, 0x00, 0x00, 0x00, 0x00, 0x00, 0x00, 0x00, 0x00, 0x00, 0x00, 0x00, 0x00, 0x00, 0x00, 0x00, 
0x00, 0x00, 0x00, 0x00, 0x00, 0x00, 0x00, 0x00, 0x00, 0x00, 0x00, 0x00, 0x00, 0x00, 0x00, 0x00, 
0x00, 0x00, 0x00, 0x00, 0x00, 0x00, 0x00, 0x00, 0x00, 0x00, 0x00, 0x00, 0x00, 0x00, 0x00, 0x00, 
0x00, 0x00, 0x00, 0x00, 0x00, 0x00, 0x00, 0x00, 0x00, 0x00, 0x00, 0x00, 0x00, 0x00, 0x00, 0x00
}
,
{
0x00, 0x00, 0x00, 0x00, 0x00, 0x00, 0x00, 0x00, 0x00, 0x00, 0x00, 0x00, 0x00, 0x00, 0x00, 0x00, 
0x00, 0x00, 0x00, 0x00, 0x00, 0x00, 0x00, 0x00, 0x00, 0x00, 0x00, 0x00, 0x00, 0x00, 0x00, 0x00, 
0x00, 0x00, 0x00, 0x00, 0x00, 0x00, 0x00, 0x00, 0x00, 0x00, 0x00, 0x00, 0x00, 0x00, 0x00, 0x00, 
0x00, 0x00, 0x00, 0x00, 0x00, 0x00, 0x00, 0x00, 0x00, 0x00, 0x00, 0x00, 0x00, 0x00, 0x00, 0x00, 
0x00, 0x00, 0x00, 0x00, 0x00, 0x00, 0x00, 0x00, 0x00, 0x00, 0x00, 0x00, 0x00, 0x00, 0x00, 0x00, 
0x00, 0x00, 0x00, 0x00, 0x00, 0x00, 0x00, 0x00, 0x00, 0x00, 0x00, 0x00, 0x00, 0x00, 0x00, 0x00, 
0x00, 0x00, 0x00, 0x00, 0x00, 0x00, 0x00, 0x00, 0x00, 0x00, 0x00, 0x00, 0x00, 0x00, 0x00, 0x00, 
0x00, 0x00, 0x00, 0x00, 0x00, 0x00, 0x00, 0x00, 0x00, 0x00, 0x00, 0x00, 0x00, 0x00, 0x00, 0x00, 
0x00, 0x00, 0x00, 0x00, 0x00, 0x00, 0x00, 0x00, 0x00, 0x00, 0x00, 0x00, 0x00, 0x00, 0x00, 0x00, 
0x00, 0x00, 0x00, 0x00, 0x00, 0x00, 0x00, 0x00, 0x00, 0x00, 0x00, 0x00, 0x00, 0x00, 0x00, 0x00, 
0x00, 0x00, 0x00, 0x00, 0x00, 0x00, 0x00, 0x00, 0x00, 0x00, 0x00, 0x00, 0x00, 0x00, 0x00, 0x00, 
0x00, 0x00, 0x00, 0x00, 0x00, 0x00, 0x00, 0x00, 0x00, 0x00, 0x00, 0x00, 0x00, 0x00, 0x00, 0x00, 
0x00, 0x00, 0x00, 0x00, 0x00, 0x00, 0x00, 0x00, 0x00, 0x00, 0x00, 0x00, 0x00, 0x00, 0x00, 0x00, 
0x00, 0x00, 0x00, 0x00, 0x00, 0x00, 0x00, 0x00, 0x00, 0x00, 0x00, 0x00, 0x00, 0x00, 0x00, 0x00, 
0x00, 0x00, 0x00, 0x00, 0x00, 0x00, 0x00, 0x00, 0x00, 0x00, 0x00, 0x00, 0x00, 0x00, 0x00, 0x00, 
0x00, 0x00, 0x00, 0x00, 0x00, 0x00, 0x00, 0x00, 0x00, 0x00, 0x00, 0x00, 0x00, 0x00, 0x00, 0x00, 
0x00, 0x00, 0x00, 0x00, 0x00, 0x00, 0x00, 0x00, 0x00, 0x00, 0x00, 0x00, 0x00, 0x00, 0x00, 0x00, 
0x00, 0x00, 0x00, 0x00, 0x00, 0x00, 0x00, 0x00, 0x00, 0x00, 0x00, 0x00, 0x7B, 0xCF, 0x7B, 0xCF, 
0x7B, 0xCF, 0x7B, 0xCF, 0x7B, 0xCF, 0x7B, 0xCF, 0x00, 0x00, 0x00, 0x00, 0x00, 0x00, 0x7B, 0xCF, 
0x7B, 0xCF, 0x00, 0x00, 0x00, 0x00, 0x00, 0x00, 0x00, 0x00, 0x00, 0x00, 0x00, 0x00, 0x00, 0x00, 
0x00, 0x00, 0x00, 0x00, 0x00, 0x00, 0x00, 0x00, 0x00, 0x00, 0x00, 0x00, 0x00, 0x00, 0x00, 0x00, 
0x01, 0x6F, 0x01, 0x6F, 0x01, 0x6F, 0x01, 0x6F, 0x01, 0x6F, 0x7B, 0xCF, 0x94, 0x92, 0x94, 0x92, 
0xAD, 0x55, 0xAD, 0x55, 0xAD, 0x55, 0xAD, 0x55, 0x7B, 0xCF, 0x00, 0x00, 0x7B, 0xCF, 0xC6, 0x18, 
0xC6, 0x18, 0x7B, 0xCF, 0x00, 0x00, 0x00, 0x00, 0x00, 0x00, 0x00, 0x00, 0x00, 0x00, 0x00, 0x00, 
0x00, 0x00, 0x00, 0x00, 0x00, 0x00, 0x00, 0x00, 0x00, 0x00, 0x00, 0x00, 0x00, 0x00, 0x01, 0x6F, 
0x3C, 0x5F, 0x3C, 0x5F, 0x03, 0x1F, 0x03, 0x1F, 0x01, 0x6F, 0x94, 0x92, 0x94, 0x92, 0xC6, 0x18, 
0xC6, 0x18, 0xC6, 0x18, 0xC6, 0x18, 0xC6, 0x18, 0xC6, 0x18, 0x7B, 0xCF, 0xC6, 0x18, 0xD6, 0xBA, 
0x75, 0x3F, 0x03, 0x1F, 0x7B, 0xCF, 0x00, 0x00, 0x00, 0x00, 0x00, 0x00, 0x00, 0x00, 0x00, 0x00, 
0x00, 0x00, 0x00, 0x00, 0x00, 0x00, 0x00, 0x00, 0x00, 0x00, 0x00, 0x00, 0x01, 0x6F, 0x3C, 0x5F, 
0x3C, 0x5F, 0x3C, 0x5F, 0x03, 0x1F, 0x03, 0x1F, 0x01, 0x6F, 0x01, 0x6F, 0xC6, 0x18, 0xD6, 0xBA, 
0xD6, 0xBA, 0xD6, 0xBA, 0xD6, 0xBA, 0xD6, 0xBA, 0xC6, 0x18, 0x7B, 0xCF, 0xD6, 0xBA, 0xEF, 0x5D, 
0x03, 0x1F, 0x03, 0x1F, 0xAD, 0x55, 0x7B, 0xCF, 0x00, 0x00, 0x00, 0x00, 0x00, 0x00, 0x00, 0x00, 
0x00, 0x00, 0x00, 0x00, 0x00, 0x00, 0x00, 0x00, 0x00, 0x00, 0x01, 0x6F, 0x02, 0x15, 0x03, 0x1F, 
0x3C, 0x5F, 0x3C, 0x5F, 0x03, 0x1F, 0x03, 0x1F, 0x02, 0xBA, 0x01, 0x6F, 0xD6, 0xBA, 0xEF, 0x5D, 
0xEF, 0x5D, 0xEF, 0x5D, 0xEF, 0x5D, 0x75, 0x3F, 0x03, 0x1F, 0x7B, 0xCF, 0xEF, 0x5D, 0xEF, 0x5D, 
0xEF, 0x5D, 0xAD, 0x55, 0xC6, 0x18, 0xC6, 0x18, 0x7B, 0xCF, 0x00, 0x00, 0x00, 0x00, 0x00, 0x00, 
0x00, 0x00, 0x00, 0x00, 0x00, 0x00, 0x00, 0x00, 0x01, 0x6F, 0x3C, 0x5F, 0x02, 0x15, 0x02, 0x15, 
0x03, 0x1F, 0x03, 0x1F, 0x03, 0x1F, 0x03, 0x1F, 0x02, 0xBA, 0x01, 0x6F, 0xD6, 0xBA, 0xEF, 0x5D, 
0xEF, 0x5D, 0xEF, 0x5D, 0xEF, 0x5D, 0x03, 0x1F, 0x03, 0x1F, 0x7B, 0xCF, 0xEF, 0x5D, 0xEF, 0x5D, 
0xAD, 0x55, 0xD6, 0xBA, 0xD6, 0xBA, 0xC6, 0x18, 0x8B, 0x69, 0x8B, 0x69, 0x00, 0x00, 0x00, 0x00, 
0x00, 0x00, 0x00, 0x00, 0x00, 0x00, 0x01, 0x6F, 0x3C, 0x5F, 0x3C, 0x5F, 0x3C, 0x5F, 0x02, 0x15, 
0x02, 0x15, 0x03, 0x1F, 0x03, 0x1F, 0x02, 0xBA, 0x02, 0xBA, 0x01, 0x6F, 0xD6, 0xBA, 0x1C, 0x7E, 
0x1C, 0x7E, 0x1C, 0x7E, 0xEF, 0x5D, 0xEF, 0x5D, 0xD6, 0xBA, 0xC6, 0x18, 0x7B, 0xCF, 0xAD, 0x55, 
0xEF, 0x5D, 0xEF, 0x5D, 0xEF, 0x5D, 0xD6, 0xBA, 0x8B, 0x69, 0x8B, 0x69, 0x00, 0x00, 0x00, 0x00, 
0x00, 0x00, 0x00, 0x00, 0x00, 0x00, 0x01, 0x6F, 0x3C, 0x5F, 0x3C, 0x5F, 0x3C, 0x5F, 0x03, 0x1F, 
0x02, 0x15, 0x02, 0x15, 0x03, 0x1F, 0x02, 0xBA, 0x02, 0xBA, 0x01, 0x6F, 0xD6, 0xBA, 0x1C, 0x7E, 
0x5E, 0x7E, 0x5E, 0x7E, 0xEF, 0x5D, 0xEF, 0x5D, 0xD6, 0xBA, 0xC6, 0x18, 0x7B, 0xCF, 0xEF, 0x5D, 
0xEF, 0x5D, 0xEF, 0x5D, 0xEF, 0x5D, 0xD6, 0xBA, 0x8B, 0x69, 0x6A, 0x65, 0x00, 0x00, 0x00, 0x00, 
0x00, 0x00, 0x00, 0x00, 0x00, 0x00, 0x01, 0x6F, 0x3C, 0x5F, 0x3C, 0x5F, 0x3C, 0x5F, 0x03, 0x1F, 
0x03, 0x1F, 0x02, 0x15, 0x02, 0x15, 0x02, 0xBA, 0x02, 0xBA, 0x01, 0x6F, 0xD6, 0xBA, 0xEF, 0x5D, 
0xEF, 0x5D, 0xEF, 0x5D, 0xEF, 0x5D, 0xEF, 0x5D, 0xD6, 0xBA, 0xC6, 0x18, 0x7B, 0xCF, 0xEF, 0x5D, 
0xAE, 0x3F, 0xAE, 0x3F, 0x75, 0x3F, 0x02, 0xBA, 0x6A, 0x65, 0x6A, 0x65, 0x00, 0x00, 0x00, 0x00, 
0x00, 0x00, 0x00, 0x00, 0x00, 0x00, 0x01, 0x6F, 0x3C, 0x5F, 0x3C, 0x5F, 0x3C, 0x5F, 0x03, 0x1F, 
0x03, 0x1F, 0x03, 0x1F, 0x02, 0x15, 0x02, 0xBA, 0x02, 0xBA, 0x01, 0x6F, 0xD6, 0xBA, 0xEF, 0x5D, 
0xEF, 0x5D, 0xEF, 0x5D, 0xEF, 0x5D, 0xEF, 0x5D, 0x03, 0x1F, 0xC6, 0x18, 0x7B, 0xCF, 0xAE, 0x3F, 
0xAE, 0x3F, 0x75, 0x3F, 0x3C, 0x5F, 0x02, 0xBA, 0x6A, 0x65, 0x6A, 0x65, 0x00, 0x00, 0x00, 0x00, 
0x00, 0x00, 0x00, 0x00, 0x00, 0x00, 0x01, 0x6F, 0x3C, 0x5F, 0x3C, 0x5F, 0x3C, 0x5F, 0x03, 0x1F, 
0x03, 0x1F, 0x03, 0x1F, 0x02, 0xBA, 0x02, 0x15, 0x02, 0xBA, 0x01, 0x6F, 0xD6, 0xBA, 0xEF, 0x5D, 
0xEF, 0x5D, 0xEF, 0x5D, 0xEF, 0x5D, 0xD6, 0xBA, 0x03, 0x1F, 0xC6, 0x18, 0xAD, 0x55, 0xAE, 0x3F, 
0x75, 0x3F, 0x75, 0x3F, 0x3C, 0x5F, 0x02, 0xBA, 0x6A, 0x65, 0x6A, 0x65, 0x00, 0x00, 0x00, 0x00, 
0x00, 0x00, 0x00, 0x00, 0x00, 0x00, 0x01, 0x6F, 0x3C, 0x5F, 0x3C, 0x5F, 0x3C, 0x5F, 0x03, 0x1F, 
0x03, 0x1F, 0x03, 0x1F, 0x02, 0xBA, 0x02, 0x15, 0x02, 0xBA, 0x01, 0x6F, 0xD6, 0xBA, 0xD6, 0xBA, 
0xEF, 0x5D, 0xEF, 0x5D, 0xD6, 0xBA, 0xD6, 0xBA, 0x03, 0x1F, 0xC6, 0x18, 0xAD, 0x55, 0x75, 0x3F, 
0x75, 0x3F, 0x75, 0x3F, 0x3C, 0x5F, 0x02, 0xBA, 0xAD, 0x55, 0x00, 0x00, 0x00, 0x00, 0x00, 0x00, 
0x00, 0x00, 0x00, 0x00, 0x00, 0x00, 0x01, 0x6F, 0x03, 0x1F, 0x3C, 0x5F, 0x3C, 0x5F, 0x03, 0x1F, 
0x03, 0x1F, 0x03, 0x1F, 0x02, 0xBA, 0x02, 0x15, 0x02, 0xBA, 0x01, 0x6F, 0xD6, 0xBA, 0xD6, 0xBA, 
0xD6, 0xBA, 0xD6, 0xBA, 0xD6, 0xBA, 0xD6, 0xBA, 0x03, 0x1F, 0xC6, 0x18, 0xAD, 0x55, 0x3C, 0x5F, 
0x3C, 0x5F, 0x3C, 0x5F, 0x3C, 0x5F, 0x02, 0xBA, 0xAD, 0x55, 0x00, 0x00, 0x00, 0x00, 0x00, 0x00, 
0x00, 0x00, 0x00, 0x00, 0x00, 0x00, 0x01, 0x6F, 0x03, 0x1F, 0x03, 0x1F, 0x03, 0x1F, 0x03, 0x1F, 
0x03, 0x1F, 0x03, 0x1F, 0x02, 0xBA, 0x02, 0x15, 0x02, 0xBA, 0x01, 0x6F, 0xC6, 0x18, 0xD6, 0xBA, 
0xD6, 0xBA, 0xD6, 0xBA, 0xD6, 0xBA, 0xD6, 0xBA, 0x03, 0x1F, 0xAD, 0x55, 0xAD, 0x55, 0x3C, 0x5F, 
0x3C, 0x5F, 0x3C, 0x5F, 0x3C, 0x5F, 0x02, 0xBA, 0x8B, 0x69, 0x8B, 0x69, 0x00, 0x00, 0x00, 0x00, 
0x00, 0x00, 0x00, 0x00, 0x00, 0x00, 0x01, 0x6F, 0x02, 0x15, 0x03, 0x1F, 0x03, 0x1F, 0x03, 0x1F, 
0x03, 0x1F, 0x03, 0x1F, 0x02, 0xBA, 0x02, 0x15, 0x02, 0x15, 0x01, 0x6F, 0xC6, 0x18, 0xD6, 0xBA, 
0xD6, 0xBA, 0xD6, 0xBA, 0xD6, 0xBA, 0xD6, 0xBA, 0x03, 0x1F, 0xAD, 0x55, 0xAD, 0x55, 0xC6, 0x18, 
0x02, 0xBA, 0x02, 0xBA, 0x02, 0xBA, 0x02, 0xBA, 0x8B, 0x69, 0x8B, 0x69, 0x00, 0x00, 0x00, 0x00, 
0x00, 0x00, 0x00, 0x00, 0x00, 0x00, 0x01, 0x6F, 0x02, 0x15, 0x02, 0x15, 0x03, 0x1F, 0x03, 0x1F, 
0x03, 0x1F, 0x03, 0x1F, 0x02, 0xBA, 0x02, 0xBA, 0x02, 0x15, 0x01, 0x6F, 0xC6, 0x18, 0xC6, 0x18, 
0xC6, 0x18, 0xC6, 0x18, 0xC6, 0x18, 0xC6, 0x18, 0xC6, 0x18, 0xAD, 0x55, 0x7B, 0xCF, 0xAD, 0x55, 
0x02, 0xBA, 0x02, 0xBA, 0x02, 0xBA, 0x02, 0xBA, 0x8B, 0x69, 0x6A, 0x65, 0x00, 0x00, 0x00, 0x00, 
0x00, 0x00, 0x00, 0x00, 0x01, 0x6F, 0x3C, 0x5F, 0x3C, 0x5F, 0x02, 0x15, 0x02, 0x15, 0x03, 0x1F, 
0x03, 0x1F, 0x02, 0xBA, 0x02, 0xBA, 0x02, 0xBA, 0x02, 0x15, 0x01, 0x6F, 0xC6, 0x18, 0x1C, 0x7E, 
0x5E, 0x7E, 0x5E, 0x7E, 0xC6, 0x18, 0xC6, 0x18, 0xC6, 0x18, 0xAD, 0x55, 0x7B, 0xCF, 0xAD, 0x55, 
0xC6, 0x18, 0xC6, 0x18, 0xC6, 0x18, 0xC6, 0x18, 0x6A, 0x65, 0x6A, 0x65, 0x00, 0x00, 0x00, 0x00, 
0x00, 0x00, 0x00, 0x00, 0x01, 0x6F, 0x3C, 0x5F, 0x3C, 0x5F, 0x03, 0x1F, 0x02, 0x15, 0x02, 0xBA, 
0x02, 0xBA, 0x02, 0xBA, 0x02, 0xBA, 0x02, 0xBA, 0x02, 0x15, 0x01, 0x6F, 0xC6, 0x18, 0x1C, 0x7E, 
0x1C, 0x7E, 0x1C, 0x7E, 0xC6, 0x18, 0xC6, 0x18, 0xC6, 0x18, 0xAD, 0x55, 0x7B, 0xCF, 0x7B, 0xCF, 
0xAD, 0x55, 0xAD, 0x55, 0xAD, 0x55, 0xAD, 0x55, 0x6A, 0x65, 0x6A, 0x65, 0x00, 0x00, 0x00, 0x00, 
0x00, 0x00, 0x00, 0x00, 0x01, 0x6F, 0x03, 0x1F, 0x03, 0x1F, 0x03, 0x1F, 0x02, 0x15, 0x02, 0x15, 
0x02, 0xBA, 0x02, 0xBA, 0x02, 0xBA, 0x02, 0xBA, 0x02, 0x15, 0x01, 0x6F, 0xAD, 0x55, 0xC6, 0x18, 
0xC6, 0x18, 0xC6, 0x18, 0xC6, 0x18, 0x75, 0x3F, 0x03, 0x1F, 0x7B, 0xCF, 0xAD, 0x55, 0xAD, 0x55, 
0x7B, 0xCF, 0xAD, 0x55, 0xAD, 0x55, 0x7B, 0xCF, 0x6A, 0x65, 0x6A, 0x65, 0x00, 0x00, 0x00, 0x00, 
0x00, 0x00, 0x00, 0x00, 0x01, 0x6F, 0x03, 0x1F, 0x03, 0x1F, 0x03, 0x1F, 0x03, 0x1F, 0x02, 0x15, 
0x02, 0xBA, 0x02, 0xBA, 0x02, 0xBA, 0x02, 0xBA, 0x02, 0x15, 0x01, 0x6F, 0xAD, 0x55, 0xAD, 0x55, 
0xAD, 0x55, 0xAD, 0x55, 0xAD, 0x55, 0x03, 0x1F, 0x03, 0x1F, 0x7B, 0xCF, 0x94, 0x92, 0xAD, 0x55, 
0xAD, 0x55, 0x7B, 0xCF, 0xAD, 0x55, 0xAD, 0x55, 0xAD, 0x55, 0x00, 0x00, 0x00, 0x00, 0x00, 0x00, 
0x00, 0x00, 0x01, 0x6F, 0x03, 0x1F, 0x03, 0x1F, 0x03, 0x1F, 0x03, 0x1F, 0x02, 0xBA, 0x02, 0x15, 
0x02, 0x15, 0x02, 0xBA, 0x02, 0xBA, 0x02, 0xBA, 0x02, 0x15, 0x01, 0x6F, 0x94, 0x92, 0xAD, 0x55, 
0xAD, 0x55, 0xAD, 0x55, 0xAD, 0x55, 0xAD, 0x55, 0xAD, 0x55, 0x7B, 0xCF, 0x94, 0x92, 0x94, 0x92, 
0x75, 0x3F, 0x03, 0x1F, 0x94, 0x92, 0x7B, 0xCF, 0xC6, 0x18, 0x7B, 0xCF, 0x00, 0x00, 0x00, 0x00, 
0x00, 0x00, 0x01, 0x6F, 0x03, 0x1F, 0x03, 0x1F, 0x02, 0xBA, 0x02, 0xBA, 0x02, 0xBA, 0x02, 0xBA, 
0x02, 0x15, 0x02, 0xBA, 0x02, 0xBA, 0x02, 0x15, 0x02, 0x15, 0x01, 0x6F, 0x94, 0x92, 0x94, 0x92, 
0x94, 0x92, 0x94, 0x92, 0x94, 0x92, 0x94, 0x92, 0x94, 0x92, 0x7B, 0xCF, 0x94, 0x92, 0x94, 0x92, 
0x03, 0x1F, 0x03, 0x1F, 0x7B, 0xCF, 0xD6, 0xBA, 0xC6, 0x18, 0x7B, 0xCF, 0x00, 0x00, 0x00, 0x00, 
0x00, 0x00, 0x00, 0x00, 0x01, 0x6F, 0x02, 0xBA, 0x02, 0xBA, 0x02, 0xBA, 0x02, 0xBA, 0x02, 0xBA, 
0x02, 0x15, 0x02, 0x15, 0x02, 0x15, 0x02, 0x15, 0x02, 0x15, 0x02, 0x15, 0x01, 0x6F, 0x94, 0x92, 
0x94, 0x92, 0x94, 0x92, 0x94, 0x92, 0x94, 0x92, 0x7B, 0xCF, 0x00, 0x00, 0x7B, 0xCF, 0x94, 0x92, 
0x94, 0x92, 0x7B, 0xCF, 0x7B, 0xCF, 0xC6, 0x18, 0xC6, 0x18, 0x7B, 0xCF, 0x00, 0x00, 0x00, 0x00, 
0x00, 0x00, 0x00, 0x00, 0x00, 0x00, 0x01, 0x6F, 0x01, 0x6F, 0x01, 0x6F, 0x01, 0x6F, 0x01, 0x6F, 
0x01, 0x6F, 0x02, 0x15, 0x02, 0x15, 0x02, 0x15, 0x02, 0x15, 0x02, 0x15, 0x01, 0x6F, 0x7B, 0xCF, 
0x7B, 0xCF, 0x7B, 0xCF, 0x7B, 0xCF, 0x7B, 0xCF, 0x00, 0x00, 0x00, 0x00, 0x00, 0x00, 0x7B, 0xCF, 
0x7B, 0xCF, 0x00, 0x00, 0x7B, 0xCF, 0xAD, 0x55, 0xAD, 0x55, 0x7B, 0xCF, 0x00, 0x00, 0x00, 0x00, 
0x00, 0x00, 0x00, 0x00, 0x00, 0x00, 0x00, 0x00, 0x00, 0x00, 0x00, 0x00, 0x00, 0x00, 0x00, 0x00, 
0x00, 0x00, 0x01, 0x6F, 0x02, 0x15, 0x02, 0x15, 0x02, 0x15, 0x02, 0x15, 0x01, 0x6F, 0x00, 0x00, 
0x00, 0x00, 0x00, 0x00, 0x00, 0x00, 0x00, 0x00, 0x00, 0x00, 0x00, 0x00, 0x00, 0x00, 0x00, 0x00, 
0x00, 0x00, 0x00, 0x00, 0x7B, 0xCF, 0xAD, 0x55, 0x94, 0x92, 0x7B, 0xCF, 0x00, 0x00, 0x00, 0x00, 
0x00, 0x00, 0x00, 0x00, 0x00, 0x00, 0x00, 0x00, 0x00, 0x00, 0x00, 0x00, 0x00, 0x00, 0x00, 0x00, 
0x00, 0x00, 0x00, 0x00, 0x01, 0x6F, 0x01, 0x6F, 0x01, 0x6F, 0x01, 0x6F, 0x00, 0x00, 0x00, 0x00, 
0x00, 0x00, 0x00, 0x00, 0x00, 0x00, 0x00, 0x00, 0x00, 0x00, 0x00, 0x00, 0x00, 0x00, 0x00, 0x00, 
0x00, 0x00, 0x00, 0x00, 0x00, 0x00, 0x7B, 0xCF, 0x94, 0x92, 0x7B, 0xCF, 0x00, 0x00, 0x00, 0x00, 
0x00, 0x00, 0x00, 0x00, 0x00, 0x00, 0x00, 0x00, 0x00, 0x00, 0x00, 0x00, 0x00, 0x00, 0x00, 0x00, 
0x00, 0x00, 0x00, 0x00, 0x00, 0x00, 0x00, 0x00, 0x00, 0x00, 0x00, 0x00, 0x00, 0x00, 0x00, 0x00, 
0x00, 0x00, 0x00, 0x00, 0x00, 0x00, 0x00, 0x00, 0x00, 0x00, 0x00, 0x00, 0x00, 0x00, 0x00, 0x00, 
0x00, 0x00, 0x00, 0x00, 0x00, 0x00, 0x00, 0x00, 0x7B, 0xCF, 0x00, 0x00, 0x00, 0x00, 0x00, 0x00, 
0x00, 0x00, 0x00, 0x00, 0x00, 0x00, 0x00, 0x00, 0x00, 0x00, 0x00, 0x00, 0x00, 0x00, 0x00, 0x00, 
0x00, 0x00, 0x00, 0x00, 0x00, 0x00, 0x00, 0x00, 0x00, 0x00, 0x00, 0x00, 0x00, 0x00, 0x00, 0x00, 
0x00, 0x00, 0x00, 0x00, 0x00, 0x00, 0x00, 0x00, 0x00, 0x00, 0x00, 0x00, 0x00, 0x00, 0x00, 0x00, 
0x00, 0x00, 0x00, 0x00, 0x00, 0x00, 0x00, 0x00, 0x00, 0x00, 0x00, 0x00, 0x00, 0x00, 0x00, 0x00
}
,
{
0x00, 0x00, 0x00, 0x00, 0x00, 0x00, 0x00, 0x00, 0x00, 0x00, 0x00, 0x00, 0x00, 0x00, 0x00, 0x00, 
0x00, 0x00, 0x00, 0x00, 0x00, 0x00, 0x00, 0x00, 0x00, 0x00, 0x00, 0x00, 0x00, 0x00, 0x00, 0x00, 
0x00, 0x00, 0x00, 0x00, 0x00, 0x00, 0x00, 0x00, 0x00, 0x00, 0x00, 0x00, 0x00, 0x00, 0x00, 0x00, 
0x00, 0x00, 0x00, 0x00, 0x00, 0x00, 0x00, 0x00, 0x00, 0x00, 0x00, 0x00, 0x00, 0x00, 0x00, 0x00, 
0x00, 0x00, 0x00, 0x00, 0x00, 0x00, 0x00, 0x00, 0x00, 0x00, 0x00, 0x00, 0x00, 0x00, 0x00, 0x00, 
0x00, 0x00, 0x00, 0x00, 0x00, 0x00, 0x00, 0x00, 0x00, 0x00, 0x00, 0x00, 0x00, 0x00, 0x00, 0x00, 
0x00, 0x00, 0x00, 0x00, 0x00, 0x00, 0x00, 0x00, 0x00, 0x00, 0x00, 0x00, 0x00, 0x00, 0x00, 0x00, 
0x00, 0x00, 0x00, 0x00, 0x00, 0x00, 0x00, 0x00, 0x00, 0x00, 0x00, 0x00, 0x00, 0x00, 0x00, 0x00, 
0x00, 0x00, 0x00, 0x00, 0x00, 0x00, 0x00, 0x00, 0x00, 0x00, 0x00, 0x00, 0x00, 0x00, 0x00, 0x00, 
0x00, 0x00, 0x00, 0x00, 0x00, 0x00, 0x00, 0x00, 0x00, 0x00, 0x00, 0x00, 0x00, 0x00, 0x00, 0x00, 
0x00, 0x00, 0x00, 0x00, 0x00, 0x00, 0x00, 0x00, 0x00, 0x00, 0x00, 0x00, 0x00, 0x00, 0x00, 0x00, 
0x00, 0x00, 0x00, 0x00, 0x00, 0x00, 0x00, 0x00, 0x00, 0x00, 0x00, 0x00, 0x00, 0x00, 0x00, 0x00, 
0x00, 0x00, 0x00, 0x00, 0x00, 0x00, 0x00, 0x00, 0x00, 0x00, 0x00, 0x00, 0x00, 0x00, 0x00, 0x00, 
0x00, 0x00, 0x00, 0x00, 0x00, 0x00, 0x00, 0x00, 0x00, 0x00, 0x00, 0x00, 0x00, 0x00, 0x00, 0x00, 
0x00, 0x00, 0x00, 0x00, 0x00, 0x00, 0x00, 0x00, 0x00, 0x00, 0x00, 0x00, 0x00, 0x00, 0x00, 0x00, 
0x00, 0x00, 0x00, 0x00, 0x00, 0x00, 0x00, 0x00, 0x00, 0x00, 0x00, 0x00, 0x00, 0x00, 0x00, 0x00, 
0x00, 0x00, 0x00, 0x00, 0x00, 0x00, 0x00, 0x00, 0x00, 0x00, 0x00, 0x00, 0x00, 0x00, 0x00, 0x00, 
0x00, 0x00, 0x00, 0x00, 0x00, 0x00, 0x00, 0x00, 0x00, 0x00, 0x7B, 0xCF, 0x7B, 0xCF, 0x7B, 0xCF, 
0x7B, 0xCF, 0x7B, 0xCF, 0x7B, 0xCF, 0x00, 0x00, 0x00, 0x00, 0x7B, 0xCF, 0x7B, 0xCF, 0x00, 0x00, 
0x00, 0x00, 0x00, 0x00, 0x00, 0x00, 0x00, 0x00, 0x00, 0x00, 0x00, 0x00, 0x00, 0x00, 0x00, 0x00, 
0x00, 0x00, 0x00, 0x00, 0x00, 0x00, 0x00, 0x00, 0x00, 0x00, 0x00, 0x00, 0x00, 0x00, 0x01, 0x6F, 
0x01, 0x6F, 0x01, 0x6F, 0x01, 0x6F, 0x01, 0x6F, 0x7B, 0xCF, 0x94, 0x92, 0x94, 0x92, 0xAD, 0x55, 
0xAD, 0x55, 0xAD, 0x55, 0xAD, 0x55, 0x7B, 0xCF, 0x7B, 0xCF, 0x75, 0x3F, 0x03, 0x1F, 0x7B, 0xCF, 
0x00, 0x00, 0x00, 0x00, 0x00, 0x00, 0x00, 0x00, 0x00, 0x00, 0x00, 0x00, 0x00, 0x00, 0x00, 0x00, 
0x00, 0x00, 0x00, 0x00, 0x00, 0x00, 0x00, 0x00, 0x00, 0x00, 0x00, 0x00, 0x01, 0x6F, 0x3C, 0x5F, 
0x3C, 0x5F, 0x03, 0x1F, 0x03, 0x1F, 0x01, 0x6F, 0x94, 0x92, 0x94, 0x92, 0xC6, 0x18, 0xC6, 0x18, 
0xC6, 0x18, 0xC6, 0x18, 0xC6, 0x18, 0xC6, 0x18, 0x7B, 0xCF, 0x03, 0x1F, 0x03, 0x1F, 0xD6, 0xBA, 
0x7B, 0xCF, 0x00, 0x00, 0x00, 0x00, 0x00, 0x00, 0x00, 0x00, 0x00, 0x00, 0x00, 0x00, 0x00, 0x00, 
0x00, 0x00, 0x00, 0x00, 0x00, 0x00, 0x00, 0x00, 0x00, 0x00, 0x01, 0x6F, 0x3C, 0x5F, 0x3C, 0x5F, 
0x3C, 0x5F, 0x03, 0x1F, 0x03, 0x1F, 0x01, 0x6F, 0x01, 0x6F, 0xC6, 0x18, 0xD6, 0xBA, 0xD6, 0xBA, 
0xD6, 0xBA, 0xD6, 0xBA, 0xD6, 0xBA, 0xC6, 0x18, 0xC6, 0x18, 0x7B, 0xCF, 0xD6, 0xBA, 0xEF, 0x5D, 
0xEF, 0x5D, 0x7B, 0xCF, 0xAD, 0x55, 0x7B, 0xCF, 0x00, 0x00, 0x00, 0x00, 0x00, 0x00, 0x00, 0x00, 
0x00, 0x00, 0x00, 0x00, 0x00, 0x00, 0x00, 0x00, 0x01, 0x6F, 0x02, 0x15, 0x03, 0x1F, 0x3C, 0x5F, 
0x3C, 0x5F, 0x03, 0x1F, 0x03, 0x1F, 0x02, 0xBA, 0x01, 0x6F, 0xD6, 0xBA, 0xEF, 0x5D, 0xEF, 0x5D, 
0xEF, 0x5D, 0xEF, 0x5D, 0x75, 0x3F, 0x03, 0x1F, 0xC6, 0x18, 0x7B, 0xCF, 0xEF, 0x5D, 0xEF, 0x5D, 
0xEF, 0x5D, 0xAD, 0x55, 0xC6, 0x18, 0xC6, 0x18, 0x7B, 0xCF, 0x00, 0x00, 0x00, 0x00, 0x00, 0x00, 
0x00, 0x00, 0x00, 0x00, 0x00, 0x00, 0x01, 0x6F, 0x3C, 0x5F, 0x02, 0x15, 0x02, 0x15, 0x03, 0x1F, 
0x03, 0x1F, 0x03, 0x1F, 0x03, 0x1F, 0x02, 0xBA, 0x01, 0x6F, 0xD6, 0xBA, 0xEF, 0x5D, 0xEF, 0x5D, 
0xEF, 0x5D, 0xEF, 0x5D, 0x03, 0x1F, 0x03, 0x1F, 0xC6, 0x18, 0x7B, 0xCF, 0xEF, 0x5D, 0xEF, 0x5D, 
0xAD, 0x55, 0xD6, 0xBA, 0xD6, 0xBA, 0xC6, 0x18, 0x8B, 0x69, 0x8B, 0x69, 0x00, 0x00, 0x00, 0x00, 
0x00, 0x00, 0x00, 0x00, 0x01, 0x6F, 0x3C, 0x5F, 0x3C, 0x5F, 0x3C, 0x5F, 0x02, 0x15, 0x02, 0x15, 
0x03, 0x1F, 0x03, 0x1F, 0x02, 0xBA, 0x02, 0xBA, 0x01, 0x6F, 0xD6, 0xBA, 0x1C, 0x7E, 0x1C, 0x7E, 
0x1C, 0x7E, 0xEF, 0x5D, 0xEF, 0x5D, 0xD6, 0xBA, 0xD6, 0xBA, 0xC6, 0x18, 0x7B, 0xCF, 0xAD, 0x55, 
0xEF, 0x5D, 0xEF, 0x5D, 0xEF, 0x5D, 0xD6, 0xBA, 0x8B, 0x69, 0x8B, 0x69, 0x00, 0x00, 0x00, 0x00, 
0x00, 0x00, 0x00, 0x00, 0x01, 0x6F, 0x3C, 0x5F, 0x3C, 0x5F, 0x3C, 0x5F, 0x03, 0x1F, 0x02, 0x15, 
0x02, 0x15, 0x03, 0x1F, 0x02, 0xBA, 0x02, 0xBA, 0x01, 0x6F, 0xD6, 0xBA, 0x1C, 0x7E, 0x5E, 0x7E, 
0x5E, 0x7E, 0xEF, 0x5D, 0xEF, 0x5D, 0xD6, 0xBA, 0xD6, 0xBA, 0xC6, 0x18, 0x7B, 0xCF, 0xEF, 0x5D, 
0xEF, 0x5D, 0xEF, 0x5D, 0xEF, 0x5D, 0xD6, 0xBA, 0x8B, 0x69, 0x6A, 0x65, 0x00, 0x00, 0x00, 0x00, 
0x00, 0x00, 0x00, 0x00, 0x01, 0x6F, 0x3C, 0x5F, 0x3C, 0x5F, 0x3C, 0x5F, 0x03, 0x1F, 0x03, 0x1F, 
0x02, 0x15, 0x02, 0x15, 0x02, 0xBA, 0x02, 0xBA, 0x01, 0x6F, 0xD6, 0xBA, 0xEF, 0x5D, 0xEF, 0x5D, 
0xEF, 0x5D, 0xEF, 0x5D, 0xEF, 0x5D, 0xD6, 0xBA, 0xD6, 0xBA, 0xC6, 0x18, 0x7B, 0xCF, 0xEF, 0x5D, 
0xAE, 0x3F, 0xAE, 0x3F, 0x75, 0x3F, 0x02, 0xBA, 0x6A, 0x65, 0x6A, 0x65, 0x00, 0x00, 0x00, 0x00, 
0x00, 0x00, 0x00, 0x00, 0x01, 0x6F, 0x3C, 0x5F, 0x3C, 0x5F, 0x3C, 0x5F, 0x03, 0x1F, 0x03, 0x1F, 
0x03, 0x1F, 0x02, 0x15, 0x02, 0xBA, 0x02, 0xBA, 0x01, 0x6F, 0xD6, 0xBA, 0xEF, 0x5D, 0xEF, 0x5D, 
0xEF, 0x5D, 0xEF, 0x5D, 0xEF, 0x5D, 0x03, 0x1F, 0xD6, 0xBA, 0xC6, 0x18, 0x7B, 0xCF, 0xAE, 0x3F, 
0xAE, 0x3F, 0x75, 0x3F, 0x3C, 0x5F, 0x02, 0xBA, 0x6A, 0x65, 0x6A, 0x65, 0x00, 0x00, 0x00, 0x00, 
0x00, 0x00, 0x00, 0x00, 0x01, 0x6F, 0x3C, 0x5F, 0x3C, 0x5F, 0x3C, 0x5F, 0x03, 0x1F, 0x03, 0x1F, 
0x03, 0x1F, 0x02, 0xBA, 0x02, 0x15, 0x02, 0xBA, 0x01, 0x6F, 0xD6, 0xBA, 0xEF, 0x5D, 0xEF, 0x5D, 
0xEF, 0x5D, 0xEF, 0x5D, 0xD6, 0xBA, 0x03, 0x1F, 0xD6, 0xBA, 0xC6, 0x18, 0xAD, 0x55, 0xAE, 0x3F, 
0x75, 0x3F, 0x75, 0x3F, 0x3C, 0x5F, 0x02, 0xBA, 0x6A, 0x65, 0x6A, 0x65, 0x00, 0x00, 0x00, 0x00, 
0x00, 0x00, 0x00, 0x00, 0x01, 0x6F, 0x3C, 0x5F, 0x3C, 0x5F, 0x3C, 0x5F, 0x03, 0x1F, 0x03, 0x1F, 
0x03, 0x1F, 0x02, 0xBA, 0x02, 0x15, 0x02, 0xBA, 0x01, 0x6F, 0xD6, 0xBA, 0xD6, 0xBA, 0xEF, 0x5D, 
0xEF, 0x5D, 0xD6, 0xBA, 0xD6, 0xBA, 0x03, 0x1F, 0xD6, 0xBA, 0xC6, 0x18, 0xAD, 0x55, 0x75, 0x3F, 
0x75, 0x3F, 0x75, 0x3F, 0x3C, 0x5F, 0x02, 0xBA, 0xAD, 0x55, 0x00, 0x00, 0x00, 0x00, 0x00, 0x00, 
0x00, 0x00, 0x00, 0x00, 0x01, 0x6F, 0x03, 0x1F, 0x3C, 0x5F, 0x3C, 0x5F, 0x03, 0x1F, 0x03, 0x1F, 
0x03, 0x1F, 0x02, 0xBA, 0x02, 0x15, 0x02, 0xBA, 0x01, 0x6F, 0xD6, 0xBA, 0xD6, 0xBA, 0xD6, 0xBA, 
0xD6, 0xBA, 0xD6, 0xBA, 0xD6, 0xBA, 0x03, 0x1F, 0xD6, 0xBA, 0xC6, 0x18, 0xAD, 0x55, 0x3C, 0x5F, 
0x3C, 0x5F, 0x3C, 0x5F, 0x3C, 0x5F, 0x02, 0xBA, 0xAD, 0x55, 0x00, 0x00, 0x00, 0x00, 0x00, 0x00, 
0x00, 0x00, 0x00, 0x00, 0x01, 0x6F, 0x03, 0x1F, 0x03, 0x1F, 0x03, 0x1F, 0x03, 0x1F, 0x03, 0x1F, 
0x03, 0x1F, 0x02, 0xBA, 0x02, 0x15, 0x02, 0xBA, 0x01, 0x6F, 0xC6, 0x18, 0xD6, 0xBA, 0xD6, 0xBA, 
0xD6, 0xBA, 0xD6, 0xBA, 0xD6, 0xBA, 0x03, 0x1F, 0xD6, 0xBA, 0xAD, 0x55, 0xAD, 0x55, 0x3C, 0x5F, 
0x3C, 0x5F, 0x3C, 0x5F, 0x3C, 0x5F, 0x02, 0xBA, 0x8B, 0x69, 0x8B, 0x69, 0x00, 0x00, 0x00, 0x00, 
0x00, 0x00, 0x00, 0x00, 0x01, 0x6F, 0x02, 0x15, 0x03, 0x1F, 0x03, 0x1F, 0x03, 0x1F, 0x03, 0x1F, 
0x03, 0x1F, 0x02, 0xBA, 0x02, 0x15, 0x02, 0x15, 0x01, 0x6F, 0xC6, 0x18, 0xD6, 0xBA, 0xD6, 0xBA, 
0xD6, 0xBA, 0xD6, 0xBA, 0xD6, 0xBA, 0x03, 0x1F, 0xC6, 0x18, 0xAD, 0x55, 0xAD, 0x55, 0xC6, 0x18, 
0x02, 0xBA, 0x02, 0xBA, 0x02, 0xBA, 0x02, 0xBA, 0x8B, 0x69, 0x8B, 0x69, 0x00, 0x00, 0x00, 0x00, 
0x00, 0x00, 0x00, 0x00, 0x01, 0x6F, 0x02, 0x15, 0x02, 0x15, 0x03, 0x1F, 0x03, 0x1F, 0x03, 0x1F, 
0x03, 0x1F, 0x02, 0xBA, 0x02, 0xBA, 0x02, 0x15, 0x01, 0x6F, 0xC6, 0x18, 0xC6, 0x18, 0xC6, 0x18, 
0xC6, 0x18, 0xC6, 0x18, 0xC6, 0x18, 0xC6, 0x18, 0xC6, 0x18, 0xAD, 0x55, 0x7B, 0xCF, 0xAD, 0x55, 
0x02, 0xBA, 0x02, 0xBA, 0x02, 0xBA, 0x02, 0xBA, 0x8B, 0x69, 0x6A, 0x65, 0x00, 0x00, 0x00, 0x00, 
0x00, 0x00, 0x01, 0x6F, 0x3C, 0x5F, 0x3C, 0x5F, 0x02, 0x15, 0x02, 0x15, 0x03, 0x1F, 0x03, 0x1F, 
0x02, 0xBA, 0x02, 0xBA, 0x02, 0xBA, 0x02, 0x15, 0x01, 0x6F, 0xC6, 0x18, 0x1C, 0x7E, 0x5E, 0x7E, 
0x5E, 0x7E, 0xC6, 0x18, 0xC6, 0x18, 0xC6, 0x18, 0xC6, 0x18, 0xAD, 0x55, 0x7B, 0xCF, 0xAD, 0x55, 
0xC6, 0x18, 0xC6, 0x18, 0xC6, 0x18, 0xC6, 0x18, 0x6A, 0x65, 0x6A, 0x65, 0x00, 0x00, 0x00, 0x00, 
0x00, 0x00, 0x01, 0x6F, 0x3C, 0x5F, 0x3C, 0x5F, 0x03, 0x1F, 0x02, 0x15, 0x02, 0xBA, 0x02, 0xBA, 
0x02, 0xBA, 0x02, 0xBA, 0x02, 0xBA, 0x02, 0x15, 0x01, 0x6F, 0xC6, 0x18, 0x1C, 0x7E, 0x1C, 0x7E, 
0x1C, 0x7E, 0xC6, 0x18, 0xC6, 0x18, 0xC6, 0x18, 0xC6, 0x18, 0xAD, 0x55, 0x7B, 0xCF, 0x7B, 0xCF, 
0xAD, 0x55, 0xAD, 0x55, 0xAD, 0x55, 0xAD, 0x55, 0x6A, 0x65, 0x6A, 0x65, 0x00, 0x00, 0x00, 0x00, 
0x00, 0x00, 0x01, 0x6F, 0x03, 0x1F, 0x03, 0x1F, 0x03, 0x1F, 0x02, 0x15, 0x02, 0x15, 0x02, 0xBA, 
0x02, 0xBA, 0x02, 0xBA, 0x02, 0xBA, 0x02, 0x15, 0x01, 0x6F, 0xAD, 0x55, 0xC6, 0x18, 0xC6, 0x18, 
0xC6, 0x18, 0xC6, 0x18, 0x75, 0x3F, 0x03, 0x1F, 0xAD, 0x55, 0x7B, 0xCF, 0xAD, 0x55, 0xAD, 0x55, 
0x7B, 0xCF, 0xAD, 0x55, 0xAD, 0x55, 0x7B, 0xCF, 0x6A, 0x65, 0x6A, 0x65, 0x00, 0x00, 0x00, 0x00, 
0x00, 0x00, 0x01, 0x6F, 0x03, 0x1F, 0x03, 0x1F, 0x03, 0x1F, 0x03, 0x1F, 0x02, 0x15, 0x02, 0xBA, 
0x02, 0xBA, 0x02, 0xBA, 0x02, 0xBA, 0x02, 0x15, 0x01, 0x6F, 0xAD, 0x55, 0xAD, 0x55, 0xAD, 0x55, 
0xAD, 0x55, 0xAD, 0x55, 0x03, 0x1F, 0x03, 0x1F, 0xAD, 0x55, 0x7B, 0xCF, 0xAD, 0x55, 0xAD, 0x55, 
0xAD, 0x55, 0x7B, 0xCF, 0xAD, 0x55, 0xAD, 0x55, 0xAD, 0x55, 0x00, 0x00, 0x00, 0x00, 0x00, 0x00, 
0x01, 0x6F, 0x03, 0x1F, 0x03, 0x1F, 0x03, 0x1F, 0x03, 0x1F, 0x02, 0xBA, 0x02, 0x15, 0x02, 0x15, 
0x02, 0xBA, 0x02, 0xBA, 0x02, 0xBA, 0x02, 0x15, 0x01, 0x6F, 0x94, 0x92, 0xAD, 0x55, 0xAD, 0x55, 
0xAD, 0x55, 0xAD, 0x55, 0xAD, 0x55, 0xAD, 0x55, 0x94, 0x92, 0x7B, 0xCF, 0xAD, 0x55, 0xAD, 0x55, 
0x7B, 0xCF, 0x7B, 0xCF, 0x94, 0x92, 0x7B, 0xCF, 0xC6, 0x18, 0x7B, 0xCF, 0x00, 0x00, 0x00, 0x00, 
0x01, 0x6F, 0x03, 0x1F, 0x03, 0x1F, 0x02, 0xBA, 0x02, 0xBA, 0x02, 0xBA, 0x02, 0xBA, 0x02, 0x15, 
0x02, 0xBA, 0x02, 0xBA, 0x02, 0x15, 0x02, 0x15, 0x01, 0x6F, 0x94, 0x92, 0x94, 0x92, 0x94, 0x92, 
0x94, 0x92, 0x94, 0x92, 0x94, 0x92, 0x94, 0x92, 0x7B, 0xCF, 0xAD, 0x55, 0xAD, 0x55, 0x94, 0x92, 
0x7B, 0xCF, 0x00, 0x00, 0x7B, 0xCF, 0xD6, 0xBA, 0xC6, 0x18, 0x7B, 0xCF, 0x00, 0x00, 0x00, 0x00, 
0x00, 0x00, 0x01, 0x6F, 0x02, 0xBA, 0x02, 0xBA, 0x02, 0xBA, 0x02, 0xBA, 0x02, 0xBA, 0x02, 0x15, 
0x02, 0x15, 0x02, 0x15, 0x02, 0x15, 0x02, 0x15, 0x02, 0x15, 0x01, 0x6F, 0x94, 0x92, 0x94, 0x92, 
0x94, 0x92, 0x94, 0x92, 0x94, 0x92, 0x7B, 0xCF, 0x75, 0x3F, 0x03, 0x1F, 0x7B, 0xCF, 0x7B, 0xCF, 
0x00, 0x00, 0x00, 0x00, 0x7B, 0xCF, 0xC6, 0x18, 0xC6, 0x18, 0x7B, 0xCF, 0x00, 0x00, 0x00, 0x00, 
0x00, 0x00, 0x00, 0x00, 0x01, 0x6F, 0x01, 0x6F, 0x01, 0x6F, 0x01, 0x6F, 0x01, 0x6F, 0x01, 0x6F, 
0x02, 0x15, 0x02, 0x15, 0x02, 0x15, 0x02, 0x15, 0x02, 0x15, 0x01, 0x6F, 0x7B, 0xCF, 0x7B, 0xCF, 
0x7B, 0xCF, 0x7B, 0xCF, 0x7B, 0xCF, 0x7B, 0xCF, 0x03, 0x1F, 0x03, 0x1F, 0x7B, 0xCF, 0x00, 0x00, 
0x00, 0x00, 0x00, 0x00, 0x7B, 0xCF, 0xAD, 0x55, 0xAD, 0x55, 0x7B, 0xCF, 0x00, 0x00, 0x00, 0x00, 
0x00, 0x00, 0x00, 0x00, 0x00, 0x00, 0x00, 0x00, 0x00, 0x00, 0x00, 0x00, 0x00, 0x00, 0x00, 0x00, 
0x01, 0x6F, 0x02, 0x15, 0x02, 0x15, 0x02, 0x15, 0x02, 0x15, 0x01, 0x6F, 0x00, 0x00, 0x00, 0x00, 
0x00, 0x00, 0x00, 0x00, 0x00, 0x00, 0x00, 0x00, 0x7B, 0xCF, 0x7B, 0xCF, 0x00, 0x00, 0x00, 0x00, 
0x00, 0x00, 0x00, 0x00, 0x7B, 0xCF, 0xAD, 0x55, 0x94, 0x92, 0x7B, 0xCF, 0x00, 0x00, 0x00, 0x00, 
0x00, 0x00, 0x00, 0x00, 0x00, 0x00, 0x00, 0x00, 0x00, 0x00, 0x00, 0x00, 0x00, 0x00, 0x00, 0x00, 
0x00, 0x00, 0x01, 0x6F, 0x01, 0x6F, 0x01, 0x6F, 0x01, 0x6F, 0x00, 0x00, 0x00, 0x00, 0x00, 0x00, 
0x00, 0x00, 0x00, 0x00, 0x00, 0x00, 0x00, 0x00, 0x00, 0x00, 0x00, 0x00, 0x00, 0x00, 0x00, 0x00, 
0x00, 0x00, 0x00, 0x00, 0x00, 0x00, 0x7B, 0xCF, 0x94, 0x92, 0x7B, 0xCF, 0x00, 0x00, 0x00, 0x00, 
0x00, 0x00, 0x00, 0x00, 0x00, 0x00, 0x00, 0x00, 0x00, 0x00, 0x00, 0x00, 0x00, 0x00, 0x00, 0x00, 
0x00, 0x00, 0x00, 0x00, 0x00, 0x00, 0x00, 0x00, 0x00, 0x00, 0x00, 0x00, 0x00, 0x00, 0x00, 0x00, 
0x00, 0x00, 0x00, 0x00, 0x00, 0x00, 0x00, 0x00, 0x00, 0x00, 0x00, 0x00, 0x00, 0x00, 0x00, 0x00, 
0x00, 0x00, 0x00, 0x00, 0x00, 0x00, 0x00, 0x00, 0x7B, 0xCF, 0x00, 0x00, 0x00, 0x00, 0x00, 0x00, 
0x00, 0x00, 0x00, 0x00, 0x00, 0x00, 0x00, 0x00, 0x00, 0x00, 0x00, 0x00, 0x00, 0x00, 0x00, 0x00, 
0x00, 0x00, 0x00, 0x00, 0x00, 0x00, 0x00, 0x00, 0x00, 0x00, 0x00, 0x00, 0x00, 0x00, 0x00, 0x00, 
0x00, 0x00, 0x00, 0x00, 0x00, 0x00, 0x00, 0x00, 0x00, 0x00, 0x00, 0x00, 0x00, 0x00, 0x00, 0x00, 
0x00, 0x00, 0x00, 0x00, 0x00, 0x00, 0x00, 0x00, 0x00, 0x00, 0x00, 0x00, 0x00, 0x00, 0x00, 0x00
}
,
{
0x00, 0x00, 0x00, 0x00, 0x00, 0x00, 0x00, 0x00, 0x00, 0x00, 0x00, 0x00, 0x00, 0x00, 0x00, 0x00, 
0x00, 0x00, 0x00, 0x00, 0x00, 0x00, 0x00, 0x00, 0x00, 0x00, 0x00, 0x00, 0x00, 0x00, 0x00, 0x00, 
0x00, 0x00, 0x00, 0x00, 0x00, 0x00, 0x00, 0x00, 0x00, 0x00, 0x00, 0x00, 0x00, 0x00, 0x00, 0x00, 
0x00, 0x00, 0x00, 0x00, 0x00, 0x00, 0x00, 0x00, 0x00, 0x00, 0x00, 0x00, 0x00, 0x00, 0x00, 0x00, 
0x00, 0x00, 0x00, 0x00, 0x00, 0x00, 0x00, 0x00, 0x00, 0x00, 0x00, 0x00, 0x00, 0x00, 0x00, 0x00, 
0x00, 0x00, 0x00, 0x00, 0x00, 0x00, 0x00, 0x00, 0x00, 0x00, 0x00, 0x00, 0x00, 0x00, 0x00, 0x00, 
0x00, 0x00, 0x00, 0x00, 0x00, 0x00, 0x00, 0x00, 0x00, 0x00, 0x00, 0x00, 0x00, 0x00, 0x00, 0x00, 
0x00, 0x00, 0x00, 0x00, 0x00, 0x00, 0x00, 0x00, 0x00, 0x00, 0x00, 0x00, 0x00, 0x00, 0x00, 0x00, 
0x00, 0x00, 0x00, 0x00, 0x00, 0x00, 0x00, 0x00, 0x00, 0x00, 0x00, 0x00, 0x00, 0x00, 0x00, 0x00, 
0x00, 0x00, 0x00, 0x00, 0x00, 0x00, 0x00, 0x00, 0x00, 0x00, 0x00, 0x00, 0x00, 0x00, 0x00, 0x00, 
0x00, 0x00, 0x00, 0x00, 0x00, 0x00, 0x00, 0x00, 0x00, 0x00, 0x00, 0x00, 0x00, 0x00, 0x00, 0x00, 
0x00, 0x00, 0x00, 0x00, 0x00, 0x00, 0x00, 0x00, 0x00, 0x00, 0x00, 0x00, 0x00, 0x00, 0x00, 0x00, 
0x00, 0x00, 0x00, 0x00, 0x00, 0x00, 0x00, 0x00, 0x00, 0x00, 0x00, 0x00, 0x00, 0x00, 0x00, 0x00, 
0x00, 0x00, 0x00, 0x00, 0x00, 0x00, 0x00, 0x00, 0x00, 0x00, 0x00, 0x00, 0x00, 0x00, 0x00, 0x00, 
0x00, 0x00, 0x00, 0x00, 0x00, 0x00, 0x00, 0x00, 0x00, 0x00, 0x00, 0x00, 0x00, 0x00, 0x00, 0x00, 
0x00, 0x00, 0x00, 0x00, 0x00, 0x00, 0x00, 0x00, 0x00, 0x00, 0x00, 0x00, 0x00, 0x00, 0x00, 0x00, 
0x00, 0x00, 0x00, 0x00, 0x00, 0x00, 0x00, 0x00, 0x00, 0x00, 0x00, 0x00, 0x00, 0x00, 0x00, 0x00, 
0x00, 0x00, 0x00, 0x00, 0x00, 0x00, 0x00, 0x00, 0x00, 0x00, 0x00, 0x00, 0x7B, 0xCF, 0x7B, 0xCF, 
0x7B, 0xCF, 0x7B, 0xCF, 0x7B, 0xCF, 0x7B, 0xCF, 0x00, 0x00, 0x00, 0x00, 0x00, 0x00, 0x7B, 0xCF, 
0x7B, 0xCF, 0x00, 0x00, 0x00, 0x00, 0x00, 0x00, 0x00, 0x00, 0x00, 0x00, 0x00, 0x00, 0x00, 0x00, 
0x00, 0x00, 0x00, 0x00, 0x00, 0x00, 0x00, 0x00, 0x00, 0x00, 0x00, 0x00, 0x00, 0x00, 0x00, 0x00, 
0x01, 0x6F, 0x01, 0x6F, 0x01, 0x6F, 0x01, 0x6F, 0x01, 0x6F, 0x7B, 0xCF, 0x94, 0x92, 0x94, 0x92, 
0xAD, 0x55, 0xAD, 0x55, 0xAD, 0x55, 0xAD, 0x55, 0x7B, 0xCF, 0x00, 0x00, 0x7B, 0xCF, 0xC6, 0x18, 
0xC6, 0x18, 0x7B, 0xCF, 0x00, 0x00, 0x00, 0x00, 0x00, 0x00, 0x00, 0x00, 0x00, 0x00, 0x00, 0x00, 
0x00, 0x00, 0x00, 0x00, 0x00, 0x00, 0x00, 0x00, 0x00, 0x00, 0x00, 0x00, 0x00, 0x00, 0x01, 0x6F, 
0x3C, 0x5F, 0x3C, 0x5F, 0x03, 0x1F, 0x03, 0x1F, 0x01, 0x6F, 0x94, 0x92, 0x94, 0x92, 0xC6, 0x18, 
0xC6, 0x18, 0xC6, 0x18, 0xC6, 0x18, 0xC6, 0x18, 0xC6, 0x18, 0x7B, 0xCF, 0xC6, 0x18, 0xD6, 0xBA, 
0x75, 0x3F, 0x03, 0x1F, 0x7B, 0xCF, 0x00, 0x00, 0x00, 0x00, 0x00, 0x00, 0x00, 0x00, 0x00, 0x00, 
0x00, 0x00, 0x00, 0x00, 0x00, 0x00, 0x00, 0x00, 0x00, 0x00, 0x00, 0x00, 0x01, 0x6F, 0x3C, 0x5F, 
0x3C, 0x5F, 0x3C, 0x5F, 0x03, 0x1F, 0x03, 0x1F, 0x01, 0x6F, 0x01, 0x6F, 0xC6, 0x18, 0xD6, 0xBA, 
0xD6, 0xBA, 0xD6, 0xBA, 0xD6, 0xBA, 0xD6, 0xBA, 0xC6, 0x18, 0x7B, 0xCF, 0xD6, 0xBA, 0xEF, 0x5D, 
0x03, 0x1F, 0x03, 0x1F, 0xAD, 0x55, 0x7B, 0xCF, 0x00, 0x00, 0x00, 0x00, 0x00, 0x00, 0x00, 0x00, 
0x00, 0x00, 0x00, 0x00, 0x00, 0x00, 0x00, 0x00, 0x00, 0x00, 0x01, 0x6F, 0x02, 0x15, 0x03, 0x1F, 
0x3C, 0x5F, 0x3C, 0x5F, 0x03, 0x1F, 0x03, 0x1F, 0x02, 0xBA, 0x01, 0x6F, 0xD6, 0xBA, 0xEF, 0x5D, 
0xEF, 0x5D, 0xEF, 0x5D, 0xEF, 0x5D, 0x75, 0x3F, 0x03, 0x1F, 0x7B, 0xCF, 0xEF, 0x5D, 0xEF, 0x5D, 
0xEF, 0x5D, 0xAD, 0x55, 0xC6, 0x18, 0xC6, 0x18, 0x7B, 0xCF, 0x00, 0x00, 0x00, 0x00, 0x00, 0x00, 
0x00, 0x00, 0x00, 0x00, 0x00, 0x00, 0x00, 0x00, 0x01, 0x6F, 0x3C, 0x5F, 0x02, 0x15, 0x02, 0x15, 
0x03, 0x1F, 0x03, 0x1F, 0x03, 0x1F, 0x03, 0x1F, 0x02, 0xBA, 0x01, 0x6F, 0xD6, 0xBA, 0xEF, 0x5D, 
0xEF, 0x5D, 0xEF, 0x5D, 0xEF, 0x5D, 0x03, 0x1F, 0x03, 0x1F, 0x7B, 0xCF, 0xEF, 0x5D, 0xEF, 0x5D, 
0xAD, 0x55, 0xD6, 0xBA, 0xD6, 0xBA, 0xC6, 0x18, 0x8B, 0x69, 0x8B, 0x69, 0x00, 0x00, 0x00, 0x00, 
0x00, 0x00, 0x00, 0x00, 0x00, 0x00, 0x01, 0x6F, 0x3C, 0x5F, 0x3C, 0x5F, 0x3C, 0x5F, 0x02, 0x15, 
0x02, 0x15, 0x03, 0x1F, 0x03, 0x1F, 0x02, 0xBA, 0x02, 0xBA, 0x01, 0x6F, 0xD6, 0xBA, 0x1C, 0x7E, 
0x1C, 0x7E, 0x1C, 0x7E, 0xEF, 0x5D, 0xEF, 0x5D, 0xD6, 0xBA, 0xC6, 0x18, 0x7B, 0xCF, 0xAD, 0x55, 
0xEF, 0x5D, 0xEF, 0x5D, 0xEF, 0x5D, 0xD6, 0xBA, 0x8B, 0x69, 0x8B, 0x69, 0x00, 0x00, 0x00, 0x00, 
0x00, 0x00, 0x00, 0x00, 0x00, 0x00, 0x01, 0x6F, 0x3C, 0x5F, 0x3C, 0x5F, 0x3C, 0x5F, 0x03, 0x1F, 
0x02, 0x15, 0x02, 0x15, 0x03, 0x1F, 0x02, 0xBA, 0x02, 0xBA, 0x01, 0x6F, 0xD6, 0xBA, 0x1C, 0x7E, 
0x5E, 0x7E, 0x5E, 0x7E, 0xEF, 0x5D, 0xEF, 0x5D, 0xD6, 0xBA, 0xC6, 0x18, 0x7B, 0xCF, 0xEF, 0x5D, 
0xEF, 0x5D, 0xEF, 0x5D, 0xEF, 0x5D, 0xD6, 0xBA, 0x8B, 0x69, 0x6A, 0x65, 0x00, 0x00, 0x00, 0x00, 
0x00, 0x00, 0x00, 0x00, 0x00, 0x00, 0x01, 0x6F, 0x3C, 0x5F, 0x3C, 0x5F, 0x3C, 0x5F, 0x03, 0x1F, 
0x03, 0x1F, 0x02, 0x15, 0x02, 0x15, 0x02, 0xBA, 0x02, 0xBA, 0x01, 0x6F, 0xD6, 0xBA, 0xEF, 0x5D, 
0xEF, 0x5D, 0xEF, 0x5D, 0xEF, 0x5D, 0xEF, 0x5D, 0xD6, 0xBA, 0xC6, 0x18, 0x7B, 0xCF, 0xEF, 0x5D, 
0xAE, 0x3F, 0xAE, 0x3F, 0x75, 0x3F, 0x02, 0xBA, 0x6A, 0x65, 0x6A, 0x65, 0x00, 0x00, 0x00, 0x00, 
0x00, 0x00, 0x00, 0x00, 0x00, 0x00, 0x01, 0x6F, 0x3C, 0x5F, 0x3C, 0x5F, 0x3C, 0x5F, 0x03, 0x1F, 
0x03, 0x1F, 0x03, 0x1F, 0x02, 0x15, 0x02, 0xBA, 0x02, 0xBA, 0x01, 0x6F, 0xD6, 0xBA, 0xEF, 0x5D, 
0xEF, 0x5D, 0xEF, 0x5D, 0xEF, 0x5D, 0xEF, 0x5D, 0x03, 0x1F, 0xC6, 0x18, 0x7B, 0xCF, 0xAE, 0x3F, 
0xAE, 0x3F, 0x75, 0x3F, 0x3C, 0x5F, 0x02, 0xBA, 0x6A, 0x65, 0x6A, 0x65, 0x00, 0x00, 0x00, 0x00, 
0x00, 0x00, 0x00, 0x00, 0x00, 0x00, 0x01, 0x6F, 0x3C, 0x5F, 0x3C, 0x5F, 0x3C, 0x5F, 0x03, 0x1F, 
0x03, 0x1F, 0x03, 0x1F, 0x02, 0xBA, 0x02, 0x15, 0x02, 0xBA, 0x01, 0x6F, 0xD6, 0xBA, 0xEF, 0x5D, 
0xEF, 0x5D, 0xEF, 0x5D, 0xEF, 0x5D, 0xD6, 0xBA, 0x03, 0x1F, 0xC6, 0x18, 0xAD, 0x55, 0xAE, 0x3F, 
0x75, 0x3F, 0x75, 0x3F, 0x3C, 0x5F, 0x02, 0xBA, 0x6A, 0x65, 0x6A, 0x65, 0x00, 0x00, 0x00, 0x00, 
0x00, 0x00, 0x00, 0x00, 0x00, 0x00, 0x01, 0x6F, 0x3C, 0x5F, 0x3C, 0x5F, 0x3C, 0x5F, 0x03, 0x1F, 
0x03, 0x1F, 0x03, 0x1F, 0x02, 0xBA, 0x02, 0x15, 0x02, 0xBA, 0x01, 0x6F, 0xD6, 0xBA, 0xD6, 0xBA, 
0xEF, 0x5D, 0xEF, 0x5D, 0xD6, 0xBA, 0xD6, 0xBA, 0x03, 0x1F, 0xC6, 0x18, 0xAD, 0x55, 0x75, 0x3F, 
0x75, 0x3F, 0x75, 0x3F, 0x3C, 0x5F, 0x02, 0xBA, 0xAD, 0x55, 0x00, 0x00, 0x00, 0x00, 0x00, 0x00, 
0x00, 0x00, 0x00, 0x00, 0x00, 0x00, 0x01, 0x6F, 0x03, 0x1F, 0x3C, 0x5F, 0x3C, 0x5F, 0x03, 0x1F, 
0x03, 0x1F, 0x03, 0x1F, 0x02, 0xBA, 0x02, 0x15, 0x02, 0xBA, 0x01, 0x6F, 0xD6, 0xBA, 0xD6, 0xBA, 
0xD6, 0xBA, 0xD6, 0xBA, 0xD6, 0xBA, 0xD6, 0xBA, 0x03, 0x1F, 0xC6, 0x18, 0xAD, 0x55, 0x3C, 0x5F, 
0x3C, 0x5F, 0x3C, 0x5F, 0x3C, 0x5F, 0x02, 0xBA, 0xAD, 0x55, 0x00, 0x00, 0x00, 0x00, 0x00, 0x00, 
0x00, 0x00, 0x00, 0x00, 0x00, 0x00, 0x01, 0x6F, 0x03, 0x1F, 0x03, 0x1F, 0x03, 0x1F, 0x03, 0x1F, 
0x03, 0x1F, 0x03, 0x1F, 0x02, 0xBA, 0x02, 0x15, 0x02, 0xBA, 0x01, 0x6F, 0xC6, 0x18, 0xD6, 0xBA, 
0xD6, 0xBA, 0xD6, 0xBA, 0xD6, 0xBA, 0xD6, 0xBA, 0x03, 0x1F, 0xAD, 0x55, 0xAD, 0x55, 0x3C, 0x5F, 
0x3C, 0x5F, 0x3C, 0x5F, 0x3C, 0x5F, 0x02, 0xBA, 0x8B, 0x69, 0x8B, 0x69, 0x00, 0x00, 0x00, 0x00, 
0x00, 0x00, 0x00, 0x00, 0x00, 0x00, 0x01, 0x6F, 0x02, 0x15, 0x03, 0x1F, 0x03, 0x1F, 0x03, 0x1F, 
0x03, 0x1F, 0x03, 0x1F, 0x02, 0xBA, 0x02, 0x15, 0x02, 0x15, 0x01, 0x6F, 0xC6, 0x18, 0xD6, 0xBA, 
0xD6, 0xBA, 0xD6, 0xBA, 0xD6, 0xBA, 0xD6, 0xBA, 0x03, 0x1F, 0xAD, 0x55, 0xAD, 0x55, 0xC6, 0x18, 
0x02, 0xBA, 0x02, 0xBA, 0x02, 0xBA, 0x02, 0xBA, 0x8B, 0x69, 0x8B, 0x69, 0x00, 0x00, 0x00, 0x00, 
0x00, 0x00, 0x00, 0x00, 0x00, 0x00, 0x01, 0x6F, 0x02, 0x15, 0x02, 0x15, 0x03, 0x1F, 0x03, 0x1F, 
0x03, 0x1F, 0x03, 0x1F, 0x02, 0xBA, 0x02, 0xBA, 0x02, 0x15, 0x01, 0x6F, 0xC6, 0x18, 0xC6, 0x18, 
0xC6, 0x18, 0xC6, 0x18, 0xC6, 0x18, 0xC6, 0x18, 0xC6, 0x18, 0xAD, 0x55, 0x7B, 0xCF, 0xAD, 0x55, 
0x02, 0xBA, 0x02, 0xBA, 0x02, 0xBA, 0x02, 0xBA, 0x8B, 0x69, 0x6A, 0x65, 0x00, 0x00, 0x00, 0x00, 
0x00, 0x00, 0x00, 0x00, 0x01, 0x6F, 0x3C, 0x5F, 0x3C, 0x5F, 0x02, 0x15, 0x02, 0x15, 0x03, 0x1F, 
0x03, 0x1F, 0x02, 0xBA, 0x02, 0xBA, 0x02, 0xBA, 0x02, 0x15, 0x01, 0x6F, 0xC6, 0x18, 0x1C, 0x7E, 
0x5E, 0x7E, 0x5E, 0x7E, 0xC6, 0x18, 0xC6, 0x18, 0xC6, 0x18, 0xAD, 0x55, 0x7B, 0xCF, 0xAD, 0x55, 
0xC6, 0x18, 0xC6, 0x18, 0xC6, 0x18, 0xC6, 0x18, 0x6A, 0x65, 0x6A, 0x65, 0x00, 0x00, 0x00, 0x00, 
0x00, 0x00, 0x00, 0x00, 0x01, 0x6F, 0x3C, 0x5F, 0x3C, 0x5F, 0x03, 0x1F, 0x02, 0x15, 0x02, 0xBA, 
0x02, 0xBA, 0x02, 0xBA, 0x02, 0xBA, 0x02, 0xBA, 0x02, 0x15, 0x01, 0x6F, 0xC6, 0x18, 0x1C, 0x7E, 
0x1C, 0x7E, 0x1C, 0x7E, 0xC6, 0x18, 0xC6, 0x18, 0xC6, 0x18, 0xAD, 0x55, 0x7B, 0xCF, 0x7B, 0xCF, 
0xAD, 0x55, 0xAD, 0x55, 0xAD, 0x55, 0xAD, 0x55, 0x6A, 0x65, 0x6A, 0x65, 0x00, 0x00, 0x00, 0x00, 
0x00, 0x00, 0x00, 0x00, 0x01, 0x6F, 0x03, 0x1F, 0x03, 0x1F, 0x03, 0x1F, 0x02, 0x15, 0x02, 0x15, 
0x02, 0xBA, 0x02, 0xBA, 0x02, 0xBA, 0x02, 0xBA, 0x02, 0x15, 0x01, 0x6F, 0xAD, 0x55, 0xC6, 0x18, 
0xC6, 0x18, 0xC6, 0x18, 0xC6, 0x18, 0x75, 0x3F, 0x03, 0x1F, 0x7B, 0xCF, 0xAD, 0x55, 0xAD, 0x55, 
0x7B, 0xCF, 0xAD, 0x55, 0xAD, 0x55, 0x7B, 0xCF, 0x6A, 0x65, 0x6A, 0x65, 0x00, 0x00, 0x00, 0x00, 
0x00, 0x00, 0x00, 0x00, 0x01, 0x6F, 0x03, 0x1F, 0x03, 0x1F, 0x03, 0x1F, 0x03, 0x1F, 0x02, 0x15, 
0x02, 0xBA, 0x02, 0xBA, 0x02, 0xBA, 0x02, 0xBA, 0x02, 0x15, 0x01, 0x6F, 0xAD, 0x55, 0xAD, 0x55, 
0xAD, 0x55, 0xAD, 0x55, 0xAD, 0x55, 0x03, 0x1F, 0x03, 0x1F, 0x7B, 0xCF, 0x94, 0x92, 0xAD, 0x55, 
0xAD, 0x55, 0x7B, 0xCF, 0xAD, 0x55, 0xAD, 0x55, 0xAD, 0x55, 0x00, 0x00, 0x00, 0x00, 0x00, 0x00, 
0x00, 0x00, 0x01, 0x6F, 0x03, 0x1F, 0x03, 0x1F, 0x03, 0x1F, 0x03, 0x1F, 0x02, 0xBA, 0x02, 0x15, 
0x02, 0x15, 0x02, 0xBA, 0x02, 0xBA, 0x02, 0xBA, 0x02, 0x15, 0x01, 0x6F, 0x94, 0x92, 0xAD, 0x55, 
0xAD, 0x55, 0xAD, 0x55, 0xAD, 0x55, 0xAD, 0x55, 0xAD, 0x55, 0x7B, 0xCF, 0x94, 0x92, 0x94, 0x92, 
0x75, 0x3F, 0x03, 0x1F, 0x94, 0x92, 0x7B, 0xCF, 0xC6, 0x18, 0x7B, 0xCF, 0x00, 0x00, 0x00, 0x00, 
0x00, 0x00, 0x01, 0x6F, 0x03, 0x1F, 0x03, 0x1F, 0x02, 0xBA, 0x02, 0xBA, 0x02, 0xBA, 0x02, 0xBA, 
0x02, 0x15, 0x02, 0xBA, 0x02, 0xBA, 0x02, 0x15, 0x02, 0x15, 0x01, 0x6F, 0x94, 0x92, 0x94, 0x92, 
0x94, 0x92, 0x94, 0x92, 0x94, 0x92, 0x94, 0x92, 0x94, 0x92, 0x7B, 0xCF, 0x94, 0x92, 0x94, 0x92, 
0x03, 0x1F, 0x03, 0x1F, 0x7B, 0xCF, 0xD6, 0xBA, 0xC6, 0x18, 0x7B, 0xCF, 0x00, 0x00, 0x00, 0x00, 
0x00, 0x00, 0x00, 0x00, 0x01, 0x6F, 0x02, 0xBA, 0x02, 0xBA, 0x02, 0xBA, 0x02, 0xBA, 0x02, 0xBA, 
0x02, 0x15, 0x02, 0x15, 0x02, 0x15, 0x02, 0x15, 0x02, 0x15, 0x02, 0x15, 0x01, 0x6F, 0x94, 0x92, 
0x94, 0x92, 0x94, 0x92, 0x94, 0x92, 0x94, 0x92, 0x7B, 0xCF, 0x00, 0x00, 0x7B, 0xCF, 0x94, 0x92, 
0x94, 0x92, 0x7B, 0xCF, 0x7B, 0xCF, 0xC6, 0x18, 0xC6, 0x18, 0x7B, 0xCF, 0x00, 0x00, 0x00, 0x00, 
0x00, 0x00, 0x00, 0x00, 0x00, 0x00, 0x01, 0x6F, 0x01, 0x6F, 0x01, 0x6F, 0x01, 0x6F, 0x01, 0x6F, 
0x01, 0x6F, 0x02, 0x15, 0x02, 0x15, 0x02, 0x15, 0x02, 0x15, 0x02, 0x15, 0x01, 0x6F, 0x7B, 0xCF, 
0x7B, 0xCF, 0x7B, 0xCF, 0x7B, 0xCF, 0x7B, 0xCF, 0x00, 0x00, 0x00, 0x00, 0x00, 0x00, 0x7B, 0xCF, 
0x7B, 0xCF, 0x00, 0x00, 0x7B, 0xCF, 0xAD, 0x55, 0xAD, 0x55, 0x7B, 0xCF, 0x00, 0x00, 0x00, 0x00, 
0x00, 0x00, 0x00, 0x00, 0x00, 0x00, 0x00, 0x00, 0x00, 0x00, 0x00, 0x00, 0x00, 0x00, 0x00, 0x00, 
0x00, 0x00, 0x01, 0x6F, 0x02, 0x15, 0x02, 0x15, 0x02, 0x15, 0x02, 0x15, 0x01, 0x6F, 0x00, 0x00, 
0x00, 0x00, 0x00, 0x00, 0x00, 0x00, 0x00, 0x00, 0x00, 0x00, 0x00, 0x00, 0x00, 0x00, 0x00, 0x00, 
0x00, 0x00, 0x00, 0x00, 0x7B, 0xCF, 0xAD, 0x55, 0x94, 0x92, 0x7B, 0xCF, 0x00, 0x00, 0x00, 0x00, 
0x00, 0x00, 0x00, 0x00, 0x00, 0x00, 0x00, 0x00, 0x00, 0x00, 0x00, 0x00, 0x00, 0x00, 0x00, 0x00, 
0x00, 0x00, 0x00, 0x00, 0x01, 0x6F, 0x01, 0x6F, 0x01, 0x6F, 0x01, 0x6F, 0x00, 0x00, 0x00, 0x00, 
0x00, 0x00, 0x00, 0x00, 0x00, 0x00, 0x00, 0x00, 0x00, 0x00, 0x00, 0x00, 0x00, 0x00, 0x00, 0x00, 
0x00, 0x00, 0x00, 0x00, 0x00, 0x00, 0x7B, 0xCF, 0x94, 0x92, 0x7B, 0xCF, 0x00, 0x00, 0x00, 0x00, 
0x00, 0x00, 0x00, 0x00, 0x00, 0x00, 0x00, 0x00, 0x00, 0x00, 0x00, 0x00, 0x00, 0x00, 0x00, 0x00, 
0x00, 0x00, 0x00, 0x00, 0x00, 0x00, 0x00, 0x00, 0x00, 0x00, 0x00, 0x00, 0x00, 0x00, 0x00, 0x00, 
0x00, 0x00, 0x00, 0x00, 0x00, 0x00, 0x00, 0x00, 0x00, 0x00, 0x00, 0x00, 0x00, 0x00, 0x00, 0x00, 
0x00, 0x00, 0x00, 0x00, 0x00, 0x00, 0x00, 0x00, 0x7B, 0xCF, 0x00, 0x00, 0x00, 0x00, 0x00, 0x00, 
0x00, 0x00, 0x00, 0x00, 0x00, 0x00, 0x00, 0x00, 0x00, 0x00, 0x00, 0x00, 0x00, 0x00, 0x00, 0x00, 
0x00, 0x00, 0x00, 0x00, 0x00, 0x00, 0x00, 0x00, 0x00, 0x00, 0x00, 0x00, 0x00, 0x00, 0x00, 0x00, 
0x00, 0x00, 0x00, 0x00, 0x00, 0x00, 0x00, 0x00, 0x00, 0x00, 0x00, 0x00, 0x00, 0x00, 0x00, 0x00, 
0x00, 0x00, 0x00, 0x00, 0x00, 0x00, 0x00, 0x00, 0x00, 0x00, 0x00, 0x00, 0x00, 0x00, 0x00, 0x00
}
}
};

#endif