#ifndef AQUATANBMP_H
#define AQUATANBMP_H

const unsigned char aqua_bmp [][4][2048] PROGMEM = 
{
{
{
0x00, 0x00, 0x00, 0x00, 0x00, 0x00, 0x00, 0x00, 0x00, 0x00, 0x00, 0x00, 0x00, 0x00, 0x00, 0x00, 
0x00, 0x00, 0x00, 0x00, 0x00, 0x00, 0x00, 0x00, 0x00, 0x00, 0x00, 0x00, 0x00, 0x00, 0x00, 0x00, 
0x00, 0x00, 0x00, 0x00, 0x00, 0x00, 0x00, 0x00, 0x00, 0x00, 0x00, 0x00, 0x00, 0x00, 0x00, 0x00, 
0x00, 0x00, 0x00, 0x00, 0x00, 0x00, 0x00, 0x00, 0x00, 0x00, 0x00, 0x00, 0x00, 0x00, 0x00, 0x00, 
0x00, 0x00, 0x00, 0x00, 0x00, 0x00, 0x00, 0x00, 0x00, 0x00, 0x00, 0x00, 0x00, 0x00, 0x00, 0x00, 
0x00, 0x00, 0x00, 0x00, 0x00, 0x00, 0x00, 0x00, 0x00, 0x00, 0x00, 0x00, 0x00, 0x00, 0x00, 0x00, 
0x00, 0x00, 0x00, 0x00, 0x00, 0x00, 0x00, 0x00, 0x00, 0x00, 0x00, 0x00, 0x00, 0x00, 0x00, 0x00, 
0x00, 0x00, 0x00, 0x00, 0x00, 0x00, 0x00, 0x00, 0x00, 0x00, 0x00, 0x00, 0x00, 0x00, 0x00, 0x00, 
0x00, 0x00, 0x00, 0x00, 0x00, 0x00, 0x00, 0x00, 0x00, 0x00, 0x00, 0x00, 0x00, 0x00, 0x00, 0x00, 
0x00, 0x00, 0x00, 0x00, 0x00, 0x00, 0x00, 0x00, 0x00, 0x00, 0x00, 0x00, 0x00, 0x00, 0x00, 0x00, 
0x00, 0x00, 0x00, 0x00, 0x00, 0x00, 0x00, 0x00, 0x00, 0x00, 0x00, 0x00, 0x00, 0x00, 0x00, 0x00, 
0x00, 0x00, 0x00, 0x00, 0x00, 0x00, 0x00, 0x00, 0x00, 0x00, 0x00, 0x00, 0x00, 0x00, 0x00, 0x00, 
0x00, 0x00, 0x00, 0x00, 0x00, 0x00, 0x00, 0x00, 0x00, 0x00, 0x00, 0x00, 0x00, 0x00, 0x00, 0x00, 
0x00, 0x00, 0x00, 0x00, 0x00, 0x00, 0x00, 0x00, 0x00, 0x00, 0x00, 0x00, 0x00, 0x00, 0x00, 0x00, 
0x00, 0x00, 0x00, 0x00, 0x00, 0x00, 0x00, 0x00, 0x00, 0x00, 0x00, 0x00, 0x00, 0x00, 0x00, 0x00, 
0x00, 0x00, 0x00, 0x00, 0x00, 0x00, 0x00, 0x00, 0x00, 0x00, 0x00, 0x00, 0x00, 0x00, 0x00, 0x00, 
0x00, 0x00, 0x00, 0x00, 0x00, 0x00, 0x00, 0x00, 0x00, 0x00, 0x00, 0x00, 0x00, 0x00, 0x00, 0x00, 
0x00, 0x00, 0x00, 0x00, 0x00, 0x00, 0x00, 0x00, 0x00, 0x00, 0x58, 0x40, 0x58, 0x40, 0x58, 0x40, 
0x58, 0x40, 0x58, 0x40, 0x58, 0x40, 0x00, 0x00, 0x00, 0x00, 0x00, 0x00, 0x00, 0x00, 0x58, 0x40, 
0x58, 0x40, 0x00, 0x00, 0x00, 0x00, 0x00, 0x00, 0x00, 0x00, 0x00, 0x00, 0x00, 0x00, 0x00, 0x00, 
0x00, 0x00, 0x00, 0x00, 0x00, 0x00, 0x00, 0x00, 0x00, 0x00, 0x00, 0x00, 0x00, 0x00, 0x4A, 0xA0, 
0x4A, 0xA0, 0x4A, 0xA0, 0x4A, 0xA0, 0x4A, 0xA0, 0x58, 0x40, 0xB0, 0xC0, 0xB0, 0xC0, 0xE1, 0x20, 
0xE1, 0x20, 0xE1, 0x20, 0xE1, 0x20, 0x58, 0x40, 0x00, 0x00, 0x00, 0x00, 0x58, 0x40, 0xE1, 0x20, 
0xE1, 0x20, 0x58, 0x40, 0x00, 0x00, 0x00, 0x00, 0x00, 0x00, 0x00, 0x00, 0x00, 0x00, 0x00, 0x00, 
0x00, 0x00, 0x00, 0x00, 0x00, 0x00, 0x00, 0x00, 0x00, 0x00, 0x00, 0x00, 0x4A, 0xA0, 0xFE, 0xCE, 
0xFE, 0xCE, 0xFE, 0x47, 0xFE, 0x47, 0x4A, 0xA0, 0xB0, 0xC0, 0xB0, 0xC0, 0xE1, 0x20, 0xE1, 0x20, 
0xE1, 0x20, 0xE1, 0x20, 0xE1, 0x20, 0xE1, 0x20, 0x58, 0x40, 0x58, 0x40, 0xE1, 0x20, 0xFA, 0x02, 
0xFF, 0xFF, 0xEF, 0x5D, 0x58, 0x40, 0x00, 0x00, 0x00, 0x00, 0x00, 0x00, 0x00, 0x00, 0x00, 0x00, 
0x00, 0x00, 0x00, 0x00, 0x00, 0x00, 0x00, 0x00, 0x00, 0x00, 0x4A, 0xA0, 0xFE, 0xCE, 0xFE, 0xCE, 
0xFE, 0xCE, 0xFE, 0x47, 0xFE, 0x47, 0x4A, 0xA0, 0x4A, 0xA0, 0xE1, 0x20, 0xFA, 0x02, 0xFA, 0x02, 
0xFA, 0x02, 0xFA, 0x02, 0xFA, 0x02, 0xE1, 0x20, 0xE1, 0x20, 0x58, 0x40, 0xFA, 0x02, 0xFB, 0x0A, 
0xEF, 0x5D, 0xEF, 0x5D, 0xE1, 0x20, 0x58, 0x40, 0x00, 0x00, 0x00, 0x00, 0x00, 0x00, 0x00, 0x00, 
0x00, 0x00, 0x00, 0x00, 0x00, 0x00, 0x00, 0x00, 0x4A, 0xA0, 0x8C, 0x20, 0xFE, 0x47, 0xFE, 0xCE, 
0xFE, 0xCE, 0xFE, 0x47, 0xFE, 0x47, 0xD4, 0xE0, 0x4A, 0xA0, 0xFA, 0x02, 0xFB, 0x0A, 0xFB, 0x0A, 
0xFB, 0x0A, 0xFB, 0x0A, 0xFF, 0xFF, 0xEF, 0x5D, 0xE1, 0x20, 0x58, 0x40, 0xFB, 0x0A, 0xFB, 0x0A, 
0xFB, 0x0A, 0xE1, 0x20, 0xE1, 0x20, 0xE1, 0x20, 0x58, 0x40, 0x00, 0x00, 0x00, 0x00, 0x00, 0x00, 
0x00, 0x00, 0x00, 0x00, 0x00, 0x00, 0x4A, 0xA0, 0xFE, 0xCE, 0x8C, 0x20, 0x8C, 0x20, 0xFE, 0x47, 
0xFE, 0x47, 0xFE, 0x47, 0xFE, 0x47, 0xD4, 0xE0, 0x4A, 0xA0, 0xFA, 0x02, 0xFB, 0x0A, 0xFB, 0x0A, 
0xFB, 0x0A, 0xFB, 0x0A, 0xEF, 0x5D, 0xEF, 0x5D, 0xE1, 0x20, 0x58, 0x40, 0xFB, 0x0A, 0xFB, 0x0A, 
0xE1, 0x20, 0xFA, 0x02, 0xFA, 0x02, 0xE1, 0x20, 0x8B, 0x69, 0x8B, 0x69, 0x00, 0x00, 0x00, 0x00, 
0x00, 0x00, 0x00, 0x00, 0x4A, 0xA0, 0xFE, 0xCE, 0xFE, 0xCE, 0xFE, 0xCE, 0x8C, 0x20, 0x8C, 0x20, 
0xFE, 0x47, 0xFE, 0x47, 0xD4, 0xE0, 0xD4, 0xE0, 0x4A, 0xA0, 0xFA, 0x02, 0x75, 0xC8, 0x75, 0xC8, 
0x75, 0xC8, 0x75, 0xC8, 0xFB, 0x0A, 0xFA, 0x02, 0xFA, 0x02, 0xE1, 0x20, 0x58, 0x40, 0xE1, 0x20, 
0xFB, 0x0A, 0xFB, 0x0A, 0xFB, 0x0A, 0xFA, 0x02, 0x8B, 0x69, 0x8B, 0x69, 0x00, 0x00, 0x00, 0x00, 
0x00, 0x00, 0x00, 0x00, 0x4A, 0xA0, 0xFE, 0xCE, 0xFE, 0xCE, 0xFE, 0xCE, 0xFE, 0x47, 0x8C, 0x20, 
0x8C, 0x20, 0xFE, 0x47, 0xD4, 0xE0, 0xD4, 0xE0, 0x4A, 0xA0, 0xFA, 0x02, 0x75, 0xC8, 0xCF, 0x56, 
0xCF, 0x56, 0x75, 0xC8, 0xFB, 0x0A, 0xFA, 0x02, 0xFA, 0x02, 0xE1, 0x20, 0x58, 0x40, 0xFB, 0x0A, 
0xFB, 0x0A, 0xFB, 0x0A, 0xFB, 0x0A, 0xFA, 0x02, 0x8B, 0x69, 0x6A, 0x65, 0x00, 0x00, 0x00, 0x00, 
0x00, 0x00, 0x00, 0x00, 0x4A, 0xA0, 0xFE, 0xCE, 0xFE, 0xCE, 0xFE, 0xCE, 0xFE, 0x47, 0xFE, 0x47, 
0x8C, 0x20, 0x8C, 0x20, 0xD4, 0xE0, 0xD4, 0xE0, 0x4A, 0xA0, 0xFA, 0x02, 0xFB, 0x0A, 0xFB, 0x0A, 
0xFB, 0x0A, 0xFB, 0x0A, 0xFB, 0x0A, 0xFA, 0x02, 0xFA, 0x02, 0xE1, 0x20, 0x58, 0x40, 0xFB, 0x0A, 
0x94, 0x92, 0x94, 0x92, 0x7B, 0xCF, 0x42, 0x28, 0x6A, 0x65, 0x6A, 0x65, 0x00, 0x00, 0x00, 0x00, 
0x00, 0x00, 0x00, 0x00, 0x4A, 0xA0, 0xFE, 0xCE, 0xFE, 0xCE, 0xFE, 0xCE, 0xFE, 0x47, 0xFE, 0x47, 
0xFE, 0x47, 0x8C, 0x20, 0xD4, 0xE0, 0xD4, 0xE0, 0x4A, 0xA0, 0xFA, 0x02, 0xFB, 0x0A, 0xFB, 0x0A, 
0xFB, 0x0A, 0xFB, 0x0A, 0xFB, 0x0A, 0xEF, 0x5D, 0xFA, 0x02, 0xE1, 0x20, 0x58, 0x40, 0x94, 0x92, 
0x94, 0x92, 0x7B, 0xCF, 0x63, 0x0C, 0x42, 0x28, 0x6A, 0x65, 0x6A, 0x65, 0x00, 0x00, 0x00, 0x00, 
0x00, 0x00, 0x00, 0x00, 0x4A, 0xA0, 0xFE, 0xCE, 0xFE, 0xCE, 0xFE, 0xCE, 0xFE, 0x47, 0xFE, 0x47, 
0xFE, 0x47, 0xD4, 0xE0, 0x8C, 0x20, 0xD4, 0xE0, 0x4A, 0xA0, 0xFA, 0x02, 0xFB, 0x0A, 0xFB, 0x0A, 
0xFB, 0x0A, 0xFB, 0x0A, 0xFA, 0x02, 0xEF, 0x5D, 0xFA, 0x02, 0xE1, 0x20, 0xE1, 0x20, 0x94, 0x92, 
0x7B, 0xCF, 0x7B, 0xCF, 0x63, 0x0C, 0x42, 0x28, 0x6A, 0x65, 0x6A, 0x65, 0x00, 0x00, 0x00, 0x00, 
0x00, 0x00, 0x00, 0x00, 0x4A, 0xA0, 0xFE, 0xCE, 0xFE, 0xCE, 0xFE, 0xCE, 0xFE, 0x47, 0xFE, 0x47, 
0xFE, 0x47, 0xD4, 0xE0, 0x8C, 0x20, 0xD4, 0xE0, 0x4A, 0xA0, 0xFA, 0x02, 0xFA, 0x02, 0xFB, 0x0A, 
0xFB, 0x0A, 0xFA, 0x02, 0xFA, 0x02, 0xEF, 0x5D, 0xFA, 0x02, 0xE1, 0x20, 0xE1, 0x20, 0x7B, 0xCF, 
0x7B, 0xCF, 0x7B, 0xCF, 0x63, 0x0C, 0x42, 0x28, 0xE1, 0x20, 0x00, 0x00, 0x00, 0x00, 0x00, 0x00, 
0x00, 0x00, 0x00, 0x00, 0x4A, 0xA0, 0xFE, 0x47, 0xFE, 0xCE, 0xFE, 0xCE, 0xFE, 0x47, 0xFE, 0x47, 
0xFE, 0x47, 0xD4, 0xE0, 0x8C, 0x20, 0xD4, 0xE0, 0x4A, 0xA0, 0xFA, 0x02, 0xFA, 0x02, 0xFA, 0x02, 
0xFA, 0x02, 0xFA, 0x02, 0xFA, 0x02, 0xEF, 0x5D, 0xFA, 0x02, 0xE1, 0x20, 0xE1, 0x20, 0x63, 0x0C, 
0x63, 0x0C, 0x63, 0x0C, 0x63, 0x0C, 0x42, 0x28, 0xE1, 0x20, 0x00, 0x00, 0x00, 0x00, 0x00, 0x00, 
0x00, 0x00, 0x00, 0x00, 0x4A, 0xA0, 0xFE, 0x47, 0xFE, 0x47, 0xFE, 0x47, 0xFE, 0x47, 0xFE, 0x47, 
0xFE, 0x47, 0xD4, 0xE0, 0x8C, 0x20, 0xD4, 0xE0, 0x4A, 0xA0, 0xE1, 0x20, 0xFA, 0x02, 0xFA, 0x02, 
0xFA, 0x02, 0xFA, 0x02, 0xFA, 0x02, 0xEF, 0x5D, 0xFA, 0x02, 0xE1, 0x20, 0xE1, 0x20, 0x63, 0x0C, 
0x63, 0x0C, 0x63, 0x0C, 0x63, 0x0C, 0x42, 0x28, 0x8B, 0x69, 0x8B, 0x69, 0x00, 0x00, 0x00, 0x00, 
0x00, 0x00, 0x00, 0x00, 0x4A, 0xA0, 0x8C, 0x20, 0xFE, 0x47, 0xFE, 0x47, 0xFE, 0x47, 0xFE, 0x47, 
0xFE, 0x47, 0xD4, 0xE0, 0x8C, 0x20, 0x8C, 0x20, 0x4A, 0xA0, 0xE1, 0x20, 0xE1, 0x20, 0xFA, 0x02, 
0xFA, 0x02, 0xFA, 0x02, 0xFA, 0x02, 0xEF, 0x5D, 0xE1, 0x20, 0xE1, 0x20, 0xE1, 0x20, 0xE1, 0x20, 
0x42, 0x28, 0x42, 0x28, 0x42, 0x28, 0x42, 0x28, 0x8B, 0x69, 0x8B, 0x69, 0x00, 0x00, 0x00, 0x00, 
0x00, 0x00, 0x00, 0x00, 0x4A, 0xA0, 0x8C, 0x20, 0x8C, 0x20, 0xFE, 0x47, 0xFE, 0x47, 0xFE, 0x47, 
0xFE, 0x47, 0xD4, 0xE0, 0xD4, 0xE0, 0x8C, 0x20, 0x4A, 0xA0, 0xE1, 0x20, 0xE1, 0x20, 0xE1, 0x20, 
0xE1, 0x20, 0xE1, 0x20, 0xE1, 0x20, 0xE1, 0x20, 0xE1, 0x20, 0xE1, 0x20, 0x58, 0x40, 0xE1, 0x20, 
0x42, 0x28, 0x42, 0x28, 0x42, 0x28, 0x42, 0x28, 0x8B, 0x69, 0x6A, 0x65, 0x00, 0x00, 0x00, 0x00, 
0x00, 0x00, 0x4A, 0xA0, 0xFE, 0xCE, 0xFE, 0xCE, 0x8C, 0x20, 0x8C, 0x20, 0xFE, 0x47, 0xFE, 0x47, 
0xD4, 0xE0, 0xD4, 0xE0, 0xD4, 0xE0, 0x8C, 0x20, 0x4A, 0xA0, 0xE1, 0x20, 0x75, 0xC8, 0xCF, 0x56, 
0xCF, 0x56, 0x75, 0xC8, 0xE1, 0x20, 0xE1, 0x20, 0xE1, 0x20, 0xE1, 0x20, 0x58, 0x40, 0xE1, 0x20, 
0xE1, 0x20, 0xE1, 0x20, 0xE1, 0x20, 0xE1, 0x20, 0x6A, 0x65, 0x6A, 0x65, 0x00, 0x00, 0x00, 0x00, 
0x00, 0x00, 0x4A, 0xA0, 0xFE, 0xCE, 0xFE, 0xCE, 0xFE, 0x47, 0x8C, 0x20, 0xD4, 0xE0, 0xD4, 0xE0, 
0xD4, 0xE0, 0xD4, 0xE0, 0xD4, 0xE0, 0x8C, 0x20, 0x4A, 0xA0, 0xE1, 0x20, 0x75, 0xC8, 0x75, 0xC8, 
0x75, 0xC8, 0x75, 0xC8, 0xE1, 0x20, 0xE1, 0x20, 0xE1, 0x20, 0xE1, 0x20, 0x58, 0x40, 0x58, 0x40, 
0xE1, 0x20, 0xE1, 0x20, 0xE1, 0x20, 0xE1, 0x20, 0x6A, 0x65, 0x6A, 0x65, 0x00, 0x00, 0x00, 0x00, 
0x00, 0x00, 0x4A, 0xA0, 0xFE, 0x47, 0xFE, 0x47, 0xFE, 0x47, 0x8C, 0x20, 0x8C, 0x20, 0xD4, 0xE0, 
0xD4, 0xE0, 0xD4, 0xE0, 0xD4, 0xE0, 0x8C, 0x20, 0x4A, 0xA0, 0xE1, 0x20, 0xE1, 0x20, 0xE1, 0x20, 
0xE1, 0x20, 0xE1, 0x20, 0xFF, 0xFF, 0xEF, 0x5D, 0xE1, 0x20, 0x58, 0x40, 0xE1, 0x20, 0xE1, 0x20, 
0x58, 0x40, 0xE1, 0x20, 0xE1, 0x20, 0x58, 0x40, 0x6A, 0x65, 0x6A, 0x65, 0x00, 0x00, 0x00, 0x00, 
0x00, 0x00, 0x4A, 0xA0, 0xFE, 0x47, 0xFE, 0x47, 0xFE, 0x47, 0xFE, 0x47, 0x8C, 0x20, 0xD4, 0xE0, 
0xD4, 0xE0, 0xD4, 0xE0, 0xD4, 0xE0, 0x8C, 0x20, 0x4A, 0xA0, 0xE1, 0x20, 0xE1, 0x20, 0xE1, 0x20, 
0xE1, 0x20, 0xE1, 0x20, 0xEF, 0x5D, 0xEF, 0x5D, 0xE1, 0x20, 0x58, 0x40, 0xB0, 0xC0, 0xE1, 0x20, 
0xE1, 0x20, 0x58, 0x40, 0xE1, 0x20, 0xE1, 0x20, 0xE1, 0x20, 0x00, 0x00, 0x00, 0x00, 0x00, 0x00, 
0x4A, 0xA0, 0xFE, 0x47, 0xFE, 0x47, 0xFE, 0x47, 0xFE, 0x47, 0xD4, 0xE0, 0x8C, 0x20, 0x8C, 0x20, 
0xD4, 0xE0, 0xD4, 0xE0, 0xD4, 0xE0, 0x8C, 0x20, 0x4A, 0xA0, 0xB0, 0xC0, 0xE1, 0x20, 0xE1, 0x20, 
0xE1, 0x20, 0xE1, 0x20, 0xE1, 0x20, 0xE1, 0x20, 0xB0, 0xC0, 0x58, 0x40, 0xB0, 0xC0, 0xB0, 0xC0, 
0xFF, 0xFF, 0xEF, 0x5D, 0xB0, 0xC0, 0x58, 0x40, 0xE1, 0x20, 0x58, 0x40, 0x00, 0x00, 0x00, 0x00, 
0x4A, 0xA0, 0xFE, 0x47, 0xFE, 0x47, 0xD4, 0xE0, 0xD4, 0xE0, 0xD4, 0xE0, 0xD4, 0xE0, 0x8C, 0x20, 
0xD4, 0xE0, 0xD4, 0xE0, 0x8C, 0x20, 0x8C, 0x20, 0x4A, 0xA0, 0xB0, 0xC0, 0xB0, 0xC0, 0xB0, 0xC0, 
0xB0, 0xC0, 0xB0, 0xC0, 0xB0, 0xC0, 0xB0, 0xC0, 0x58, 0x40, 0x58, 0x40, 0xB0, 0xC0, 0xB0, 0xC0, 
0xEF, 0x5D, 0xEF, 0x5D, 0x58, 0x40, 0xFA, 0x02, 0xE1, 0x20, 0x58, 0x40, 0x00, 0x00, 0x00, 0x00, 
0x00, 0x00, 0x4A, 0xA0, 0xD4, 0xE0, 0xD4, 0xE0, 0xD4, 0xE0, 0xD4, 0xE0, 0xD4, 0xE0, 0x8C, 0x20, 
0x8C, 0x20, 0x8C, 0x20, 0x8C, 0x20, 0x8C, 0x20, 0x8C, 0x20, 0x4A, 0xA0, 0xB0, 0xC0, 0xB0, 0xC0, 
0xB0, 0xC0, 0xB0, 0xC0, 0xB0, 0xC0, 0x58, 0x40, 0x00, 0x00, 0x00, 0x00, 0x58, 0x40, 0xB0, 0xC0, 
0xB0, 0xC0, 0x58, 0x40, 0x58, 0x40, 0xE1, 0x20, 0xE1, 0x20, 0x58, 0x40, 0x00, 0x00, 0x00, 0x00, 
0x00, 0x00, 0x00, 0x00, 0x4A, 0xA0, 0x4A, 0xA0, 0x4A, 0xA0, 0x4A, 0xA0, 0x4A, 0xA0, 0x4A, 0xA0, 
0x8C, 0x20, 0x8C, 0x20, 0x8C, 0x20, 0x8C, 0x20, 0x8C, 0x20, 0x4A, 0xA0, 0x58, 0x40, 0x58, 0x40, 
0x58, 0x40, 0x58, 0x40, 0x58, 0x40, 0x00, 0x00, 0x00, 0x00, 0x00, 0x00, 0x00, 0x00, 0x58, 0x40, 
0x58, 0x40, 0x00, 0x00, 0x58, 0x40, 0xE1, 0x20, 0xE1, 0x20, 0x58, 0x40, 0x00, 0x00, 0x00, 0x00, 
0x00, 0x00, 0x00, 0x00, 0x00, 0x00, 0x00, 0x00, 0x00, 0x00, 0x00, 0x00, 0x00, 0x00, 0x00, 0x00, 
0x4A, 0xA0, 0x8C, 0x20, 0x8C, 0x20, 0x8C, 0x20, 0x8C, 0x20, 0x4A, 0xA0, 0x00, 0x00, 0x00, 0x00, 
0x00, 0x00, 0x00, 0x00, 0x00, 0x00, 0x00, 0x00, 0x00, 0x00, 0x00, 0x00, 0x00, 0x00, 0x00, 0x00, 
0x00, 0x00, 0x00, 0x00, 0x58, 0x40, 0xE1, 0x20, 0xB0, 0xC0, 0x58, 0x40, 0x00, 0x00, 0x00, 0x00, 
0x00, 0x00, 0x00, 0x00, 0x00, 0x00, 0x00, 0x00, 0x00, 0x00, 0x00, 0x00, 0x00, 0x00, 0x00, 0x00, 
0x00, 0x00, 0x4A, 0xA0, 0x4A, 0xA0, 0x4A, 0xA0, 0x4A, 0xA0, 0x00, 0x00, 0x00, 0x00, 0x00, 0x00, 
0x00, 0x00, 0x00, 0x00, 0x00, 0x00, 0x00, 0x00, 0x00, 0x00, 0x00, 0x00, 0x00, 0x00, 0x00, 0x00, 
0x00, 0x00, 0x00, 0x00, 0x00, 0x00, 0x58, 0x40, 0xB0, 0xC0, 0x58, 0x40, 0x00, 0x00, 0x00, 0x00, 
0x00, 0x00, 0x00, 0x00, 0x00, 0x00, 0x00, 0x00, 0x00, 0x00, 0x00, 0x00, 0x00, 0x00, 0x00, 0x00, 
0x00, 0x00, 0x00, 0x00, 0x00, 0x00, 0x00, 0x00, 0x00, 0x00, 0x00, 0x00, 0x00, 0x00, 0x00, 0x00, 
0x00, 0x00, 0x00, 0x00, 0x00, 0x00, 0x00, 0x00, 0x00, 0x00, 0x00, 0x00, 0x00, 0x00, 0x00, 0x00, 
0x00, 0x00, 0x00, 0x00, 0x00, 0x00, 0x00, 0x00, 0x58, 0x40, 0x00, 0x00, 0x00, 0x00, 0x00, 0x00, 
0x00, 0x00, 0x00, 0x00, 0x00, 0x00, 0x00, 0x00, 0x00, 0x00, 0x00, 0x00, 0x00, 0x00, 0x00, 0x00, 
0x00, 0x00, 0x00, 0x00, 0x00, 0x00, 0x00, 0x00, 0x00, 0x00, 0x00, 0x00, 0x00, 0x00, 0x00, 0x00, 
0x00, 0x00, 0x00, 0x00, 0x00, 0x00, 0x00, 0x00, 0x00, 0x00, 0x00, 0x00, 0x00, 0x00, 0x00, 0x00, 
0x00, 0x00, 0x00, 0x00, 0x00, 0x00, 0x00, 0x00, 0x00, 0x00, 0x00, 0x00, 0x00, 0x00, 0x00, 0x00
}
,
{
0x00, 0x00, 0x00, 0x00, 0x00, 0x00, 0x00, 0x00, 0x00, 0x00, 0x00, 0x00, 0x00, 0x00, 0x00, 0x00, 
0x00, 0x00, 0x00, 0x00, 0x00, 0x00, 0x00, 0x00, 0x00, 0x00, 0x00, 0x00, 0x00, 0x00, 0x00, 0x00, 
0x00, 0x00, 0x00, 0x00, 0x00, 0x00, 0x00, 0x00, 0x00, 0x00, 0x00, 0x00, 0x00, 0x00, 0x00, 0x00, 
0x00, 0x00, 0x00, 0x00, 0x00, 0x00, 0x00, 0x00, 0x00, 0x00, 0x00, 0x00, 0x00, 0x00, 0x00, 0x00, 
0x00, 0x00, 0x00, 0x00, 0x00, 0x00, 0x00, 0x00, 0x00, 0x00, 0x00, 0x00, 0x00, 0x00, 0x00, 0x00, 
0x00, 0x00, 0x00, 0x00, 0x00, 0x00, 0x00, 0x00, 0x00, 0x00, 0x00, 0x00, 0x00, 0x00, 0x00, 0x00, 
0x00, 0x00, 0x00, 0x00, 0x00, 0x00, 0x00, 0x00, 0x00, 0x00, 0x00, 0x00, 0x00, 0x00, 0x00, 0x00, 
0x00, 0x00, 0x00, 0x00, 0x00, 0x00, 0x00, 0x00, 0x00, 0x00, 0x00, 0x00, 0x00, 0x00, 0x00, 0x00, 
0x00, 0x00, 0x00, 0x00, 0x00, 0x00, 0x00, 0x00, 0x00, 0x00, 0x00, 0x00, 0x00, 0x00, 0x00, 0x00, 
0x00, 0x00, 0x00, 0x00, 0x00, 0x00, 0x00, 0x00, 0x00, 0x00, 0x00, 0x00, 0x00, 0x00, 0x00, 0x00, 
0x00, 0x00, 0x00, 0x00, 0x00, 0x00, 0x00, 0x00, 0x00, 0x00, 0x00, 0x00, 0x00, 0x00, 0x00, 0x00, 
0x00, 0x00, 0x00, 0x00, 0x00, 0x00, 0x00, 0x00, 0x00, 0x00, 0x00, 0x00, 0x00, 0x00, 0x00, 0x00, 
0x00, 0x00, 0x00, 0x00, 0x00, 0x00, 0x00, 0x00, 0x00, 0x00, 0x00, 0x00, 0x00, 0x00, 0x00, 0x00, 
0x00, 0x00, 0x00, 0x00, 0x00, 0x00, 0x00, 0x00, 0x00, 0x00, 0x00, 0x00, 0x00, 0x00, 0x00, 0x00, 
0x00, 0x00, 0x00, 0x00, 0x00, 0x00, 0x00, 0x00, 0x00, 0x00, 0x00, 0x00, 0x00, 0x00, 0x00, 0x00, 
0x00, 0x00, 0x00, 0x00, 0x00, 0x00, 0x00, 0x00, 0x00, 0x00, 0x00, 0x00, 0x00, 0x00, 0x00, 0x00, 
0x00, 0x00, 0x00, 0x00, 0x00, 0x00, 0x00, 0x00, 0x00, 0x00, 0x00, 0x00, 0x00, 0x00, 0x00, 0x00, 
0x00, 0x00, 0x00, 0x00, 0x00, 0x00, 0x00, 0x00, 0x00, 0x00, 0x00, 0x00, 0x58, 0x40, 0x58, 0x40, 
0x58, 0x40, 0x58, 0x40, 0x58, 0x40, 0x58, 0x40, 0x00, 0x00, 0x00, 0x00, 0x00, 0x00, 0x00, 0x00, 
0x00, 0x00, 0x00, 0x00, 0x00, 0x00, 0x00, 0x00, 0x00, 0x00, 0x00, 0x00, 0x00, 0x00, 0x00, 0x00, 
0x00, 0x00, 0x00, 0x00, 0x00, 0x00, 0x00, 0x00, 0x00, 0x00, 0x00, 0x00, 0x00, 0x00, 0x00, 0x00, 
0x4A, 0xA0, 0x4A, 0xA0, 0x4A, 0xA0, 0x4A, 0xA0, 0x4A, 0xA0, 0x58, 0x40, 0xB0, 0xC0, 0xB0, 0xC0, 
0xE1, 0x20, 0xE1, 0x20, 0xE1, 0x20, 0xE1, 0x20, 0x58, 0x40, 0x00, 0x00, 0x00, 0x00, 0x00, 0x00, 
0x00, 0x00, 0x00, 0x00, 0x00, 0x00, 0x00, 0x00, 0x00, 0x00, 0x00, 0x00, 0x00, 0x00, 0x00, 0x00, 
0x00, 0x00, 0x00, 0x00, 0x00, 0x00, 0x00, 0x00, 0x00, 0x00, 0x00, 0x00, 0x00, 0x00, 0x4A, 0xA0, 
0xFE, 0xCE, 0xFE, 0xCE, 0xFE, 0x47, 0xFE, 0x47, 0x4A, 0xA0, 0xB0, 0xC0, 0xB0, 0xC0, 0xE1, 0x20, 
0xE1, 0x20, 0xE1, 0x20, 0xE1, 0x20, 0xE1, 0x20, 0xE1, 0x20, 0x58, 0x40, 0x58, 0x40, 0x00, 0x00, 
0x58, 0x40, 0x58, 0x40, 0x58, 0x40, 0x58, 0x40, 0x00, 0x00, 0x00, 0x00, 0x00, 0x00, 0x00, 0x00, 
0x00, 0x00, 0x00, 0x00, 0x00, 0x00, 0x00, 0x00, 0x00, 0x00, 0x00, 0x00, 0x4A, 0xA0, 0xFE, 0xCE, 
0xFE, 0xCE, 0xFE, 0xCE, 0xFE, 0x47, 0xFE, 0x47, 0x4A, 0xA0, 0x4A, 0xA0, 0xE1, 0x20, 0xFA, 0x02, 
0xFA, 0x02, 0xFA, 0x02, 0xFA, 0x02, 0xFA, 0x02, 0xE1, 0x20, 0xE1, 0x20, 0x58, 0x40, 0x58, 0x40, 
0xFB, 0x0A, 0xFB, 0x0A, 0xFB, 0x0A, 0xE1, 0x20, 0x58, 0x40, 0x00, 0x00, 0x00, 0x00, 0x00, 0x00, 
0x00, 0x00, 0x00, 0x00, 0x00, 0x00, 0x00, 0x00, 0x00, 0x00, 0x4A, 0xA0, 0x8C, 0x20, 0xFE, 0x47, 
0xFE, 0xCE, 0xFE, 0xCE, 0xFE, 0x47, 0xFE, 0x47, 0xD4, 0xE0, 0x4A, 0xA0, 0xFA, 0x02, 0xFB, 0x0A, 
0xFB, 0x0A, 0xFB, 0x0A, 0xFB, 0x0A, 0xFF, 0xFF, 0xEF, 0x5D, 0xE1, 0x20, 0x58, 0x40, 0xFB, 0x0A, 
0xFB, 0x0A, 0xFB, 0x0A, 0xFF, 0xFF, 0xEF, 0x5D, 0xE1, 0x20, 0x58, 0x40, 0x00, 0x00, 0x00, 0x00, 
0x00, 0x00, 0x00, 0x00, 0x00, 0x00, 0x00, 0x00, 0x4A, 0xA0, 0xFE, 0xCE, 0x8C, 0x20, 0x8C, 0x20, 
0xFE, 0x47, 0xFE, 0x47, 0xFE, 0x47, 0xFE, 0x47, 0xD4, 0xE0, 0x4A, 0xA0, 0xFA, 0x02, 0xFB, 0x0A, 
0xFB, 0x0A, 0xFB, 0x0A, 0xFB, 0x0A, 0xEF, 0x5D, 0xEF, 0x5D, 0xE1, 0x20, 0x58, 0x40, 0xFB, 0x0A, 
0xFB, 0x0A, 0xFB, 0x0A, 0xEF, 0x5D, 0xEF, 0x5D, 0xE1, 0x20, 0x8B, 0x69, 0x8B, 0x69, 0x00, 0x00, 
0x00, 0x00, 0x00, 0x00, 0x00, 0x00, 0x4A, 0xA0, 0xFE, 0xCE, 0xFE, 0xCE, 0xFE, 0xCE, 0x8C, 0x20, 
0x8C, 0x20, 0xFE, 0x47, 0xFE, 0x47, 0xD4, 0xE0, 0xD4, 0xE0, 0x4A, 0xA0, 0xFA, 0x02, 0x75, 0xC8, 
0x75, 0xC8, 0x75, 0xC8, 0x75, 0xC8, 0xFB, 0x0A, 0xFA, 0x02, 0xFA, 0x02, 0xE1, 0x20, 0x58, 0x40, 
0xE1, 0x20, 0xE1, 0x20, 0xFB, 0x0A, 0xFB, 0x0A, 0xFA, 0x02, 0x8B, 0x69, 0x8B, 0x69, 0x00, 0x00, 
0x00, 0x00, 0x00, 0x00, 0x00, 0x00, 0x4A, 0xA0, 0xFE, 0xCE, 0xFE, 0xCE, 0xFE, 0xCE, 0xFE, 0x47, 
0x8C, 0x20, 0x8C, 0x20, 0xFE, 0x47, 0xD4, 0xE0, 0xD4, 0xE0, 0x4A, 0xA0, 0xFA, 0x02, 0x75, 0xC8, 
0xCF, 0x56, 0xCF, 0x56, 0x75, 0xC8, 0xFB, 0x0A, 0xFA, 0x02, 0xFA, 0x02, 0xE1, 0x20, 0x58, 0x40, 
0xFB, 0x0A, 0xFB, 0x0A, 0xFB, 0x0A, 0xFB, 0x0A, 0xFA, 0x02, 0x8B, 0x69, 0x6A, 0x65, 0x00, 0x00, 
0x00, 0x00, 0x00, 0x00, 0x00, 0x00, 0x4A, 0xA0, 0xFE, 0xCE, 0xFE, 0xCE, 0xFE, 0xCE, 0xFE, 0x47, 
0xFE, 0x47, 0x8C, 0x20, 0x8C, 0x20, 0xD4, 0xE0, 0xD4, 0xE0, 0x4A, 0xA0, 0xFA, 0x02, 0xFB, 0x0A, 
0xFB, 0x0A, 0xFB, 0x0A, 0xFB, 0x0A, 0xFB, 0x0A, 0xFA, 0x02, 0xFA, 0x02, 0xE1, 0x20, 0x58, 0x40, 
0xFB, 0x0A, 0x94, 0x92, 0x94, 0x92, 0x7B, 0xCF, 0x42, 0x28, 0x6A, 0x65, 0x6A, 0x65, 0x00, 0x00, 
0x00, 0x00, 0x00, 0x00, 0x00, 0x00, 0x4A, 0xA0, 0xFE, 0xCE, 0xFE, 0xCE, 0xFE, 0xCE, 0xFE, 0x47, 
0xFE, 0x47, 0xFE, 0x47, 0x8C, 0x20, 0xD4, 0xE0, 0xD4, 0xE0, 0x4A, 0xA0, 0xFA, 0x02, 0xFB, 0x0A, 
0xFB, 0x0A, 0xFB, 0x0A, 0xFB, 0x0A, 0xFB, 0x0A, 0xEF, 0x5D, 0xFA, 0x02, 0xE1, 0x20, 0x58, 0x40, 
0x94, 0x92, 0x94, 0x92, 0x7B, 0xCF, 0x63, 0x0C, 0x42, 0x28, 0x6A, 0x65, 0x6A, 0x65, 0x00, 0x00, 
0x00, 0x00, 0x00, 0x00, 0x00, 0x00, 0x4A, 0xA0, 0xFE, 0xCE, 0xFE, 0xCE, 0xFE, 0xCE, 0xFE, 0x47, 
0xFE, 0x47, 0xFE, 0x47, 0xD4, 0xE0, 0x8C, 0x20, 0xD4, 0xE0, 0x4A, 0xA0, 0xFA, 0x02, 0xFB, 0x0A, 
0xFB, 0x0A, 0xFB, 0x0A, 0xFB, 0x0A, 0xFA, 0x02, 0xEF, 0x5D, 0xFA, 0x02, 0xE1, 0x20, 0xE1, 0x20, 
0x94, 0x92, 0x7B, 0xCF, 0x7B, 0xCF, 0x63, 0x0C, 0x42, 0x28, 0x6A, 0x65, 0x6A, 0x65, 0x00, 0x00, 
0x00, 0x00, 0x00, 0x00, 0x00, 0x00, 0x4A, 0xA0, 0xFE, 0xCE, 0xFE, 0xCE, 0xFE, 0xCE, 0xFE, 0x47, 
0xFE, 0x47, 0xFE, 0x47, 0xD4, 0xE0, 0x8C, 0x20, 0xD4, 0xE0, 0x4A, 0xA0, 0xFA, 0x02, 0xFA, 0x02, 
0xFB, 0x0A, 0xFB, 0x0A, 0xFA, 0x02, 0xFA, 0x02, 0xEF, 0x5D, 0xFA, 0x02, 0xE1, 0x20, 0xE1, 0x20, 
0x7B, 0xCF, 0x7B, 0xCF, 0x7B, 0xCF, 0x63, 0x0C, 0x42, 0x28, 0xE1, 0x20, 0x00, 0x00, 0x00, 0x00, 
0x00, 0x00, 0x00, 0x00, 0x00, 0x00, 0x4A, 0xA0, 0xFE, 0x47, 0xFE, 0xCE, 0xFE, 0xCE, 0xFE, 0x47, 
0xFE, 0x47, 0xFE, 0x47, 0xD4, 0xE0, 0x8C, 0x20, 0xD4, 0xE0, 0x4A, 0xA0, 0xFA, 0x02, 0xFA, 0x02, 
0xFA, 0x02, 0xFA, 0x02, 0xFA, 0x02, 0xFA, 0x02, 0xEF, 0x5D, 0xFA, 0x02, 0xE1, 0x20, 0xE1, 0x20, 
0x63, 0x0C, 0x63, 0x0C, 0x63, 0x0C, 0x63, 0x0C, 0x42, 0x28, 0xE1, 0x20, 0x00, 0x00, 0x00, 0x00, 
0x00, 0x00, 0x00, 0x00, 0x00, 0x00, 0x4A, 0xA0, 0xFE, 0x47, 0xFE, 0x47, 0xFE, 0x47, 0xFE, 0x47, 
0xFE, 0x47, 0xFE, 0x47, 0xD4, 0xE0, 0x8C, 0x20, 0xD4, 0xE0, 0x4A, 0xA0, 0xE1, 0x20, 0xFA, 0x02, 
0xFA, 0x02, 0xFA, 0x02, 0xFA, 0x02, 0xFA, 0x02, 0xEF, 0x5D, 0xFA, 0x02, 0xE1, 0x20, 0xE1, 0x20, 
0x63, 0x0C, 0x63, 0x0C, 0x63, 0x0C, 0x63, 0x0C, 0x42, 0x28, 0xE1, 0x20, 0x8B, 0x69, 0x8B, 0x69, 
0x00, 0x00, 0x00, 0x00, 0x00, 0x00, 0x4A, 0xA0, 0x8C, 0x20, 0xFE, 0x47, 0xFE, 0x47, 0xFE, 0x47, 
0xFE, 0x47, 0xFE, 0x47, 0xD4, 0xE0, 0x8C, 0x20, 0x8C, 0x20, 0x4A, 0xA0, 0xE1, 0x20, 0xE1, 0x20, 
0xFA, 0x02, 0xFA, 0x02, 0xFA, 0x02, 0xFA, 0x02, 0xEF, 0x5D, 0xE1, 0x20, 0xE1, 0x20, 0xE1, 0x20, 
0xE1, 0x20, 0x42, 0x28, 0x42, 0x28, 0x42, 0x28, 0x42, 0x28, 0xE1, 0x20, 0x8B, 0x69, 0x8B, 0x69, 
0x00, 0x00, 0x00, 0x00, 0x00, 0x00, 0x4A, 0xA0, 0x8C, 0x20, 0x8C, 0x20, 0xFE, 0x47, 0xFE, 0x47, 
0xFE, 0x47, 0xFE, 0x47, 0xD4, 0xE0, 0xD4, 0xE0, 0x8C, 0x20, 0x4A, 0xA0, 0xE1, 0x20, 0xE1, 0x20, 
0xE1, 0x20, 0xE1, 0x20, 0xE1, 0x20, 0xE1, 0x20, 0xE1, 0x20, 0xE1, 0x20, 0xE1, 0x20, 0x58, 0x40, 
0xE1, 0x20, 0x42, 0x28, 0x42, 0x28, 0x42, 0x28, 0x42, 0x28, 0xE1, 0x20, 0x8B, 0x69, 0x6A, 0x65, 
0x00, 0x00, 0x00, 0x00, 0x4A, 0xA0, 0xFE, 0xCE, 0xFE, 0xCE, 0x8C, 0x20, 0x8C, 0x20, 0xFE, 0x47, 
0xFE, 0x47, 0xD4, 0xE0, 0xD4, 0xE0, 0xD4, 0xE0, 0x8C, 0x20, 0x4A, 0xA0, 0xE1, 0x20, 0x75, 0xC8, 
0xCF, 0x56, 0xCF, 0x56, 0x75, 0xC8, 0xE1, 0x20, 0xE1, 0x20, 0xE1, 0x20, 0xE1, 0x20, 0x58, 0x40, 
0xE1, 0x20, 0xE1, 0x20, 0xE1, 0x20, 0xE1, 0x20, 0xE1, 0x20, 0xE1, 0x20, 0x6A, 0x65, 0x6A, 0x65, 
0x00, 0x00, 0x00, 0x00, 0x4A, 0xA0, 0xFE, 0xCE, 0xFE, 0xCE, 0xFE, 0x47, 0x8C, 0x20, 0xD4, 0xE0, 
0xD4, 0xE0, 0xD4, 0xE0, 0xD4, 0xE0, 0xD4, 0xE0, 0x8C, 0x20, 0x4A, 0xA0, 0xE1, 0x20, 0x75, 0xC8, 
0x75, 0xC8, 0x75, 0xC8, 0x75, 0xC8, 0xE1, 0x20, 0xE1, 0x20, 0xE1, 0x20, 0xE1, 0x20, 0x58, 0x40, 
0xE1, 0x20, 0xE1, 0x20, 0xE1, 0x20, 0xE1, 0x20, 0xE1, 0x20, 0xE1, 0x20, 0x6A, 0x65, 0x6A, 0x65, 
0x00, 0x00, 0x00, 0x00, 0x4A, 0xA0, 0xFE, 0x47, 0xFE, 0x47, 0xFE, 0x47, 0x8C, 0x20, 0x8C, 0x20, 
0xD4, 0xE0, 0xD4, 0xE0, 0xD4, 0xE0, 0xD4, 0xE0, 0x8C, 0x20, 0x4A, 0xA0, 0xE1, 0x20, 0xE1, 0x20, 
0xE1, 0x20, 0xE1, 0x20, 0xE1, 0x20, 0xFF, 0xFF, 0xEF, 0x5D, 0xE1, 0x20, 0x58, 0x40, 0xE1, 0x20, 
0x58, 0x40, 0xE1, 0x20, 0xE1, 0x20, 0xE1, 0x20, 0xE1, 0x20, 0xE1, 0x20, 0x6A, 0x65, 0x6A, 0x65, 
0x00, 0x00, 0x00, 0x00, 0x4A, 0xA0, 0xFE, 0x47, 0xFE, 0x47, 0xFE, 0x47, 0xFE, 0x47, 0x8C, 0x20, 
0xD4, 0xE0, 0xD4, 0xE0, 0xD4, 0xE0, 0xD4, 0xE0, 0x8C, 0x20, 0x4A, 0xA0, 0xE1, 0x20, 0xE1, 0x20, 
0xE1, 0x20, 0xE1, 0x20, 0xE1, 0x20, 0xEF, 0x5D, 0xEF, 0x5D, 0xE1, 0x20, 0x58, 0x40, 0xB0, 0xC0, 
0xE1, 0x20, 0x58, 0x40, 0xE1, 0x20, 0xE1, 0x20, 0xE1, 0x20, 0x58, 0x40, 0x00, 0x00, 0x00, 0x00, 
0x00, 0x00, 0x4A, 0xA0, 0xFE, 0x47, 0xFE, 0x47, 0xFE, 0x47, 0xFE, 0x47, 0xD4, 0xE0, 0x8C, 0x20, 
0x8C, 0x20, 0xD4, 0xE0, 0xD4, 0xE0, 0xD4, 0xE0, 0x8C, 0x20, 0x4A, 0xA0, 0xB0, 0xC0, 0xE1, 0x20, 
0xE1, 0x20, 0xE1, 0x20, 0xE1, 0x20, 0xE1, 0x20, 0xE1, 0x20, 0xB0, 0xC0, 0x58, 0x40, 0xB0, 0xC0, 
0xFF, 0xFF, 0xEF, 0x5D, 0xE1, 0x20, 0xB0, 0xC0, 0x58, 0x40, 0xE1, 0x20, 0x58, 0x40, 0x00, 0x00, 
0x00, 0x00, 0x4A, 0xA0, 0xFE, 0x47, 0xFE, 0x47, 0xD4, 0xE0, 0xD4, 0xE0, 0xD4, 0xE0, 0xD4, 0xE0, 
0x8C, 0x20, 0xD4, 0xE0, 0xD4, 0xE0, 0x8C, 0x20, 0x8C, 0x20, 0x4A, 0xA0, 0xB0, 0xC0, 0xB0, 0xC0, 
0xB0, 0xC0, 0xB0, 0xC0, 0xB0, 0xC0, 0xB0, 0xC0, 0xB0, 0xC0, 0x58, 0x40, 0x58, 0x40, 0xB0, 0xC0, 
0xEF, 0x5D, 0xEF, 0x5D, 0xE1, 0x20, 0x58, 0x40, 0xFA, 0x02, 0xE1, 0x20, 0x58, 0x40, 0x00, 0x00, 
0x00, 0x00, 0x00, 0x00, 0x4A, 0xA0, 0xD4, 0xE0, 0xD4, 0xE0, 0xD4, 0xE0, 0xD4, 0xE0, 0xD4, 0xE0, 
0x8C, 0x20, 0x8C, 0x20, 0x8C, 0x20, 0x8C, 0x20, 0x8C, 0x20, 0x8C, 0x20, 0x4A, 0xA0, 0xB0, 0xC0, 
0xB0, 0xC0, 0xB0, 0xC0, 0xB0, 0xC0, 0xB0, 0xC0, 0x58, 0x40, 0x00, 0x00, 0x00, 0x00, 0x58, 0x40, 
0xB0, 0xC0, 0xB0, 0xC0, 0x58, 0x40, 0x58, 0x40, 0xE1, 0x20, 0xE1, 0x20, 0xE1, 0x20, 0x00, 0x00, 
0x00, 0x00, 0x00, 0x00, 0x00, 0x00, 0x4A, 0xA0, 0x4A, 0xA0, 0x4A, 0xA0, 0x4A, 0xA0, 0x4A, 0xA0, 
0x4A, 0xA0, 0x8C, 0x20, 0x8C, 0x20, 0x8C, 0x20, 0x8C, 0x20, 0x8C, 0x20, 0x4A, 0xA0, 0x58, 0x40, 
0x58, 0x40, 0x58, 0x40, 0x58, 0x40, 0x58, 0x40, 0x00, 0x00, 0x00, 0x00, 0x00, 0x00, 0x00, 0x00, 
0x58, 0x40, 0x58, 0x40, 0x00, 0x00, 0x58, 0x40, 0xE1, 0x20, 0xE1, 0x20, 0xE1, 0x20, 0x00, 0x00, 
0x00, 0x00, 0x00, 0x00, 0x00, 0x00, 0x00, 0x00, 0x00, 0x00, 0x00, 0x00, 0x00, 0x00, 0x00, 0x00, 
0x00, 0x00, 0x4A, 0xA0, 0x8C, 0x20, 0x8C, 0x20, 0x8C, 0x20, 0x8C, 0x20, 0x4A, 0xA0, 0x00, 0x00, 
0x00, 0x00, 0x00, 0x00, 0x00, 0x00, 0x00, 0x00, 0x00, 0x00, 0x00, 0x00, 0x00, 0x00, 0x00, 0x00, 
0x00, 0x00, 0x00, 0x00, 0x58, 0x40, 0xE1, 0x20, 0xE1, 0x20, 0x58, 0x40, 0x00, 0x00, 0x00, 0x00, 
0x00, 0x00, 0x00, 0x00, 0x00, 0x00, 0x00, 0x00, 0x00, 0x00, 0x00, 0x00, 0x00, 0x00, 0x00, 0x00, 
0x00, 0x00, 0x00, 0x00, 0x4A, 0xA0, 0x4A, 0xA0, 0x4A, 0xA0, 0x4A, 0xA0, 0x00, 0x00, 0x00, 0x00, 
0x00, 0x00, 0x00, 0x00, 0x00, 0x00, 0x00, 0x00, 0x00, 0x00, 0x00, 0x00, 0x00, 0x00, 0x00, 0x00, 
0x00, 0x00, 0x00, 0x00, 0x58, 0x40, 0xE1, 0x20, 0x58, 0x40, 0x00, 0x00, 0x00, 0x00, 0x00, 0x00, 
0x00, 0x00, 0x00, 0x00, 0x00, 0x00, 0x00, 0x00, 0x00, 0x00, 0x00, 0x00, 0x00, 0x00, 0x00, 0x00, 
0x00, 0x00, 0x00, 0x00, 0x00, 0x00, 0x00, 0x00, 0x00, 0x00, 0x00, 0x00, 0x00, 0x00, 0x00, 0x00, 
0x00, 0x00, 0x00, 0x00, 0x00, 0x00, 0x00, 0x00, 0x00, 0x00, 0x00, 0x00, 0x00, 0x00, 0x00, 0x00, 
0x00, 0x00, 0x00, 0x00, 0x00, 0x00, 0x58, 0x40, 0x00, 0x00, 0x00, 0x00, 0x00, 0x00, 0x00, 0x00, 
0x00, 0x00, 0x00, 0x00, 0x00, 0x00, 0x00, 0x00, 0x00, 0x00, 0x00, 0x00, 0x00, 0x00, 0x00, 0x00, 
0x00, 0x00, 0x00, 0x00, 0x00, 0x00, 0x00, 0x00, 0x00, 0x00, 0x00, 0x00, 0x00, 0x00, 0x00, 0x00, 
0x00, 0x00, 0x00, 0x00, 0x00, 0x00, 0x00, 0x00, 0x00, 0x00, 0x00, 0x00, 0x00, 0x00, 0x00, 0x00, 
0x00, 0x00, 0x00, 0x00, 0x00, 0x00, 0x00, 0x00, 0x00, 0x00, 0x00, 0x00, 0x00, 0x00, 0x00, 0x00
}
,
{
0x00, 0x00, 0x00, 0x00, 0x00, 0x00, 0x00, 0x00, 0x00, 0x00, 0x00, 0x00, 0x00, 0x00, 0x00, 0x00, 
0x00, 0x00, 0x00, 0x00, 0x00, 0x00, 0x00, 0x00, 0x00, 0x00, 0x00, 0x00, 0x00, 0x00, 0x00, 0x00, 
0x00, 0x00, 0x00, 0x00, 0x00, 0x00, 0x00, 0x00, 0x00, 0x00, 0x00, 0x00, 0x00, 0x00, 0x00, 0x00, 
0x00, 0x00, 0x00, 0x00, 0x00, 0x00, 0x00, 0x00, 0x00, 0x00, 0x00, 0x00, 0x00, 0x00, 0x00, 0x00, 
0x00, 0x00, 0x00, 0x00, 0x00, 0x00, 0x00, 0x00, 0x00, 0x00, 0x00, 0x00, 0x00, 0x00, 0x00, 0x00, 
0x00, 0x00, 0x00, 0x00, 0x00, 0x00, 0x00, 0x00, 0x00, 0x00, 0x00, 0x00, 0x00, 0x00, 0x00, 0x00, 
0x00, 0x00, 0x00, 0x00, 0x00, 0x00, 0x00, 0x00, 0x00, 0x00, 0x00, 0x00, 0x00, 0x00, 0x00, 0x00, 
0x00, 0x00, 0x00, 0x00, 0x00, 0x00, 0x00, 0x00, 0x00, 0x00, 0x00, 0x00, 0x00, 0x00, 0x00, 0x00, 
0x00, 0x00, 0x00, 0x00, 0x00, 0x00, 0x00, 0x00, 0x00, 0x00, 0x00, 0x00, 0x00, 0x00, 0x00, 0x00, 
0x00, 0x00, 0x00, 0x00, 0x00, 0x00, 0x00, 0x00, 0x00, 0x00, 0x00, 0x00, 0x00, 0x00, 0x00, 0x00, 
0x00, 0x00, 0x00, 0x00, 0x00, 0x00, 0x00, 0x00, 0x00, 0x00, 0x00, 0x00, 0x00, 0x00, 0x00, 0x00, 
0x00, 0x00, 0x00, 0x00, 0x00, 0x00, 0x00, 0x00, 0x00, 0x00, 0x00, 0x00, 0x00, 0x00, 0x00, 0x00, 
0x00, 0x00, 0x00, 0x00, 0x00, 0x00, 0x00, 0x00, 0x00, 0x00, 0x00, 0x00, 0x00, 0x00, 0x00, 0x00, 
0x00, 0x00, 0x00, 0x00, 0x00, 0x00, 0x00, 0x00, 0x00, 0x00, 0x00, 0x00, 0x00, 0x00, 0x00, 0x00, 
0x00, 0x00, 0x00, 0x00, 0x00, 0x00, 0x00, 0x00, 0x00, 0x00, 0x00, 0x00, 0x00, 0x00, 0x00, 0x00, 
0x00, 0x00, 0x00, 0x00, 0x00, 0x00, 0x00, 0x00, 0x00, 0x00, 0x00, 0x00, 0x00, 0x00, 0x00, 0x00, 
0x00, 0x00, 0x00, 0x00, 0x00, 0x00, 0x00, 0x00, 0x00, 0x00, 0x00, 0x00, 0x00, 0x00, 0x00, 0x00, 
0x00, 0x00, 0x00, 0x00, 0x00, 0x00, 0x00, 0x00, 0x00, 0x00, 0x58, 0x40, 0x58, 0x40, 0x58, 0x40, 
0x58, 0x40, 0x58, 0x40, 0x58, 0x40, 0x00, 0x00, 0x00, 0x00, 0x00, 0x00, 0x00, 0x00, 0x58, 0x40, 
0x58, 0x40, 0x00, 0x00, 0x00, 0x00, 0x00, 0x00, 0x00, 0x00, 0x00, 0x00, 0x00, 0x00, 0x00, 0x00, 
0x00, 0x00, 0x00, 0x00, 0x00, 0x00, 0x00, 0x00, 0x00, 0x00, 0x00, 0x00, 0x00, 0x00, 0x4A, 0xA0, 
0x4A, 0xA0, 0x4A, 0xA0, 0x4A, 0xA0, 0x4A, 0xA0, 0x58, 0x40, 0xB0, 0xC0, 0xB0, 0xC0, 0xE1, 0x20, 
0xE1, 0x20, 0xE1, 0x20, 0xE1, 0x20, 0x58, 0x40, 0x00, 0x00, 0x00, 0x00, 0x58, 0x40, 0xE1, 0x20, 
0xE1, 0x20, 0x58, 0x40, 0x00, 0x00, 0x00, 0x00, 0x00, 0x00, 0x00, 0x00, 0x00, 0x00, 0x00, 0x00, 
0x00, 0x00, 0x00, 0x00, 0x00, 0x00, 0x00, 0x00, 0x00, 0x00, 0x00, 0x00, 0x4A, 0xA0, 0xFE, 0xCE, 
0xFE, 0xCE, 0xFE, 0x47, 0xFE, 0x47, 0x4A, 0xA0, 0xB0, 0xC0, 0xB0, 0xC0, 0xE1, 0x20, 0xE1, 0x20, 
0xE1, 0x20, 0xE1, 0x20, 0xE1, 0x20, 0xE1, 0x20, 0x58, 0x40, 0x58, 0x40, 0xE1, 0x20, 0xFA, 0x02, 
0xFF, 0xFF, 0xEF, 0x5D, 0x58, 0x40, 0x00, 0x00, 0x00, 0x00, 0x00, 0x00, 0x00, 0x00, 0x00, 0x00, 
0x00, 0x00, 0x00, 0x00, 0x00, 0x00, 0x00, 0x00, 0x00, 0x00, 0x4A, 0xA0, 0xFE, 0xCE, 0xFE, 0xCE, 
0xFE, 0xCE, 0xFE, 0x47, 0xFE, 0x47, 0x4A, 0xA0, 0x4A, 0xA0, 0xE1, 0x20, 0xFA, 0x02, 0xFA, 0x02, 
0xFA, 0x02, 0xFA, 0x02, 0xFA, 0x02, 0xE1, 0x20, 0xE1, 0x20, 0x58, 0x40, 0xFA, 0x02, 0xFB, 0x0A, 
0xEF, 0x5D, 0xEF, 0x5D, 0xE1, 0x20, 0x58, 0x40, 0x00, 0x00, 0x00, 0x00, 0x00, 0x00, 0x00, 0x00, 
0x00, 0x00, 0x00, 0x00, 0x00, 0x00, 0x00, 0x00, 0x4A, 0xA0, 0x8C, 0x20, 0xFE, 0x47, 0xFE, 0xCE, 
0xFE, 0xCE, 0xFE, 0x47, 0xFE, 0x47, 0xD4, 0xE0, 0x4A, 0xA0, 0xFA, 0x02, 0xFB, 0x0A, 0xFB, 0x0A, 
0xFB, 0x0A, 0xFB, 0x0A, 0xFF, 0xFF, 0xEF, 0x5D, 0xE1, 0x20, 0x58, 0x40, 0xFB, 0x0A, 0xFB, 0x0A, 
0xFB, 0x0A, 0xE1, 0x20, 0xE1, 0x20, 0xE1, 0x20, 0x58, 0x40, 0x00, 0x00, 0x00, 0x00, 0x00, 0x00, 
0x00, 0x00, 0x00, 0x00, 0x00, 0x00, 0x4A, 0xA0, 0xFE, 0xCE, 0x8C, 0x20, 0x8C, 0x20, 0xFE, 0x47, 
0xFE, 0x47, 0xFE, 0x47, 0xFE, 0x47, 0xD4, 0xE0, 0x4A, 0xA0, 0xFA, 0x02, 0xFB, 0x0A, 0xFB, 0x0A, 
0xFB, 0x0A, 0xFB, 0x0A, 0xEF, 0x5D, 0xEF, 0x5D, 0xE1, 0x20, 0x58, 0x40, 0xFB, 0x0A, 0xFB, 0x0A, 
0xE1, 0x20, 0xFA, 0x02, 0xFA, 0x02, 0xE1, 0x20, 0x8B, 0x69, 0x8B, 0x69, 0x00, 0x00, 0x00, 0x00, 
0x00, 0x00, 0x00, 0x00, 0x4A, 0xA0, 0xFE, 0xCE, 0xFE, 0xCE, 0xFE, 0xCE, 0x8C, 0x20, 0x8C, 0x20, 
0xFE, 0x47, 0xFE, 0x47, 0xD4, 0xE0, 0xD4, 0xE0, 0x4A, 0xA0, 0xFA, 0x02, 0x75, 0xC8, 0x75, 0xC8, 
0x75, 0xC8, 0x75, 0xC8, 0xFB, 0x0A, 0xFA, 0x02, 0xFA, 0x02, 0xE1, 0x20, 0x58, 0x40, 0xE1, 0x20, 
0xFB, 0x0A, 0xFB, 0x0A, 0xFB, 0x0A, 0xFA, 0x02, 0x8B, 0x69, 0x8B, 0x69, 0x00, 0x00, 0x00, 0x00, 
0x00, 0x00, 0x00, 0x00, 0x4A, 0xA0, 0xFE, 0xCE, 0xFE, 0xCE, 0xFE, 0xCE, 0xFE, 0x47, 0x8C, 0x20, 
0x8C, 0x20, 0xFE, 0x47, 0xD4, 0xE0, 0xD4, 0xE0, 0x4A, 0xA0, 0xFA, 0x02, 0x75, 0xC8, 0xCF, 0x56, 
0xCF, 0x56, 0x75, 0xC8, 0xFB, 0x0A, 0xFA, 0x02, 0xFA, 0x02, 0xE1, 0x20, 0x58, 0x40, 0xFB, 0x0A, 
0xFB, 0x0A, 0xFB, 0x0A, 0xFB, 0x0A, 0xFA, 0x02, 0x8B, 0x69, 0x6A, 0x65, 0x00, 0x00, 0x00, 0x00, 
0x00, 0x00, 0x00, 0x00, 0x4A, 0xA0, 0xFE, 0xCE, 0xFE, 0xCE, 0xFE, 0xCE, 0xFE, 0x47, 0xFE, 0x47, 
0x8C, 0x20, 0x8C, 0x20, 0xD4, 0xE0, 0xD4, 0xE0, 0x4A, 0xA0, 0xFA, 0x02, 0xFB, 0x0A, 0xFB, 0x0A, 
0xFB, 0x0A, 0xFB, 0x0A, 0xFB, 0x0A, 0xFA, 0x02, 0xFA, 0x02, 0xE1, 0x20, 0x58, 0x40, 0xFB, 0x0A, 
0x94, 0x92, 0x94, 0x92, 0x7B, 0xCF, 0x42, 0x28, 0x6A, 0x65, 0x6A, 0x65, 0x00, 0x00, 0x00, 0x00, 
0x00, 0x00, 0x00, 0x00, 0x4A, 0xA0, 0xFE, 0xCE, 0xFE, 0xCE, 0xFE, 0xCE, 0xFE, 0x47, 0xFE, 0x47, 
0xFE, 0x47, 0x8C, 0x20, 0xD4, 0xE0, 0xD4, 0xE0, 0x4A, 0xA0, 0xFA, 0x02, 0xFB, 0x0A, 0xFB, 0x0A, 
0xFB, 0x0A, 0xFB, 0x0A, 0xFB, 0x0A, 0xEF, 0x5D, 0xFA, 0x02, 0xE1, 0x20, 0x58, 0x40, 0x94, 0x92, 
0x94, 0x92, 0x7B, 0xCF, 0x63, 0x0C, 0x42, 0x28, 0x6A, 0x65, 0x6A, 0x65, 0x00, 0x00, 0x00, 0x00, 
0x00, 0x00, 0x00, 0x00, 0x4A, 0xA0, 0xFE, 0xCE, 0xFE, 0xCE, 0xFE, 0xCE, 0xFE, 0x47, 0xFE, 0x47, 
0xFE, 0x47, 0xD4, 0xE0, 0x8C, 0x20, 0xD4, 0xE0, 0x4A, 0xA0, 0xFA, 0x02, 0xFB, 0x0A, 0xFB, 0x0A, 
0xFB, 0x0A, 0xFB, 0x0A, 0xFA, 0x02, 0xEF, 0x5D, 0xFA, 0x02, 0xE1, 0x20, 0xE1, 0x20, 0x94, 0x92, 
0x7B, 0xCF, 0x7B, 0xCF, 0x63, 0x0C, 0x42, 0x28, 0x6A, 0x65, 0x6A, 0x65, 0x00, 0x00, 0x00, 0x00, 
0x00, 0x00, 0x00, 0x00, 0x4A, 0xA0, 0xFE, 0xCE, 0xFE, 0xCE, 0xFE, 0xCE, 0xFE, 0x47, 0xFE, 0x47, 
0xFE, 0x47, 0xD4, 0xE0, 0x8C, 0x20, 0xD4, 0xE0, 0x4A, 0xA0, 0xFA, 0x02, 0xFA, 0x02, 0xFB, 0x0A, 
0xFB, 0x0A, 0xFA, 0x02, 0xFA, 0x02, 0xEF, 0x5D, 0xFA, 0x02, 0xE1, 0x20, 0xE1, 0x20, 0x7B, 0xCF, 
0x7B, 0xCF, 0x7B, 0xCF, 0x63, 0x0C, 0x42, 0x28, 0xE1, 0x20, 0x00, 0x00, 0x00, 0x00, 0x00, 0x00, 
0x00, 0x00, 0x00, 0x00, 0x4A, 0xA0, 0xFE, 0x47, 0xFE, 0xCE, 0xFE, 0xCE, 0xFE, 0x47, 0xFE, 0x47, 
0xFE, 0x47, 0xD4, 0xE0, 0x8C, 0x20, 0xD4, 0xE0, 0x4A, 0xA0, 0xFA, 0x02, 0xFA, 0x02, 0xFA, 0x02, 
0xFA, 0x02, 0xFA, 0x02, 0xFA, 0x02, 0xEF, 0x5D, 0xFA, 0x02, 0xE1, 0x20, 0xE1, 0x20, 0x63, 0x0C, 
0x63, 0x0C, 0x63, 0x0C, 0x63, 0x0C, 0x42, 0x28, 0xE1, 0x20, 0x00, 0x00, 0x00, 0x00, 0x00, 0x00, 
0x00, 0x00, 0x00, 0x00, 0x4A, 0xA0, 0xFE, 0x47, 0xFE, 0x47, 0xFE, 0x47, 0xFE, 0x47, 0xFE, 0x47, 
0xFE, 0x47, 0xD4, 0xE0, 0x8C, 0x20, 0xD4, 0xE0, 0x4A, 0xA0, 0xE1, 0x20, 0xFA, 0x02, 0xFA, 0x02, 
0xFA, 0x02, 0xFA, 0x02, 0xFA, 0x02, 0xEF, 0x5D, 0xFA, 0x02, 0xE1, 0x20, 0xE1, 0x20, 0x63, 0x0C, 
0x63, 0x0C, 0x63, 0x0C, 0x63, 0x0C, 0x42, 0x28, 0x8B, 0x69, 0x8B, 0x69, 0x00, 0x00, 0x00, 0x00, 
0x00, 0x00, 0x00, 0x00, 0x4A, 0xA0, 0x8C, 0x20, 0xFE, 0x47, 0xFE, 0x47, 0xFE, 0x47, 0xFE, 0x47, 
0xFE, 0x47, 0xD4, 0xE0, 0x8C, 0x20, 0x8C, 0x20, 0x4A, 0xA0, 0xE1, 0x20, 0xE1, 0x20, 0xFA, 0x02, 
0xFA, 0x02, 0xFA, 0x02, 0xFA, 0x02, 0xEF, 0x5D, 0xE1, 0x20, 0xE1, 0x20, 0xE1, 0x20, 0xE1, 0x20, 
0x42, 0x28, 0x42, 0x28, 0x42, 0x28, 0x42, 0x28, 0x8B, 0x69, 0x8B, 0x69, 0x00, 0x00, 0x00, 0x00, 
0x00, 0x00, 0x00, 0x00, 0x4A, 0xA0, 0x8C, 0x20, 0x8C, 0x20, 0xFE, 0x47, 0xFE, 0x47, 0xFE, 0x47, 
0xFE, 0x47, 0xD4, 0xE0, 0xD4, 0xE0, 0x8C, 0x20, 0x4A, 0xA0, 0xE1, 0x20, 0xE1, 0x20, 0xE1, 0x20, 
0xE1, 0x20, 0xE1, 0x20, 0xE1, 0x20, 0xE1, 0x20, 0xE1, 0x20, 0xE1, 0x20, 0x58, 0x40, 0xE1, 0x20, 
0x42, 0x28, 0x42, 0x28, 0x42, 0x28, 0x42, 0x28, 0x8B, 0x69, 0x6A, 0x65, 0x00, 0x00, 0x00, 0x00, 
0x00, 0x00, 0x4A, 0xA0, 0xFE, 0xCE, 0xFE, 0xCE, 0x8C, 0x20, 0x8C, 0x20, 0xFE, 0x47, 0xFE, 0x47, 
0xD4, 0xE0, 0xD4, 0xE0, 0xD4, 0xE0, 0x8C, 0x20, 0x4A, 0xA0, 0xE1, 0x20, 0x75, 0xC8, 0xCF, 0x56, 
0xCF, 0x56, 0x75, 0xC8, 0xE1, 0x20, 0xE1, 0x20, 0xE1, 0x20, 0xE1, 0x20, 0x58, 0x40, 0xE1, 0x20, 
0xE1, 0x20, 0xE1, 0x20, 0xE1, 0x20, 0xE1, 0x20, 0x6A, 0x65, 0x6A, 0x65, 0x00, 0x00, 0x00, 0x00, 
0x00, 0x00, 0x4A, 0xA0, 0xFE, 0xCE, 0xFE, 0xCE, 0xFE, 0x47, 0x8C, 0x20, 0xD4, 0xE0, 0xD4, 0xE0, 
0xD4, 0xE0, 0xD4, 0xE0, 0xD4, 0xE0, 0x8C, 0x20, 0x4A, 0xA0, 0xE1, 0x20, 0x75, 0xC8, 0x75, 0xC8, 
0x75, 0xC8, 0x75, 0xC8, 0xE1, 0x20, 0xE1, 0x20, 0xE1, 0x20, 0xE1, 0x20, 0x58, 0x40, 0x58, 0x40, 
0xE1, 0x20, 0xE1, 0x20, 0xE1, 0x20, 0xE1, 0x20, 0x6A, 0x65, 0x6A, 0x65, 0x00, 0x00, 0x00, 0x00, 
0x00, 0x00, 0x4A, 0xA0, 0xFE, 0x47, 0xFE, 0x47, 0xFE, 0x47, 0x8C, 0x20, 0x8C, 0x20, 0xD4, 0xE0, 
0xD4, 0xE0, 0xD4, 0xE0, 0xD4, 0xE0, 0x8C, 0x20, 0x4A, 0xA0, 0xE1, 0x20, 0xE1, 0x20, 0xE1, 0x20, 
0xE1, 0x20, 0xE1, 0x20, 0xFF, 0xFF, 0xEF, 0x5D, 0xE1, 0x20, 0x58, 0x40, 0xE1, 0x20, 0xE1, 0x20, 
0x58, 0x40, 0xE1, 0x20, 0xE1, 0x20, 0x58, 0x40, 0x6A, 0x65, 0x6A, 0x65, 0x00, 0x00, 0x00, 0x00, 
0x00, 0x00, 0x4A, 0xA0, 0xFE, 0x47, 0xFE, 0x47, 0xFE, 0x47, 0xFE, 0x47, 0x8C, 0x20, 0xD4, 0xE0, 
0xD4, 0xE0, 0xD4, 0xE0, 0xD4, 0xE0, 0x8C, 0x20, 0x4A, 0xA0, 0xE1, 0x20, 0xE1, 0x20, 0xE1, 0x20, 
0xE1, 0x20, 0xE1, 0x20, 0xEF, 0x5D, 0xEF, 0x5D, 0xE1, 0x20, 0x58, 0x40, 0xB0, 0xC0, 0xE1, 0x20, 
0xE1, 0x20, 0x58, 0x40, 0xE1, 0x20, 0xE1, 0x20, 0xE1, 0x20, 0x00, 0x00, 0x00, 0x00, 0x00, 0x00, 
0x4A, 0xA0, 0xFE, 0x47, 0xFE, 0x47, 0xFE, 0x47, 0xFE, 0x47, 0xD4, 0xE0, 0x8C, 0x20, 0x8C, 0x20, 
0xD4, 0xE0, 0xD4, 0xE0, 0xD4, 0xE0, 0x8C, 0x20, 0x4A, 0xA0, 0xB0, 0xC0, 0xE1, 0x20, 0xE1, 0x20, 
0xE1, 0x20, 0xE1, 0x20, 0xE1, 0x20, 0xE1, 0x20, 0xB0, 0xC0, 0x58, 0x40, 0xB0, 0xC0, 0xB0, 0xC0, 
0xFF, 0xFF, 0xEF, 0x5D, 0xB0, 0xC0, 0x58, 0x40, 0xE1, 0x20, 0x58, 0x40, 0x00, 0x00, 0x00, 0x00, 
0x4A, 0xA0, 0xFE, 0x47, 0xFE, 0x47, 0xD4, 0xE0, 0xD4, 0xE0, 0xD4, 0xE0, 0xD4, 0xE0, 0x8C, 0x20, 
0xD4, 0xE0, 0xD4, 0xE0, 0x8C, 0x20, 0x8C, 0x20, 0x4A, 0xA0, 0xB0, 0xC0, 0xB0, 0xC0, 0xB0, 0xC0, 
0xB0, 0xC0, 0xB0, 0xC0, 0xB0, 0xC0, 0xB0, 0xC0, 0x58, 0x40, 0x58, 0x40, 0xB0, 0xC0, 0xB0, 0xC0, 
0xEF, 0x5D, 0xEF, 0x5D, 0x58, 0x40, 0xFA, 0x02, 0xE1, 0x20, 0x58, 0x40, 0x00, 0x00, 0x00, 0x00, 
0x00, 0x00, 0x4A, 0xA0, 0xD4, 0xE0, 0xD4, 0xE0, 0xD4, 0xE0, 0xD4, 0xE0, 0xD4, 0xE0, 0x8C, 0x20, 
0x8C, 0x20, 0x8C, 0x20, 0x8C, 0x20, 0x8C, 0x20, 0x8C, 0x20, 0x4A, 0xA0, 0xB0, 0xC0, 0xB0, 0xC0, 
0xB0, 0xC0, 0xB0, 0xC0, 0xB0, 0xC0, 0x58, 0x40, 0x00, 0x00, 0x00, 0x00, 0x58, 0x40, 0xB0, 0xC0, 
0xB0, 0xC0, 0x58, 0x40, 0x58, 0x40, 0xE1, 0x20, 0xE1, 0x20, 0x58, 0x40, 0x00, 0x00, 0x00, 0x00, 
0x00, 0x00, 0x00, 0x00, 0x4A, 0xA0, 0x4A, 0xA0, 0x4A, 0xA0, 0x4A, 0xA0, 0x4A, 0xA0, 0x4A, 0xA0, 
0x8C, 0x20, 0x8C, 0x20, 0x8C, 0x20, 0x8C, 0x20, 0x8C, 0x20, 0x4A, 0xA0, 0x58, 0x40, 0x58, 0x40, 
0x58, 0x40, 0x58, 0x40, 0x58, 0x40, 0x00, 0x00, 0x00, 0x00, 0x00, 0x00, 0x00, 0x00, 0x58, 0x40, 
0x58, 0x40, 0x00, 0x00, 0x58, 0x40, 0xE1, 0x20, 0xE1, 0x20, 0x58, 0x40, 0x00, 0x00, 0x00, 0x00, 
0x00, 0x00, 0x00, 0x00, 0x00, 0x00, 0x00, 0x00, 0x00, 0x00, 0x00, 0x00, 0x00, 0x00, 0x00, 0x00, 
0x4A, 0xA0, 0x8C, 0x20, 0x8C, 0x20, 0x8C, 0x20, 0x8C, 0x20, 0x4A, 0xA0, 0x00, 0x00, 0x00, 0x00, 
0x00, 0x00, 0x00, 0x00, 0x00, 0x00, 0x00, 0x00, 0x00, 0x00, 0x00, 0x00, 0x00, 0x00, 0x00, 0x00, 
0x00, 0x00, 0x00, 0x00, 0x58, 0x40, 0xE1, 0x20, 0xB0, 0xC0, 0x58, 0x40, 0x00, 0x00, 0x00, 0x00, 
0x00, 0x00, 0x00, 0x00, 0x00, 0x00, 0x00, 0x00, 0x00, 0x00, 0x00, 0x00, 0x00, 0x00, 0x00, 0x00, 
0x00, 0x00, 0x4A, 0xA0, 0x4A, 0xA0, 0x4A, 0xA0, 0x4A, 0xA0, 0x00, 0x00, 0x00, 0x00, 0x00, 0x00, 
0x00, 0x00, 0x00, 0x00, 0x00, 0x00, 0x00, 0x00, 0x00, 0x00, 0x00, 0x00, 0x00, 0x00, 0x00, 0x00, 
0x00, 0x00, 0x00, 0x00, 0x00, 0x00, 0x58, 0x40, 0xB0, 0xC0, 0x58, 0x40, 0x00, 0x00, 0x00, 0x00, 
0x00, 0x00, 0x00, 0x00, 0x00, 0x00, 0x00, 0x00, 0x00, 0x00, 0x00, 0x00, 0x00, 0x00, 0x00, 0x00, 
0x00, 0x00, 0x00, 0x00, 0x00, 0x00, 0x00, 0x00, 0x00, 0x00, 0x00, 0x00, 0x00, 0x00, 0x00, 0x00, 
0x00, 0x00, 0x00, 0x00, 0x00, 0x00, 0x00, 0x00, 0x00, 0x00, 0x00, 0x00, 0x00, 0x00, 0x00, 0x00, 
0x00, 0x00, 0x00, 0x00, 0x00, 0x00, 0x00, 0x00, 0x58, 0x40, 0x00, 0x00, 0x00, 0x00, 0x00, 0x00, 
0x00, 0x00, 0x00, 0x00, 0x00, 0x00, 0x00, 0x00, 0x00, 0x00, 0x00, 0x00, 0x00, 0x00, 0x00, 0x00, 
0x00, 0x00, 0x00, 0x00, 0x00, 0x00, 0x00, 0x00, 0x00, 0x00, 0x00, 0x00, 0x00, 0x00, 0x00, 0x00, 
0x00, 0x00, 0x00, 0x00, 0x00, 0x00, 0x00, 0x00, 0x00, 0x00, 0x00, 0x00, 0x00, 0x00, 0x00, 0x00, 
0x00, 0x00, 0x00, 0x00, 0x00, 0x00, 0x00, 0x00, 0x00, 0x00, 0x00, 0x00, 0x00, 0x00, 0x00, 0x00
}
,
{
0x00, 0x00, 0x00, 0x00, 0x00, 0x00, 0x00, 0x00, 0x00, 0x00, 0x00, 0x00, 0x00, 0x00, 0x00, 0x00, 
0x00, 0x00, 0x00, 0x00, 0x00, 0x00, 0x00, 0x00, 0x00, 0x00, 0x00, 0x00, 0x00, 0x00, 0x00, 0x00, 
0x00, 0x00, 0x00, 0x00, 0x00, 0x00, 0x00, 0x00, 0x00, 0x00, 0x00, 0x00, 0x00, 0x00, 0x00, 0x00, 
0x00, 0x00, 0x00, 0x00, 0x00, 0x00, 0x00, 0x00, 0x00, 0x00, 0x00, 0x00, 0x00, 0x00, 0x00, 0x00, 
0x00, 0x00, 0x00, 0x00, 0x00, 0x00, 0x00, 0x00, 0x00, 0x00, 0x00, 0x00, 0x00, 0x00, 0x00, 0x00, 
0x00, 0x00, 0x00, 0x00, 0x00, 0x00, 0x00, 0x00, 0x00, 0x00, 0x00, 0x00, 0x00, 0x00, 0x00, 0x00, 
0x00, 0x00, 0x00, 0x00, 0x00, 0x00, 0x00, 0x00, 0x00, 0x00, 0x00, 0x00, 0x00, 0x00, 0x00, 0x00, 
0x00, 0x00, 0x00, 0x00, 0x00, 0x00, 0x00, 0x00, 0x00, 0x00, 0x00, 0x00, 0x00, 0x00, 0x00, 0x00, 
0x00, 0x00, 0x00, 0x00, 0x00, 0x00, 0x00, 0x00, 0x00, 0x00, 0x00, 0x00, 0x00, 0x00, 0x00, 0x00, 
0x00, 0x00, 0x00, 0x00, 0x00, 0x00, 0x00, 0x00, 0x00, 0x00, 0x00, 0x00, 0x00, 0x00, 0x00, 0x00, 
0x00, 0x00, 0x00, 0x00, 0x00, 0x00, 0x00, 0x00, 0x00, 0x00, 0x00, 0x00, 0x00, 0x00, 0x00, 0x00, 
0x00, 0x00, 0x00, 0x00, 0x00, 0x00, 0x00, 0x00, 0x00, 0x00, 0x00, 0x00, 0x00, 0x00, 0x00, 0x00, 
0x00, 0x00, 0x00, 0x00, 0x00, 0x00, 0x00, 0x00, 0x00, 0x00, 0x00, 0x00, 0x00, 0x00, 0x00, 0x00, 
0x00, 0x00, 0x00, 0x00, 0x00, 0x00, 0x00, 0x00, 0x00, 0x00, 0x00, 0x00, 0x00, 0x00, 0x00, 0x00, 
0x00, 0x00, 0x00, 0x00, 0x00, 0x00, 0x00, 0x00, 0x00, 0x00, 0x00, 0x00, 0x00, 0x00, 0x00, 0x00, 
0x00, 0x00, 0x00, 0x00, 0x00, 0x00, 0x00, 0x00, 0x00, 0x00, 0x00, 0x00, 0x00, 0x00, 0x00, 0x00, 
0x00, 0x00, 0x00, 0x00, 0x00, 0x00, 0x00, 0x00, 0x00, 0x00, 0x00, 0x00, 0x00, 0x00, 0x00, 0x00, 
0x00, 0x00, 0x00, 0x00, 0x00, 0x00, 0x00, 0x00, 0x00, 0x00, 0x00, 0x00, 0x58, 0x40, 0x58, 0x40, 
0x58, 0x40, 0x58, 0x40, 0x58, 0x40, 0x58, 0x40, 0x00, 0x00, 0x00, 0x00, 0x00, 0x00, 0x00, 0x00, 
0x58, 0x40, 0x58, 0x40, 0x00, 0x00, 0x00, 0x00, 0x00, 0x00, 0x00, 0x00, 0x00, 0x00, 0x00, 0x00, 
0x00, 0x00, 0x00, 0x00, 0x00, 0x00, 0x00, 0x00, 0x00, 0x00, 0x00, 0x00, 0x00, 0x00, 0x00, 0x00, 
0x4A, 0xA0, 0x4A, 0xA0, 0x4A, 0xA0, 0x4A, 0xA0, 0x4A, 0xA0, 0x58, 0x40, 0xB0, 0xC0, 0xB0, 0xC0, 
0xE1, 0x20, 0xE1, 0x20, 0xE1, 0x20, 0xE1, 0x20, 0x58, 0x40, 0x00, 0x00, 0x00, 0x00, 0x58, 0x40, 
0xE1, 0x20, 0xE1, 0x20, 0x58, 0x40, 0x00, 0x00, 0x00, 0x00, 0x00, 0x00, 0x00, 0x00, 0x00, 0x00, 
0x00, 0x00, 0x00, 0x00, 0x00, 0x00, 0x00, 0x00, 0x00, 0x00, 0x00, 0x00, 0x00, 0x00, 0x4A, 0xA0, 
0xFE, 0xCE, 0xFE, 0xCE, 0xFE, 0x47, 0xFE, 0x47, 0x4A, 0xA0, 0xB0, 0xC0, 0xB0, 0xC0, 0xE1, 0x20, 
0xE1, 0x20, 0xE1, 0x20, 0xE1, 0x20, 0xE1, 0x20, 0xE1, 0x20, 0x58, 0x40, 0x58, 0x40, 0xE1, 0x20, 
0xFF, 0xFF, 0xEF, 0x5D, 0xE1, 0x20, 0x58, 0x40, 0x00, 0x00, 0x00, 0x00, 0x00, 0x00, 0x00, 0x00, 
0x00, 0x00, 0x00, 0x00, 0x00, 0x00, 0x00, 0x00, 0x00, 0x00, 0x00, 0x00, 0x4A, 0xA0, 0xFE, 0xCE, 
0xFE, 0xCE, 0xFE, 0xCE, 0xFE, 0x47, 0xFE, 0x47, 0x4A, 0xA0, 0x4A, 0xA0, 0xE1, 0x20, 0xFA, 0x02, 
0xFA, 0x02, 0xFA, 0x02, 0xFA, 0x02, 0xFA, 0x02, 0xE1, 0x20, 0xE1, 0x20, 0x58, 0x40, 0xFA, 0x02, 
0xEF, 0x5D, 0xEF, 0x5D, 0xE1, 0x20, 0xE1, 0x20, 0x58, 0x40, 0x00, 0x00, 0x00, 0x00, 0x00, 0x00, 
0x00, 0x00, 0x00, 0x00, 0x00, 0x00, 0x00, 0x00, 0x00, 0x00, 0x4A, 0xA0, 0x8C, 0x20, 0xFE, 0x47, 
0xFE, 0xCE, 0xFE, 0xCE, 0xFE, 0x47, 0xFE, 0x47, 0xD4, 0xE0, 0x4A, 0xA0, 0xFA, 0x02, 0xFB, 0x0A, 
0xFB, 0x0A, 0xFB, 0x0A, 0xFB, 0x0A, 0xFF, 0xFF, 0xEF, 0x5D, 0xE1, 0x20, 0x58, 0x40, 0xFB, 0x0A, 
0xFB, 0x0A, 0xE1, 0x20, 0xFA, 0x02, 0xE1, 0x20, 0xE1, 0x20, 0x58, 0x40, 0x00, 0x00, 0x00, 0x00, 
0x00, 0x00, 0x00, 0x00, 0x00, 0x00, 0x00, 0x00, 0x4A, 0xA0, 0xFE, 0xCE, 0x8C, 0x20, 0x8C, 0x20, 
0xFE, 0x47, 0xFE, 0x47, 0xFE, 0x47, 0xFE, 0x47, 0xD4, 0xE0, 0x4A, 0xA0, 0xFA, 0x02, 0xFB, 0x0A, 
0xFB, 0x0A, 0xFB, 0x0A, 0xFB, 0x0A, 0xEF, 0x5D, 0xEF, 0x5D, 0xE1, 0x20, 0x58, 0x40, 0xFB, 0x0A, 
0xFB, 0x0A, 0xE1, 0x20, 0xFA, 0x02, 0xFA, 0x02, 0xE1, 0x20, 0xE1, 0x20, 0x8B, 0x69, 0x8B, 0x69, 
0x00, 0x00, 0x00, 0x00, 0x00, 0x00, 0x4A, 0xA0, 0xFE, 0xCE, 0xFE, 0xCE, 0xFE, 0xCE, 0x8C, 0x20, 
0x8C, 0x20, 0xFE, 0x47, 0xFE, 0x47, 0xD4, 0xE0, 0xD4, 0xE0, 0x4A, 0xA0, 0xFA, 0x02, 0x75, 0xC8, 
0x75, 0xC8, 0x75, 0xC8, 0x75, 0xC8, 0xFB, 0x0A, 0xFA, 0x02, 0xFA, 0x02, 0xE1, 0x20, 0x58, 0x40, 
0xE1, 0x20, 0xFB, 0x0A, 0xFB, 0x0A, 0xFB, 0x0A, 0xFA, 0x02, 0xE1, 0x20, 0x8B, 0x69, 0x8B, 0x69, 
0x00, 0x00, 0x00, 0x00, 0x00, 0x00, 0x4A, 0xA0, 0xFE, 0xCE, 0xFE, 0xCE, 0xFE, 0xCE, 0xFE, 0x47, 
0x8C, 0x20, 0x8C, 0x20, 0xFE, 0x47, 0xD4, 0xE0, 0xD4, 0xE0, 0x4A, 0xA0, 0xFA, 0x02, 0x75, 0xC8, 
0xCF, 0x56, 0xCF, 0x56, 0x75, 0xC8, 0xFB, 0x0A, 0xFA, 0x02, 0xFA, 0x02, 0xE1, 0x20, 0x58, 0x40, 
0xFB, 0x0A, 0xFB, 0x0A, 0xFB, 0x0A, 0xFB, 0x0A, 0xFA, 0x02, 0xE1, 0x20, 0x8B, 0x69, 0x6A, 0x65, 
0x00, 0x00, 0x00, 0x00, 0x00, 0x00, 0x4A, 0xA0, 0xFE, 0xCE, 0xFE, 0xCE, 0xFE, 0xCE, 0xFE, 0x47, 
0xFE, 0x47, 0x8C, 0x20, 0x8C, 0x20, 0xD4, 0xE0, 0xD4, 0xE0, 0x4A, 0xA0, 0xFA, 0x02, 0xFB, 0x0A, 
0xFB, 0x0A, 0xFB, 0x0A, 0xFB, 0x0A, 0xFB, 0x0A, 0xFA, 0x02, 0xFA, 0x02, 0xE1, 0x20, 0x58, 0x40, 
0xFB, 0x0A, 0x94, 0x92, 0x94, 0x92, 0x7B, 0xCF, 0x42, 0x28, 0xE1, 0x20, 0x6A, 0x65, 0x6A, 0x65, 
0x00, 0x00, 0x00, 0x00, 0x00, 0x00, 0x4A, 0xA0, 0xFE, 0xCE, 0xFE, 0xCE, 0xFE, 0xCE, 0xFE, 0x47, 
0xFE, 0x47, 0xFE, 0x47, 0x8C, 0x20, 0xD4, 0xE0, 0xD4, 0xE0, 0x4A, 0xA0, 0xFA, 0x02, 0xFB, 0x0A, 
0xFB, 0x0A, 0xFB, 0x0A, 0xFB, 0x0A, 0xFB, 0x0A, 0xEF, 0x5D, 0xFA, 0x02, 0xE1, 0x20, 0x58, 0x40, 
0x94, 0x92, 0x94, 0x92, 0x7B, 0xCF, 0x63, 0x0C, 0x42, 0x28, 0xE1, 0x20, 0x6A, 0x65, 0x6A, 0x65, 
0x00, 0x00, 0x00, 0x00, 0x00, 0x00, 0x4A, 0xA0, 0xFE, 0xCE, 0xFE, 0xCE, 0xFE, 0xCE, 0xFE, 0x47, 
0xFE, 0x47, 0xFE, 0x47, 0xD4, 0xE0, 0x8C, 0x20, 0xD4, 0xE0, 0x4A, 0xA0, 0xFA, 0x02, 0xFB, 0x0A, 
0xFB, 0x0A, 0xFB, 0x0A, 0xFB, 0x0A, 0xFA, 0x02, 0xEF, 0x5D, 0xFA, 0x02, 0xE1, 0x20, 0xE1, 0x20, 
0x94, 0x92, 0x7B, 0xCF, 0x7B, 0xCF, 0x63, 0x0C, 0x42, 0x28, 0xE1, 0x20, 0x6A, 0x65, 0x6A, 0x65, 
0x00, 0x00, 0x00, 0x00, 0x00, 0x00, 0x4A, 0xA0, 0xFE, 0xCE, 0xFE, 0xCE, 0xFE, 0xCE, 0xFE, 0x47, 
0xFE, 0x47, 0xFE, 0x47, 0xD4, 0xE0, 0x8C, 0x20, 0xD4, 0xE0, 0x4A, 0xA0, 0xFA, 0x02, 0xFA, 0x02, 
0xFB, 0x0A, 0xFB, 0x0A, 0xFA, 0x02, 0xFA, 0x02, 0xEF, 0x5D, 0xFA, 0x02, 0xE1, 0x20, 0xE1, 0x20, 
0x7B, 0xCF, 0x7B, 0xCF, 0x7B, 0xCF, 0x63, 0x0C, 0x42, 0x28, 0xE1, 0x20, 0x00, 0x00, 0x00, 0x00, 
0x00, 0x00, 0x00, 0x00, 0x00, 0x00, 0x4A, 0xA0, 0xFE, 0x47, 0xFE, 0xCE, 0xFE, 0xCE, 0xFE, 0x47, 
0xFE, 0x47, 0xFE, 0x47, 0xD4, 0xE0, 0x8C, 0x20, 0xD4, 0xE0, 0x4A, 0xA0, 0xFA, 0x02, 0xFA, 0x02, 
0xFA, 0x02, 0xFA, 0x02, 0xFA, 0x02, 0xFA, 0x02, 0xEF, 0x5D, 0xFA, 0x02, 0xE1, 0x20, 0xE1, 0x20, 
0x63, 0x0C, 0x63, 0x0C, 0x63, 0x0C, 0x63, 0x0C, 0x42, 0x28, 0xE1, 0x20, 0x00, 0x00, 0x00, 0x00, 
0x00, 0x00, 0x00, 0x00, 0x00, 0x00, 0x4A, 0xA0, 0xFE, 0x47, 0xFE, 0x47, 0xFE, 0x47, 0xFE, 0x47, 
0xFE, 0x47, 0xFE, 0x47, 0xD4, 0xE0, 0x8C, 0x20, 0xD4, 0xE0, 0x4A, 0xA0, 0xE1, 0x20, 0xFA, 0x02, 
0xFA, 0x02, 0xFA, 0x02, 0xFA, 0x02, 0xFA, 0x02, 0xEF, 0x5D, 0xFA, 0x02, 0xE1, 0x20, 0xE1, 0x20, 
0x63, 0x0C, 0x63, 0x0C, 0x63, 0x0C, 0x63, 0x0C, 0x42, 0x28, 0x8B, 0x69, 0x8B, 0x69, 0x00, 0x00, 
0x00, 0x00, 0x00, 0x00, 0x00, 0x00, 0x4A, 0xA0, 0x8C, 0x20, 0xFE, 0x47, 0xFE, 0x47, 0xFE, 0x47, 
0xFE, 0x47, 0xFE, 0x47, 0xD4, 0xE0, 0x8C, 0x20, 0x8C, 0x20, 0x4A, 0xA0, 0xE1, 0x20, 0xE1, 0x20, 
0xFA, 0x02, 0xFA, 0x02, 0xFA, 0x02, 0xFA, 0x02, 0xEF, 0x5D, 0xE1, 0x20, 0xE1, 0x20, 0xE1, 0x20, 
0xE1, 0x20, 0x42, 0x28, 0x42, 0x28, 0x42, 0x28, 0x42, 0x28, 0x8B, 0x69, 0x8B, 0x69, 0x00, 0x00, 
0x00, 0x00, 0x00, 0x00, 0x00, 0x00, 0x4A, 0xA0, 0x8C, 0x20, 0x8C, 0x20, 0xFE, 0x47, 0xFE, 0x47, 
0xFE, 0x47, 0xFE, 0x47, 0xD4, 0xE0, 0xD4, 0xE0, 0x8C, 0x20, 0x4A, 0xA0, 0xE1, 0x20, 0xE1, 0x20, 
0xE1, 0x20, 0xE1, 0x20, 0xE1, 0x20, 0xE1, 0x20, 0xE1, 0x20, 0xE1, 0x20, 0xE1, 0x20, 0x58, 0x40, 
0xE1, 0x20, 0x42, 0x28, 0x42, 0x28, 0x42, 0x28, 0x42, 0x28, 0x8B, 0x69, 0x6A, 0x65, 0x00, 0x00, 
0x00, 0x00, 0x00, 0x00, 0x4A, 0xA0, 0xFE, 0xCE, 0xFE, 0xCE, 0x8C, 0x20, 0x8C, 0x20, 0xFE, 0x47, 
0xFE, 0x47, 0xD4, 0xE0, 0xD4, 0xE0, 0xD4, 0xE0, 0x8C, 0x20, 0x4A, 0xA0, 0xE1, 0x20, 0x75, 0xC8, 
0xCF, 0x56, 0xCF, 0x56, 0x75, 0xC8, 0xE1, 0x20, 0xE1, 0x20, 0xE1, 0x20, 0xE1, 0x20, 0x58, 0x40, 
0xE1, 0x20, 0xE1, 0x20, 0xE1, 0x20, 0xE1, 0x20, 0xE1, 0x20, 0x6A, 0x65, 0x6A, 0x65, 0x00, 0x00, 
0x00, 0x00, 0x00, 0x00, 0x4A, 0xA0, 0xFE, 0xCE, 0xFE, 0xCE, 0xFE, 0x47, 0x8C, 0x20, 0xD4, 0xE0, 
0xD4, 0xE0, 0xD4, 0xE0, 0xD4, 0xE0, 0xD4, 0xE0, 0x8C, 0x20, 0x4A, 0xA0, 0xE1, 0x20, 0x75, 0xC8, 
0x75, 0xC8, 0x75, 0xC8, 0x75, 0xC8, 0xE1, 0x20, 0xE1, 0x20, 0xE1, 0x20, 0xE1, 0x20, 0x58, 0x40, 
0x58, 0x40, 0x58, 0x40, 0xE1, 0x20, 0xE1, 0x20, 0xE1, 0x20, 0x6A, 0x65, 0x6A, 0x65, 0x00, 0x00, 
0x00, 0x00, 0x00, 0x00, 0x4A, 0xA0, 0xFE, 0x47, 0xFE, 0x47, 0xFE, 0x47, 0x8C, 0x20, 0x8C, 0x20, 
0xD4, 0xE0, 0xD4, 0xE0, 0xD4, 0xE0, 0xD4, 0xE0, 0x8C, 0x20, 0x4A, 0xA0, 0xE1, 0x20, 0xE1, 0x20, 
0xE1, 0x20, 0xE1, 0x20, 0xE1, 0x20, 0xFF, 0xFF, 0xEF, 0x5D, 0xE1, 0x20, 0x58, 0x40, 0xE1, 0x20, 
0xE1, 0x20, 0xE1, 0x20, 0xFF, 0xFF, 0xEF, 0x5D, 0x58, 0x40, 0x6A, 0x65, 0x6A, 0x65, 0x00, 0x00, 
0x00, 0x00, 0x00, 0x00, 0x4A, 0xA0, 0xFE, 0x47, 0xFE, 0x47, 0xFE, 0x47, 0xFE, 0x47, 0x8C, 0x20, 
0xD4, 0xE0, 0xD4, 0xE0, 0xD4, 0xE0, 0xD4, 0xE0, 0x8C, 0x20, 0x4A, 0xA0, 0xE1, 0x20, 0xE1, 0x20, 
0xE1, 0x20, 0xE1, 0x20, 0xE1, 0x20, 0xEF, 0x5D, 0xEF, 0x5D, 0xE1, 0x20, 0x58, 0x40, 0xB0, 0xC0, 
0xE1, 0x20, 0xE1, 0x20, 0xEF, 0x5D, 0xEF, 0x5D, 0xE1, 0x20, 0xE1, 0x20, 0x00, 0x00, 0x00, 0x00, 
0x00, 0x00, 0x4A, 0xA0, 0xFE, 0x47, 0xFE, 0x47, 0xFE, 0x47, 0xFE, 0x47, 0xD4, 0xE0, 0x8C, 0x20, 
0x8C, 0x20, 0xD4, 0xE0, 0xD4, 0xE0, 0xD4, 0xE0, 0x8C, 0x20, 0x4A, 0xA0, 0xB0, 0xC0, 0xE1, 0x20, 
0xE1, 0x20, 0xE1, 0x20, 0xE1, 0x20, 0xE1, 0x20, 0xE1, 0x20, 0xB0, 0xC0, 0x58, 0x40, 0x58, 0x40, 
0x58, 0x40, 0xE1, 0x20, 0xE1, 0x20, 0xB0, 0xC0, 0x58, 0x40, 0xE1, 0x20, 0x58, 0x40, 0x00, 0x00, 
0x00, 0x00, 0x4A, 0xA0, 0xFE, 0x47, 0xFE, 0x47, 0xD4, 0xE0, 0xD4, 0xE0, 0xD4, 0xE0, 0xD4, 0xE0, 
0x8C, 0x20, 0xD4, 0xE0, 0xD4, 0xE0, 0x8C, 0x20, 0x8C, 0x20, 0x4A, 0xA0, 0xB0, 0xC0, 0xB0, 0xC0, 
0xB0, 0xC0, 0xB0, 0xC0, 0xB0, 0xC0, 0xB0, 0xC0, 0xB0, 0xC0, 0x58, 0x40, 0x00, 0x00, 0x00, 0x00, 
0x58, 0x40, 0x58, 0x40, 0x58, 0x40, 0x58, 0x40, 0xFA, 0x02, 0xE1, 0x20, 0x58, 0x40, 0x00, 0x00, 
0x00, 0x00, 0x00, 0x00, 0x4A, 0xA0, 0xD4, 0xE0, 0xD4, 0xE0, 0xD4, 0xE0, 0xD4, 0xE0, 0xD4, 0xE0, 
0x8C, 0x20, 0x8C, 0x20, 0x8C, 0x20, 0x8C, 0x20, 0x8C, 0x20, 0x8C, 0x20, 0x4A, 0xA0, 0xB0, 0xC0, 
0xB0, 0xC0, 0xB0, 0xC0, 0xB0, 0xC0, 0xB0, 0xC0, 0x58, 0x40, 0x00, 0x00, 0x00, 0x00, 0x00, 0x00, 
0x00, 0x00, 0x00, 0x00, 0x00, 0x00, 0x58, 0x40, 0xE1, 0x20, 0xE1, 0x20, 0x58, 0x40, 0x00, 0x00, 
0x00, 0x00, 0x00, 0x00, 0x00, 0x00, 0x4A, 0xA0, 0x4A, 0xA0, 0x4A, 0xA0, 0x4A, 0xA0, 0x4A, 0xA0, 
0x4A, 0xA0, 0x8C, 0x20, 0x8C, 0x20, 0x8C, 0x20, 0x8C, 0x20, 0x8C, 0x20, 0x4A, 0xA0, 0x58, 0x40, 
0x58, 0x40, 0x58, 0x40, 0x58, 0x40, 0x58, 0x40, 0x00, 0x00, 0x00, 0x00, 0x00, 0x00, 0x00, 0x00, 
0x00, 0x00, 0x00, 0x00, 0x00, 0x00, 0x58, 0x40, 0xE1, 0x20, 0xE1, 0x20, 0x58, 0x40, 0x00, 0x00, 
0x00, 0x00, 0x00, 0x00, 0x00, 0x00, 0x00, 0x00, 0x00, 0x00, 0x00, 0x00, 0x00, 0x00, 0x00, 0x00, 
0x00, 0x00, 0x4A, 0xA0, 0x8C, 0x20, 0x8C, 0x20, 0x8C, 0x20, 0x8C, 0x20, 0x4A, 0xA0, 0x00, 0x00, 
0x00, 0x00, 0x00, 0x00, 0x00, 0x00, 0x00, 0x00, 0x00, 0x00, 0x00, 0x00, 0x00, 0x00, 0x00, 0x00, 
0x00, 0x00, 0x00, 0x00, 0x00, 0x00, 0x58, 0x40, 0xE1, 0x20, 0x58, 0x40, 0x00, 0x00, 0x00, 0x00, 
0x00, 0x00, 0x00, 0x00, 0x00, 0x00, 0x00, 0x00, 0x00, 0x00, 0x00, 0x00, 0x00, 0x00, 0x00, 0x00, 
0x00, 0x00, 0x00, 0x00, 0x4A, 0xA0, 0x4A, 0xA0, 0x4A, 0xA0, 0x4A, 0xA0, 0x00, 0x00, 0x00, 0x00, 
0x00, 0x00, 0x00, 0x00, 0x00, 0x00, 0x00, 0x00, 0x00, 0x00, 0x00, 0x00, 0x00, 0x00, 0x00, 0x00, 
0x00, 0x00, 0x00, 0x00, 0x58, 0x40, 0xE1, 0x20, 0x58, 0x40, 0x00, 0x00, 0x00, 0x00, 0x00, 0x00, 
0x00, 0x00, 0x00, 0x00, 0x00, 0x00, 0x00, 0x00, 0x00, 0x00, 0x00, 0x00, 0x00, 0x00, 0x00, 0x00, 
0x00, 0x00, 0x00, 0x00, 0x00, 0x00, 0x00, 0x00, 0x00, 0x00, 0x00, 0x00, 0x00, 0x00, 0x00, 0x00, 
0x00, 0x00, 0x00, 0x00, 0x00, 0x00, 0x00, 0x00, 0x00, 0x00, 0x00, 0x00, 0x00, 0x00, 0x00, 0x00, 
0x00, 0x00, 0x00, 0x00, 0x58, 0x40, 0x58, 0x40, 0x00, 0x00, 0x00, 0x00, 0x00, 0x00, 0x00, 0x00, 
0x00, 0x00, 0x00, 0x00, 0x00, 0x00, 0x00, 0x00, 0x00, 0x00, 0x00, 0x00, 0x00, 0x00, 0x00, 0x00, 
0x00, 0x00, 0x00, 0x00, 0x00, 0x00, 0x00, 0x00, 0x00, 0x00, 0x00, 0x00, 0x00, 0x00, 0x00, 0x00, 
0x00, 0x00, 0x00, 0x00, 0x00, 0x00, 0x00, 0x00, 0x00, 0x00, 0x00, 0x00, 0x00, 0x00, 0x00, 0x00, 
0x00, 0x00, 0x00, 0x00, 0x00, 0x00, 0x00, 0x00, 0x00, 0x00, 0x00, 0x00, 0x00, 0x00, 0x00, 0x00
}
},
{
{
0x00, 0x00, 0x00, 0x00, 0x00, 0x00, 0x00, 0x00, 0x00, 0x00, 0x00, 0x00, 0x00, 0x00, 0x00, 0x00, 
0x00, 0x00, 0x00, 0x00, 0x00, 0x00, 0x00, 0x00, 0x00, 0x00, 0x00, 0x00, 0x00, 0x00, 0x00, 0x00, 
0x00, 0x00, 0x00, 0x00, 0x00, 0x00, 0x00, 0x00, 0x00, 0x00, 0x00, 0x00, 0x00, 0x00, 0x00, 0x00, 
0x00, 0x00, 0x00, 0x00, 0x00, 0x00, 0x00, 0x00, 0x00, 0x00, 0x00, 0x00, 0x00, 0x00, 0x00, 0x00, 
0x00, 0x00, 0x00, 0x00, 0x00, 0x00, 0x00, 0x00, 0x00, 0x00, 0x00, 0x00, 0x00, 0x00, 0x00, 0x00, 
0x00, 0x00, 0x00, 0x00, 0x00, 0x00, 0x00, 0x00, 0x00, 0x00, 0x00, 0x00, 0x00, 0x00, 0x00, 0x00, 
0x00, 0x00, 0x00, 0x00, 0x00, 0x00, 0x00, 0x00, 0x00, 0x00, 0x00, 0x00, 0x00, 0x00, 0x00, 0x00, 
0x00, 0x00, 0x00, 0x00, 0x00, 0x00, 0x00, 0x00, 0x00, 0x00, 0x00, 0x00, 0x00, 0x00, 0x00, 0x00, 
0x00, 0x00, 0x00, 0x00, 0x00, 0x00, 0x00, 0x00, 0x00, 0x00, 0x00, 0x00, 0x00, 0x00, 0x00, 0x00, 
0x00, 0x00, 0x00, 0x00, 0x00, 0x00, 0x00, 0x00, 0x00, 0x00, 0x00, 0x00, 0x00, 0x00, 0x00, 0x00, 
0x00, 0x00, 0x00, 0x00, 0x00, 0x00, 0x00, 0x00, 0x00, 0x00, 0x00, 0x00, 0x00, 0x00, 0x00, 0x00, 
0x00, 0x00, 0x00, 0x00, 0x00, 0x00, 0x00, 0x00, 0x00, 0x00, 0x00, 0x00, 0x00, 0x00, 0x00, 0x00, 
0x00, 0x00, 0x00, 0x00, 0x00, 0x00, 0x00, 0x00, 0x00, 0x00, 0x00, 0x00, 0x00, 0x00, 0x00, 0x00, 
0x00, 0x00, 0x00, 0x00, 0x00, 0x00, 0x00, 0x00, 0x00, 0x00, 0x00, 0x00, 0x00, 0x00, 0x00, 0x00, 
0x00, 0x00, 0x00, 0x00, 0x00, 0x00, 0x00, 0x00, 0x00, 0x00, 0x00, 0x00, 0x00, 0x00, 0x00, 0x00, 
0x00, 0x00, 0x00, 0x00, 0x00, 0x00, 0x00, 0x00, 0x00, 0x00, 0x00, 0x00, 0x00, 0x00, 0x00, 0x00, 
0x00, 0x00, 0x00, 0x00, 0x00, 0x00, 0x00, 0x00, 0x00, 0x00, 0x00, 0x00, 0x00, 0x00, 0x00, 0x00, 
0x00, 0x00, 0x4A, 0xA0, 0x4A, 0xA0, 0x4A, 0xA0, 0x00, 0x00, 0x00, 0x00, 0x00, 0x00, 0x00, 0x00, 
0x00, 0x00, 0x00, 0x00, 0x00, 0x00, 0x00, 0x00, 0x00, 0x00, 0x00, 0x00, 0x00, 0x00, 0x00, 0x00, 
0x00, 0x00, 0x00, 0x00, 0x00, 0x00, 0x00, 0x00, 0x00, 0x00, 0x00, 0x00, 0x00, 0x00, 0x00, 0x00, 
0x00, 0x00, 0x00, 0x00, 0x00, 0x00, 0x00, 0x00, 0x00, 0x00, 0x00, 0x00, 0x00, 0x00, 0x4A, 0xA0, 
0x4A, 0xA0, 0xFE, 0x47, 0xD4, 0xE0, 0x4A, 0xA0, 0xE1, 0x20, 0xE1, 0x20, 0xE1, 0x20, 0xE1, 0x20, 
0xE1, 0x20, 0xE1, 0x20, 0xE1, 0x20, 0xEF, 0x5D, 0x00, 0x00, 0x00, 0x00, 0x00, 0x00, 0x00, 0x00, 
0x00, 0x00, 0x00, 0x00, 0x00, 0x00, 0x00, 0x00, 0x00, 0x00, 0x00, 0x00, 0x00, 0x00, 0x00, 0x00, 
0x00, 0x00, 0x00, 0x00, 0x00, 0x00, 0x00, 0x00, 0x00, 0x00, 0x4A, 0xA0, 0x4A, 0xA0, 0xFE, 0x47, 
0xFE, 0x47, 0xFE, 0x47, 0xD4, 0xE0, 0x4A, 0xA0, 0xFB, 0x0A, 0xFB, 0x0A, 0xFB, 0x0A, 0xFB, 0x0A, 
0xFB, 0x0A, 0xFB, 0x0A, 0xFB, 0x0A, 0xEF, 0x5D, 0xFB, 0x0A, 0x00, 0x00, 0x00, 0x00, 0x00, 0x00, 
0x00, 0x00, 0x00, 0x00, 0x00, 0x00, 0x00, 0x00, 0x00, 0x00, 0x00, 0x00, 0x00, 0x00, 0x00, 0x00, 
0x00, 0x00, 0x00, 0x00, 0x00, 0x00, 0x00, 0x00, 0x4A, 0xA0, 0xFE, 0x47, 0xFE, 0xCE, 0xFE, 0xCE, 
0xFE, 0x47, 0xFE, 0x47, 0xD4, 0xE0, 0x4A, 0xA0, 0xFB, 0x0A, 0xFB, 0x0A, 0xFB, 0x0A, 0xFB, 0x0A, 
0xFB, 0x0A, 0xFB, 0x0A, 0xFB, 0x0A, 0xEF, 0x5D, 0xE1, 0x20, 0xE1, 0x20, 0x00, 0x00, 0x00, 0x00, 
0x00, 0x00, 0x00, 0x00, 0x00, 0x00, 0x00, 0x00, 0x00, 0x00, 0x00, 0x00, 0x00, 0x00, 0x00, 0x00, 
0x00, 0x00, 0x00, 0x00, 0x00, 0x00, 0x4A, 0xA0, 0xFE, 0x47, 0xFE, 0xCE, 0xFE, 0xCE, 0xFE, 0xCE, 
0xFE, 0x47, 0xFE, 0x47, 0xD4, 0xE0, 0x4A, 0xA0, 0xFA, 0x02, 0xFA, 0x02, 0xFA, 0x02, 0xFA, 0x02, 
0xFA, 0x02, 0xFA, 0x02, 0xFA, 0x02, 0xEF, 0x5D, 0xE1, 0x20, 0xE1, 0x20, 0x58, 0x40, 0x00, 0x00, 
0x00, 0x00, 0x00, 0x00, 0x00, 0x00, 0x00, 0x00, 0x00, 0x00, 0x00, 0x00, 0x00, 0x00, 0x00, 0x00, 
0x00, 0x00, 0x00, 0x00, 0x00, 0x00, 0x4A, 0xA0, 0xFE, 0x47, 0xFE, 0xCE, 0xFE, 0xCE, 0xFE, 0xCE, 
0xFE, 0x47, 0xFE, 0x47, 0xD4, 0xE0, 0x4A, 0xA0, 0xFA, 0x02, 0xFA, 0x02, 0xFA, 0x02, 0xFA, 0x02, 
0xFA, 0x02, 0xFA, 0x02, 0xFA, 0x02, 0xEF, 0x5D, 0xE1, 0x20, 0xE1, 0x20, 0x58, 0x40, 0xE1, 0x20, 
0x94, 0x92, 0x94, 0x92, 0x94, 0x92, 0x00, 0x00, 0x00, 0x00, 0x00, 0x00, 0x00, 0x00, 0x00, 0x00, 
0x00, 0x00, 0x00, 0x00, 0x00, 0x00, 0x4A, 0xA0, 0xFE, 0xCE, 0xFE, 0xCE, 0xFE, 0xCE, 0xFE, 0xCE, 
0xFE, 0x47, 0xFE, 0x47, 0xD4, 0xE0, 0x4A, 0xA0, 0xE1, 0x20, 0xE1, 0x20, 0xE1, 0x20, 0xE1, 0x20, 
0xE1, 0x20, 0xE1, 0x20, 0xE1, 0x20, 0xE1, 0x20, 0xE1, 0x20, 0xE1, 0x20, 0x58, 0x40, 0xB0, 0xC0, 
0x7B, 0xCF, 0x7B, 0xCF, 0x7B, 0xCF, 0x7B, 0xCF, 0x00, 0x00, 0x00, 0x00, 0x00, 0x00, 0x00, 0x00, 
0x00, 0x00, 0x00, 0x00, 0x4A, 0xA0, 0xD4, 0xE0, 0xFE, 0xCE, 0xFE, 0xCE, 0xFE, 0xCE, 0xFE, 0x47, 
0xFE, 0x47, 0xFE, 0x47, 0xD4, 0xE0, 0x4A, 0xA0, 0xE1, 0x20, 0xE1, 0x20, 0x75, 0xC8, 0xCF, 0x56, 
0xCF, 0x56, 0x75, 0xC8, 0xE1, 0x20, 0xE1, 0x20, 0xE1, 0x20, 0xE1, 0x20, 0x58, 0x40, 0xB0, 0xC0, 
0x63, 0x0C, 0x7B, 0xCF, 0x7B, 0xCF, 0x7B, 0xCF, 0x58, 0x40, 0x00, 0x00, 0x00, 0x00, 0x00, 0x00, 
0x00, 0x00, 0x4A, 0xA0, 0xD4, 0xE0, 0xD4, 0xE0, 0xFE, 0xCE, 0xFE, 0xCE, 0xFE, 0x47, 0xFE, 0x47, 
0xFE, 0x47, 0xFE, 0x47, 0xD4, 0xE0, 0x4A, 0xA0, 0xE1, 0x20, 0xE1, 0x20, 0x75, 0xC8, 0x75, 0xC8, 
0x75, 0xC8, 0x75, 0xC8, 0xE1, 0x20, 0xE1, 0x20, 0xE1, 0x20, 0xE1, 0x20, 0x58, 0x40, 0xB0, 0xC0, 
0x63, 0x0C, 0x63, 0x0C, 0x63, 0x0C, 0x7B, 0xCF, 0x8B, 0x69, 0x8B, 0x69, 0x00, 0x00, 0x00, 0x00, 
0x00, 0x00, 0x4A, 0xA0, 0xD4, 0xE0, 0xD4, 0xE0, 0xFE, 0x47, 0xFE, 0x47, 0xFE, 0x47, 0xFE, 0x47, 
0xFE, 0x47, 0xFE, 0x47, 0xD4, 0xE0, 0x4A, 0xA0, 0xE1, 0x20, 0xE1, 0x20, 0xE1, 0x20, 0xE1, 0x20, 
0xE1, 0x20, 0xE1, 0x20, 0xE1, 0x20, 0xE1, 0x20, 0xE1, 0x20, 0xE1, 0x20, 0x58, 0x40, 0xB0, 0xC0, 
0xB0, 0xC0, 0xB0, 0xC0, 0x63, 0x0C, 0x63, 0x0C, 0x8B, 0x69, 0x8B, 0x69, 0x00, 0x00, 0x00, 0x00, 
0x00, 0x00, 0x4A, 0xA0, 0xD4, 0xE0, 0xD4, 0xE0, 0xD4, 0xE0, 0xFE, 0x47, 0xFE, 0x47, 0xFE, 0x47, 
0xFE, 0x47, 0xFE, 0x47, 0xD4, 0xE0, 0x4A, 0xA0, 0xE1, 0x20, 0xE1, 0x20, 0xE1, 0x20, 0xE1, 0x20, 
0xE1, 0x20, 0xE1, 0x20, 0xFF, 0xFF, 0xEF, 0x5D, 0xE1, 0x20, 0xE1, 0x20, 0x58, 0x40, 0xB0, 0xC0, 
0xB0, 0xC0, 0xB0, 0xC0, 0x63, 0x0C, 0x63, 0x0C, 0x8B, 0x69, 0x8B, 0x69, 0x00, 0x00, 0x00, 0x00, 
0x00, 0x00, 0x4A, 0xA0, 0xFE, 0x47, 0xFE, 0x47, 0xD4, 0xE0, 0xD4, 0xE0, 0xFE, 0x47, 0xFE, 0x47, 
0xFE, 0x47, 0xD4, 0xE0, 0xD4, 0xE0, 0x4A, 0xA0, 0xE1, 0x20, 0xE1, 0x20, 0xE1, 0x20, 0xE1, 0x20, 
0xE1, 0x20, 0xE1, 0x20, 0xEF, 0x5D, 0xEF, 0x5D, 0xE1, 0x20, 0xE1, 0x20, 0x58, 0x40, 0xB0, 0xC0, 
0xB0, 0xC0, 0xB0, 0xC0, 0x42, 0x28, 0x42, 0x28, 0x8B, 0x69, 0x8B, 0x69, 0x00, 0x00, 0x00, 0x00, 
0x00, 0x00, 0x4A, 0xA0, 0xFE, 0xCE, 0xFE, 0xCE, 0xFE, 0x47, 0xD4, 0xE0, 0xFE, 0x47, 0xD4, 0xE0, 
0xD4, 0xE0, 0xD4, 0xE0, 0xD4, 0xE0, 0x4A, 0xA0, 0xE1, 0x20, 0xE1, 0x20, 0xE1, 0x20, 0xE1, 0x20, 
0xE1, 0x20, 0xE1, 0x20, 0xE1, 0x20, 0xE1, 0x20, 0xB0, 0xC0, 0xB0, 0xC0, 0x58, 0x40, 0xB0, 0xC0, 
0xB0, 0xC0, 0xB0, 0xC0, 0xB0, 0xC0, 0xB0, 0xC0, 0x6A, 0x65, 0x8B, 0x69, 0x00, 0x00, 0x00, 0x00, 
0x00, 0x00, 0x4A, 0xA0, 0xFE, 0xCE, 0xFE, 0xCE, 0xFE, 0xCE, 0xFE, 0x47, 0xD4, 0xE0, 0xD4, 0xE0, 
0xD4, 0xE0, 0x8C, 0x20, 0x8C, 0x20, 0x4A, 0xA0, 0xE1, 0x20, 0xE1, 0x20, 0xE1, 0x20, 0xE1, 0x20, 
0xE1, 0x20, 0xE1, 0x20, 0xE1, 0x20, 0xB0, 0xC0, 0xB0, 0xC0, 0xB0, 0xC0, 0x58, 0x40, 0xB0, 0xC0, 
0xB0, 0xC0, 0xB0, 0xC0, 0xB0, 0xC0, 0xB0, 0xC0, 0x6A, 0x65, 0x6A, 0x65, 0x00, 0x00, 0x00, 0x00, 
0x00, 0x00, 0x4A, 0xA0, 0xFE, 0xCE, 0xFE, 0xCE, 0xFE, 0xCE, 0xFE, 0x47, 0xD4, 0xE0, 0xD4, 0xE0, 
0x8C, 0x20, 0x8C, 0x20, 0x8C, 0x20, 0x4A, 0xA0, 0xB0, 0xC0, 0xE1, 0x20, 0xE1, 0x20, 0xE1, 0x20, 
0xB0, 0xC0, 0xB0, 0xC0, 0xB0, 0xC0, 0xB0, 0xC0, 0xB0, 0xC0, 0x58, 0x40, 0xB0, 0xC0, 0xB0, 0xC0, 
0xB0, 0xC0, 0xB0, 0xC0, 0xB0, 0xC0, 0xB0, 0xC0, 0x6A, 0x65, 0x6A, 0x65, 0x00, 0x00, 0x00, 0x00, 
0x00, 0x00, 0x4A, 0xA0, 0xFE, 0x47, 0xFE, 0xCE, 0xFE, 0xCE, 0xFE, 0x47, 0xFE, 0x47, 0xD4, 0xE0, 
0x8C, 0x20, 0x8C, 0x20, 0x8C, 0x20, 0x4A, 0xA0, 0xB0, 0xC0, 0xB0, 0xC0, 0xB0, 0xC0, 0xB0, 0xC0, 
0xB0, 0xC0, 0xB0, 0xC0, 0xB0, 0xC0, 0xB0, 0xC0, 0xB0, 0xC0, 0x58, 0x40, 0xB0, 0xC0, 0xB0, 0xC0, 
0xB0, 0xC0, 0xB0, 0xC0, 0xB0, 0xC0, 0xB0, 0xC0, 0x6A, 0x65, 0x6A, 0x65, 0x00, 0x00, 0x00, 0x00, 
0x00, 0x00, 0x4A, 0xA0, 0xFE, 0x47, 0xFE, 0x47, 0xFE, 0xCE, 0xFE, 0x47, 0xFE, 0x47, 0xD4, 0xE0, 
0x8C, 0x20, 0x8C, 0x20, 0x8C, 0x20, 0x4A, 0xA0, 0x4A, 0xA0, 0xB0, 0xC0, 0xB0, 0xC0, 0xB0, 0xC0, 
0xB0, 0xC0, 0xB0, 0xC0, 0xB0, 0xC0, 0xB0, 0xC0, 0xB0, 0xC0, 0x58, 0x40, 0xB0, 0xC0, 0xB0, 0xC0, 
0xFF, 0xFF, 0xEF, 0x5D, 0xB0, 0xC0, 0x58, 0x40, 0x00, 0x00, 0x00, 0x00, 0x00, 0x00, 0x00, 0x00, 
0x00, 0x00, 0x4A, 0xA0, 0xFE, 0x47, 0xFE, 0x47, 0xFE, 0x47, 0xFE, 0x47, 0xFE, 0x47, 0xFE, 0x47, 
0xD4, 0xE0, 0x8C, 0x20, 0x8C, 0x20, 0x4A, 0xA0, 0x4A, 0xA0, 0xB0, 0xC0, 0xB0, 0xC0, 0xB0, 0xC0, 
0xB0, 0xC0, 0xB0, 0xC0, 0xB0, 0xC0, 0xB0, 0xC0, 0xB0, 0xC0, 0x58, 0x40, 0xB0, 0xC0, 0xB0, 0xC0, 
0xEF, 0x5D, 0xEF, 0x5D, 0xB0, 0xC0, 0x58, 0x40, 0x00, 0x00, 0x00, 0x00, 0x00, 0x00, 0x00, 0x00, 
0x00, 0x00, 0x00, 0x00, 0x4A, 0xA0, 0xD4, 0xE0, 0xFE, 0x47, 0xFE, 0x47, 0xFE, 0x47, 0xFE, 0x47, 
0xD4, 0xE0, 0xD4, 0xE0, 0x8C, 0x20, 0x4A, 0xA0, 0x4A, 0xA0, 0x4A, 0xA0, 0xB0, 0xC0, 0xB0, 0xC0, 
0xB0, 0xC0, 0xB0, 0xC0, 0xB0, 0xC0, 0xB0, 0xC0, 0xB0, 0xC0, 0x58, 0x40, 0xB0, 0xC0, 0xB0, 0xC0, 
0xB0, 0xC0, 0xB0, 0xC0, 0xB0, 0xC0, 0x58, 0x40, 0x00, 0x00, 0x00, 0x00, 0x00, 0x00, 0x00, 0x00, 
0x00, 0x00, 0x00, 0x00, 0x4A, 0xA0, 0xD4, 0xE0, 0xD4, 0xE0, 0xFE, 0x47, 0xFE, 0x47, 0xFE, 0x47, 
0xFE, 0x47, 0xD4, 0xE0, 0x8C, 0x20, 0x4A, 0xA0, 0x4A, 0xA0, 0x4A, 0xA0, 0xB0, 0xC0, 0xB0, 0xC0, 
0xB0, 0xC0, 0xB0, 0xC0, 0xB0, 0xC0, 0xB0, 0xC0, 0xB0, 0xC0, 0x58, 0x40, 0x58, 0x40, 0x58, 0x40, 
0x58, 0x40, 0xB0, 0xC0, 0xB0, 0xC0, 0x58, 0x40, 0x00, 0x00, 0x00, 0x00, 0x00, 0x00, 0x00, 0x00, 
0x00, 0x00, 0x4A, 0xA0, 0xFE, 0xCE, 0xD4, 0xE0, 0xD4, 0xE0, 0xD4, 0xE0, 0xD4, 0xE0, 0xFE, 0x47, 
0xFE, 0x47, 0xFE, 0x47, 0xD4, 0xE0, 0x4A, 0xA0, 0x4A, 0xA0, 0x4A, 0xA0, 0x4A, 0xA0, 0xB0, 0xC0, 
0xB0, 0xC0, 0xB0, 0xC0, 0xB0, 0xC0, 0xB0, 0xC0, 0xB0, 0xC0, 0x58, 0x40, 0x00, 0x00, 0x00, 0x00, 
0x58, 0x40, 0xB0, 0xC0, 0xB0, 0xC0, 0x58, 0x40, 0x00, 0x00, 0x00, 0x00, 0x00, 0x00, 0x00, 0x00, 
0x00, 0x00, 0x4A, 0xA0, 0xFE, 0xCE, 0xFE, 0x47, 0xD4, 0xE0, 0xD4, 0xE0, 0xD4, 0xE0, 0xD4, 0xE0, 
0xFE, 0x47, 0xFE, 0x47, 0xD4, 0xE0, 0xD4, 0xE0, 0x4A, 0xA0, 0x4A, 0xA0, 0x4A, 0xA0, 0x4A, 0xA0, 
0xB0, 0xC0, 0xB0, 0xC0, 0xB0, 0xC0, 0xB0, 0xC0, 0x58, 0x40, 0x00, 0x00, 0x00, 0x00, 0x00, 0x00, 
0x58, 0x40, 0xB0, 0xC0, 0xB0, 0xC0, 0x58, 0x40, 0x00, 0x00, 0x00, 0x00, 0x00, 0x00, 0x00, 0x00, 
0x00, 0x00, 0x4A, 0xA0, 0xFE, 0xCE, 0xFE, 0x47, 0xD4, 0xE0, 0x8C, 0x20, 0x8C, 0x20, 0xD4, 0xE0, 
0xD4, 0xE0, 0xFE, 0x47, 0xFE, 0x47, 0xD4, 0xE0, 0x4A, 0xA0, 0x4A, 0xA0, 0x4A, 0xA0, 0x4A, 0xA0, 
0xB0, 0xC0, 0xB0, 0xC0, 0xB0, 0xC0, 0x58, 0x40, 0x00, 0x00, 0x00, 0x00, 0x00, 0x00, 0x00, 0x00, 
0x58, 0x40, 0xB0, 0xC0, 0xB0, 0xC0, 0x58, 0x40, 0x00, 0x00, 0x00, 0x00, 0x00, 0x00, 0x00, 0x00, 
0x4A, 0xA0, 0xFE, 0x47, 0xFE, 0x47, 0xD4, 0xE0, 0xD4, 0xE0, 0x8C, 0x20, 0x8C, 0x20, 0x8C, 0x20, 
0xD4, 0xE0, 0xD4, 0xE0, 0xFE, 0x47, 0xD4, 0xE0, 0xD4, 0xE0, 0x4A, 0xA0, 0x4A, 0xA0, 0x4A, 0xA0, 
0x58, 0x40, 0x58, 0x40, 0x58, 0x40, 0x00, 0x00, 0x00, 0x00, 0x00, 0x00, 0x00, 0x00, 0x00, 0x00, 
0x00, 0x00, 0x58, 0x40, 0xB0, 0xC0, 0x58, 0x40, 0x00, 0x00, 0x00, 0x00, 0x00, 0x00, 0x00, 0x00, 
0x4A, 0xA0, 0xD4, 0xE0, 0xD4, 0xE0, 0xD4, 0xE0, 0xD4, 0xE0, 0x8C, 0x20, 0x8C, 0x20, 0x8C, 0x20, 
0x8C, 0x20, 0xD4, 0xE0, 0xFE, 0x47, 0xFE, 0x47, 0xD4, 0xE0, 0x4A, 0xA0, 0x4A, 0xA0, 0x4A, 0xA0, 
0x00, 0x00, 0x00, 0x00, 0x00, 0x00, 0x00, 0x00, 0x00, 0x00, 0x00, 0x00, 0x00, 0x00, 0x00, 0x00, 
0x00, 0x00, 0x58, 0x40, 0xB0, 0xC0, 0x58, 0x40, 0x00, 0x00, 0x00, 0x00, 0x00, 0x00, 0x00, 0x00, 
0x00, 0x00, 0x4A, 0xA0, 0xD4, 0xE0, 0xD4, 0xE0, 0xD4, 0xE0, 0x8C, 0x20, 0x4A, 0xA0, 0x4A, 0xA0, 
0x4A, 0xA0, 0x8C, 0x20, 0xFE, 0x47, 0xFE, 0x47, 0xD4, 0xE0, 0x4A, 0xA0, 0x4A, 0xA0, 0x00, 0x00, 
0x00, 0x00, 0x00, 0x00, 0x00, 0x00, 0x00, 0x00, 0x00, 0x00, 0x00, 0x00, 0x00, 0x00, 0x00, 0x00, 
0x00, 0x00, 0x58, 0x40, 0xB0, 0xC0, 0x58, 0x40, 0x00, 0x00, 0x00, 0x00, 0x00, 0x00, 0x00, 0x00, 
0x00, 0x00, 0x00, 0x00, 0x4A, 0xA0, 0x4A, 0xA0, 0x4A, 0xA0, 0x4A, 0xA0, 0x00, 0x00, 0x00, 0x00, 
0x00, 0x00, 0x4A, 0xA0, 0x4A, 0xA0, 0x4A, 0xA0, 0x4A, 0xA0, 0x00, 0x00, 0x00, 0x00, 0x00, 0x00, 
0x00, 0x00, 0x00, 0x00, 0x00, 0x00, 0x00, 0x00, 0x00, 0x00, 0x00, 0x00, 0x00, 0x00, 0x00, 0x00, 
0x00, 0x00, 0x58, 0x40, 0xB0, 0xC0, 0x58, 0x40, 0x00, 0x00, 0x00, 0x00, 0x00, 0x00, 0x00, 0x00, 
0x00, 0x00, 0x00, 0x00, 0x00, 0x00, 0x00, 0x00, 0x00, 0x00, 0x00, 0x00, 0x00, 0x00, 0x00, 0x00, 
0x00, 0x00, 0x00, 0x00, 0x00, 0x00, 0x00, 0x00, 0x00, 0x00, 0x00, 0x00, 0x00, 0x00, 0x00, 0x00, 
0x00, 0x00, 0x00, 0x00, 0x00, 0x00, 0x00, 0x00, 0x00, 0x00, 0x00, 0x00, 0x00, 0x00, 0x00, 0x00, 
0x00, 0x00, 0x00, 0x00, 0x58, 0x40, 0x58, 0x40, 0x00, 0x00, 0x00, 0x00, 0x00, 0x00, 0x00, 0x00
}
,
{
0x00, 0x00, 0x00, 0x00, 0x00, 0x00, 0x00, 0x00, 0x00, 0x00, 0x00, 0x00, 0x00, 0x00, 0x00, 0x00, 
0x00, 0x00, 0x00, 0x00, 0x00, 0x00, 0x00, 0x00, 0x00, 0x00, 0x00, 0x00, 0x00, 0x00, 0x00, 0x00, 
0x00, 0x00, 0x00, 0x00, 0x00, 0x00, 0x00, 0x00, 0x00, 0x00, 0x00, 0x00, 0x00, 0x00, 0x00, 0x00, 
0x00, 0x00, 0x00, 0x00, 0x00, 0x00, 0x00, 0x00, 0x00, 0x00, 0x00, 0x00, 0x00, 0x00, 0x00, 0x00, 
0x00, 0x00, 0x00, 0x00, 0x00, 0x00, 0x00, 0x00, 0x00, 0x00, 0x00, 0x00, 0x00, 0x00, 0x00, 0x00, 
0x00, 0x00, 0x00, 0x00, 0x00, 0x00, 0x00, 0x00, 0x00, 0x00, 0x00, 0x00, 0x00, 0x00, 0x00, 0x00, 
0x00, 0x00, 0x00, 0x00, 0x00, 0x00, 0x00, 0x00, 0x00, 0x00, 0x00, 0x00, 0x00, 0x00, 0x00, 0x00, 
0x00, 0x00, 0x00, 0x00, 0x00, 0x00, 0x00, 0x00, 0x00, 0x00, 0x00, 0x00, 0x00, 0x00, 0x00, 0x00, 
0x00, 0x00, 0x00, 0x00, 0x00, 0x00, 0x00, 0x00, 0x00, 0x00, 0x00, 0x00, 0x00, 0x00, 0x00, 0x00, 
0x00, 0x00, 0x00, 0x00, 0x00, 0x00, 0x00, 0x00, 0x00, 0x00, 0x00, 0x00, 0x00, 0x00, 0x00, 0x00, 
0x00, 0x00, 0x00, 0x00, 0x00, 0x00, 0x00, 0x00, 0x00, 0x00, 0x00, 0x00, 0x00, 0x00, 0x00, 0x00, 
0x00, 0x00, 0x00, 0x00, 0x00, 0x00, 0x00, 0x00, 0x00, 0x00, 0x00, 0x00, 0x00, 0x00, 0x00, 0x00, 
0x00, 0x00, 0x00, 0x00, 0x00, 0x00, 0x00, 0x00, 0x00, 0x00, 0x00, 0x00, 0x00, 0x00, 0x00, 0x00, 
0x00, 0x00, 0x00, 0x00, 0x00, 0x00, 0x00, 0x00, 0x00, 0x00, 0x00, 0x00, 0x00, 0x00, 0x00, 0x00, 
0x00, 0x00, 0x00, 0x00, 0x00, 0x00, 0x00, 0x00, 0x00, 0x00, 0x00, 0x00, 0x00, 0x00, 0x00, 0x00, 
0x00, 0x00, 0x00, 0x00, 0x00, 0x00, 0x00, 0x00, 0x00, 0x00, 0x00, 0x00, 0x00, 0x00, 0x00, 0x00, 
0x00, 0x00, 0x00, 0x00, 0x00, 0x00, 0x00, 0x00, 0x00, 0x00, 0x00, 0x00, 0x00, 0x00, 0x00, 0x00, 
0x00, 0x00, 0x00, 0x00, 0x4A, 0xA0, 0x4A, 0xA0, 0x4A, 0xA0, 0x00, 0x00, 0x00, 0x00, 0x00, 0x00, 
0x00, 0x00, 0x00, 0x00, 0x00, 0x00, 0x00, 0x00, 0x00, 0x00, 0x00, 0x00, 0x00, 0x00, 0x00, 0x00, 
0x00, 0x00, 0x00, 0x00, 0x00, 0x00, 0x00, 0x00, 0x00, 0x00, 0x00, 0x00, 0x00, 0x00, 0x00, 0x00, 
0x00, 0x00, 0x00, 0x00, 0x00, 0x00, 0x00, 0x00, 0x00, 0x00, 0x00, 0x00, 0x00, 0x00, 0x00, 0x00, 
0x4A, 0xA0, 0x4A, 0xA0, 0xFE, 0x47, 0xD4, 0xE0, 0x4A, 0xA0, 0xE1, 0x20, 0xE1, 0x20, 0xE1, 0x20, 
0xE1, 0x20, 0xE1, 0x20, 0xE1, 0x20, 0xE1, 0x20, 0xEF, 0x5D, 0x00, 0x00, 0x00, 0x00, 0x00, 0x00, 
0x00, 0x00, 0x00, 0x00, 0x00, 0x00, 0x00, 0x00, 0x00, 0x00, 0x00, 0x00, 0x00, 0x00, 0x00, 0x00, 
0x00, 0x00, 0x00, 0x00, 0x00, 0x00, 0x00, 0x00, 0x00, 0x00, 0x00, 0x00, 0x4A, 0xA0, 0x4A, 0xA0, 
0xFE, 0x47, 0xFE, 0x47, 0xFE, 0x47, 0xD4, 0xE0, 0x4A, 0xA0, 0xFB, 0x0A, 0xFB, 0x0A, 0xFB, 0x0A, 
0xFB, 0x0A, 0xFB, 0x0A, 0xFB, 0x0A, 0xFB, 0x0A, 0xEF, 0x5D, 0xFB, 0x0A, 0x00, 0x00, 0x00, 0x00, 
0x00, 0x00, 0x00, 0x00, 0x00, 0x00, 0x00, 0x00, 0x00, 0x00, 0x00, 0x00, 0x00, 0x00, 0x00, 0x00, 
0x00, 0x00, 0x00, 0x00, 0x00, 0x00, 0x00, 0x00, 0x00, 0x00, 0x4A, 0xA0, 0xFE, 0x47, 0xFE, 0xCE, 
0xFE, 0xCE, 0xFE, 0x47, 0xFE, 0x47, 0xD4, 0xE0, 0x4A, 0xA0, 0xFB, 0x0A, 0xFB, 0x0A, 0xFB, 0x0A, 
0xFB, 0x0A, 0xFB, 0x0A, 0xFB, 0x0A, 0xFB, 0x0A, 0xEF, 0x5D, 0xE1, 0x20, 0xE1, 0x20, 0x00, 0x00, 
0x00, 0x00, 0x00, 0x00, 0x00, 0x00, 0x00, 0x00, 0x00, 0x00, 0x00, 0x00, 0x00, 0x00, 0x00, 0x00, 
0x00, 0x00, 0x00, 0x00, 0x00, 0x00, 0x00, 0x00, 0x4A, 0xA0, 0xFE, 0x47, 0xFE, 0xCE, 0xFE, 0xCE, 
0xFE, 0xCE, 0xFE, 0x47, 0xFE, 0x47, 0xD4, 0xE0, 0x4A, 0xA0, 0xFA, 0x02, 0xFA, 0x02, 0xFA, 0x02, 
0xFA, 0x02, 0xFA, 0x02, 0xFA, 0x02, 0xFA, 0x02, 0xEF, 0x5D, 0xE1, 0x20, 0xE1, 0x20, 0x58, 0x40, 
0x00, 0x00, 0x00, 0x00, 0x00, 0x00, 0x00, 0x00, 0x00, 0x00, 0x00, 0x00, 0x00, 0x00, 0x00, 0x00, 
0x00, 0x00, 0x00, 0x00, 0x00, 0x00, 0x00, 0x00, 0x4A, 0xA0, 0xFE, 0x47, 0xFE, 0xCE, 0xFE, 0xCE, 
0xFE, 0xCE, 0xFE, 0x47, 0xFE, 0x47, 0xD4, 0xE0, 0x4A, 0xA0, 0xFA, 0x02, 0xFA, 0x02, 0xFA, 0x02, 
0xFA, 0x02, 0xFA, 0x02, 0xFA, 0x02, 0xFA, 0x02, 0xEF, 0x5D, 0xE1, 0x20, 0xE1, 0x20, 0x58, 0x40, 
0xE1, 0x20, 0x94, 0x92, 0x94, 0x92, 0x94, 0x92, 0x00, 0x00, 0x8B, 0x69, 0x8B, 0x69, 0x00, 0x00, 
0x00, 0x00, 0x00, 0x00, 0x00, 0x00, 0x00, 0x00, 0x4A, 0xA0, 0xFE, 0xCE, 0xFE, 0xCE, 0xFE, 0xCE, 
0xFE, 0xCE, 0xFE, 0x47, 0xFE, 0x47, 0xD4, 0xE0, 0x4A, 0xA0, 0xE1, 0x20, 0xE1, 0x20, 0xE1, 0x20, 
0xE1, 0x20, 0xE1, 0x20, 0xE1, 0x20, 0xE1, 0x20, 0xE1, 0x20, 0xE1, 0x20, 0xE1, 0x20, 0x58, 0x40, 
0xB0, 0xC0, 0x7B, 0xCF, 0x7B, 0xCF, 0x7B, 0xCF, 0x7B, 0xCF, 0x8B, 0x69, 0x8B, 0x69, 0x00, 0x00, 
0x00, 0x00, 0x00, 0x00, 0x00, 0x00, 0x4A, 0xA0, 0xD4, 0xE0, 0xFE, 0xCE, 0xFE, 0xCE, 0xFE, 0xCE, 
0xFE, 0x47, 0xFE, 0x47, 0xFE, 0x47, 0xD4, 0xE0, 0x4A, 0xA0, 0xE1, 0x20, 0xE1, 0x20, 0x75, 0xC8, 
0xCF, 0x56, 0xCF, 0x56, 0x75, 0xC8, 0xE1, 0x20, 0xE1, 0x20, 0xE1, 0x20, 0xE1, 0x20, 0x58, 0x40, 
0xB0, 0xC0, 0x63, 0x0C, 0x63, 0x0C, 0x7B, 0xCF, 0x7B, 0xCF, 0x8B, 0x69, 0x8B, 0x69, 0x00, 0x00, 
0x00, 0x00, 0x00, 0x00, 0x4A, 0xA0, 0xD4, 0xE0, 0xD4, 0xE0, 0xFE, 0xCE, 0xFE, 0xCE, 0xFE, 0x47, 
0xFE, 0x47, 0xFE, 0x47, 0xFE, 0x47, 0xD4, 0xE0, 0x4A, 0xA0, 0xE1, 0x20, 0xE1, 0x20, 0x75, 0xC8, 
0x75, 0xC8, 0x75, 0xC8, 0x75, 0xC8, 0xE1, 0x20, 0xE1, 0x20, 0xE1, 0x20, 0xE1, 0x20, 0x58, 0x40, 
0xB0, 0xC0, 0x63, 0x0C, 0x63, 0x0C, 0x63, 0x0C, 0x63, 0x0C, 0x8B, 0x69, 0x8B, 0x69, 0x00, 0x00, 
0x00, 0x00, 0x00, 0x00, 0x4A, 0xA0, 0xD4, 0xE0, 0xD4, 0xE0, 0xFE, 0x47, 0xFE, 0x47, 0xFE, 0x47, 
0xFE, 0x47, 0xFE, 0x47, 0xFE, 0x47, 0xD4, 0xE0, 0x4A, 0xA0, 0xE1, 0x20, 0xE1, 0x20, 0xE1, 0x20, 
0xE1, 0x20, 0xE1, 0x20, 0xE1, 0x20, 0xE1, 0x20, 0xE1, 0x20, 0xE1, 0x20, 0xE1, 0x20, 0x58, 0x40, 
0xB0, 0xC0, 0xB0, 0xC0, 0xB0, 0xC0, 0x63, 0x0C, 0x63, 0x0C, 0x6A, 0x65, 0x6A, 0x65, 0x00, 0x00, 
0x00, 0x00, 0x00, 0x00, 0x4A, 0xA0, 0xD4, 0xE0, 0xD4, 0xE0, 0xD4, 0xE0, 0xFE, 0x47, 0xFE, 0x47, 
0xFE, 0x47, 0xFE, 0x47, 0xFE, 0x47, 0xD4, 0xE0, 0x4A, 0xA0, 0xE1, 0x20, 0xE1, 0x20, 0xE1, 0x20, 
0xE1, 0x20, 0xE1, 0x20, 0xE1, 0x20, 0xFF, 0xFF, 0xEF, 0x5D, 0xE1, 0x20, 0xE1, 0x20, 0x58, 0x40, 
0xB0, 0xC0, 0xB0, 0xC0, 0xB0, 0xC0, 0x63, 0x0C, 0x63, 0x0C, 0x6A, 0x65, 0x6A, 0x65, 0x00, 0x00, 
0x00, 0x00, 0x00, 0x00, 0x4A, 0xA0, 0xFE, 0x47, 0xFE, 0x47, 0xD4, 0xE0, 0xD4, 0xE0, 0xFE, 0x47, 
0xFE, 0x47, 0xFE, 0x47, 0xD4, 0xE0, 0xD4, 0xE0, 0x4A, 0xA0, 0xE1, 0x20, 0xE1, 0x20, 0xE1, 0x20, 
0xE1, 0x20, 0xE1, 0x20, 0xE1, 0x20, 0xEF, 0x5D, 0xEF, 0x5D, 0xE1, 0x20, 0xE1, 0x20, 0x58, 0x40, 
0xB0, 0xC0, 0xB0, 0xC0, 0xB0, 0xC0, 0x42, 0x28, 0x42, 0x28, 0x6A, 0x65, 0x6A, 0x65, 0x00, 0x00, 
0x00, 0x00, 0x00, 0x00, 0x4A, 0xA0, 0xFE, 0xCE, 0xFE, 0xCE, 0xFE, 0x47, 0xD4, 0xE0, 0xFE, 0x47, 
0xD4, 0xE0, 0xD4, 0xE0, 0xD4, 0xE0, 0xD4, 0xE0, 0x4A, 0xA0, 0xE1, 0x20, 0xE1, 0x20, 0xE1, 0x20, 
0xE1, 0x20, 0xE1, 0x20, 0xE1, 0x20, 0xE1, 0x20, 0xE1, 0x20, 0xB0, 0xC0, 0xB0, 0xC0, 0x58, 0x40, 
0xB0, 0xC0, 0xB0, 0xC0, 0xB0, 0xC0, 0xB0, 0xC0, 0xB0, 0xC0, 0x58, 0x40, 0x00, 0x00, 0x00, 0x00, 
0x00, 0x00, 0x00, 0x00, 0x4A, 0xA0, 0xFE, 0xCE, 0xFE, 0xCE, 0xFE, 0xCE, 0xFE, 0x47, 0xD4, 0xE0, 
0xD4, 0xE0, 0xD4, 0xE0, 0x8C, 0x20, 0x8C, 0x20, 0x4A, 0xA0, 0xE1, 0x20, 0xE1, 0x20, 0xE1, 0x20, 
0xE1, 0x20, 0xE1, 0x20, 0xE1, 0x20, 0xE1, 0x20, 0xB0, 0xC0, 0xB0, 0xC0, 0xB0, 0xC0, 0x58, 0x40, 
0xB0, 0xC0, 0xB0, 0xC0, 0xB0, 0xC0, 0xB0, 0xC0, 0xB0, 0xC0, 0x58, 0x40, 0x00, 0x00, 0x00, 0x00, 
0x00, 0x00, 0x00, 0x00, 0x4A, 0xA0, 0xFE, 0xCE, 0xFE, 0xCE, 0xFE, 0xCE, 0xFE, 0x47, 0xD4, 0xE0, 
0xD4, 0xE0, 0x8C, 0x20, 0x8C, 0x20, 0x8C, 0x20, 0x4A, 0xA0, 0xB0, 0xC0, 0xE1, 0x20, 0xE1, 0x20, 
0xE1, 0x20, 0xB0, 0xC0, 0xB0, 0xC0, 0xB0, 0xC0, 0xB0, 0xC0, 0xB0, 0xC0, 0x58, 0x40, 0xB0, 0xC0, 
0xB0, 0xC0, 0xFF, 0xFF, 0xEF, 0x5D, 0xB0, 0xC0, 0xB0, 0xC0, 0x58, 0x40, 0x00, 0x00, 0x00, 0x00, 
0x00, 0x00, 0x00, 0x00, 0x4A, 0xA0, 0xFE, 0x47, 0xFE, 0xCE, 0xFE, 0xCE, 0xFE, 0x47, 0xFE, 0x47, 
0xD4, 0xE0, 0x8C, 0x20, 0x8C, 0x20, 0x8C, 0x20, 0x4A, 0xA0, 0xB0, 0xC0, 0xB0, 0xC0, 0xB0, 0xC0, 
0xB0, 0xC0, 0xB0, 0xC0, 0xB0, 0xC0, 0xB0, 0xC0, 0xB0, 0xC0, 0xB0, 0xC0, 0x58, 0x40, 0xB0, 0xC0, 
0xB0, 0xC0, 0xEF, 0x5D, 0xEF, 0x5D, 0xB0, 0xC0, 0xB0, 0xC0, 0x8B, 0x69, 0x8B, 0x69, 0x00, 0x00, 
0x00, 0x00, 0x00, 0x00, 0x4A, 0xA0, 0xFE, 0x47, 0xFE, 0x47, 0xFE, 0xCE, 0xFE, 0x47, 0xFE, 0x47, 
0xD4, 0xE0, 0x8C, 0x20, 0x8C, 0x20, 0x8C, 0x20, 0x4A, 0xA0, 0x4A, 0xA0, 0xB0, 0xC0, 0xB0, 0xC0, 
0xB0, 0xC0, 0xB0, 0xC0, 0xB0, 0xC0, 0xB0, 0xC0, 0xB0, 0xC0, 0xB0, 0xC0, 0x58, 0x40, 0xB0, 0xC0, 
0xB0, 0xC0, 0xB0, 0xC0, 0xB0, 0xC0, 0xB0, 0xC0, 0x58, 0x40, 0x6A, 0x65, 0x6A, 0x65, 0x00, 0x00, 
0x00, 0x00, 0x00, 0x00, 0x4A, 0xA0, 0xFE, 0x47, 0xFE, 0x47, 0xFE, 0x47, 0xFE, 0x47, 0xFE, 0x47, 
0xFE, 0x47, 0xD4, 0xE0, 0x8C, 0x20, 0x8C, 0x20, 0x4A, 0xA0, 0x4A, 0xA0, 0xB0, 0xC0, 0xB0, 0xC0, 
0xB0, 0xC0, 0xB0, 0xC0, 0xB0, 0xC0, 0xB0, 0xC0, 0xB0, 0xC0, 0xB0, 0xC0, 0x58, 0x40, 0xB0, 0xC0, 
0xB0, 0xC0, 0xB0, 0xC0, 0xB0, 0xC0, 0xB0, 0xC0, 0x58, 0x40, 0x6A, 0x65, 0x6A, 0x65, 0x00, 0x00, 
0x00, 0x00, 0x00, 0x00, 0x00, 0x00, 0x4A, 0xA0, 0xD4, 0xE0, 0xFE, 0x47, 0xFE, 0x47, 0xFE, 0x47, 
0xFE, 0x47, 0xD4, 0xE0, 0xD4, 0xE0, 0x8C, 0x20, 0x4A, 0xA0, 0x4A, 0xA0, 0x4A, 0xA0, 0xB0, 0xC0, 
0xB0, 0xC0, 0xB0, 0xC0, 0xB0, 0xC0, 0xB0, 0xC0, 0xB0, 0xC0, 0xB0, 0xC0, 0x58, 0x40, 0xB0, 0xC0, 
0xB0, 0xC0, 0xB0, 0xC0, 0xB0, 0xC0, 0xB0, 0xC0, 0x58, 0x40, 0x6A, 0x65, 0x00, 0x00, 0x00, 0x00, 
0x00, 0x00, 0x00, 0x00, 0x00, 0x00, 0x4A, 0xA0, 0xD4, 0xE0, 0xD4, 0xE0, 0xFE, 0x47, 0xFE, 0x47, 
0xFE, 0x47, 0xFE, 0x47, 0xD4, 0xE0, 0x8C, 0x20, 0x4A, 0xA0, 0x4A, 0xA0, 0x4A, 0xA0, 0xB0, 0xC0, 
0xB0, 0xC0, 0xB0, 0xC0, 0xB0, 0xC0, 0xB0, 0xC0, 0xB0, 0xC0, 0xB0, 0xC0, 0x58, 0x40, 0x58, 0x40, 
0x58, 0x40, 0x58, 0x40, 0xB0, 0xC0, 0xB0, 0xC0, 0x58, 0x40, 0x00, 0x00, 0x00, 0x00, 0x00, 0x00, 
0x00, 0x00, 0x00, 0x00, 0x4A, 0xA0, 0xFE, 0xCE, 0xD4, 0xE0, 0xD4, 0xE0, 0xD4, 0xE0, 0xD4, 0xE0, 
0xFE, 0x47, 0xFE, 0x47, 0xFE, 0x47, 0xD4, 0xE0, 0x4A, 0xA0, 0x4A, 0xA0, 0x4A, 0xA0, 0x4A, 0xA0, 
0xB0, 0xC0, 0xB0, 0xC0, 0xB0, 0xC0, 0xB0, 0xC0, 0xB0, 0xC0, 0xB0, 0xC0, 0x58, 0x40, 0x00, 0x00, 
0x00, 0x00, 0x58, 0x40, 0xB0, 0xC0, 0xB0, 0xC0, 0x58, 0x40, 0x00, 0x00, 0x00, 0x00, 0x00, 0x00, 
0x00, 0x00, 0x00, 0x00, 0x4A, 0xA0, 0xFE, 0xCE, 0xFE, 0x47, 0xD4, 0xE0, 0xD4, 0xE0, 0xD4, 0xE0, 
0xD4, 0xE0, 0xFE, 0x47, 0xFE, 0x47, 0xD4, 0xE0, 0xD4, 0xE0, 0x4A, 0xA0, 0x4A, 0xA0, 0x4A, 0xA0, 
0x4A, 0xA0, 0xB0, 0xC0, 0xB0, 0xC0, 0xB0, 0xC0, 0xB0, 0xC0, 0x58, 0x40, 0x00, 0x00, 0x00, 0x00, 
0x00, 0x00, 0x58, 0x40, 0xB0, 0xC0, 0xB0, 0xC0, 0x58, 0x40, 0x00, 0x00, 0x00, 0x00, 0x00, 0x00, 
0x00, 0x00, 0x00, 0x00, 0x4A, 0xA0, 0xFE, 0xCE, 0xFE, 0x47, 0xD4, 0xE0, 0x8C, 0x20, 0x8C, 0x20, 
0xD4, 0xE0, 0xD4, 0xE0, 0xFE, 0x47, 0xFE, 0x47, 0xD4, 0xE0, 0x4A, 0xA0, 0x4A, 0xA0, 0x4A, 0xA0, 
0x4A, 0xA0, 0xB0, 0xC0, 0xB0, 0xC0, 0xB0, 0xC0, 0x58, 0x40, 0x00, 0x00, 0x00, 0x00, 0x00, 0x00, 
0x00, 0x00, 0x58, 0x40, 0xB0, 0xC0, 0x58, 0x40, 0x00, 0x00, 0x00, 0x00, 0x00, 0x00, 0x00, 0x00, 
0x00, 0x00, 0x4A, 0xA0, 0xFE, 0x47, 0xFE, 0x47, 0xD4, 0xE0, 0xD4, 0xE0, 0x8C, 0x20, 0x8C, 0x20, 
0x8C, 0x20, 0xD4, 0xE0, 0xD4, 0xE0, 0xFE, 0x47, 0xD4, 0xE0, 0xD4, 0xE0, 0x4A, 0xA0, 0x4A, 0xA0, 
0x4A, 0xA0, 0x58, 0x40, 0x58, 0x40, 0x58, 0x40, 0x00, 0x00, 0x00, 0x00, 0x00, 0x00, 0x00, 0x00, 
0x58, 0x40, 0xB0, 0xC0, 0xB0, 0xC0, 0x58, 0x40, 0x00, 0x00, 0x00, 0x00, 0x00, 0x00, 0x00, 0x00, 
0x00, 0x00, 0x4A, 0xA0, 0xD4, 0xE0, 0xD4, 0xE0, 0xD4, 0xE0, 0xD4, 0xE0, 0x8C, 0x20, 0x8C, 0x20, 
0x8C, 0x20, 0x8C, 0x20, 0xD4, 0xE0, 0xFE, 0x47, 0xFE, 0x47, 0xD4, 0xE0, 0x4A, 0xA0, 0x4A, 0xA0, 
0x4A, 0xA0, 0x00, 0x00, 0x00, 0x00, 0x00, 0x00, 0x00, 0x00, 0x00, 0x00, 0x00, 0x00, 0x00, 0x00, 
0x58, 0x40, 0xB0, 0xC0, 0xB0, 0xC0, 0x58, 0x40, 0x00, 0x00, 0x00, 0x00, 0x00, 0x00, 0x00, 0x00, 
0x00, 0x00, 0x00, 0x00, 0x4A, 0xA0, 0xD4, 0xE0, 0xD4, 0xE0, 0xD4, 0xE0, 0x8C, 0x20, 0x4A, 0xA0, 
0x4A, 0xA0, 0x4A, 0xA0, 0x8C, 0x20, 0xFE, 0x47, 0xFE, 0x47, 0xD4, 0xE0, 0x4A, 0xA0, 0x4A, 0xA0, 
0x00, 0x00, 0x00, 0x00, 0x00, 0x00, 0x00, 0x00, 0x00, 0x00, 0x00, 0x00, 0x00, 0x00, 0x00, 0x00, 
0x58, 0x40, 0xB0, 0xC0, 0xB0, 0xC0, 0x58, 0x40, 0x00, 0x00, 0x00, 0x00, 0x00, 0x00, 0x00, 0x00, 
0x00, 0x00, 0x00, 0x00, 0x00, 0x00, 0x4A, 0xA0, 0x4A, 0xA0, 0x4A, 0xA0, 0x4A, 0xA0, 0x00, 0x00, 
0x00, 0x00, 0x00, 0x00, 0x4A, 0xA0, 0x4A, 0xA0, 0x4A, 0xA0, 0x4A, 0xA0, 0x00, 0x00, 0x00, 0x00, 
0x00, 0x00, 0x00, 0x00, 0x00, 0x00, 0x00, 0x00, 0x00, 0x00, 0x00, 0x00, 0x00, 0x00, 0x58, 0x40, 
0xB0, 0xC0, 0xB0, 0xC0, 0x58, 0x40, 0x00, 0x00, 0x00, 0x00, 0x00, 0x00, 0x00, 0x00, 0x00, 0x00, 
0x00, 0x00, 0x00, 0x00, 0x00, 0x00, 0x00, 0x00, 0x00, 0x00, 0x00, 0x00, 0x00, 0x00, 0x00, 0x00, 
0x00, 0x00, 0x00, 0x00, 0x00, 0x00, 0x00, 0x00, 0x00, 0x00, 0x00, 0x00, 0x00, 0x00, 0x00, 0x00, 
0x00, 0x00, 0x00, 0x00, 0x00, 0x00, 0x00, 0x00, 0x00, 0x00, 0x00, 0x00, 0x00, 0x00, 0x58, 0x40, 
0x58, 0x40, 0x58, 0x40, 0x00, 0x00, 0x00, 0x00, 0x00, 0x00, 0x00, 0x00, 0x00, 0x00, 0x00, 0x00
}
,
{
0x00, 0x00, 0x00, 0x00, 0x00, 0x00, 0x00, 0x00, 0x00, 0x00, 0x00, 0x00, 0x00, 0x00, 0x00, 0x00, 
0x00, 0x00, 0x00, 0x00, 0x00, 0x00, 0x00, 0x00, 0x00, 0x00, 0x00, 0x00, 0x00, 0x00, 0x00, 0x00, 
0x00, 0x00, 0x00, 0x00, 0x00, 0x00, 0x00, 0x00, 0x00, 0x00, 0x00, 0x00, 0x00, 0x00, 0x00, 0x00, 
0x00, 0x00, 0x00, 0x00, 0x00, 0x00, 0x00, 0x00, 0x00, 0x00, 0x00, 0x00, 0x00, 0x00, 0x00, 0x00, 
0x00, 0x00, 0x00, 0x00, 0x00, 0x00, 0x00, 0x00, 0x00, 0x00, 0x00, 0x00, 0x00, 0x00, 0x00, 0x00, 
0x00, 0x00, 0x00, 0x00, 0x00, 0x00, 0x00, 0x00, 0x00, 0x00, 0x00, 0x00, 0x00, 0x00, 0x00, 0x00, 
0x00, 0x00, 0x00, 0x00, 0x00, 0x00, 0x00, 0x00, 0x00, 0x00, 0x00, 0x00, 0x00, 0x00, 0x00, 0x00, 
0x00, 0x00, 0x00, 0x00, 0x00, 0x00, 0x00, 0x00, 0x00, 0x00, 0x00, 0x00, 0x00, 0x00, 0x00, 0x00, 
0x00, 0x00, 0x00, 0x00, 0x00, 0x00, 0x00, 0x00, 0x00, 0x00, 0x00, 0x00, 0x00, 0x00, 0x00, 0x00, 
0x00, 0x00, 0x00, 0x00, 0x00, 0x00, 0x00, 0x00, 0x00, 0x00, 0x00, 0x00, 0x00, 0x00, 0x00, 0x00, 
0x00, 0x00, 0x00, 0x00, 0x00, 0x00, 0x00, 0x00, 0x00, 0x00, 0x00, 0x00, 0x00, 0x00, 0x00, 0x00, 
0x00, 0x00, 0x00, 0x00, 0x00, 0x00, 0x00, 0x00, 0x00, 0x00, 0x00, 0x00, 0x00, 0x00, 0x00, 0x00, 
0x00, 0x00, 0x00, 0x00, 0x00, 0x00, 0x00, 0x00, 0x00, 0x00, 0x00, 0x00, 0x00, 0x00, 0x00, 0x00, 
0x00, 0x00, 0x00, 0x00, 0x00, 0x00, 0x00, 0x00, 0x00, 0x00, 0x00, 0x00, 0x00, 0x00, 0x00, 0x00, 
0x00, 0x00, 0x00, 0x00, 0x00, 0x00, 0x00, 0x00, 0x00, 0x00, 0x00, 0x00, 0x00, 0x00, 0x00, 0x00, 
0x00, 0x00, 0x00, 0x00, 0x00, 0x00, 0x00, 0x00, 0x00, 0x00, 0x00, 0x00, 0x00, 0x00, 0x00, 0x00, 
0x00, 0x00, 0x00, 0x00, 0x00, 0x00, 0x00, 0x00, 0x00, 0x00, 0x00, 0x00, 0x00, 0x00, 0x00, 0x00, 
0x00, 0x00, 0x4A, 0xA0, 0x4A, 0xA0, 0x4A, 0xA0, 0x00, 0x00, 0x00, 0x00, 0x00, 0x00, 0x00, 0x00, 
0x00, 0x00, 0x00, 0x00, 0x00, 0x00, 0x00, 0x00, 0x00, 0x00, 0x00, 0x00, 0x00, 0x00, 0x00, 0x00, 
0x00, 0x00, 0x00, 0x00, 0x00, 0x00, 0x00, 0x00, 0x00, 0x00, 0x00, 0x00, 0x00, 0x00, 0x00, 0x00, 
0x00, 0x00, 0x00, 0x00, 0x00, 0x00, 0x00, 0x00, 0x00, 0x00, 0x00, 0x00, 0x00, 0x00, 0x4A, 0xA0, 
0x4A, 0xA0, 0xFE, 0x47, 0xD4, 0xE0, 0x4A, 0xA0, 0xE1, 0x20, 0xE1, 0x20, 0xE1, 0x20, 0xE1, 0x20, 
0xE1, 0x20, 0xE1, 0x20, 0xE1, 0x20, 0xEF, 0x5D, 0x00, 0x00, 0x00, 0x00, 0x00, 0x00, 0x00, 0x00, 
0x00, 0x00, 0x00, 0x00, 0x00, 0x00, 0x00, 0x00, 0x00, 0x00, 0x00, 0x00, 0x00, 0x00, 0x00, 0x00, 
0x00, 0x00, 0x00, 0x00, 0x00, 0x00, 0x00, 0x00, 0x00, 0x00, 0x4A, 0xA0, 0x4A, 0xA0, 0xFE, 0x47, 
0xFE, 0x47, 0xFE, 0x47, 0xD4, 0xE0, 0x4A, 0xA0, 0xFB, 0x0A, 0xFB, 0x0A, 0xFB, 0x0A, 0xFB, 0x0A, 
0xFB, 0x0A, 0xFB, 0x0A, 0xFB, 0x0A, 0xEF, 0x5D, 0xFB, 0x0A, 0x00, 0x00, 0x00, 0x00, 0x00, 0x00, 
0x00, 0x00, 0x00, 0x00, 0x00, 0x00, 0x00, 0x00, 0x00, 0x00, 0x00, 0x00, 0x00, 0x00, 0x00, 0x00, 
0x00, 0x00, 0x00, 0x00, 0x00, 0x00, 0x00, 0x00, 0x4A, 0xA0, 0xFE, 0x47, 0xFE, 0xCE, 0xFE, 0xCE, 
0xFE, 0x47, 0xFE, 0x47, 0xD4, 0xE0, 0x4A, 0xA0, 0xFB, 0x0A, 0xFB, 0x0A, 0xFB, 0x0A, 0xFB, 0x0A, 
0xFB, 0x0A, 0xFB, 0x0A, 0xFB, 0x0A, 0xEF, 0x5D, 0xE1, 0x20, 0xE1, 0x20, 0x00, 0x00, 0x00, 0x00, 
0x00, 0x00, 0x00, 0x00, 0x00, 0x00, 0x00, 0x00, 0x00, 0x00, 0x00, 0x00, 0x00, 0x00, 0x00, 0x00, 
0x00, 0x00, 0x00, 0x00, 0x00, 0x00, 0x4A, 0xA0, 0xFE, 0x47, 0xFE, 0xCE, 0xFE, 0xCE, 0xFE, 0xCE, 
0xFE, 0x47, 0xFE, 0x47, 0xD4, 0xE0, 0x4A, 0xA0, 0xFA, 0x02, 0xFA, 0x02, 0xFA, 0x02, 0xFA, 0x02, 
0xFA, 0x02, 0xFA, 0x02, 0xFA, 0x02, 0xEF, 0x5D, 0xE1, 0x20, 0xE1, 0x20, 0x58, 0x40, 0x00, 0x00, 
0x00, 0x00, 0x00, 0x00, 0x00, 0x00, 0x00, 0x00, 0x00, 0x00, 0x00, 0x00, 0x00, 0x00, 0x00, 0x00, 
0x00, 0x00, 0x00, 0x00, 0x00, 0x00, 0x4A, 0xA0, 0xFE, 0x47, 0xFE, 0xCE, 0xFE, 0xCE, 0xFE, 0xCE, 
0xFE, 0x47, 0xFE, 0x47, 0xD4, 0xE0, 0x4A, 0xA0, 0xFA, 0x02, 0xFA, 0x02, 0xFA, 0x02, 0xFA, 0x02, 
0xFA, 0x02, 0xFA, 0x02, 0xFA, 0x02, 0xEF, 0x5D, 0xE1, 0x20, 0xE1, 0x20, 0x58, 0x40, 0xE1, 0x20, 
0x94, 0x92, 0x94, 0x92, 0x94, 0x92, 0x00, 0x00, 0x00, 0x00, 0x00, 0x00, 0x00, 0x00, 0x00, 0x00, 
0x00, 0x00, 0x00, 0x00, 0x00, 0x00, 0x4A, 0xA0, 0xFE, 0xCE, 0xFE, 0xCE, 0xFE, 0xCE, 0xFE, 0xCE, 
0xFE, 0x47, 0xFE, 0x47, 0xD4, 0xE0, 0x4A, 0xA0, 0xE1, 0x20, 0xE1, 0x20, 0xE1, 0x20, 0xE1, 0x20, 
0xE1, 0x20, 0xE1, 0x20, 0xE1, 0x20, 0xE1, 0x20, 0xE1, 0x20, 0xE1, 0x20, 0x58, 0x40, 0xB0, 0xC0, 
0x7B, 0xCF, 0x7B, 0xCF, 0x7B, 0xCF, 0x7B, 0xCF, 0x00, 0x00, 0x00, 0x00, 0x00, 0x00, 0x00, 0x00, 
0x00, 0x00, 0x00, 0x00, 0x4A, 0xA0, 0xD4, 0xE0, 0xFE, 0xCE, 0xFE, 0xCE, 0xFE, 0xCE, 0xFE, 0x47, 
0xFE, 0x47, 0xFE, 0x47, 0xD4, 0xE0, 0x4A, 0xA0, 0xE1, 0x20, 0xE1, 0x20, 0x75, 0xC8, 0xCF, 0x56, 
0xCF, 0x56, 0x75, 0xC8, 0xE1, 0x20, 0xE1, 0x20, 0xE1, 0x20, 0xE1, 0x20, 0x58, 0x40, 0xB0, 0xC0, 
0x63, 0x0C, 0x7B, 0xCF, 0x7B, 0xCF, 0x7B, 0xCF, 0x58, 0x40, 0x00, 0x00, 0x00, 0x00, 0x00, 0x00, 
0x00, 0x00, 0x4A, 0xA0, 0xD4, 0xE0, 0xD4, 0xE0, 0xFE, 0xCE, 0xFE, 0xCE, 0xFE, 0x47, 0xFE, 0x47, 
0xFE, 0x47, 0xFE, 0x47, 0xD4, 0xE0, 0x4A, 0xA0, 0xE1, 0x20, 0xE1, 0x20, 0x75, 0xC8, 0x75, 0xC8, 
0x75, 0xC8, 0x75, 0xC8, 0xE1, 0x20, 0xE1, 0x20, 0xE1, 0x20, 0xE1, 0x20, 0x58, 0x40, 0xB0, 0xC0, 
0x63, 0x0C, 0x63, 0x0C, 0x63, 0x0C, 0x7B, 0xCF, 0x8B, 0x69, 0x8B, 0x69, 0x00, 0x00, 0x00, 0x00, 
0x00, 0x00, 0x4A, 0xA0, 0xD4, 0xE0, 0xD4, 0xE0, 0xFE, 0x47, 0xFE, 0x47, 0xFE, 0x47, 0xFE, 0x47, 
0xFE, 0x47, 0xFE, 0x47, 0xD4, 0xE0, 0x4A, 0xA0, 0xE1, 0x20, 0xE1, 0x20, 0xE1, 0x20, 0xE1, 0x20, 
0xE1, 0x20, 0xE1, 0x20, 0xE1, 0x20, 0xE1, 0x20, 0xE1, 0x20, 0xE1, 0x20, 0x58, 0x40, 0xB0, 0xC0, 
0xB0, 0xC0, 0xB0, 0xC0, 0x63, 0x0C, 0x63, 0x0C, 0x8B, 0x69, 0x8B, 0x69, 0x00, 0x00, 0x00, 0x00, 
0x00, 0x00, 0x4A, 0xA0, 0xD4, 0xE0, 0xD4, 0xE0, 0xD4, 0xE0, 0xFE, 0x47, 0xFE, 0x47, 0xFE, 0x47, 
0xFE, 0x47, 0xFE, 0x47, 0xD4, 0xE0, 0x4A, 0xA0, 0xE1, 0x20, 0xE1, 0x20, 0xE1, 0x20, 0xE1, 0x20, 
0xE1, 0x20, 0xE1, 0x20, 0xFF, 0xFF, 0xEF, 0x5D, 0xE1, 0x20, 0xE1, 0x20, 0x58, 0x40, 0xB0, 0xC0, 
0xB0, 0xC0, 0xB0, 0xC0, 0x63, 0x0C, 0x63, 0x0C, 0x8B, 0x69, 0x8B, 0x69, 0x00, 0x00, 0x00, 0x00, 
0x00, 0x00, 0x4A, 0xA0, 0xFE, 0x47, 0xFE, 0x47, 0xD4, 0xE0, 0xD4, 0xE0, 0xFE, 0x47, 0xFE, 0x47, 
0xFE, 0x47, 0xD4, 0xE0, 0xD4, 0xE0, 0x4A, 0xA0, 0xE1, 0x20, 0xE1, 0x20, 0xE1, 0x20, 0xE1, 0x20, 
0xE1, 0x20, 0xE1, 0x20, 0xEF, 0x5D, 0xEF, 0x5D, 0xE1, 0x20, 0xE1, 0x20, 0x58, 0x40, 0xB0, 0xC0, 
0xB0, 0xC0, 0xB0, 0xC0, 0x42, 0x28, 0x42, 0x28, 0x8B, 0x69, 0x8B, 0x69, 0x00, 0x00, 0x00, 0x00, 
0x00, 0x00, 0x4A, 0xA0, 0xFE, 0xCE, 0xFE, 0xCE, 0xFE, 0x47, 0xD4, 0xE0, 0xFE, 0x47, 0xD4, 0xE0, 
0xD4, 0xE0, 0xD4, 0xE0, 0xD4, 0xE0, 0x4A, 0xA0, 0xE1, 0x20, 0xE1, 0x20, 0xE1, 0x20, 0xE1, 0x20, 
0xE1, 0x20, 0xE1, 0x20, 0xE1, 0x20, 0xE1, 0x20, 0xB0, 0xC0, 0xB0, 0xC0, 0x58, 0x40, 0xB0, 0xC0, 
0xB0, 0xC0, 0xB0, 0xC0, 0xB0, 0xC0, 0xB0, 0xC0, 0x6A, 0x65, 0x8B, 0x69, 0x00, 0x00, 0x00, 0x00, 
0x00, 0x00, 0x4A, 0xA0, 0xFE, 0xCE, 0xFE, 0xCE, 0xFE, 0xCE, 0xFE, 0x47, 0xD4, 0xE0, 0xD4, 0xE0, 
0xD4, 0xE0, 0x8C, 0x20, 0x8C, 0x20, 0x4A, 0xA0, 0xE1, 0x20, 0xE1, 0x20, 0xE1, 0x20, 0xE1, 0x20, 
0xE1, 0x20, 0xE1, 0x20, 0xE1, 0x20, 0xB0, 0xC0, 0xB0, 0xC0, 0xB0, 0xC0, 0x58, 0x40, 0xB0, 0xC0, 
0xB0, 0xC0, 0xB0, 0xC0, 0xB0, 0xC0, 0xB0, 0xC0, 0x6A, 0x65, 0x6A, 0x65, 0x00, 0x00, 0x00, 0x00, 
0x00, 0x00, 0x4A, 0xA0, 0xFE, 0xCE, 0xFE, 0xCE, 0xFE, 0xCE, 0xFE, 0x47, 0xD4, 0xE0, 0xD4, 0xE0, 
0x8C, 0x20, 0x8C, 0x20, 0x8C, 0x20, 0x4A, 0xA0, 0xB0, 0xC0, 0xE1, 0x20, 0xE1, 0x20, 0xE1, 0x20, 
0xB0, 0xC0, 0xB0, 0xC0, 0xB0, 0xC0, 0xB0, 0xC0, 0xB0, 0xC0, 0x58, 0x40, 0xB0, 0xC0, 0xB0, 0xC0, 
0xB0, 0xC0, 0xB0, 0xC0, 0xB0, 0xC0, 0xB0, 0xC0, 0x6A, 0x65, 0x6A, 0x65, 0x00, 0x00, 0x00, 0x00, 
0x00, 0x00, 0x4A, 0xA0, 0xFE, 0x47, 0xFE, 0xCE, 0xFE, 0xCE, 0xFE, 0x47, 0xFE, 0x47, 0xD4, 0xE0, 
0x8C, 0x20, 0x8C, 0x20, 0x8C, 0x20, 0x4A, 0xA0, 0xB0, 0xC0, 0xB0, 0xC0, 0xB0, 0xC0, 0xB0, 0xC0, 
0xB0, 0xC0, 0xB0, 0xC0, 0xB0, 0xC0, 0xB0, 0xC0, 0xB0, 0xC0, 0x58, 0x40, 0xB0, 0xC0, 0xB0, 0xC0, 
0xB0, 0xC0, 0xB0, 0xC0, 0xB0, 0xC0, 0xB0, 0xC0, 0x6A, 0x65, 0x6A, 0x65, 0x00, 0x00, 0x00, 0x00, 
0x00, 0x00, 0x4A, 0xA0, 0xFE, 0x47, 0xFE, 0x47, 0xFE, 0xCE, 0xFE, 0x47, 0xFE, 0x47, 0xD4, 0xE0, 
0x8C, 0x20, 0x8C, 0x20, 0x8C, 0x20, 0x4A, 0xA0, 0x4A, 0xA0, 0xB0, 0xC0, 0xB0, 0xC0, 0xB0, 0xC0, 
0xB0, 0xC0, 0xB0, 0xC0, 0xB0, 0xC0, 0xB0, 0xC0, 0xB0, 0xC0, 0x58, 0x40, 0xB0, 0xC0, 0xB0, 0xC0, 
0xFF, 0xFF, 0xEF, 0x5D, 0xB0, 0xC0, 0x58, 0x40, 0x00, 0x00, 0x00, 0x00, 0x00, 0x00, 0x00, 0x00, 
0x00, 0x00, 0x4A, 0xA0, 0xFE, 0x47, 0xFE, 0x47, 0xFE, 0x47, 0xFE, 0x47, 0xFE, 0x47, 0xFE, 0x47, 
0xD4, 0xE0, 0x8C, 0x20, 0x8C, 0x20, 0x4A, 0xA0, 0x4A, 0xA0, 0xB0, 0xC0, 0xB0, 0xC0, 0xB0, 0xC0, 
0xB0, 0xC0, 0xB0, 0xC0, 0xB0, 0xC0, 0xB0, 0xC0, 0xB0, 0xC0, 0x58, 0x40, 0xB0, 0xC0, 0xB0, 0xC0, 
0xEF, 0x5D, 0xEF, 0x5D, 0xB0, 0xC0, 0x58, 0x40, 0x00, 0x00, 0x00, 0x00, 0x00, 0x00, 0x00, 0x00, 
0x00, 0x00, 0x00, 0x00, 0x4A, 0xA0, 0xD4, 0xE0, 0xFE, 0x47, 0xFE, 0x47, 0xFE, 0x47, 0xFE, 0x47, 
0xD4, 0xE0, 0xD4, 0xE0, 0x8C, 0x20, 0x4A, 0xA0, 0x4A, 0xA0, 0x4A, 0xA0, 0xB0, 0xC0, 0xB0, 0xC0, 
0xB0, 0xC0, 0xB0, 0xC0, 0xB0, 0xC0, 0xB0, 0xC0, 0xB0, 0xC0, 0x58, 0x40, 0xB0, 0xC0, 0xB0, 0xC0, 
0xB0, 0xC0, 0xB0, 0xC0, 0xB0, 0xC0, 0x58, 0x40, 0x00, 0x00, 0x00, 0x00, 0x00, 0x00, 0x00, 0x00, 
0x00, 0x00, 0x00, 0x00, 0x4A, 0xA0, 0xD4, 0xE0, 0xD4, 0xE0, 0xFE, 0x47, 0xFE, 0x47, 0xFE, 0x47, 
0xFE, 0x47, 0xD4, 0xE0, 0x8C, 0x20, 0x4A, 0xA0, 0x4A, 0xA0, 0x4A, 0xA0, 0xB0, 0xC0, 0xB0, 0xC0, 
0xB0, 0xC0, 0xB0, 0xC0, 0xB0, 0xC0, 0xB0, 0xC0, 0xB0, 0xC0, 0x58, 0x40, 0x58, 0x40, 0x58, 0x40, 
0x58, 0x40, 0xB0, 0xC0, 0xB0, 0xC0, 0x58, 0x40, 0x00, 0x00, 0x00, 0x00, 0x00, 0x00, 0x00, 0x00, 
0x00, 0x00, 0x4A, 0xA0, 0xFE, 0xCE, 0xD4, 0xE0, 0xD4, 0xE0, 0xD4, 0xE0, 0xD4, 0xE0, 0xFE, 0x47, 
0xFE, 0x47, 0xFE, 0x47, 0xD4, 0xE0, 0x4A, 0xA0, 0x4A, 0xA0, 0x4A, 0xA0, 0x4A, 0xA0, 0xB0, 0xC0, 
0xB0, 0xC0, 0xB0, 0xC0, 0xB0, 0xC0, 0xB0, 0xC0, 0xB0, 0xC0, 0x58, 0x40, 0x00, 0x00, 0x00, 0x00, 
0x58, 0x40, 0xB0, 0xC0, 0xB0, 0xC0, 0x58, 0x40, 0x00, 0x00, 0x00, 0x00, 0x00, 0x00, 0x00, 0x00, 
0x00, 0x00, 0x4A, 0xA0, 0xFE, 0xCE, 0xFE, 0x47, 0xD4, 0xE0, 0xD4, 0xE0, 0xD4, 0xE0, 0xD4, 0xE0, 
0xFE, 0x47, 0xFE, 0x47, 0xD4, 0xE0, 0xD4, 0xE0, 0x4A, 0xA0, 0x4A, 0xA0, 0x4A, 0xA0, 0x4A, 0xA0, 
0xB0, 0xC0, 0xB0, 0xC0, 0xB0, 0xC0, 0xB0, 0xC0, 0x58, 0x40, 0x00, 0x00, 0x00, 0x00, 0x00, 0x00, 
0x58, 0x40, 0xB0, 0xC0, 0xB0, 0xC0, 0x58, 0x40, 0x00, 0x00, 0x00, 0x00, 0x00, 0x00, 0x00, 0x00, 
0x00, 0x00, 0x4A, 0xA0, 0xFE, 0xCE, 0xFE, 0x47, 0xD4, 0xE0, 0x8C, 0x20, 0x8C, 0x20, 0xD4, 0xE0, 
0xD4, 0xE0, 0xFE, 0x47, 0xFE, 0x47, 0xD4, 0xE0, 0x4A, 0xA0, 0x4A, 0xA0, 0x4A, 0xA0, 0x4A, 0xA0, 
0xB0, 0xC0, 0xB0, 0xC0, 0xB0, 0xC0, 0x58, 0x40, 0x00, 0x00, 0x00, 0x00, 0x00, 0x00, 0x00, 0x00, 
0x58, 0x40, 0xB0, 0xC0, 0xB0, 0xC0, 0x58, 0x40, 0x00, 0x00, 0x00, 0x00, 0x00, 0x00, 0x00, 0x00, 
0x4A, 0xA0, 0xFE, 0x47, 0xFE, 0x47, 0xD4, 0xE0, 0xD4, 0xE0, 0x8C, 0x20, 0x8C, 0x20, 0x8C, 0x20, 
0xD4, 0xE0, 0xD4, 0xE0, 0xFE, 0x47, 0xD4, 0xE0, 0xD4, 0xE0, 0x4A, 0xA0, 0x4A, 0xA0, 0x4A, 0xA0, 
0x58, 0x40, 0x58, 0x40, 0x58, 0x40, 0x00, 0x00, 0x00, 0x00, 0x00, 0x00, 0x00, 0x00, 0x00, 0x00, 
0x00, 0x00, 0x58, 0x40, 0xB0, 0xC0, 0x58, 0x40, 0x00, 0x00, 0x00, 0x00, 0x00, 0x00, 0x00, 0x00, 
0x4A, 0xA0, 0xD4, 0xE0, 0xD4, 0xE0, 0xD4, 0xE0, 0xD4, 0xE0, 0x8C, 0x20, 0x8C, 0x20, 0x8C, 0x20, 
0x8C, 0x20, 0xD4, 0xE0, 0xFE, 0x47, 0xFE, 0x47, 0xD4, 0xE0, 0x4A, 0xA0, 0x4A, 0xA0, 0x4A, 0xA0, 
0x00, 0x00, 0x00, 0x00, 0x00, 0x00, 0x00, 0x00, 0x00, 0x00, 0x00, 0x00, 0x00, 0x00, 0x00, 0x00, 
0x00, 0x00, 0x58, 0x40, 0xB0, 0xC0, 0x58, 0x40, 0x00, 0x00, 0x00, 0x00, 0x00, 0x00, 0x00, 0x00, 
0x00, 0x00, 0x4A, 0xA0, 0xD4, 0xE0, 0xD4, 0xE0, 0xD4, 0xE0, 0x8C, 0x20, 0x4A, 0xA0, 0x4A, 0xA0, 
0x4A, 0xA0, 0x8C, 0x20, 0xFE, 0x47, 0xFE, 0x47, 0xD4, 0xE0, 0x4A, 0xA0, 0x4A, 0xA0, 0x00, 0x00, 
0x00, 0x00, 0x00, 0x00, 0x00, 0x00, 0x00, 0x00, 0x00, 0x00, 0x00, 0x00, 0x00, 0x00, 0x00, 0x00, 
0x00, 0x00, 0x58, 0x40, 0xB0, 0xC0, 0x58, 0x40, 0x00, 0x00, 0x00, 0x00, 0x00, 0x00, 0x00, 0x00, 
0x00, 0x00, 0x00, 0x00, 0x4A, 0xA0, 0x4A, 0xA0, 0x4A, 0xA0, 0x4A, 0xA0, 0x00, 0x00, 0x00, 0x00, 
0x00, 0x00, 0x4A, 0xA0, 0x4A, 0xA0, 0x4A, 0xA0, 0x4A, 0xA0, 0x00, 0x00, 0x00, 0x00, 0x00, 0x00, 
0x00, 0x00, 0x00, 0x00, 0x00, 0x00, 0x00, 0x00, 0x00, 0x00, 0x00, 0x00, 0x00, 0x00, 0x00, 0x00, 
0x00, 0x00, 0x58, 0x40, 0xB0, 0xC0, 0x58, 0x40, 0x00, 0x00, 0x00, 0x00, 0x00, 0x00, 0x00, 0x00, 
0x00, 0x00, 0x00, 0x00, 0x00, 0x00, 0x00, 0x00, 0x00, 0x00, 0x00, 0x00, 0x00, 0x00, 0x00, 0x00, 
0x00, 0x00, 0x00, 0x00, 0x00, 0x00, 0x00, 0x00, 0x00, 0x00, 0x00, 0x00, 0x00, 0x00, 0x00, 0x00, 
0x00, 0x00, 0x00, 0x00, 0x00, 0x00, 0x00, 0x00, 0x00, 0x00, 0x00, 0x00, 0x00, 0x00, 0x00, 0x00, 
0x00, 0x00, 0x00, 0x00, 0x58, 0x40, 0x58, 0x40, 0x00, 0x00, 0x00, 0x00, 0x00, 0x00, 0x00, 0x00
}
,
{
0x00, 0x00, 0x00, 0x00, 0x00, 0x00, 0x00, 0x00, 0x00, 0x00, 0x00, 0x00, 0x00, 0x00, 0x00, 0x00, 
0x00, 0x00, 0x00, 0x00, 0x00, 0x00, 0x00, 0x00, 0x00, 0x00, 0x00, 0x00, 0x00, 0x00, 0x00, 0x00, 
0x00, 0x00, 0x00, 0x00, 0x00, 0x00, 0x00, 0x00, 0x00, 0x00, 0x00, 0x00, 0x00, 0x00, 0x00, 0x00, 
0x00, 0x00, 0x00, 0x00, 0x00, 0x00, 0x00, 0x00, 0x00, 0x00, 0x00, 0x00, 0x00, 0x00, 0x00, 0x00, 
0x00, 0x00, 0x00, 0x00, 0x00, 0x00, 0x00, 0x00, 0x00, 0x00, 0x00, 0x00, 0x00, 0x00, 0x00, 0x00, 
0x00, 0x00, 0x00, 0x00, 0x00, 0x00, 0x00, 0x00, 0x00, 0x00, 0x00, 0x00, 0x00, 0x00, 0x00, 0x00, 
0x00, 0x00, 0x00, 0x00, 0x00, 0x00, 0x00, 0x00, 0x00, 0x00, 0x00, 0x00, 0x00, 0x00, 0x00, 0x00, 
0x00, 0x00, 0x00, 0x00, 0x00, 0x00, 0x00, 0x00, 0x00, 0x00, 0x00, 0x00, 0x00, 0x00, 0x00, 0x00, 
0x00, 0x00, 0x00, 0x00, 0x00, 0x00, 0x00, 0x00, 0x00, 0x00, 0x00, 0x00, 0x00, 0x00, 0x00, 0x00, 
0x00, 0x00, 0x00, 0x00, 0x00, 0x00, 0x00, 0x00, 0x00, 0x00, 0x00, 0x00, 0x00, 0x00, 0x00, 0x00, 
0x00, 0x00, 0x00, 0x00, 0x00, 0x00, 0x00, 0x00, 0x00, 0x00, 0x00, 0x00, 0x00, 0x00, 0x00, 0x00, 
0x00, 0x00, 0x00, 0x00, 0x00, 0x00, 0x00, 0x00, 0x00, 0x00, 0x00, 0x00, 0x00, 0x00, 0x00, 0x00, 
0x00, 0x00, 0x00, 0x00, 0x00, 0x00, 0x00, 0x00, 0x00, 0x00, 0x00, 0x00, 0x00, 0x00, 0x00, 0x00, 
0x00, 0x00, 0x00, 0x00, 0x00, 0x00, 0x00, 0x00, 0x00, 0x00, 0x00, 0x00, 0x00, 0x00, 0x00, 0x00, 
0x00, 0x00, 0x00, 0x00, 0x00, 0x00, 0x00, 0x00, 0x00, 0x00, 0x00, 0x00, 0x00, 0x00, 0x00, 0x00, 
0x00, 0x00, 0x00, 0x00, 0x00, 0x00, 0x00, 0x00, 0x00, 0x00, 0x00, 0x00, 0x00, 0x00, 0x00, 0x00, 
0x00, 0x00, 0x00, 0x00, 0x00, 0x00, 0x00, 0x00, 0x00, 0x00, 0x00, 0x00, 0x00, 0x00, 0x00, 0x00, 
0x00, 0x00, 0x00, 0x00, 0x4A, 0xA0, 0x4A, 0xA0, 0x4A, 0xA0, 0x00, 0x00, 0x00, 0x00, 0x00, 0x00, 
0x00, 0x00, 0x00, 0x00, 0x00, 0x00, 0x00, 0x00, 0x00, 0x00, 0x00, 0x00, 0x00, 0x00, 0x00, 0x00, 
0x00, 0x00, 0x00, 0x00, 0x00, 0x00, 0x00, 0x00, 0x00, 0x00, 0x00, 0x00, 0x00, 0x00, 0x00, 0x00, 
0x00, 0x00, 0x00, 0x00, 0x00, 0x00, 0x00, 0x00, 0x00, 0x00, 0x00, 0x00, 0x00, 0x00, 0x00, 0x00, 
0x4A, 0xA0, 0x4A, 0xA0, 0xFE, 0x47, 0xD4, 0xE0, 0x4A, 0xA0, 0xE1, 0x20, 0xE1, 0x20, 0xE1, 0x20, 
0xE1, 0x20, 0xE1, 0x20, 0xE1, 0x20, 0xE1, 0x20, 0xEF, 0x5D, 0x00, 0x00, 0x00, 0x00, 0x00, 0x00, 
0x00, 0x00, 0x00, 0x00, 0x00, 0x00, 0x00, 0x00, 0x00, 0x00, 0x00, 0x00, 0x00, 0x00, 0x00, 0x00, 
0x00, 0x00, 0x00, 0x00, 0x00, 0x00, 0x00, 0x00, 0x00, 0x00, 0x00, 0x00, 0x4A, 0xA0, 0x4A, 0xA0, 
0xFE, 0x47, 0xFE, 0x47, 0xFE, 0x47, 0xD4, 0xE0, 0x4A, 0xA0, 0xFB, 0x0A, 0xFB, 0x0A, 0xFB, 0x0A, 
0xFB, 0x0A, 0xFB, 0x0A, 0xFB, 0x0A, 0xFB, 0x0A, 0xEF, 0x5D, 0xFB, 0x0A, 0x00, 0x00, 0x00, 0x00, 
0x00, 0x00, 0x00, 0x00, 0x00, 0x00, 0x00, 0x00, 0x00, 0x00, 0x00, 0x00, 0x00, 0x00, 0x00, 0x00, 
0x00, 0x00, 0x00, 0x00, 0x00, 0x00, 0x00, 0x00, 0x00, 0x00, 0x4A, 0xA0, 0xFE, 0x47, 0xFE, 0xCE, 
0xFE, 0xCE, 0xFE, 0x47, 0xFE, 0x47, 0xD4, 0xE0, 0x4A, 0xA0, 0xFB, 0x0A, 0xFB, 0x0A, 0xFB, 0x0A, 
0xFB, 0x0A, 0xFB, 0x0A, 0xFB, 0x0A, 0xFB, 0x0A, 0xEF, 0x5D, 0xE1, 0x20, 0xE1, 0x20, 0x00, 0x00, 
0x00, 0x00, 0x00, 0x00, 0x00, 0x00, 0x00, 0x00, 0x00, 0x00, 0x00, 0x00, 0x00, 0x00, 0x00, 0x00, 
0x00, 0x00, 0x00, 0x00, 0x00, 0x00, 0x00, 0x00, 0x4A, 0xA0, 0xFE, 0x47, 0xFE, 0xCE, 0xFE, 0xCE, 
0xFE, 0xCE, 0xFE, 0x47, 0xFE, 0x47, 0xD4, 0xE0, 0x4A, 0xA0, 0xFA, 0x02, 0xFA, 0x02, 0xFA, 0x02, 
0xFA, 0x02, 0xFA, 0x02, 0xFA, 0x02, 0xFA, 0x02, 0xEF, 0x5D, 0xE1, 0x20, 0xE1, 0x20, 0x58, 0x40, 
0x00, 0x00, 0x00, 0x00, 0x00, 0x00, 0x00, 0x00, 0x00, 0x00, 0x00, 0x00, 0x00, 0x00, 0x00, 0x00, 
0x00, 0x00, 0x00, 0x00, 0x00, 0x00, 0x00, 0x00, 0x4A, 0xA0, 0xFE, 0x47, 0xFE, 0xCE, 0xFE, 0xCE, 
0xFE, 0xCE, 0xFE, 0x47, 0xFE, 0x47, 0xD4, 0xE0, 0x4A, 0xA0, 0xFA, 0x02, 0xFA, 0x02, 0xFA, 0x02, 
0xFA, 0x02, 0xFA, 0x02, 0xFA, 0x02, 0xFA, 0x02, 0xEF, 0x5D, 0xE1, 0x20, 0xE1, 0x20, 0x58, 0x40, 
0xE1, 0x20, 0x94, 0x92, 0x94, 0x92, 0x94, 0x92, 0x00, 0x00, 0x8B, 0x69, 0x8B, 0x69, 0x00, 0x00, 
0x00, 0x00, 0x00, 0x00, 0x00, 0x00, 0x00, 0x00, 0x4A, 0xA0, 0xFE, 0xCE, 0xFE, 0xCE, 0xFE, 0xCE, 
0xFE, 0xCE, 0xFE, 0x47, 0xFE, 0x47, 0xD4, 0xE0, 0x4A, 0xA0, 0xE1, 0x20, 0xE1, 0x20, 0xE1, 0x20, 
0xE1, 0x20, 0xE1, 0x20, 0xE1, 0x20, 0xE1, 0x20, 0xE1, 0x20, 0xE1, 0x20, 0xE1, 0x20, 0x58, 0x40, 
0xB0, 0xC0, 0x7B, 0xCF, 0x7B, 0xCF, 0x7B, 0xCF, 0x7B, 0xCF, 0x8B, 0x69, 0x8B, 0x69, 0x00, 0x00, 
0x00, 0x00, 0x00, 0x00, 0x00, 0x00, 0x4A, 0xA0, 0xD4, 0xE0, 0xFE, 0xCE, 0xFE, 0xCE, 0xFE, 0xCE, 
0xFE, 0x47, 0xFE, 0x47, 0xFE, 0x47, 0xD4, 0xE0, 0x4A, 0xA0, 0xE1, 0x20, 0xE1, 0x20, 0x75, 0xC8, 
0xCF, 0x56, 0xCF, 0x56, 0x75, 0xC8, 0xE1, 0x20, 0xE1, 0x20, 0xE1, 0x20, 0xE1, 0x20, 0x58, 0x40, 
0xB0, 0xC0, 0x63, 0x0C, 0x63, 0x0C, 0x7B, 0xCF, 0x7B, 0xCF, 0x8B, 0x69, 0x8B, 0x69, 0x00, 0x00, 
0x00, 0x00, 0x00, 0x00, 0x4A, 0xA0, 0xD4, 0xE0, 0xD4, 0xE0, 0xFE, 0xCE, 0xFE, 0xCE, 0xFE, 0x47, 
0xFE, 0x47, 0xFE, 0x47, 0xFE, 0x47, 0xD4, 0xE0, 0x4A, 0xA0, 0xE1, 0x20, 0xE1, 0x20, 0x75, 0xC8, 
0x75, 0xC8, 0x75, 0xC8, 0x75, 0xC8, 0xE1, 0x20, 0xE1, 0x20, 0xE1, 0x20, 0xE1, 0x20, 0x58, 0x40, 
0xB0, 0xC0, 0x63, 0x0C, 0x63, 0x0C, 0x63, 0x0C, 0x63, 0x0C, 0x8B, 0x69, 0x8B, 0x69, 0x00, 0x00, 
0x00, 0x00, 0x00, 0x00, 0x4A, 0xA0, 0xD4, 0xE0, 0xD4, 0xE0, 0xFE, 0x47, 0xFE, 0x47, 0xFE, 0x47, 
0xFE, 0x47, 0xFE, 0x47, 0xFE, 0x47, 0xD4, 0xE0, 0x4A, 0xA0, 0xE1, 0x20, 0xE1, 0x20, 0xE1, 0x20, 
0xE1, 0x20, 0xE1, 0x20, 0xE1, 0x20, 0xE1, 0x20, 0xE1, 0x20, 0xE1, 0x20, 0xE1, 0x20, 0x58, 0x40, 
0xB0, 0xC0, 0xB0, 0xC0, 0xB0, 0xC0, 0x63, 0x0C, 0x63, 0x0C, 0x6A, 0x65, 0x6A, 0x65, 0x00, 0x00, 
0x00, 0x00, 0x00, 0x00, 0x4A, 0xA0, 0xD4, 0xE0, 0xD4, 0xE0, 0xD4, 0xE0, 0xFE, 0x47, 0xFE, 0x47, 
0xFE, 0x47, 0xFE, 0x47, 0xFE, 0x47, 0xD4, 0xE0, 0x4A, 0xA0, 0xE1, 0x20, 0xE1, 0x20, 0xE1, 0x20, 
0xE1, 0x20, 0xE1, 0x20, 0xE1, 0x20, 0xFF, 0xFF, 0xEF, 0x5D, 0xE1, 0x20, 0xE1, 0x20, 0x58, 0x40, 
0xB0, 0xC0, 0xB0, 0xC0, 0xB0, 0xC0, 0x63, 0x0C, 0x63, 0x0C, 0x6A, 0x65, 0x6A, 0x65, 0x00, 0x00, 
0x00, 0x00, 0x00, 0x00, 0x4A, 0xA0, 0xFE, 0x47, 0xFE, 0x47, 0xD4, 0xE0, 0xD4, 0xE0, 0xFE, 0x47, 
0xFE, 0x47, 0xFE, 0x47, 0xD4, 0xE0, 0xD4, 0xE0, 0x4A, 0xA0, 0xE1, 0x20, 0xE1, 0x20, 0xE1, 0x20, 
0xE1, 0x20, 0xE1, 0x20, 0xE1, 0x20, 0xEF, 0x5D, 0xEF, 0x5D, 0xE1, 0x20, 0xE1, 0x20, 0x58, 0x40, 
0xB0, 0xC0, 0xB0, 0xC0, 0xB0, 0xC0, 0x42, 0x28, 0x42, 0x28, 0x6A, 0x65, 0x6A, 0x65, 0x00, 0x00, 
0x00, 0x00, 0x00, 0x00, 0x4A, 0xA0, 0xFE, 0xCE, 0xFE, 0xCE, 0xFE, 0x47, 0xD4, 0xE0, 0xFE, 0x47, 
0xD4, 0xE0, 0xD4, 0xE0, 0xD4, 0xE0, 0xD4, 0xE0, 0x4A, 0xA0, 0xE1, 0x20, 0xE1, 0x20, 0xE1, 0x20, 
0xE1, 0x20, 0xE1, 0x20, 0xE1, 0x20, 0xE1, 0x20, 0xE1, 0x20, 0xB0, 0xC0, 0xB0, 0xC0, 0x58, 0x40, 
0xB0, 0xC0, 0xB0, 0xC0, 0xB0, 0xC0, 0xB0, 0xC0, 0xB0, 0xC0, 0x58, 0x40, 0x00, 0x00, 0x00, 0x00, 
0x00, 0x00, 0x00, 0x00, 0x4A, 0xA0, 0xFE, 0xCE, 0xFE, 0xCE, 0xFE, 0xCE, 0xFE, 0x47, 0xD4, 0xE0, 
0xD4, 0xE0, 0xD4, 0xE0, 0x8C, 0x20, 0x8C, 0x20, 0x4A, 0xA0, 0xE1, 0x20, 0xE1, 0x20, 0xE1, 0x20, 
0xE1, 0x20, 0xE1, 0x20, 0xE1, 0x20, 0xE1, 0x20, 0xB0, 0xC0, 0xB0, 0xC0, 0xB0, 0xC0, 0x58, 0x40, 
0xB0, 0xC0, 0xB0, 0xC0, 0xB0, 0xC0, 0xB0, 0xC0, 0xB0, 0xC0, 0x58, 0x40, 0x00, 0x00, 0x00, 0x00, 
0x00, 0x00, 0x00, 0x00, 0x4A, 0xA0, 0xFE, 0xCE, 0xFE, 0xCE, 0xFE, 0xCE, 0xFE, 0x47, 0xD4, 0xE0, 
0xD4, 0xE0, 0x8C, 0x20, 0x8C, 0x20, 0x8C, 0x20, 0x4A, 0xA0, 0xB0, 0xC0, 0xE1, 0x20, 0xE1, 0x20, 
0xE1, 0x20, 0xB0, 0xC0, 0xB0, 0xC0, 0xB0, 0xC0, 0xB0, 0xC0, 0xB0, 0xC0, 0x58, 0x40, 0xB0, 0xC0, 
0xB0, 0xC0, 0xFF, 0xFF, 0xEF, 0x5D, 0xB0, 0xC0, 0xB0, 0xC0, 0x58, 0x40, 0x00, 0x00, 0x00, 0x00, 
0x00, 0x00, 0x00, 0x00, 0x4A, 0xA0, 0xFE, 0x47, 0xFE, 0xCE, 0xFE, 0xCE, 0xFE, 0x47, 0xFE, 0x47, 
0xD4, 0xE0, 0x8C, 0x20, 0x8C, 0x20, 0x8C, 0x20, 0x4A, 0xA0, 0xB0, 0xC0, 0xB0, 0xC0, 0xB0, 0xC0, 
0xB0, 0xC0, 0xB0, 0xC0, 0xB0, 0xC0, 0xB0, 0xC0, 0xB0, 0xC0, 0xB0, 0xC0, 0x58, 0x40, 0xB0, 0xC0, 
0xB0, 0xC0, 0xEF, 0x5D, 0xEF, 0x5D, 0xB0, 0xC0, 0xB0, 0xC0, 0x8B, 0x69, 0x8B, 0x69, 0x00, 0x00, 
0x00, 0x00, 0x00, 0x00, 0x4A, 0xA0, 0xFE, 0x47, 0xFE, 0x47, 0xFE, 0xCE, 0xFE, 0x47, 0xFE, 0x47, 
0xD4, 0xE0, 0x8C, 0x20, 0x8C, 0x20, 0x8C, 0x20, 0x4A, 0xA0, 0x4A, 0xA0, 0xB0, 0xC0, 0xB0, 0xC0, 
0xB0, 0xC0, 0xB0, 0xC0, 0xB0, 0xC0, 0xB0, 0xC0, 0xB0, 0xC0, 0xB0, 0xC0, 0x58, 0x40, 0xB0, 0xC0, 
0xB0, 0xC0, 0xB0, 0xC0, 0xB0, 0xC0, 0xB0, 0xC0, 0x58, 0x40, 0x6A, 0x65, 0x6A, 0x65, 0x00, 0x00, 
0x00, 0x00, 0x00, 0x00, 0x4A, 0xA0, 0xFE, 0x47, 0xFE, 0x47, 0xFE, 0x47, 0xFE, 0x47, 0xFE, 0x47, 
0xFE, 0x47, 0xD4, 0xE0, 0x8C, 0x20, 0x8C, 0x20, 0x4A, 0xA0, 0x4A, 0xA0, 0xB0, 0xC0, 0xB0, 0xC0, 
0xB0, 0xC0, 0xB0, 0xC0, 0xB0, 0xC0, 0xB0, 0xC0, 0xB0, 0xC0, 0xB0, 0xC0, 0x58, 0x40, 0xB0, 0xC0, 
0xB0, 0xC0, 0xB0, 0xC0, 0xB0, 0xC0, 0xB0, 0xC0, 0x58, 0x40, 0x6A, 0x65, 0x6A, 0x65, 0x00, 0x00, 
0x00, 0x00, 0x00, 0x00, 0x00, 0x00, 0x4A, 0xA0, 0xD4, 0xE0, 0xFE, 0x47, 0xFE, 0x47, 0xFE, 0x47, 
0xFE, 0x47, 0xD4, 0xE0, 0xD4, 0xE0, 0x8C, 0x20, 0x4A, 0xA0, 0x4A, 0xA0, 0x4A, 0xA0, 0xB0, 0xC0, 
0xB0, 0xC0, 0xB0, 0xC0, 0xB0, 0xC0, 0xB0, 0xC0, 0xB0, 0xC0, 0xB0, 0xC0, 0x58, 0x40, 0xB0, 0xC0, 
0xB0, 0xC0, 0xB0, 0xC0, 0xB0, 0xC0, 0xB0, 0xC0, 0x58, 0x40, 0x6A, 0x65, 0x00, 0x00, 0x00, 0x00, 
0x00, 0x00, 0x00, 0x00, 0x00, 0x00, 0x4A, 0xA0, 0xD4, 0xE0, 0xD4, 0xE0, 0xFE, 0x47, 0xFE, 0x47, 
0xFE, 0x47, 0xFE, 0x47, 0xD4, 0xE0, 0x8C, 0x20, 0x4A, 0xA0, 0x4A, 0xA0, 0x4A, 0xA0, 0xB0, 0xC0, 
0xB0, 0xC0, 0xB0, 0xC0, 0xB0, 0xC0, 0xB0, 0xC0, 0xB0, 0xC0, 0xB0, 0xC0, 0x58, 0x40, 0x58, 0x40, 
0x58, 0x40, 0x58, 0x40, 0xB0, 0xC0, 0xB0, 0xC0, 0x58, 0x40, 0x00, 0x00, 0x00, 0x00, 0x00, 0x00, 
0x00, 0x00, 0x00, 0x00, 0x4A, 0xA0, 0xFE, 0xCE, 0xD4, 0xE0, 0xD4, 0xE0, 0xD4, 0xE0, 0xD4, 0xE0, 
0xFE, 0x47, 0xFE, 0x47, 0xFE, 0x47, 0xD4, 0xE0, 0x4A, 0xA0, 0x4A, 0xA0, 0x4A, 0xA0, 0x4A, 0xA0, 
0xB0, 0xC0, 0xB0, 0xC0, 0xB0, 0xC0, 0xB0, 0xC0, 0xB0, 0xC0, 0xB0, 0xC0, 0x58, 0x40, 0x00, 0x00, 
0x00, 0x00, 0x58, 0x40, 0xB0, 0xC0, 0xB0, 0xC0, 0x58, 0x40, 0x00, 0x00, 0x00, 0x00, 0x00, 0x00, 
0x00, 0x00, 0x00, 0x00, 0x4A, 0xA0, 0xFE, 0xCE, 0xFE, 0x47, 0xD4, 0xE0, 0xD4, 0xE0, 0xD4, 0xE0, 
0xD4, 0xE0, 0xFE, 0x47, 0xFE, 0x47, 0xD4, 0xE0, 0xD4, 0xE0, 0x4A, 0xA0, 0x4A, 0xA0, 0x4A, 0xA0, 
0x4A, 0xA0, 0xB0, 0xC0, 0xB0, 0xC0, 0xB0, 0xC0, 0xB0, 0xC0, 0x58, 0x40, 0x00, 0x00, 0x00, 0x00, 
0x00, 0x00, 0x58, 0x40, 0xB0, 0xC0, 0xB0, 0xC0, 0x58, 0x40, 0x00, 0x00, 0x00, 0x00, 0x00, 0x00, 
0x00, 0x00, 0x00, 0x00, 0x4A, 0xA0, 0xFE, 0xCE, 0xFE, 0x47, 0xD4, 0xE0, 0x8C, 0x20, 0x8C, 0x20, 
0xD4, 0xE0, 0xD4, 0xE0, 0xFE, 0x47, 0xFE, 0x47, 0xD4, 0xE0, 0x4A, 0xA0, 0x4A, 0xA0, 0x4A, 0xA0, 
0x4A, 0xA0, 0xB0, 0xC0, 0xB0, 0xC0, 0xB0, 0xC0, 0x58, 0x40, 0x00, 0x00, 0x00, 0x00, 0x00, 0x00, 
0x00, 0x00, 0x58, 0x40, 0xB0, 0xC0, 0x58, 0x40, 0x00, 0x00, 0x00, 0x00, 0x00, 0x00, 0x00, 0x00, 
0x00, 0x00, 0x4A, 0xA0, 0xFE, 0x47, 0xFE, 0x47, 0xD4, 0xE0, 0xD4, 0xE0, 0x8C, 0x20, 0x8C, 0x20, 
0x8C, 0x20, 0xD4, 0xE0, 0xD4, 0xE0, 0xFE, 0x47, 0xD4, 0xE0, 0xD4, 0xE0, 0x4A, 0xA0, 0x4A, 0xA0, 
0x4A, 0xA0, 0x58, 0x40, 0x58, 0x40, 0x58, 0x40, 0x00, 0x00, 0x00, 0x00, 0x00, 0x00, 0x00, 0x00, 
0x58, 0x40, 0xB0, 0xC0, 0xB0, 0xC0, 0x58, 0x40, 0x00, 0x00, 0x00, 0x00, 0x00, 0x00, 0x00, 0x00, 
0x00, 0x00, 0x4A, 0xA0, 0xD4, 0xE0, 0xD4, 0xE0, 0xD4, 0xE0, 0xD4, 0xE0, 0x8C, 0x20, 0x8C, 0x20, 
0x8C, 0x20, 0x8C, 0x20, 0xD4, 0xE0, 0xFE, 0x47, 0xFE, 0x47, 0xD4, 0xE0, 0x4A, 0xA0, 0x4A, 0xA0, 
0x4A, 0xA0, 0x00, 0x00, 0x00, 0x00, 0x00, 0x00, 0x00, 0x00, 0x00, 0x00, 0x00, 0x00, 0x00, 0x00, 
0x58, 0x40, 0xB0, 0xC0, 0xB0, 0xC0, 0x58, 0x40, 0x00, 0x00, 0x00, 0x00, 0x00, 0x00, 0x00, 0x00, 
0x00, 0x00, 0x00, 0x00, 0x4A, 0xA0, 0xD4, 0xE0, 0xD4, 0xE0, 0xD4, 0xE0, 0x8C, 0x20, 0x4A, 0xA0, 
0x4A, 0xA0, 0x4A, 0xA0, 0x8C, 0x20, 0xFE, 0x47, 0xFE, 0x47, 0xD4, 0xE0, 0x4A, 0xA0, 0x4A, 0xA0, 
0x00, 0x00, 0x00, 0x00, 0x00, 0x00, 0x00, 0x00, 0x00, 0x00, 0x00, 0x00, 0x00, 0x00, 0x00, 0x00, 
0x58, 0x40, 0xB0, 0xC0, 0xB0, 0xC0, 0x58, 0x40, 0x00, 0x00, 0x00, 0x00, 0x00, 0x00, 0x00, 0x00, 
0x00, 0x00, 0x00, 0x00, 0x00, 0x00, 0x4A, 0xA0, 0x4A, 0xA0, 0x4A, 0xA0, 0x4A, 0xA0, 0x00, 0x00, 
0x00, 0x00, 0x00, 0x00, 0x4A, 0xA0, 0x4A, 0xA0, 0x4A, 0xA0, 0x4A, 0xA0, 0x00, 0x00, 0x00, 0x00, 
0x00, 0x00, 0x00, 0x00, 0x00, 0x00, 0x00, 0x00, 0x00, 0x00, 0x00, 0x00, 0x00, 0x00, 0x58, 0x40, 
0xB0, 0xC0, 0xB0, 0xC0, 0x58, 0x40, 0x00, 0x00, 0x00, 0x00, 0x00, 0x00, 0x00, 0x00, 0x00, 0x00, 
0x00, 0x00, 0x00, 0x00, 0x00, 0x00, 0x00, 0x00, 0x00, 0x00, 0x00, 0x00, 0x00, 0x00, 0x00, 0x00, 
0x00, 0x00, 0x00, 0x00, 0x00, 0x00, 0x00, 0x00, 0x00, 0x00, 0x00, 0x00, 0x00, 0x00, 0x00, 0x00, 
0x00, 0x00, 0x00, 0x00, 0x00, 0x00, 0x00, 0x00, 0x00, 0x00, 0x00, 0x00, 0x00, 0x00, 0x58, 0x40, 
0x58, 0x40, 0x58, 0x40, 0x00, 0x00, 0x00, 0x00, 0x00, 0x00, 0x00, 0x00, 0x00, 0x00, 0x00, 0x00
}
},
{
{
0x00, 0x00, 0x00, 0x00, 0x00, 0x00, 0x00, 0x00, 0x00, 0x00, 0x00, 0x00, 0x00, 0x00, 0x00, 0x00, 
0x00, 0x00, 0x00, 0x00, 0x00, 0x00, 0x00, 0x00, 0x00, 0x00, 0x00, 0x00, 0x00, 0x00, 0x00, 0x00, 
0x00, 0x00, 0x00, 0x00, 0x00, 0x00, 0x00, 0x00, 0x00, 0x00, 0x00, 0x00, 0x00, 0x00, 0x00, 0x00, 
0x00, 0x00, 0x00, 0x00, 0x58, 0x40, 0x58, 0x40, 0x00, 0x00, 0x00, 0x00, 0x00, 0x00, 0x00, 0x00, 
0x00, 0x00, 0x00, 0x00, 0x4A, 0xA0, 0x4A, 0xA0, 0x4A, 0xA0, 0x4A, 0xA0, 0x00, 0x00, 0x00, 0x00, 
0x00, 0x00, 0x4A, 0xA0, 0x4A, 0xA0, 0x4A, 0xA0, 0x4A, 0xA0, 0x00, 0x00, 0x00, 0x00, 0x00, 0x00, 
0x00, 0x00, 0x00, 0x00, 0x00, 0x00, 0x00, 0x00, 0x00, 0x00, 0x00, 0x00, 0x00, 0x00, 0x00, 0x00, 
0x00, 0x00, 0x58, 0x40, 0xB0, 0xC0, 0x58, 0x40, 0x00, 0x00, 0x00, 0x00, 0x00, 0x00, 0x00, 0x00, 
0x00, 0x00, 0x4A, 0xA0, 0xD4, 0xE0, 0xD4, 0xE0, 0xD4, 0xE0, 0x8C, 0x20, 0x4A, 0xA0, 0x4A, 0xA0, 
0x4A, 0xA0, 0x8C, 0x20, 0xFE, 0x47, 0xFE, 0x47, 0xD4, 0xE0, 0x4A, 0xA0, 0x4A, 0xA0, 0x00, 0x00, 
0x00, 0x00, 0x00, 0x00, 0x00, 0x00, 0x00, 0x00, 0x00, 0x00, 0x00, 0x00, 0x00, 0x00, 0x00, 0x00, 
0x00, 0x00, 0x58, 0x40, 0xB0, 0xC0, 0x58, 0x40, 0x00, 0x00, 0x00, 0x00, 0x00, 0x00, 0x00, 0x00, 
0x4A, 0xA0, 0xD4, 0xE0, 0xD4, 0xE0, 0xD4, 0xE0, 0xD4, 0xE0, 0x8C, 0x20, 0x8C, 0x20, 0x8C, 0x20, 
0x8C, 0x20, 0xD4, 0xE0, 0xFE, 0x47, 0xFE, 0x47, 0xD4, 0xE0, 0x4A, 0xA0, 0x4A, 0xA0, 0x4A, 0xA0, 
0x00, 0x00, 0x00, 0x00, 0x00, 0x00, 0x00, 0x00, 0x00, 0x00, 0x00, 0x00, 0x00, 0x00, 0x00, 0x00, 
0x00, 0x00, 0x58, 0x40, 0xB0, 0xC0, 0x58, 0x40, 0x00, 0x00, 0x00, 0x00, 0x00, 0x00, 0x00, 0x00, 
0x4A, 0xA0, 0xFE, 0x47, 0xFE, 0x47, 0xD4, 0xE0, 0xD4, 0xE0, 0x8C, 0x20, 0x8C, 0x20, 0x8C, 0x20, 
0xD4, 0xE0, 0xD4, 0xE0, 0xFE, 0x47, 0xD4, 0xE0, 0xD4, 0xE0, 0x4A, 0xA0, 0x4A, 0xA0, 0x4A, 0xA0, 
0x58, 0x40, 0x58, 0x40, 0x58, 0x40, 0x00, 0x00, 0x00, 0x00, 0x00, 0x00, 0x00, 0x00, 0x00, 0x00, 
0x00, 0x00, 0x58, 0x40, 0xB0, 0xC0, 0x58, 0x40, 0x00, 0x00, 0x00, 0x00, 0x00, 0x00, 0x00, 0x00, 
0x00, 0x00, 0x4A, 0xA0, 0xFE, 0xCE, 0xFE, 0x47, 0xD4, 0xE0, 0x8C, 0x20, 0x8C, 0x20, 0xD4, 0xE0, 
0xD4, 0xE0, 0xFE, 0x47, 0xFE, 0x47, 0xD4, 0xE0, 0x4A, 0xA0, 0x4A, 0xA0, 0x4A, 0xA0, 0x4A, 0xA0, 
0xB0, 0xC0, 0xB0, 0xC0, 0xB0, 0xC0, 0x58, 0x40, 0x00, 0x00, 0x00, 0x00, 0x00, 0x00, 0x00, 0x00, 
0x58, 0x40, 0xB0, 0xC0, 0xB0, 0xC0, 0x58, 0x40, 0x00, 0x00, 0x00, 0x00, 0x00, 0x00, 0x00, 0x00, 
0x00, 0x00, 0x4A, 0xA0, 0xFE, 0xCE, 0xFE, 0x47, 0xD4, 0xE0, 0xD4, 0xE0, 0xD4, 0xE0, 0xD4, 0xE0, 
0xFE, 0x47, 0xFE, 0x47, 0xD4, 0xE0, 0xD4, 0xE0, 0x4A, 0xA0, 0x4A, 0xA0, 0x4A, 0xA0, 0x4A, 0xA0, 
0xB0, 0xC0, 0xB0, 0xC0, 0xB0, 0xC0, 0xB0, 0xC0, 0x58, 0x40, 0x00, 0x00, 0x00, 0x00, 0x00, 0x00, 
0x58, 0x40, 0xB0, 0xC0, 0xB0, 0xC0, 0x58, 0x40, 0x00, 0x00, 0x00, 0x00, 0x00, 0x00, 0x00, 0x00, 
0x00, 0x00, 0x4A, 0xA0, 0xFE, 0xCE, 0xD4, 0xE0, 0xD4, 0xE0, 0xD4, 0xE0, 0xD4, 0xE0, 0xFE, 0x47, 
0xFE, 0x47, 0xFE, 0x47, 0xD4, 0xE0, 0x4A, 0xA0, 0x4A, 0xA0, 0x4A, 0xA0, 0x4A, 0xA0, 0xB0, 0xC0, 
0xB0, 0xC0, 0xB0, 0xC0, 0xB0, 0xC0, 0xB0, 0xC0, 0xB0, 0xC0, 0x58, 0x40, 0x00, 0x00, 0x00, 0x00, 
0x58, 0x40, 0xB0, 0xC0, 0xB0, 0xC0, 0x58, 0x40, 0x00, 0x00, 0x00, 0x00, 0x00, 0x00, 0x00, 0x00, 
0x00, 0x00, 0x00, 0x00, 0x4A, 0xA0, 0xD4, 0xE0, 0xD4, 0xE0, 0xFE, 0x47, 0xFE, 0x47, 0xFE, 0x47, 
0xFE, 0x47, 0xD4, 0xE0, 0x8C, 0x20, 0x4A, 0xA0, 0x4A, 0xA0, 0x4A, 0xA0, 0xB0, 0xC0, 0xB0, 0xC0, 
0xB0, 0xC0, 0xB0, 0xC0, 0xB0, 0xC0, 0xB0, 0xC0, 0xB0, 0xC0, 0x58, 0x40, 0x58, 0x40, 0x58, 0x40, 
0x58, 0x40, 0xB0, 0xC0, 0xB0, 0xC0, 0x58, 0x40, 0x00, 0x00, 0x00, 0x00, 0x00, 0x00, 0x00, 0x00, 
0x00, 0x00, 0x00, 0x00, 0x4A, 0xA0, 0xD4, 0xE0, 0xFE, 0x47, 0xFE, 0x47, 0xFE, 0x47, 0xFE, 0x47, 
0xD4, 0xE0, 0xD4, 0xE0, 0x8C, 0x20, 0x4A, 0xA0, 0x4A, 0xA0, 0x4A, 0xA0, 0xB0, 0xC0, 0xB0, 0xC0, 
0xB0, 0xC0, 0xB0, 0xC0, 0xB0, 0xC0, 0xB0, 0xC0, 0xB0, 0xC0, 0x58, 0x40, 0xB0, 0xC0, 0xB0, 0xC0, 
0xB0, 0xC0, 0xB0, 0xC0, 0xB0, 0xC0, 0x58, 0x40, 0x00, 0x00, 0x00, 0x00, 0x00, 0x00, 0x00, 0x00, 
0x00, 0x00, 0x4A, 0xA0, 0xFE, 0x47, 0xFE, 0x47, 0xFE, 0x47, 0xFE, 0x47, 0xFE, 0x47, 0xFE, 0x47, 
0xD4, 0xE0, 0x8C, 0x20, 0x8C, 0x20, 0x4A, 0xA0, 0x4A, 0xA0, 0xB0, 0xC0, 0xB0, 0xC0, 0xB0, 0xC0, 
0xB0, 0xC0, 0xB0, 0xC0, 0xB0, 0xC0, 0xB0, 0xC0, 0xB0, 0xC0, 0x58, 0x40, 0xB0, 0xC0, 0xB0, 0xC0, 
0xFF, 0xFF, 0xEF, 0x5D, 0xB0, 0xC0, 0x58, 0x40, 0x00, 0x00, 0x00, 0x00, 0x00, 0x00, 0x00, 0x00, 
0x00, 0x00, 0x4A, 0xA0, 0xFE, 0x47, 0xFE, 0x47, 0xFE, 0xCE, 0xFE, 0x47, 0xFE, 0x47, 0xD4, 0xE0, 
0x8C, 0x20, 0x8C, 0x20, 0x8C, 0x20, 0x4A, 0xA0, 0x4A, 0xA0, 0xB0, 0xC0, 0xB0, 0xC0, 0xB0, 0xC0, 
0xB0, 0xC0, 0xB0, 0xC0, 0xB0, 0xC0, 0xB0, 0xC0, 0xB0, 0xC0, 0x58, 0x40, 0xB0, 0xC0, 0xB0, 0xC0, 
0xEF, 0x5D, 0xEF, 0x5D, 0xB0, 0xC0, 0x58, 0x40, 0x00, 0x00, 0x00, 0x00, 0x00, 0x00, 0x00, 0x00, 
0x00, 0x00, 0x4A, 0xA0, 0xFE, 0x47, 0xFE, 0xCE, 0xFE, 0xCE, 0xFE, 0x47, 0xFE, 0x47, 0xD4, 0xE0, 
0x8C, 0x20, 0x8C, 0x20, 0x8C, 0x20, 0x4A, 0xA0, 0xB0, 0xC0, 0xB0, 0xC0, 0xB0, 0xC0, 0xB0, 0xC0, 
0xB0, 0xC0, 0xB0, 0xC0, 0xB0, 0xC0, 0xB0, 0xC0, 0xB0, 0xC0, 0x58, 0x40, 0xB0, 0xC0, 0xB0, 0xC0, 
0xB0, 0xC0, 0xB0, 0xC0, 0xB0, 0xC0, 0xB0, 0xC0, 0x6A, 0x65, 0x6A, 0x65, 0x00, 0x00, 0x00, 0x00, 
0x00, 0x00, 0x4A, 0xA0, 0xFE, 0xCE, 0xFE, 0xCE, 0xFE, 0xCE, 0xFE, 0x47, 0xD4, 0xE0, 0xD4, 0xE0, 
0x8C, 0x20, 0x8C, 0x20, 0x8C, 0x20, 0x4A, 0xA0, 0xB0, 0xC0, 0xE1, 0x20, 0xE1, 0x20, 0xE1, 0x20, 
0xB0, 0xC0, 0xB0, 0xC0, 0xB0, 0xC0, 0xB0, 0xC0, 0xB0, 0xC0, 0x58, 0x40, 0xB0, 0xC0, 0xB0, 0xC0, 
0xB0, 0xC0, 0xB0, 0xC0, 0xB0, 0xC0, 0xB0, 0xC0, 0x6A, 0x65, 0x6A, 0x65, 0x00, 0x00, 0x00, 0x00, 
0x00, 0x00, 0x4A, 0xA0, 0xFE, 0xCE, 0xFE, 0xCE, 0xFE, 0xCE, 0xFE, 0x47, 0xD4, 0xE0, 0xD4, 0xE0, 
0xD4, 0xE0, 0x8C, 0x20, 0x8C, 0x20, 0x4A, 0xA0, 0xE1, 0x20, 0xE1, 0x20, 0xE1, 0x20, 0xE1, 0x20, 
0xE1, 0x20, 0xE1, 0x20, 0xE1, 0x20, 0xB0, 0xC0, 0xB0, 0xC0, 0xB0, 0xC0, 0x58, 0x40, 0xB0, 0xC0, 
0xB0, 0xC0, 0xB0, 0xC0, 0xB0, 0xC0, 0xB0, 0xC0, 0x6A, 0x65, 0x6A, 0x65, 0x00, 0x00, 0x00, 0x00, 
0x00, 0x00, 0x4A, 0xA0, 0xFE, 0xCE, 0xFE, 0xCE, 0xFE, 0x47, 0xD4, 0xE0, 0xFE, 0x47, 0xD4, 0xE0, 
0xD4, 0xE0, 0xD4, 0xE0, 0xD4, 0xE0, 0x4A, 0xA0, 0xE1, 0x20, 0xE1, 0x20, 0xE1, 0x20, 0xE1, 0x20, 
0xE1, 0x20, 0xE1, 0x20, 0xE1, 0x20, 0xE1, 0x20, 0xB0, 0xC0, 0xB0, 0xC0, 0x58, 0x40, 0xB0, 0xC0, 
0xB0, 0xC0, 0xB0, 0xC0, 0xB0, 0xC0, 0xB0, 0xC0, 0x6A, 0x65, 0x8B, 0x69, 0x00, 0x00, 0x00, 0x00, 
0x00, 0x00, 0x4A, 0xA0, 0xFE, 0x47, 0xFE, 0x47, 0xD4, 0xE0, 0xD4, 0xE0, 0xFE, 0x47, 0xFE, 0x47, 
0xFE, 0x47, 0xD4, 0xE0, 0xD4, 0xE0, 0x4A, 0xA0, 0xE1, 0x20, 0xE1, 0x20, 0xE1, 0x20, 0xE1, 0x20, 
0xE1, 0x20, 0xE1, 0x20, 0xFF, 0xFF, 0xEF, 0x5D, 0xE1, 0x20, 0xE1, 0x20, 0x58, 0x40, 0xB0, 0xC0, 
0xB0, 0xC0, 0xB0, 0xC0, 0x42, 0x28, 0x42, 0x28, 0x8B, 0x69, 0x8B, 0x69, 0x00, 0x00, 0x00, 0x00, 
0x00, 0x00, 0x4A, 0xA0, 0xD4, 0xE0, 0xD4, 0xE0, 0xD4, 0xE0, 0xFE, 0x47, 0xFE, 0x47, 0xFE, 0x47, 
0xFE, 0x47, 0xFE, 0x47, 0xD4, 0xE0, 0x4A, 0xA0, 0xE1, 0x20, 0xE1, 0x20, 0xE1, 0x20, 0xE1, 0x20, 
0xE1, 0x20, 0xE1, 0x20, 0xEF, 0x5D, 0xEF, 0x5D, 0xE1, 0x20, 0xE1, 0x20, 0x58, 0x40, 0xB0, 0xC0, 
0xB0, 0xC0, 0xB0, 0xC0, 0x63, 0x0C, 0x63, 0x0C, 0x8B, 0x69, 0x8B, 0x69, 0x00, 0x00, 0x00, 0x00, 
0x00, 0x00, 0x4A, 0xA0, 0xD4, 0xE0, 0xD4, 0xE0, 0xFE, 0x47, 0xFE, 0x47, 0xFE, 0x47, 0xFE, 0x47, 
0xFE, 0x47, 0xFE, 0x47, 0xD4, 0xE0, 0x4A, 0xA0, 0xE1, 0x20, 0xE1, 0x20, 0xE1, 0x20, 0xE1, 0x20, 
0xE1, 0x20, 0xE1, 0x20, 0xE1, 0x20, 0xE1, 0x20, 0xE1, 0x20, 0xE1, 0x20, 0x58, 0x40, 0xB0, 0xC0, 
0xB0, 0xC0, 0xB0, 0xC0, 0x63, 0x0C, 0x63, 0x0C, 0x8B, 0x69, 0x8B, 0x69, 0x00, 0x00, 0x00, 0x00, 
0x00, 0x00, 0x4A, 0xA0, 0xD4, 0xE0, 0xD4, 0xE0, 0xFE, 0xCE, 0xFE, 0xCE, 0xFE, 0x47, 0xFE, 0x47, 
0xFE, 0x47, 0xFE, 0x47, 0xD4, 0xE0, 0x4A, 0xA0, 0xE1, 0x20, 0xE1, 0x20, 0x75, 0xC8, 0x75, 0xC8, 
0x75, 0xC8, 0x75, 0xC8, 0xE1, 0x20, 0xE1, 0x20, 0xE1, 0x20, 0xE1, 0x20, 0x58, 0x40, 0xB0, 0xC0, 
0x63, 0x0C, 0x63, 0x0C, 0x63, 0x0C, 0x7B, 0xCF, 0x8B, 0x69, 0x8B, 0x69, 0x00, 0x00, 0x00, 0x00, 
0x00, 0x00, 0x00, 0x00, 0x4A, 0xA0, 0xD4, 0xE0, 0xFE, 0xCE, 0xFE, 0xCE, 0xFE, 0xCE, 0xFE, 0x47, 
0xFE, 0x47, 0xFE, 0x47, 0xD4, 0xE0, 0x4A, 0xA0, 0xE1, 0x20, 0xE1, 0x20, 0x75, 0xC8, 0xCF, 0x56, 
0xCF, 0x56, 0x75, 0xC8, 0xE1, 0x20, 0xE1, 0x20, 0xE1, 0x20, 0xE1, 0x20, 0x58, 0x40, 0xB0, 0xC0, 
0x63, 0x0C, 0x7B, 0xCF, 0x7B, 0xCF, 0x7B, 0xCF, 0x58, 0x40, 0x00, 0x00, 0x00, 0x00, 0x00, 0x00, 
0x00, 0x00, 0x00, 0x00, 0x00, 0x00, 0x4A, 0xA0, 0xFE, 0xCE, 0xFE, 0xCE, 0xFE, 0xCE, 0xFE, 0xCE, 
0xFE, 0x47, 0xFE, 0x47, 0xD4, 0xE0, 0x4A, 0xA0, 0xE1, 0x20, 0xE1, 0x20, 0xE1, 0x20, 0xE1, 0x20, 
0xE1, 0x20, 0xE1, 0x20, 0xE1, 0x20, 0xE1, 0x20, 0xE1, 0x20, 0xE1, 0x20, 0x58, 0x40, 0xB0, 0xC0, 
0x7B, 0xCF, 0x7B, 0xCF, 0x7B, 0xCF, 0x7B, 0xCF, 0x00, 0x00, 0x00, 0x00, 0x00, 0x00, 0x00, 0x00, 
0x00, 0x00, 0x00, 0x00, 0x00, 0x00, 0x4A, 0xA0, 0xFE, 0x47, 0xFE, 0xCE, 0xFE, 0xCE, 0xFE, 0xCE, 
0xFE, 0x47, 0xFE, 0x47, 0xD4, 0xE0, 0x4A, 0xA0, 0xFA, 0x02, 0xFA, 0x02, 0xFA, 0x02, 0xFA, 0x02, 
0xFA, 0x02, 0xFA, 0x02, 0xFA, 0x02, 0xEF, 0x5D, 0xE1, 0x20, 0xE1, 0x20, 0x58, 0x40, 0xE1, 0x20, 
0x94, 0x92, 0x94, 0x92, 0x94, 0x92, 0x00, 0x00, 0x00, 0x00, 0x00, 0x00, 0x00, 0x00, 0x00, 0x00, 
0x00, 0x00, 0x00, 0x00, 0x00, 0x00, 0x4A, 0xA0, 0xFE, 0x47, 0xFE, 0xCE, 0xFE, 0xCE, 0xFE, 0xCE, 
0xFE, 0x47, 0xFE, 0x47, 0xD4, 0xE0, 0x4A, 0xA0, 0xFA, 0x02, 0xFA, 0x02, 0xFA, 0x02, 0xFA, 0x02, 
0xFA, 0x02, 0xFA, 0x02, 0xFA, 0x02, 0xEF, 0x5D, 0xE1, 0x20, 0xE1, 0x20, 0x58, 0x40, 0x00, 0x00, 
0x00, 0x00, 0x00, 0x00, 0x00, 0x00, 0x00, 0x00, 0x00, 0x00, 0x00, 0x00, 0x00, 0x00, 0x00, 0x00, 
0x00, 0x00, 0x00, 0x00, 0x00, 0x00, 0x00, 0x00, 0x4A, 0xA0, 0xFE, 0x47, 0xFE, 0xCE, 0xFE, 0xCE, 
0xFE, 0x47, 0xFE, 0x47, 0xD4, 0xE0, 0x4A, 0xA0, 0xFB, 0x0A, 0xFB, 0x0A, 0xFB, 0x0A, 0xFB, 0x0A, 
0xFB, 0x0A, 0xFB, 0x0A, 0xFB, 0x0A, 0xEF, 0x5D, 0xE1, 0x20, 0xE1, 0x20, 0x00, 0x00, 0x00, 0x00, 
0x00, 0x00, 0x00, 0x00, 0x00, 0x00, 0x00, 0x00, 0x00, 0x00, 0x00, 0x00, 0x00, 0x00, 0x00, 0x00, 
0x00, 0x00, 0x00, 0x00, 0x00, 0x00, 0x00, 0x00, 0x00, 0x00, 0x4A, 0xA0, 0x4A, 0xA0, 0xFE, 0x47, 
0xFE, 0x47, 0xFE, 0x47, 0xD4, 0xE0, 0x4A, 0xA0, 0xFB, 0x0A, 0xFB, 0x0A, 0xFB, 0x0A, 0xFB, 0x0A, 
0xFB, 0x0A, 0xFB, 0x0A, 0xFB, 0x0A, 0xEF, 0x5D, 0xFB, 0x0A, 0x00, 0x00, 0x00, 0x00, 0x00, 0x00, 
0x00, 0x00, 0x00, 0x00, 0x00, 0x00, 0x00, 0x00, 0x00, 0x00, 0x00, 0x00, 0x00, 0x00, 0x00, 0x00, 
0x00, 0x00, 0x00, 0x00, 0x00, 0x00, 0x00, 0x00, 0x00, 0x00, 0x00, 0x00, 0x00, 0x00, 0x4A, 0xA0, 
0x4A, 0xA0, 0xFE, 0x47, 0xD4, 0xE0, 0x4A, 0xA0, 0xE1, 0x20, 0xE1, 0x20, 0xE1, 0x20, 0xE1, 0x20, 
0xE1, 0x20, 0xE1, 0x20, 0xE1, 0x20, 0xEF, 0x5D, 0x00, 0x00, 0x00, 0x00, 0x00, 0x00, 0x00, 0x00, 
0x00, 0x00, 0x00, 0x00, 0x00, 0x00, 0x00, 0x00, 0x00, 0x00, 0x00, 0x00, 0x00, 0x00, 0x00, 0x00, 
0x00, 0x00, 0x00, 0x00, 0x00, 0x00, 0x00, 0x00, 0x00, 0x00, 0x00, 0x00, 0x00, 0x00, 0x00, 0x00, 
0x00, 0x00, 0x4A, 0xA0, 0x4A, 0xA0, 0x4A, 0xA0, 0x00, 0x00, 0x00, 0x00, 0x00, 0x00, 0x00, 0x00, 
0x00, 0x00, 0x00, 0x00, 0x00, 0x00, 0x00, 0x00, 0x00, 0x00, 0x00, 0x00, 0x00, 0x00, 0x00, 0x00, 
0x00, 0x00, 0x00, 0x00, 0x00, 0x00, 0x00, 0x00, 0x00, 0x00, 0x00, 0x00, 0x00, 0x00, 0x00, 0x00, 
0x00, 0x00, 0x00, 0x00, 0x00, 0x00, 0x00, 0x00, 0x00, 0x00, 0x00, 0x00, 0x00, 0x00, 0x00, 0x00, 
0x00, 0x00, 0x00, 0x00, 0x00, 0x00, 0x00, 0x00, 0x00, 0x00, 0x00, 0x00, 0x00, 0x00, 0x00, 0x00, 
0x00, 0x00, 0x00, 0x00, 0x00, 0x00, 0x00, 0x00, 0x00, 0x00, 0x00, 0x00, 0x00, 0x00, 0x00, 0x00, 
0x00, 0x00, 0x00, 0x00, 0x00, 0x00, 0x00, 0x00, 0x00, 0x00, 0x00, 0x00, 0x00, 0x00, 0x00, 0x00, 
0x00, 0x00, 0x00, 0x00, 0x00, 0x00, 0x00, 0x00, 0x00, 0x00, 0x00, 0x00, 0x00, 0x00, 0x00, 0x00, 
0x00, 0x00, 0x00, 0x00, 0x00, 0x00, 0x00, 0x00, 0x00, 0x00, 0x00, 0x00, 0x00, 0x00, 0x00, 0x00, 
0x00, 0x00, 0x00, 0x00, 0x00, 0x00, 0x00, 0x00, 0x00, 0x00, 0x00, 0x00, 0x00, 0x00, 0x00, 0x00, 
0x00, 0x00, 0x00, 0x00, 0x00, 0x00, 0x00, 0x00, 0x00, 0x00, 0x00, 0x00, 0x00, 0x00, 0x00, 0x00, 
0x00, 0x00, 0x00, 0x00, 0x00, 0x00, 0x00, 0x00, 0x00, 0x00, 0x00, 0x00, 0x00, 0x00, 0x00, 0x00, 
0x00, 0x00, 0x00, 0x00, 0x00, 0x00, 0x00, 0x00, 0x00, 0x00, 0x00, 0x00, 0x00, 0x00, 0x00, 0x00, 
0x00, 0x00, 0x00, 0x00, 0x00, 0x00, 0x00, 0x00, 0x00, 0x00, 0x00, 0x00, 0x00, 0x00, 0x00, 0x00, 
0x00, 0x00, 0x00, 0x00, 0x00, 0x00, 0x00, 0x00, 0x00, 0x00, 0x00, 0x00, 0x00, 0x00, 0x00, 0x00, 
0x00, 0x00, 0x00, 0x00, 0x00, 0x00, 0x00, 0x00, 0x00, 0x00, 0x00, 0x00, 0x00, 0x00, 0x00, 0x00, 
0x00, 0x00, 0x00, 0x00, 0x00, 0x00, 0x00, 0x00, 0x00, 0x00, 0x00, 0x00, 0x00, 0x00, 0x00, 0x00, 
0x00, 0x00, 0x00, 0x00, 0x00, 0x00, 0x00, 0x00, 0x00, 0x00, 0x00, 0x00, 0x00, 0x00, 0x00, 0x00, 
0x00, 0x00, 0x00, 0x00, 0x00, 0x00, 0x00, 0x00, 0x00, 0x00, 0x00, 0x00, 0x00, 0x00, 0x00, 0x00
}
,
{
0x00, 0x00, 0x00, 0x00, 0x00, 0x00, 0x00, 0x00, 0x00, 0x00, 0x00, 0x00, 0x00, 0x00, 0x00, 0x00, 
0x00, 0x00, 0x00, 0x00, 0x00, 0x00, 0x00, 0x00, 0x00, 0x00, 0x00, 0x00, 0x00, 0x00, 0x00, 0x00, 
0x00, 0x00, 0x00, 0x00, 0x00, 0x00, 0x00, 0x00, 0x00, 0x00, 0x00, 0x00, 0x00, 0x00, 0x58, 0x40, 
0x58, 0x40, 0x58, 0x40, 0x00, 0x00, 0x00, 0x00, 0x00, 0x00, 0x00, 0x00, 0x00, 0x00, 0x00, 0x00, 
0x00, 0x00, 0x00, 0x00, 0x00, 0x00, 0x4A, 0xA0, 0x4A, 0xA0, 0x4A, 0xA0, 0x4A, 0xA0, 0x00, 0x00, 
0x00, 0x00, 0x00, 0x00, 0x4A, 0xA0, 0x4A, 0xA0, 0x4A, 0xA0, 0x4A, 0xA0, 0x00, 0x00, 0x00, 0x00, 
0x00, 0x00, 0x00, 0x00, 0x00, 0x00, 0x00, 0x00, 0x00, 0x00, 0x00, 0x00, 0x00, 0x00, 0x58, 0x40, 
0xB0, 0xC0, 0xB0, 0xC0, 0x58, 0x40, 0x00, 0x00, 0x00, 0x00, 0x00, 0x00, 0x00, 0x00, 0x00, 0x00, 
0x00, 0x00, 0x00, 0x00, 0x4A, 0xA0, 0xD4, 0xE0, 0xD4, 0xE0, 0xD4, 0xE0, 0x8C, 0x20, 0x4A, 0xA0, 
0x4A, 0xA0, 0x4A, 0xA0, 0x8C, 0x20, 0xFE, 0x47, 0xFE, 0x47, 0xD4, 0xE0, 0x4A, 0xA0, 0x4A, 0xA0, 
0x00, 0x00, 0x00, 0x00, 0x00, 0x00, 0x00, 0x00, 0x00, 0x00, 0x00, 0x00, 0x00, 0x00, 0x00, 0x00, 
0x58, 0x40, 0xB0, 0xC0, 0xB0, 0xC0, 0x58, 0x40, 0x00, 0x00, 0x00, 0x00, 0x00, 0x00, 0x00, 0x00, 
0x00, 0x00, 0x4A, 0xA0, 0xD4, 0xE0, 0xD4, 0xE0, 0xD4, 0xE0, 0xD4, 0xE0, 0x8C, 0x20, 0x8C, 0x20, 
0x8C, 0x20, 0x8C, 0x20, 0xD4, 0xE0, 0xFE, 0x47, 0xFE, 0x47, 0xD4, 0xE0, 0x4A, 0xA0, 0x4A, 0xA0, 
0x4A, 0xA0, 0x00, 0x00, 0x00, 0x00, 0x00, 0x00, 0x00, 0x00, 0x00, 0x00, 0x00, 0x00, 0x00, 0x00, 
0x58, 0x40, 0xB0, 0xC0, 0xB0, 0xC0, 0x58, 0x40, 0x00, 0x00, 0x00, 0x00, 0x00, 0x00, 0x00, 0x00, 
0x00, 0x00, 0x4A, 0xA0, 0xFE, 0x47, 0xFE, 0x47, 0xD4, 0xE0, 0xD4, 0xE0, 0x8C, 0x20, 0x8C, 0x20, 
0x8C, 0x20, 0xD4, 0xE0, 0xD4, 0xE0, 0xFE, 0x47, 0xD4, 0xE0, 0xD4, 0xE0, 0x4A, 0xA0, 0x4A, 0xA0, 
0x4A, 0xA0, 0x58, 0x40, 0x58, 0x40, 0x58, 0x40, 0x00, 0x00, 0x00, 0x00, 0x00, 0x00, 0x00, 0x00, 
0x58, 0x40, 0xB0, 0xC0, 0xB0, 0xC0, 0x58, 0x40, 0x00, 0x00, 0x00, 0x00, 0x00, 0x00, 0x00, 0x00, 
0x00, 0x00, 0x00, 0x00, 0x4A, 0xA0, 0xFE, 0xCE, 0xFE, 0x47, 0xD4, 0xE0, 0x8C, 0x20, 0x8C, 0x20, 
0xD4, 0xE0, 0xD4, 0xE0, 0xFE, 0x47, 0xFE, 0x47, 0xD4, 0xE0, 0x4A, 0xA0, 0x4A, 0xA0, 0x4A, 0xA0, 
0x4A, 0xA0, 0xB0, 0xC0, 0xB0, 0xC0, 0xB0, 0xC0, 0x58, 0x40, 0x00, 0x00, 0x00, 0x00, 0x00, 0x00, 
0x00, 0x00, 0x58, 0x40, 0xB0, 0xC0, 0x58, 0x40, 0x00, 0x00, 0x00, 0x00, 0x00, 0x00, 0x00, 0x00, 
0x00, 0x00, 0x00, 0x00, 0x4A, 0xA0, 0xFE, 0xCE, 0xFE, 0x47, 0xD4, 0xE0, 0xD4, 0xE0, 0xD4, 0xE0, 
0xD4, 0xE0, 0xFE, 0x47, 0xFE, 0x47, 0xD4, 0xE0, 0xD4, 0xE0, 0x4A, 0xA0, 0x4A, 0xA0, 0x4A, 0xA0, 
0x4A, 0xA0, 0xB0, 0xC0, 0xB0, 0xC0, 0xB0, 0xC0, 0xB0, 0xC0, 0x58, 0x40, 0x00, 0x00, 0x00, 0x00, 
0x00, 0x00, 0x58, 0x40, 0xB0, 0xC0, 0xB0, 0xC0, 0x58, 0x40, 0x00, 0x00, 0x00, 0x00, 0x00, 0x00, 
0x00, 0x00, 0x00, 0x00, 0x4A, 0xA0, 0xFE, 0xCE, 0xD4, 0xE0, 0xD4, 0xE0, 0xD4, 0xE0, 0xD4, 0xE0, 
0xFE, 0x47, 0xFE, 0x47, 0xFE, 0x47, 0xD4, 0xE0, 0x4A, 0xA0, 0x4A, 0xA0, 0x4A, 0xA0, 0x4A, 0xA0, 
0xB0, 0xC0, 0xB0, 0xC0, 0xB0, 0xC0, 0xB0, 0xC0, 0xB0, 0xC0, 0xB0, 0xC0, 0x58, 0x40, 0x00, 0x00, 
0x00, 0x00, 0x58, 0x40, 0xB0, 0xC0, 0xB0, 0xC0, 0x58, 0x40, 0x00, 0x00, 0x00, 0x00, 0x00, 0x00, 
0x00, 0x00, 0x00, 0x00, 0x00, 0x00, 0x4A, 0xA0, 0xD4, 0xE0, 0xD4, 0xE0, 0xFE, 0x47, 0xFE, 0x47, 
0xFE, 0x47, 0xFE, 0x47, 0xD4, 0xE0, 0x8C, 0x20, 0x4A, 0xA0, 0x4A, 0xA0, 0x4A, 0xA0, 0xB0, 0xC0, 
0xB0, 0xC0, 0xB0, 0xC0, 0xB0, 0xC0, 0xB0, 0xC0, 0xB0, 0xC0, 0xB0, 0xC0, 0x58, 0x40, 0x58, 0x40, 
0x58, 0x40, 0x58, 0x40, 0xB0, 0xC0, 0xB0, 0xC0, 0x58, 0x40, 0x00, 0x00, 0x00, 0x00, 0x00, 0x00, 
0x00, 0x00, 0x00, 0x00, 0x00, 0x00, 0x4A, 0xA0, 0xD4, 0xE0, 0xFE, 0x47, 0xFE, 0x47, 0xFE, 0x47, 
0xFE, 0x47, 0xD4, 0xE0, 0xD4, 0xE0, 0x8C, 0x20, 0x4A, 0xA0, 0x4A, 0xA0, 0x4A, 0xA0, 0xB0, 0xC0, 
0xB0, 0xC0, 0xB0, 0xC0, 0xB0, 0xC0, 0xB0, 0xC0, 0xB0, 0xC0, 0xB0, 0xC0, 0x58, 0x40, 0xB0, 0xC0, 
0xB0, 0xC0, 0xB0, 0xC0, 0xB0, 0xC0, 0xB0, 0xC0, 0x58, 0x40, 0x6A, 0x65, 0x00, 0x00, 0x00, 0x00, 
0x00, 0x00, 0x00, 0x00, 0x4A, 0xA0, 0xFE, 0x47, 0xFE, 0x47, 0xFE, 0x47, 0xFE, 0x47, 0xFE, 0x47, 
0xFE, 0x47, 0xD4, 0xE0, 0x8C, 0x20, 0x8C, 0x20, 0x4A, 0xA0, 0x4A, 0xA0, 0xB0, 0xC0, 0xB0, 0xC0, 
0xB0, 0xC0, 0xB0, 0xC0, 0xB0, 0xC0, 0xB0, 0xC0, 0xB0, 0xC0, 0xB0, 0xC0, 0x58, 0x40, 0xB0, 0xC0, 
0xB0, 0xC0, 0xB0, 0xC0, 0xB0, 0xC0, 0xB0, 0xC0, 0x58, 0x40, 0x6A, 0x65, 0x6A, 0x65, 0x00, 0x00, 
0x00, 0x00, 0x00, 0x00, 0x4A, 0xA0, 0xFE, 0x47, 0xFE, 0x47, 0xFE, 0xCE, 0xFE, 0x47, 0xFE, 0x47, 
0xD4, 0xE0, 0x8C, 0x20, 0x8C, 0x20, 0x8C, 0x20, 0x4A, 0xA0, 0x4A, 0xA0, 0xB0, 0xC0, 0xB0, 0xC0, 
0xB0, 0xC0, 0xB0, 0xC0, 0xB0, 0xC0, 0xB0, 0xC0, 0xB0, 0xC0, 0xB0, 0xC0, 0x58, 0x40, 0xB0, 0xC0, 
0xB0, 0xC0, 0xB0, 0xC0, 0xB0, 0xC0, 0xB0, 0xC0, 0x58, 0x40, 0x6A, 0x65, 0x6A, 0x65, 0x00, 0x00, 
0x00, 0x00, 0x00, 0x00, 0x4A, 0xA0, 0xFE, 0x47, 0xFE, 0xCE, 0xFE, 0xCE, 0xFE, 0x47, 0xFE, 0x47, 
0xD4, 0xE0, 0x8C, 0x20, 0x8C, 0x20, 0x8C, 0x20, 0x4A, 0xA0, 0xB0, 0xC0, 0xB0, 0xC0, 0xB0, 0xC0, 
0xB0, 0xC0, 0xB0, 0xC0, 0xB0, 0xC0, 0xB0, 0xC0, 0xB0, 0xC0, 0xB0, 0xC0, 0x58, 0x40, 0xB0, 0xC0, 
0xB0, 0xC0, 0xFF, 0xFF, 0xEF, 0x5D, 0xB0, 0xC0, 0xB0, 0xC0, 0x8B, 0x69, 0x8B, 0x69, 0x00, 0x00, 
0x00, 0x00, 0x00, 0x00, 0x4A, 0xA0, 0xFE, 0xCE, 0xFE, 0xCE, 0xFE, 0xCE, 0xFE, 0x47, 0xD4, 0xE0, 
0xD4, 0xE0, 0x8C, 0x20, 0x8C, 0x20, 0x8C, 0x20, 0x4A, 0xA0, 0xB0, 0xC0, 0xE1, 0x20, 0xE1, 0x20, 
0xE1, 0x20, 0xB0, 0xC0, 0xB0, 0xC0, 0xB0, 0xC0, 0xB0, 0xC0, 0xB0, 0xC0, 0x58, 0x40, 0xB0, 0xC0, 
0xB0, 0xC0, 0xEF, 0x5D, 0xEF, 0x5D, 0xB0, 0xC0, 0xB0, 0xC0, 0x58, 0x40, 0x00, 0x00, 0x00, 0x00, 
0x00, 0x00, 0x00, 0x00, 0x4A, 0xA0, 0xFE, 0xCE, 0xFE, 0xCE, 0xFE, 0xCE, 0xFE, 0x47, 0xD4, 0xE0, 
0xD4, 0xE0, 0xD4, 0xE0, 0x8C, 0x20, 0x8C, 0x20, 0x4A, 0xA0, 0xE1, 0x20, 0xE1, 0x20, 0xE1, 0x20, 
0xE1, 0x20, 0xE1, 0x20, 0xE1, 0x20, 0xE1, 0x20, 0xB0, 0xC0, 0xB0, 0xC0, 0xB0, 0xC0, 0x58, 0x40, 
0xB0, 0xC0, 0xB0, 0xC0, 0xB0, 0xC0, 0xB0, 0xC0, 0xB0, 0xC0, 0x58, 0x40, 0x00, 0x00, 0x00, 0x00, 
0x00, 0x00, 0x00, 0x00, 0x4A, 0xA0, 0xFE, 0xCE, 0xFE, 0xCE, 0xFE, 0x47, 0xD4, 0xE0, 0xFE, 0x47, 
0xD4, 0xE0, 0xD4, 0xE0, 0xD4, 0xE0, 0xD4, 0xE0, 0x4A, 0xA0, 0xE1, 0x20, 0xE1, 0x20, 0xE1, 0x20, 
0xE1, 0x20, 0xE1, 0x20, 0xE1, 0x20, 0xE1, 0x20, 0xE1, 0x20, 0xB0, 0xC0, 0xB0, 0xC0, 0x58, 0x40, 
0xB0, 0xC0, 0xB0, 0xC0, 0xB0, 0xC0, 0xB0, 0xC0, 0xB0, 0xC0, 0x58, 0x40, 0x00, 0x00, 0x00, 0x00, 
0x00, 0x00, 0x00, 0x00, 0x4A, 0xA0, 0xFE, 0x47, 0xFE, 0x47, 0xD4, 0xE0, 0xD4, 0xE0, 0xFE, 0x47, 
0xFE, 0x47, 0xFE, 0x47, 0xD4, 0xE0, 0xD4, 0xE0, 0x4A, 0xA0, 0xE1, 0x20, 0xE1, 0x20, 0xE1, 0x20, 
0xE1, 0x20, 0xE1, 0x20, 0xE1, 0x20, 0xFF, 0xFF, 0xEF, 0x5D, 0xE1, 0x20, 0xE1, 0x20, 0x58, 0x40, 
0xB0, 0xC0, 0xB0, 0xC0, 0xB0, 0xC0, 0x42, 0x28, 0x42, 0x28, 0x6A, 0x65, 0x6A, 0x65, 0x00, 0x00, 
0x00, 0x00, 0x00, 0x00, 0x4A, 0xA0, 0xD4, 0xE0, 0xD4, 0xE0, 0xD4, 0xE0, 0xFE, 0x47, 0xFE, 0x47, 
0xFE, 0x47, 0xFE, 0x47, 0xFE, 0x47, 0xD4, 0xE0, 0x4A, 0xA0, 0xE1, 0x20, 0xE1, 0x20, 0xE1, 0x20, 
0xE1, 0x20, 0xE1, 0x20, 0xE1, 0x20, 0xEF, 0x5D, 0xEF, 0x5D, 0xE1, 0x20, 0xE1, 0x20, 0x58, 0x40, 
0xB0, 0xC0, 0xB0, 0xC0, 0xB0, 0xC0, 0x63, 0x0C, 0x63, 0x0C, 0x6A, 0x65, 0x6A, 0x65, 0x00, 0x00, 
0x00, 0x00, 0x00, 0x00, 0x4A, 0xA0, 0xD4, 0xE0, 0xD4, 0xE0, 0xFE, 0x47, 0xFE, 0x47, 0xFE, 0x47, 
0xFE, 0x47, 0xFE, 0x47, 0xFE, 0x47, 0xD4, 0xE0, 0x4A, 0xA0, 0xE1, 0x20, 0xE1, 0x20, 0xE1, 0x20, 
0xE1, 0x20, 0xE1, 0x20, 0xE1, 0x20, 0xE1, 0x20, 0xE1, 0x20, 0xE1, 0x20, 0xE1, 0x20, 0x58, 0x40, 
0xB0, 0xC0, 0xB0, 0xC0, 0xB0, 0xC0, 0x63, 0x0C, 0x63, 0x0C, 0x6A, 0x65, 0x6A, 0x65, 0x00, 0x00, 
0x00, 0x00, 0x00, 0x00, 0x4A, 0xA0, 0xD4, 0xE0, 0xD4, 0xE0, 0xFE, 0xCE, 0xFE, 0xCE, 0xFE, 0x47, 
0xFE, 0x47, 0xFE, 0x47, 0xFE, 0x47, 0xD4, 0xE0, 0x4A, 0xA0, 0xE1, 0x20, 0xE1, 0x20, 0x75, 0xC8, 
0x75, 0xC8, 0x75, 0xC8, 0x75, 0xC8, 0xE1, 0x20, 0xE1, 0x20, 0xE1, 0x20, 0xE1, 0x20, 0x58, 0x40, 
0xB0, 0xC0, 0x63, 0x0C, 0x63, 0x0C, 0x63, 0x0C, 0x63, 0x0C, 0x8B, 0x69, 0x8B, 0x69, 0x00, 0x00, 
0x00, 0x00, 0x00, 0x00, 0x00, 0x00, 0x4A, 0xA0, 0xD4, 0xE0, 0xFE, 0xCE, 0xFE, 0xCE, 0xFE, 0xCE, 
0xFE, 0x47, 0xFE, 0x47, 0xFE, 0x47, 0xD4, 0xE0, 0x4A, 0xA0, 0xE1, 0x20, 0xE1, 0x20, 0x75, 0xC8, 
0xCF, 0x56, 0xCF, 0x56, 0x75, 0xC8, 0xE1, 0x20, 0xE1, 0x20, 0xE1, 0x20, 0xE1, 0x20, 0x58, 0x40, 
0xB0, 0xC0, 0x63, 0x0C, 0x63, 0x0C, 0x7B, 0xCF, 0x7B, 0xCF, 0x8B, 0x69, 0x8B, 0x69, 0x00, 0x00, 
0x00, 0x00, 0x00, 0x00, 0x00, 0x00, 0x00, 0x00, 0x4A, 0xA0, 0xFE, 0xCE, 0xFE, 0xCE, 0xFE, 0xCE, 
0xFE, 0xCE, 0xFE, 0x47, 0xFE, 0x47, 0xD4, 0xE0, 0x4A, 0xA0, 0xE1, 0x20, 0xE1, 0x20, 0xE1, 0x20, 
0xE1, 0x20, 0xE1, 0x20, 0xE1, 0x20, 0xE1, 0x20, 0xE1, 0x20, 0xE1, 0x20, 0xE1, 0x20, 0x58, 0x40, 
0xB0, 0xC0, 0x7B, 0xCF, 0x7B, 0xCF, 0x7B, 0xCF, 0x7B, 0xCF, 0x8B, 0x69, 0x8B, 0x69, 0x00, 0x00, 
0x00, 0x00, 0x00, 0x00, 0x00, 0x00, 0x00, 0x00, 0x4A, 0xA0, 0xFE, 0x47, 0xFE, 0xCE, 0xFE, 0xCE, 
0xFE, 0xCE, 0xFE, 0x47, 0xFE, 0x47, 0xD4, 0xE0, 0x4A, 0xA0, 0xFA, 0x02, 0xFA, 0x02, 0xFA, 0x02, 
0xFA, 0x02, 0xFA, 0x02, 0xFA, 0x02, 0xFA, 0x02, 0xEF, 0x5D, 0xE1, 0x20, 0xE1, 0x20, 0x58, 0x40, 
0xE1, 0x20, 0x94, 0x92, 0x94, 0x92, 0x94, 0x92, 0x00, 0x00, 0x8B, 0x69, 0x8B, 0x69, 0x00, 0x00, 
0x00, 0x00, 0x00, 0x00, 0x00, 0x00, 0x00, 0x00, 0x4A, 0xA0, 0xFE, 0x47, 0xFE, 0xCE, 0xFE, 0xCE, 
0xFE, 0xCE, 0xFE, 0x47, 0xFE, 0x47, 0xD4, 0xE0, 0x4A, 0xA0, 0xFA, 0x02, 0xFA, 0x02, 0xFA, 0x02, 
0xFA, 0x02, 0xFA, 0x02, 0xFA, 0x02, 0xFA, 0x02, 0xEF, 0x5D, 0xE1, 0x20, 0xE1, 0x20, 0x58, 0x40, 
0x00, 0x00, 0x00, 0x00, 0x00, 0x00, 0x00, 0x00, 0x00, 0x00, 0x00, 0x00, 0x00, 0x00, 0x00, 0x00, 
0x00, 0x00, 0x00, 0x00, 0x00, 0x00, 0x00, 0x00, 0x00, 0x00, 0x4A, 0xA0, 0xFE, 0x47, 0xFE, 0xCE, 
0xFE, 0xCE, 0xFE, 0x47, 0xFE, 0x47, 0xD4, 0xE0, 0x4A, 0xA0, 0xFB, 0x0A, 0xFB, 0x0A, 0xFB, 0x0A, 
0xFB, 0x0A, 0xFB, 0x0A, 0xFB, 0x0A, 0xFB, 0x0A, 0xEF, 0x5D, 0xE1, 0x20, 0xE1, 0x20, 0x00, 0x00, 
0x00, 0x00, 0x00, 0x00, 0x00, 0x00, 0x00, 0x00, 0x00, 0x00, 0x00, 0x00, 0x00, 0x00, 0x00, 0x00, 
0x00, 0x00, 0x00, 0x00, 0x00, 0x00, 0x00, 0x00, 0x00, 0x00, 0x00, 0x00, 0x4A, 0xA0, 0x4A, 0xA0, 
0xFE, 0x47, 0xFE, 0x47, 0xFE, 0x47, 0xD4, 0xE0, 0x4A, 0xA0, 0xFB, 0x0A, 0xFB, 0x0A, 0xFB, 0x0A, 
0xFB, 0x0A, 0xFB, 0x0A, 0xFB, 0x0A, 0xFB, 0x0A, 0xEF, 0x5D, 0xFB, 0x0A, 0x00, 0x00, 0x00, 0x00, 
0x00, 0x00, 0x00, 0x00, 0x00, 0x00, 0x00, 0x00, 0x00, 0x00, 0x00, 0x00, 0x00, 0x00, 0x00, 0x00, 
0x00, 0x00, 0x00, 0x00, 0x00, 0x00, 0x00, 0x00, 0x00, 0x00, 0x00, 0x00, 0x00, 0x00, 0x00, 0x00, 
0x4A, 0xA0, 0x4A, 0xA0, 0xFE, 0x47, 0xD4, 0xE0, 0x4A, 0xA0, 0xE1, 0x20, 0xE1, 0x20, 0xE1, 0x20, 
0xE1, 0x20, 0xE1, 0x20, 0xE1, 0x20, 0xE1, 0x20, 0xEF, 0x5D, 0x00, 0x00, 0x00, 0x00, 0x00, 0x00, 
0x00, 0x00, 0x00, 0x00, 0x00, 0x00, 0x00, 0x00, 0x00, 0x00, 0x00, 0x00, 0x00, 0x00, 0x00, 0x00, 
0x00, 0x00, 0x00, 0x00, 0x00, 0x00, 0x00, 0x00, 0x00, 0x00, 0x00, 0x00, 0x00, 0x00, 0x00, 0x00, 
0x00, 0x00, 0x00, 0x00, 0x4A, 0xA0, 0x4A, 0xA0, 0x4A, 0xA0, 0x00, 0x00, 0x00, 0x00, 0x00, 0x00, 
0x00, 0x00, 0x00, 0x00, 0x00, 0x00, 0x00, 0x00, 0x00, 0x00, 0x00, 0x00, 0x00, 0x00, 0x00, 0x00, 
0x00, 0x00, 0x00, 0x00, 0x00, 0x00, 0x00, 0x00, 0x00, 0x00, 0x00, 0x00, 0x00, 0x00, 0x00, 0x00, 
0x00, 0x00, 0x00, 0x00, 0x00, 0x00, 0x00, 0x00, 0x00, 0x00, 0x00, 0x00, 0x00, 0x00, 0x00, 0x00, 
0x00, 0x00, 0x00, 0x00, 0x00, 0x00, 0x00, 0x00, 0x00, 0x00, 0x00, 0x00, 0x00, 0x00, 0x00, 0x00, 
0x00, 0x00, 0x00, 0x00, 0x00, 0x00, 0x00, 0x00, 0x00, 0x00, 0x00, 0x00, 0x00, 0x00, 0x00, 0x00, 
0x00, 0x00, 0x00, 0x00, 0x00, 0x00, 0x00, 0x00, 0x00, 0x00, 0x00, 0x00, 0x00, 0x00, 0x00, 0x00, 
0x00, 0x00, 0x00, 0x00, 0x00, 0x00, 0x00, 0x00, 0x00, 0x00, 0x00, 0x00, 0x00, 0x00, 0x00, 0x00, 
0x00, 0x00, 0x00, 0x00, 0x00, 0x00, 0x00, 0x00, 0x00, 0x00, 0x00, 0x00, 0x00, 0x00, 0x00, 0x00, 
0x00, 0x00, 0x00, 0x00, 0x00, 0x00, 0x00, 0x00, 0x00, 0x00, 0x00, 0x00, 0x00, 0x00, 0x00, 0x00, 
0x00, 0x00, 0x00, 0x00, 0x00, 0x00, 0x00, 0x00, 0x00, 0x00, 0x00, 0x00, 0x00, 0x00, 0x00, 0x00, 
0x00, 0x00, 0x00, 0x00, 0x00, 0x00, 0x00, 0x00, 0x00, 0x00, 0x00, 0x00, 0x00, 0x00, 0x00, 0x00, 
0x00, 0x00, 0x00, 0x00, 0x00, 0x00, 0x00, 0x00, 0x00, 0x00, 0x00, 0x00, 0x00, 0x00, 0x00, 0x00, 
0x00, 0x00, 0x00, 0x00, 0x00, 0x00, 0x00, 0x00, 0x00, 0x00, 0x00, 0x00, 0x00, 0x00, 0x00, 0x00, 
0x00, 0x00, 0x00, 0x00, 0x00, 0x00, 0x00, 0x00, 0x00, 0x00, 0x00, 0x00, 0x00, 0x00, 0x00, 0x00, 
0x00, 0x00, 0x00, 0x00, 0x00, 0x00, 0x00, 0x00, 0x00, 0x00, 0x00, 0x00, 0x00, 0x00, 0x00, 0x00, 
0x00, 0x00, 0x00, 0x00, 0x00, 0x00, 0x00, 0x00, 0x00, 0x00, 0x00, 0x00, 0x00, 0x00, 0x00, 0x00, 
0x00, 0x00, 0x00, 0x00, 0x00, 0x00, 0x00, 0x00, 0x00, 0x00, 0x00, 0x00, 0x00, 0x00, 0x00, 0x00, 
0x00, 0x00, 0x00, 0x00, 0x00, 0x00, 0x00, 0x00, 0x00, 0x00, 0x00, 0x00, 0x00, 0x00, 0x00, 0x00
}
,
{
0x00, 0x00, 0x00, 0x00, 0x00, 0x00, 0x00, 0x00, 0x00, 0x00, 0x00, 0x00, 0x00, 0x00, 0x00, 0x00, 
0x00, 0x00, 0x00, 0x00, 0x00, 0x00, 0x00, 0x00, 0x00, 0x00, 0x00, 0x00, 0x00, 0x00, 0x00, 0x00, 
0x00, 0x00, 0x00, 0x00, 0x00, 0x00, 0x00, 0x00, 0x00, 0x00, 0x00, 0x00, 0x00, 0x00, 0x00, 0x00, 
0x00, 0x00, 0x00, 0x00, 0x58, 0x40, 0x58, 0x40, 0x00, 0x00, 0x00, 0x00, 0x00, 0x00, 0x00, 0x00, 
0x00, 0x00, 0x00, 0x00, 0x4A, 0xA0, 0x4A, 0xA0, 0x4A, 0xA0, 0x4A, 0xA0, 0x00, 0x00, 0x00, 0x00, 
0x00, 0x00, 0x4A, 0xA0, 0x4A, 0xA0, 0x4A, 0xA0, 0x4A, 0xA0, 0x00, 0x00, 0x00, 0x00, 0x00, 0x00, 
0x00, 0x00, 0x00, 0x00, 0x00, 0x00, 0x00, 0x00, 0x00, 0x00, 0x00, 0x00, 0x00, 0x00, 0x00, 0x00, 
0x00, 0x00, 0x58, 0x40, 0xB0, 0xC0, 0x58, 0x40, 0x00, 0x00, 0x00, 0x00, 0x00, 0x00, 0x00, 0x00, 
0x00, 0x00, 0x4A, 0xA0, 0xD4, 0xE0, 0xD4, 0xE0, 0xD4, 0xE0, 0x8C, 0x20, 0x4A, 0xA0, 0x4A, 0xA0, 
0x4A, 0xA0, 0x8C, 0x20, 0xFE, 0x47, 0xFE, 0x47, 0xD4, 0xE0, 0x4A, 0xA0, 0x4A, 0xA0, 0x00, 0x00, 
0x00, 0x00, 0x00, 0x00, 0x00, 0x00, 0x00, 0x00, 0x00, 0x00, 0x00, 0x00, 0x00, 0x00, 0x00, 0x00, 
0x00, 0x00, 0x58, 0x40, 0xB0, 0xC0, 0x58, 0x40, 0x00, 0x00, 0x00, 0x00, 0x00, 0x00, 0x00, 0x00, 
0x4A, 0xA0, 0xD4, 0xE0, 0xD4, 0xE0, 0xD4, 0xE0, 0xD4, 0xE0, 0x8C, 0x20, 0x8C, 0x20, 0x8C, 0x20, 
0x8C, 0x20, 0xD4, 0xE0, 0xFE, 0x47, 0xFE, 0x47, 0xD4, 0xE0, 0x4A, 0xA0, 0x4A, 0xA0, 0x4A, 0xA0, 
0x00, 0x00, 0x00, 0x00, 0x00, 0x00, 0x00, 0x00, 0x00, 0x00, 0x00, 0x00, 0x00, 0x00, 0x00, 0x00, 
0x00, 0x00, 0x58, 0x40, 0xB0, 0xC0, 0x58, 0x40, 0x00, 0x00, 0x00, 0x00, 0x00, 0x00, 0x00, 0x00, 
0x4A, 0xA0, 0xFE, 0x47, 0xFE, 0x47, 0xD4, 0xE0, 0xD4, 0xE0, 0x8C, 0x20, 0x8C, 0x20, 0x8C, 0x20, 
0xD4, 0xE0, 0xD4, 0xE0, 0xFE, 0x47, 0xD4, 0xE0, 0xD4, 0xE0, 0x4A, 0xA0, 0x4A, 0xA0, 0x4A, 0xA0, 
0x58, 0x40, 0x58, 0x40, 0x58, 0x40, 0x00, 0x00, 0x00, 0x00, 0x00, 0x00, 0x00, 0x00, 0x00, 0x00, 
0x00, 0x00, 0x58, 0x40, 0xB0, 0xC0, 0x58, 0x40, 0x00, 0x00, 0x00, 0x00, 0x00, 0x00, 0x00, 0x00, 
0x00, 0x00, 0x4A, 0xA0, 0xFE, 0xCE, 0xFE, 0x47, 0xD4, 0xE0, 0x8C, 0x20, 0x8C, 0x20, 0xD4, 0xE0, 
0xD4, 0xE0, 0xFE, 0x47, 0xFE, 0x47, 0xD4, 0xE0, 0x4A, 0xA0, 0x4A, 0xA0, 0x4A, 0xA0, 0x4A, 0xA0, 
0xB0, 0xC0, 0xB0, 0xC0, 0xB0, 0xC0, 0x58, 0x40, 0x00, 0x00, 0x00, 0x00, 0x00, 0x00, 0x00, 0x00, 
0x58, 0x40, 0xB0, 0xC0, 0xB0, 0xC0, 0x58, 0x40, 0x00, 0x00, 0x00, 0x00, 0x00, 0x00, 0x00, 0x00, 
0x00, 0x00, 0x4A, 0xA0, 0xFE, 0xCE, 0xFE, 0x47, 0xD4, 0xE0, 0xD4, 0xE0, 0xD4, 0xE0, 0xD4, 0xE0, 
0xFE, 0x47, 0xFE, 0x47, 0xD4, 0xE0, 0xD4, 0xE0, 0x4A, 0xA0, 0x4A, 0xA0, 0x4A, 0xA0, 0x4A, 0xA0, 
0xB0, 0xC0, 0xB0, 0xC0, 0xB0, 0xC0, 0xB0, 0xC0, 0x58, 0x40, 0x00, 0x00, 0x00, 0x00, 0x00, 0x00, 
0x58, 0x40, 0xB0, 0xC0, 0xB0, 0xC0, 0x58, 0x40, 0x00, 0x00, 0x00, 0x00, 0x00, 0x00, 0x00, 0x00, 
0x00, 0x00, 0x4A, 0xA0, 0xFE, 0xCE, 0xD4, 0xE0, 0xD4, 0xE0, 0xD4, 0xE0, 0xD4, 0xE0, 0xFE, 0x47, 
0xFE, 0x47, 0xFE, 0x47, 0xD4, 0xE0, 0x4A, 0xA0, 0x4A, 0xA0, 0x4A, 0xA0, 0x4A, 0xA0, 0xB0, 0xC0, 
0xB0, 0xC0, 0xB0, 0xC0, 0xB0, 0xC0, 0xB0, 0xC0, 0xB0, 0xC0, 0x58, 0x40, 0x00, 0x00, 0x00, 0x00, 
0x58, 0x40, 0xB0, 0xC0, 0xB0, 0xC0, 0x58, 0x40, 0x00, 0x00, 0x00, 0x00, 0x00, 0x00, 0x00, 0x00, 
0x00, 0x00, 0x00, 0x00, 0x4A, 0xA0, 0xD4, 0xE0, 0xD4, 0xE0, 0xFE, 0x47, 0xFE, 0x47, 0xFE, 0x47, 
0xFE, 0x47, 0xD4, 0xE0, 0x8C, 0x20, 0x4A, 0xA0, 0x4A, 0xA0, 0x4A, 0xA0, 0xB0, 0xC0, 0xB0, 0xC0, 
0xB0, 0xC0, 0xB0, 0xC0, 0xB0, 0xC0, 0xB0, 0xC0, 0xB0, 0xC0, 0x58, 0x40, 0x58, 0x40, 0x58, 0x40, 
0x58, 0x40, 0xB0, 0xC0, 0xB0, 0xC0, 0x58, 0x40, 0x00, 0x00, 0x00, 0x00, 0x00, 0x00, 0x00, 0x00, 
0x00, 0x00, 0x00, 0x00, 0x4A, 0xA0, 0xD4, 0xE0, 0xFE, 0x47, 0xFE, 0x47, 0xFE, 0x47, 0xFE, 0x47, 
0xD4, 0xE0, 0xD4, 0xE0, 0x8C, 0x20, 0x4A, 0xA0, 0x4A, 0xA0, 0x4A, 0xA0, 0xB0, 0xC0, 0xB0, 0xC0, 
0xB0, 0xC0, 0xB0, 0xC0, 0xB0, 0xC0, 0xB0, 0xC0, 0xB0, 0xC0, 0x58, 0x40, 0xB0, 0xC0, 0xB0, 0xC0, 
0xB0, 0xC0, 0xB0, 0xC0, 0xB0, 0xC0, 0x58, 0x40, 0x00, 0x00, 0x00, 0x00, 0x00, 0x00, 0x00, 0x00, 
0x00, 0x00, 0x4A, 0xA0, 0xFE, 0x47, 0xFE, 0x47, 0xFE, 0x47, 0xFE, 0x47, 0xFE, 0x47, 0xFE, 0x47, 
0xD4, 0xE0, 0x8C, 0x20, 0x8C, 0x20, 0x4A, 0xA0, 0x4A, 0xA0, 0xB0, 0xC0, 0xB0, 0xC0, 0xB0, 0xC0, 
0xB0, 0xC0, 0xB0, 0xC0, 0xB0, 0xC0, 0xB0, 0xC0, 0xB0, 0xC0, 0x58, 0x40, 0xB0, 0xC0, 0xB0, 0xC0, 
0xFF, 0xFF, 0xEF, 0x5D, 0xB0, 0xC0, 0x58, 0x40, 0x00, 0x00, 0x00, 0x00, 0x00, 0x00, 0x00, 0x00, 
0x00, 0x00, 0x4A, 0xA0, 0xFE, 0x47, 0xFE, 0x47, 0xFE, 0xCE, 0xFE, 0x47, 0xFE, 0x47, 0xD4, 0xE0, 
0x8C, 0x20, 0x8C, 0x20, 0x8C, 0x20, 0x4A, 0xA0, 0x4A, 0xA0, 0xB0, 0xC0, 0xB0, 0xC0, 0xB0, 0xC0, 
0xB0, 0xC0, 0xB0, 0xC0, 0xB0, 0xC0, 0xB0, 0xC0, 0xB0, 0xC0, 0x58, 0x40, 0xB0, 0xC0, 0xB0, 0xC0, 
0xEF, 0x5D, 0xEF, 0x5D, 0xB0, 0xC0, 0x58, 0x40, 0x00, 0x00, 0x00, 0x00, 0x00, 0x00, 0x00, 0x00, 
0x00, 0x00, 0x4A, 0xA0, 0xFE, 0x47, 0xFE, 0xCE, 0xFE, 0xCE, 0xFE, 0x47, 0xFE, 0x47, 0xD4, 0xE0, 
0x8C, 0x20, 0x8C, 0x20, 0x8C, 0x20, 0x4A, 0xA0, 0xB0, 0xC0, 0xB0, 0xC0, 0xB0, 0xC0, 0xB0, 0xC0, 
0xB0, 0xC0, 0xB0, 0xC0, 0xB0, 0xC0, 0xB0, 0xC0, 0xB0, 0xC0, 0x58, 0x40, 0xB0, 0xC0, 0xB0, 0xC0, 
0xB0, 0xC0, 0xB0, 0xC0, 0xB0, 0xC0, 0xB0, 0xC0, 0x6A, 0x65, 0x6A, 0x65, 0x00, 0x00, 0x00, 0x00, 
0x00, 0x00, 0x4A, 0xA0, 0xFE, 0xCE, 0xFE, 0xCE, 0xFE, 0xCE, 0xFE, 0x47, 0xD4, 0xE0, 0xD4, 0xE0, 
0x8C, 0x20, 0x8C, 0x20, 0x8C, 0x20, 0x4A, 0xA0, 0xB0, 0xC0, 0xE1, 0x20, 0xE1, 0x20, 0xE1, 0x20, 
0xB0, 0xC0, 0xB0, 0xC0, 0xB0, 0xC0, 0xB0, 0xC0, 0xB0, 0xC0, 0x58, 0x40, 0xB0, 0xC0, 0xB0, 0xC0, 
0xB0, 0xC0, 0xB0, 0xC0, 0xB0, 0xC0, 0xB0, 0xC0, 0x6A, 0x65, 0x6A, 0x65, 0x00, 0x00, 0x00, 0x00, 
0x00, 0x00, 0x4A, 0xA0, 0xFE, 0xCE, 0xFE, 0xCE, 0xFE, 0xCE, 0xFE, 0x47, 0xD4, 0xE0, 0xD4, 0xE0, 
0xD4, 0xE0, 0x8C, 0x20, 0x8C, 0x20, 0x4A, 0xA0, 0xE1, 0x20, 0xE1, 0x20, 0xE1, 0x20, 0xE1, 0x20, 
0xE1, 0x20, 0xE1, 0x20, 0xE1, 0x20, 0xB0, 0xC0, 0xB0, 0xC0, 0xB0, 0xC0, 0x58, 0x40, 0xB0, 0xC0, 
0xB0, 0xC0, 0xB0, 0xC0, 0xB0, 0xC0, 0xB0, 0xC0, 0x6A, 0x65, 0x6A, 0x65, 0x00, 0x00, 0x00, 0x00, 
0x00, 0x00, 0x4A, 0xA0, 0xFE, 0xCE, 0xFE, 0xCE, 0xFE, 0x47, 0xD4, 0xE0, 0xFE, 0x47, 0xD4, 0xE0, 
0xD4, 0xE0, 0xD4, 0xE0, 0xD4, 0xE0, 0x4A, 0xA0, 0xE1, 0x20, 0xE1, 0x20, 0xE1, 0x20, 0xE1, 0x20, 
0xE1, 0x20, 0xE1, 0x20, 0xE1, 0x20, 0xE1, 0x20, 0xB0, 0xC0, 0xB0, 0xC0, 0x58, 0x40, 0xB0, 0xC0, 
0xB0, 0xC0, 0xB0, 0xC0, 0xB0, 0xC0, 0xB0, 0xC0, 0x6A, 0x65, 0x8B, 0x69, 0x00, 0x00, 0x00, 0x00, 
0x00, 0x00, 0x4A, 0xA0, 0xFE, 0x47, 0xFE, 0x47, 0xD4, 0xE0, 0xD4, 0xE0, 0xFE, 0x47, 0xFE, 0x47, 
0xFE, 0x47, 0xD4, 0xE0, 0xD4, 0xE0, 0x4A, 0xA0, 0xE1, 0x20, 0xE1, 0x20, 0xE1, 0x20, 0xE1, 0x20, 
0xE1, 0x20, 0xE1, 0x20, 0xFF, 0xFF, 0xEF, 0x5D, 0xE1, 0x20, 0xE1, 0x20, 0x58, 0x40, 0xB0, 0xC0, 
0xB0, 0xC0, 0xB0, 0xC0, 0x42, 0x28, 0x42, 0x28, 0x8B, 0x69, 0x8B, 0x69, 0x00, 0x00, 0x00, 0x00, 
0x00, 0x00, 0x4A, 0xA0, 0xD4, 0xE0, 0xD4, 0xE0, 0xD4, 0xE0, 0xFE, 0x47, 0xFE, 0x47, 0xFE, 0x47, 
0xFE, 0x47, 0xFE, 0x47, 0xD4, 0xE0, 0x4A, 0xA0, 0xE1, 0x20, 0xE1, 0x20, 0xE1, 0x20, 0xE1, 0x20, 
0xE1, 0x20, 0xE1, 0x20, 0xEF, 0x5D, 0xEF, 0x5D, 0xE1, 0x20, 0xE1, 0x20, 0x58, 0x40, 0xB0, 0xC0, 
0xB0, 0xC0, 0xB0, 0xC0, 0x63, 0x0C, 0x63, 0x0C, 0x8B, 0x69, 0x8B, 0x69, 0x00, 0x00, 0x00, 0x00, 
0x00, 0x00, 0x4A, 0xA0, 0xD4, 0xE0, 0xD4, 0xE0, 0xFE, 0x47, 0xFE, 0x47, 0xFE, 0x47, 0xFE, 0x47, 
0xFE, 0x47, 0xFE, 0x47, 0xD4, 0xE0, 0x4A, 0xA0, 0xE1, 0x20, 0xE1, 0x20, 0xE1, 0x20, 0xE1, 0x20, 
0xE1, 0x20, 0xE1, 0x20, 0xE1, 0x20, 0xE1, 0x20, 0xE1, 0x20, 0xE1, 0x20, 0x58, 0x40, 0xB0, 0xC0, 
0xB0, 0xC0, 0xB0, 0xC0, 0x63, 0x0C, 0x63, 0x0C, 0x8B, 0x69, 0x8B, 0x69, 0x00, 0x00, 0x00, 0x00, 
0x00, 0x00, 0x4A, 0xA0, 0xD4, 0xE0, 0xD4, 0xE0, 0xFE, 0xCE, 0xFE, 0xCE, 0xFE, 0x47, 0xFE, 0x47, 
0xFE, 0x47, 0xFE, 0x47, 0xD4, 0xE0, 0x4A, 0xA0, 0xE1, 0x20, 0xE1, 0x20, 0x75, 0xC8, 0x75, 0xC8, 
0x75, 0xC8, 0x75, 0xC8, 0xE1, 0x20, 0xE1, 0x20, 0xE1, 0x20, 0xE1, 0x20, 0x58, 0x40, 0xB0, 0xC0, 
0x63, 0x0C, 0x63, 0x0C, 0x63, 0x0C, 0x7B, 0xCF, 0x8B, 0x69, 0x8B, 0x69, 0x00, 0x00, 0x00, 0x00, 
0x00, 0x00, 0x00, 0x00, 0x4A, 0xA0, 0xD4, 0xE0, 0xFE, 0xCE, 0xFE, 0xCE, 0xFE, 0xCE, 0xFE, 0x47, 
0xFE, 0x47, 0xFE, 0x47, 0xD4, 0xE0, 0x4A, 0xA0, 0xE1, 0x20, 0xE1, 0x20, 0x75, 0xC8, 0xCF, 0x56, 
0xCF, 0x56, 0x75, 0xC8, 0xE1, 0x20, 0xE1, 0x20, 0xE1, 0x20, 0xE1, 0x20, 0x58, 0x40, 0xB0, 0xC0, 
0x63, 0x0C, 0x7B, 0xCF, 0x7B, 0xCF, 0x7B, 0xCF, 0x58, 0x40, 0x00, 0x00, 0x00, 0x00, 0x00, 0x00, 
0x00, 0x00, 0x00, 0x00, 0x00, 0x00, 0x4A, 0xA0, 0xFE, 0xCE, 0xFE, 0xCE, 0xFE, 0xCE, 0xFE, 0xCE, 
0xFE, 0x47, 0xFE, 0x47, 0xD4, 0xE0, 0x4A, 0xA0, 0xE1, 0x20, 0xE1, 0x20, 0xE1, 0x20, 0xE1, 0x20, 
0xE1, 0x20, 0xE1, 0x20, 0xE1, 0x20, 0xE1, 0x20, 0xE1, 0x20, 0xE1, 0x20, 0x58, 0x40, 0xB0, 0xC0, 
0x7B, 0xCF, 0x7B, 0xCF, 0x7B, 0xCF, 0x7B, 0xCF, 0x00, 0x00, 0x00, 0x00, 0x00, 0x00, 0x00, 0x00, 
0x00, 0x00, 0x00, 0x00, 0x00, 0x00, 0x4A, 0xA0, 0xFE, 0x47, 0xFE, 0xCE, 0xFE, 0xCE, 0xFE, 0xCE, 
0xFE, 0x47, 0xFE, 0x47, 0xD4, 0xE0, 0x4A, 0xA0, 0xFA, 0x02, 0xFA, 0x02, 0xFA, 0x02, 0xFA, 0x02, 
0xFA, 0x02, 0xFA, 0x02, 0xFA, 0x02, 0xEF, 0x5D, 0xE1, 0x20, 0xE1, 0x20, 0x58, 0x40, 0xE1, 0x20, 
0x94, 0x92, 0x94, 0x92, 0x94, 0x92, 0x00, 0x00, 0x00, 0x00, 0x00, 0x00, 0x00, 0x00, 0x00, 0x00, 
0x00, 0x00, 0x00, 0x00, 0x00, 0x00, 0x4A, 0xA0, 0xFE, 0x47, 0xFE, 0xCE, 0xFE, 0xCE, 0xFE, 0xCE, 
0xFE, 0x47, 0xFE, 0x47, 0xD4, 0xE0, 0x4A, 0xA0, 0xFA, 0x02, 0xFA, 0x02, 0xFA, 0x02, 0xFA, 0x02, 
0xFA, 0x02, 0xFA, 0x02, 0xFA, 0x02, 0xEF, 0x5D, 0xE1, 0x20, 0xE1, 0x20, 0x58, 0x40, 0x00, 0x00, 
0x00, 0x00, 0x00, 0x00, 0x00, 0x00, 0x00, 0x00, 0x00, 0x00, 0x00, 0x00, 0x00, 0x00, 0x00, 0x00, 
0x00, 0x00, 0x00, 0x00, 0x00, 0x00, 0x00, 0x00, 0x4A, 0xA0, 0xFE, 0x47, 0xFE, 0xCE, 0xFE, 0xCE, 
0xFE, 0x47, 0xFE, 0x47, 0xD4, 0xE0, 0x4A, 0xA0, 0xFB, 0x0A, 0xFB, 0x0A, 0xFB, 0x0A, 0xFB, 0x0A, 
0xFB, 0x0A, 0xFB, 0x0A, 0xFB, 0x0A, 0xEF, 0x5D, 0xE1, 0x20, 0xE1, 0x20, 0x00, 0x00, 0x00, 0x00, 
0x00, 0x00, 0x00, 0x00, 0x00, 0x00, 0x00, 0x00, 0x00, 0x00, 0x00, 0x00, 0x00, 0x00, 0x00, 0x00, 
0x00, 0x00, 0x00, 0x00, 0x00, 0x00, 0x00, 0x00, 0x00, 0x00, 0x4A, 0xA0, 0x4A, 0xA0, 0xFE, 0x47, 
0xFE, 0x47, 0xFE, 0x47, 0xD4, 0xE0, 0x4A, 0xA0, 0xFB, 0x0A, 0xFB, 0x0A, 0xFB, 0x0A, 0xFB, 0x0A, 
0xFB, 0x0A, 0xFB, 0x0A, 0xFB, 0x0A, 0xEF, 0x5D, 0xFB, 0x0A, 0x00, 0x00, 0x00, 0x00, 0x00, 0x00, 
0x00, 0x00, 0x00, 0x00, 0x00, 0x00, 0x00, 0x00, 0x00, 0x00, 0x00, 0x00, 0x00, 0x00, 0x00, 0x00, 
0x00, 0x00, 0x00, 0x00, 0x00, 0x00, 0x00, 0x00, 0x00, 0x00, 0x00, 0x00, 0x00, 0x00, 0x4A, 0xA0, 
0x4A, 0xA0, 0xFE, 0x47, 0xD4, 0xE0, 0x4A, 0xA0, 0xE1, 0x20, 0xE1, 0x20, 0xE1, 0x20, 0xE1, 0x20, 
0xE1, 0x20, 0xE1, 0x20, 0xE1, 0x20, 0xEF, 0x5D, 0x00, 0x00, 0x00, 0x00, 0x00, 0x00, 0x00, 0x00, 
0x00, 0x00, 0x00, 0x00, 0x00, 0x00, 0x00, 0x00, 0x00, 0x00, 0x00, 0x00, 0x00, 0x00, 0x00, 0x00, 
0x00, 0x00, 0x00, 0x00, 0x00, 0x00, 0x00, 0x00, 0x00, 0x00, 0x00, 0x00, 0x00, 0x00, 0x00, 0x00, 
0x00, 0x00, 0x4A, 0xA0, 0x4A, 0xA0, 0x4A, 0xA0, 0x00, 0x00, 0x00, 0x00, 0x00, 0x00, 0x00, 0x00, 
0x00, 0x00, 0x00, 0x00, 0x00, 0x00, 0x00, 0x00, 0x00, 0x00, 0x00, 0x00, 0x00, 0x00, 0x00, 0x00, 
0x00, 0x00, 0x00, 0x00, 0x00, 0x00, 0x00, 0x00, 0x00, 0x00, 0x00, 0x00, 0x00, 0x00, 0x00, 0x00, 
0x00, 0x00, 0x00, 0x00, 0x00, 0x00, 0x00, 0x00, 0x00, 0x00, 0x00, 0x00, 0x00, 0x00, 0x00, 0x00, 
0x00, 0x00, 0x00, 0x00, 0x00, 0x00, 0x00, 0x00, 0x00, 0x00, 0x00, 0x00, 0x00, 0x00, 0x00, 0x00, 
0x00, 0x00, 0x00, 0x00, 0x00, 0x00, 0x00, 0x00, 0x00, 0x00, 0x00, 0x00, 0x00, 0x00, 0x00, 0x00, 
0x00, 0x00, 0x00, 0x00, 0x00, 0x00, 0x00, 0x00, 0x00, 0x00, 0x00, 0x00, 0x00, 0x00, 0x00, 0x00, 
0x00, 0x00, 0x00, 0x00, 0x00, 0x00, 0x00, 0x00, 0x00, 0x00, 0x00, 0x00, 0x00, 0x00, 0x00, 0x00, 
0x00, 0x00, 0x00, 0x00, 0x00, 0x00, 0x00, 0x00, 0x00, 0x00, 0x00, 0x00, 0x00, 0x00, 0x00, 0x00, 
0x00, 0x00, 0x00, 0x00, 0x00, 0x00, 0x00, 0x00, 0x00, 0x00, 0x00, 0x00, 0x00, 0x00, 0x00, 0x00, 
0x00, 0x00, 0x00, 0x00, 0x00, 0x00, 0x00, 0x00, 0x00, 0x00, 0x00, 0x00, 0x00, 0x00, 0x00, 0x00, 
0x00, 0x00, 0x00, 0x00, 0x00, 0x00, 0x00, 0x00, 0x00, 0x00, 0x00, 0x00, 0x00, 0x00, 0x00, 0x00, 
0x00, 0x00, 0x00, 0x00, 0x00, 0x00, 0x00, 0x00, 0x00, 0x00, 0x00, 0x00, 0x00, 0x00, 0x00, 0x00, 
0x00, 0x00, 0x00, 0x00, 0x00, 0x00, 0x00, 0x00, 0x00, 0x00, 0x00, 0x00, 0x00, 0x00, 0x00, 0x00, 
0x00, 0x00, 0x00, 0x00, 0x00, 0x00, 0x00, 0x00, 0x00, 0x00, 0x00, 0x00, 0x00, 0x00, 0x00, 0x00, 
0x00, 0x00, 0x00, 0x00, 0x00, 0x00, 0x00, 0x00, 0x00, 0x00, 0x00, 0x00, 0x00, 0x00, 0x00, 0x00, 
0x00, 0x00, 0x00, 0x00, 0x00, 0x00, 0x00, 0x00, 0x00, 0x00, 0x00, 0x00, 0x00, 0x00, 0x00, 0x00, 
0x00, 0x00, 0x00, 0x00, 0x00, 0x00, 0x00, 0x00, 0x00, 0x00, 0x00, 0x00, 0x00, 0x00, 0x00, 0x00, 
0x00, 0x00, 0x00, 0x00, 0x00, 0x00, 0x00, 0x00, 0x00, 0x00, 0x00, 0x00, 0x00, 0x00, 0x00, 0x00
}
,
{
0x00, 0x00, 0x00, 0x00, 0x00, 0x00, 0x00, 0x00, 0x00, 0x00, 0x00, 0x00, 0x00, 0x00, 0x00, 0x00, 
0x00, 0x00, 0x00, 0x00, 0x00, 0x00, 0x00, 0x00, 0x00, 0x00, 0x00, 0x00, 0x00, 0x00, 0x00, 0x00, 
0x00, 0x00, 0x00, 0x00, 0x00, 0x00, 0x00, 0x00, 0x00, 0x00, 0x00, 0x00, 0x00, 0x00, 0x58, 0x40, 
0x58, 0x40, 0x58, 0x40, 0x00, 0x00, 0x00, 0x00, 0x00, 0x00, 0x00, 0x00, 0x00, 0x00, 0x00, 0x00, 
0x00, 0x00, 0x00, 0x00, 0x00, 0x00, 0x4A, 0xA0, 0x4A, 0xA0, 0x4A, 0xA0, 0x4A, 0xA0, 0x00, 0x00, 
0x00, 0x00, 0x00, 0x00, 0x4A, 0xA0, 0x4A, 0xA0, 0x4A, 0xA0, 0x4A, 0xA0, 0x00, 0x00, 0x00, 0x00, 
0x00, 0x00, 0x00, 0x00, 0x00, 0x00, 0x00, 0x00, 0x00, 0x00, 0x00, 0x00, 0x00, 0x00, 0x58, 0x40, 
0xB0, 0xC0, 0xB0, 0xC0, 0x58, 0x40, 0x00, 0x00, 0x00, 0x00, 0x00, 0x00, 0x00, 0x00, 0x00, 0x00, 
0x00, 0x00, 0x00, 0x00, 0x4A, 0xA0, 0xD4, 0xE0, 0xD4, 0xE0, 0xD4, 0xE0, 0x8C, 0x20, 0x4A, 0xA0, 
0x4A, 0xA0, 0x4A, 0xA0, 0x8C, 0x20, 0xFE, 0x47, 0xFE, 0x47, 0xD4, 0xE0, 0x4A, 0xA0, 0x4A, 0xA0, 
0x00, 0x00, 0x00, 0x00, 0x00, 0x00, 0x00, 0x00, 0x00, 0x00, 0x00, 0x00, 0x00, 0x00, 0x00, 0x00, 
0x58, 0x40, 0xB0, 0xC0, 0xB0, 0xC0, 0x58, 0x40, 0x00, 0x00, 0x00, 0x00, 0x00, 0x00, 0x00, 0x00, 
0x00, 0x00, 0x4A, 0xA0, 0xD4, 0xE0, 0xD4, 0xE0, 0xD4, 0xE0, 0xD4, 0xE0, 0x8C, 0x20, 0x8C, 0x20, 
0x8C, 0x20, 0x8C, 0x20, 0xD4, 0xE0, 0xFE, 0x47, 0xFE, 0x47, 0xD4, 0xE0, 0x4A, 0xA0, 0x4A, 0xA0, 
0x4A, 0xA0, 0x00, 0x00, 0x00, 0x00, 0x00, 0x00, 0x00, 0x00, 0x00, 0x00, 0x00, 0x00, 0x00, 0x00, 
0x58, 0x40, 0xB0, 0xC0, 0xB0, 0xC0, 0x58, 0x40, 0x00, 0x00, 0x00, 0x00, 0x00, 0x00, 0x00, 0x00, 
0x00, 0x00, 0x4A, 0xA0, 0xFE, 0x47, 0xFE, 0x47, 0xD4, 0xE0, 0xD4, 0xE0, 0x8C, 0x20, 0x8C, 0x20, 
0x8C, 0x20, 0xD4, 0xE0, 0xD4, 0xE0, 0xFE, 0x47, 0xD4, 0xE0, 0xD4, 0xE0, 0x4A, 0xA0, 0x4A, 0xA0, 
0x4A, 0xA0, 0x58, 0x40, 0x58, 0x40, 0x58, 0x40, 0x00, 0x00, 0x00, 0x00, 0x00, 0x00, 0x00, 0x00, 
0x58, 0x40, 0xB0, 0xC0, 0xB0, 0xC0, 0x58, 0x40, 0x00, 0x00, 0x00, 0x00, 0x00, 0x00, 0x00, 0x00, 
0x00, 0x00, 0x00, 0x00, 0x4A, 0xA0, 0xFE, 0xCE, 0xFE, 0x47, 0xD4, 0xE0, 0x8C, 0x20, 0x8C, 0x20, 
0xD4, 0xE0, 0xD4, 0xE0, 0xFE, 0x47, 0xFE, 0x47, 0xD4, 0xE0, 0x4A, 0xA0, 0x4A, 0xA0, 0x4A, 0xA0, 
0x4A, 0xA0, 0xB0, 0xC0, 0xB0, 0xC0, 0xB0, 0xC0, 0x58, 0x40, 0x00, 0x00, 0x00, 0x00, 0x00, 0x00, 
0x00, 0x00, 0x58, 0x40, 0xB0, 0xC0, 0x58, 0x40, 0x00, 0x00, 0x00, 0x00, 0x00, 0x00, 0x00, 0x00, 
0x00, 0x00, 0x00, 0x00, 0x4A, 0xA0, 0xFE, 0xCE, 0xFE, 0x47, 0xD4, 0xE0, 0xD4, 0xE0, 0xD4, 0xE0, 
0xD4, 0xE0, 0xFE, 0x47, 0xFE, 0x47, 0xD4, 0xE0, 0xD4, 0xE0, 0x4A, 0xA0, 0x4A, 0xA0, 0x4A, 0xA0, 
0x4A, 0xA0, 0xB0, 0xC0, 0xB0, 0xC0, 0xB0, 0xC0, 0xB0, 0xC0, 0x58, 0x40, 0x00, 0x00, 0x00, 0x00, 
0x00, 0x00, 0x58, 0x40, 0xB0, 0xC0, 0xB0, 0xC0, 0x58, 0x40, 0x00, 0x00, 0x00, 0x00, 0x00, 0x00, 
0x00, 0x00, 0x00, 0x00, 0x4A, 0xA0, 0xFE, 0xCE, 0xD4, 0xE0, 0xD4, 0xE0, 0xD4, 0xE0, 0xD4, 0xE0, 
0xFE, 0x47, 0xFE, 0x47, 0xFE, 0x47, 0xD4, 0xE0, 0x4A, 0xA0, 0x4A, 0xA0, 0x4A, 0xA0, 0x4A, 0xA0, 
0xB0, 0xC0, 0xB0, 0xC0, 0xB0, 0xC0, 0xB0, 0xC0, 0xB0, 0xC0, 0xB0, 0xC0, 0x58, 0x40, 0x00, 0x00, 
0x00, 0x00, 0x58, 0x40, 0xB0, 0xC0, 0xB0, 0xC0, 0x58, 0x40, 0x00, 0x00, 0x00, 0x00, 0x00, 0x00, 
0x00, 0x00, 0x00, 0x00, 0x00, 0x00, 0x4A, 0xA0, 0xD4, 0xE0, 0xD4, 0xE0, 0xFE, 0x47, 0xFE, 0x47, 
0xFE, 0x47, 0xFE, 0x47, 0xD4, 0xE0, 0x8C, 0x20, 0x4A, 0xA0, 0x4A, 0xA0, 0x4A, 0xA0, 0xB0, 0xC0, 
0xB0, 0xC0, 0xB0, 0xC0, 0xB0, 0xC0, 0xB0, 0xC0, 0xB0, 0xC0, 0xB0, 0xC0, 0x58, 0x40, 0x58, 0x40, 
0x58, 0x40, 0x58, 0x40, 0xB0, 0xC0, 0xB0, 0xC0, 0x58, 0x40, 0x00, 0x00, 0x00, 0x00, 0x00, 0x00, 
0x00, 0x00, 0x00, 0x00, 0x00, 0x00, 0x4A, 0xA0, 0xD4, 0xE0, 0xFE, 0x47, 0xFE, 0x47, 0xFE, 0x47, 
0xFE, 0x47, 0xD4, 0xE0, 0xD4, 0xE0, 0x8C, 0x20, 0x4A, 0xA0, 0x4A, 0xA0, 0x4A, 0xA0, 0xB0, 0xC0, 
0xB0, 0xC0, 0xB0, 0xC0, 0xB0, 0xC0, 0xB0, 0xC0, 0xB0, 0xC0, 0xB0, 0xC0, 0x58, 0x40, 0xB0, 0xC0, 
0xB0, 0xC0, 0xB0, 0xC0, 0xB0, 0xC0, 0xB0, 0xC0, 0x58, 0x40, 0x6A, 0x65, 0x00, 0x00, 0x00, 0x00, 
0x00, 0x00, 0x00, 0x00, 0x4A, 0xA0, 0xFE, 0x47, 0xFE, 0x47, 0xFE, 0x47, 0xFE, 0x47, 0xFE, 0x47, 
0xFE, 0x47, 0xD4, 0xE0, 0x8C, 0x20, 0x8C, 0x20, 0x4A, 0xA0, 0x4A, 0xA0, 0xB0, 0xC0, 0xB0, 0xC0, 
0xB0, 0xC0, 0xB0, 0xC0, 0xB0, 0xC0, 0xB0, 0xC0, 0xB0, 0xC0, 0xB0, 0xC0, 0x58, 0x40, 0xB0, 0xC0, 
0xB0, 0xC0, 0xB0, 0xC0, 0xB0, 0xC0, 0xB0, 0xC0, 0x58, 0x40, 0x6A, 0x65, 0x6A, 0x65, 0x00, 0x00, 
0x00, 0x00, 0x00, 0x00, 0x4A, 0xA0, 0xFE, 0x47, 0xFE, 0x47, 0xFE, 0xCE, 0xFE, 0x47, 0xFE, 0x47, 
0xD4, 0xE0, 0x8C, 0x20, 0x8C, 0x20, 0x8C, 0x20, 0x4A, 0xA0, 0x4A, 0xA0, 0xB0, 0xC0, 0xB0, 0xC0, 
0xB0, 0xC0, 0xB0, 0xC0, 0xB0, 0xC0, 0xB0, 0xC0, 0xB0, 0xC0, 0xB0, 0xC0, 0x58, 0x40, 0xB0, 0xC0, 
0xB0, 0xC0, 0xB0, 0xC0, 0xB0, 0xC0, 0xB0, 0xC0, 0x58, 0x40, 0x6A, 0x65, 0x6A, 0x65, 0x00, 0x00, 
0x00, 0x00, 0x00, 0x00, 0x4A, 0xA0, 0xFE, 0x47, 0xFE, 0xCE, 0xFE, 0xCE, 0xFE, 0x47, 0xFE, 0x47, 
0xD4, 0xE0, 0x8C, 0x20, 0x8C, 0x20, 0x8C, 0x20, 0x4A, 0xA0, 0xB0, 0xC0, 0xB0, 0xC0, 0xB0, 0xC0, 
0xB0, 0xC0, 0xB0, 0xC0, 0xB0, 0xC0, 0xB0, 0xC0, 0xB0, 0xC0, 0xB0, 0xC0, 0x58, 0x40, 0xB0, 0xC0, 
0xB0, 0xC0, 0xFF, 0xFF, 0xEF, 0x5D, 0xB0, 0xC0, 0xB0, 0xC0, 0x8B, 0x69, 0x8B, 0x69, 0x00, 0x00, 
0x00, 0x00, 0x00, 0x00, 0x4A, 0xA0, 0xFE, 0xCE, 0xFE, 0xCE, 0xFE, 0xCE, 0xFE, 0x47, 0xD4, 0xE0, 
0xD4, 0xE0, 0x8C, 0x20, 0x8C, 0x20, 0x8C, 0x20, 0x4A, 0xA0, 0xB0, 0xC0, 0xE1, 0x20, 0xE1, 0x20, 
0xE1, 0x20, 0xB0, 0xC0, 0xB0, 0xC0, 0xB0, 0xC0, 0xB0, 0xC0, 0xB0, 0xC0, 0x58, 0x40, 0xB0, 0xC0, 
0xB0, 0xC0, 0xEF, 0x5D, 0xEF, 0x5D, 0xB0, 0xC0, 0xB0, 0xC0, 0x58, 0x40, 0x00, 0x00, 0x00, 0x00, 
0x00, 0x00, 0x00, 0x00, 0x4A, 0xA0, 0xFE, 0xCE, 0xFE, 0xCE, 0xFE, 0xCE, 0xFE, 0x47, 0xD4, 0xE0, 
0xD4, 0xE0, 0xD4, 0xE0, 0x8C, 0x20, 0x8C, 0x20, 0x4A, 0xA0, 0xE1, 0x20, 0xE1, 0x20, 0xE1, 0x20, 
0xE1, 0x20, 0xE1, 0x20, 0xE1, 0x20, 0xE1, 0x20, 0xB0, 0xC0, 0xB0, 0xC0, 0xB0, 0xC0, 0x58, 0x40, 
0xB0, 0xC0, 0xB0, 0xC0, 0xB0, 0xC0, 0xB0, 0xC0, 0xB0, 0xC0, 0x58, 0x40, 0x00, 0x00, 0x00, 0x00, 
0x00, 0x00, 0x00, 0x00, 0x4A, 0xA0, 0xFE, 0xCE, 0xFE, 0xCE, 0xFE, 0x47, 0xD4, 0xE0, 0xFE, 0x47, 
0xD4, 0xE0, 0xD4, 0xE0, 0xD4, 0xE0, 0xD4, 0xE0, 0x4A, 0xA0, 0xE1, 0x20, 0xE1, 0x20, 0xE1, 0x20, 
0xE1, 0x20, 0xE1, 0x20, 0xE1, 0x20, 0xE1, 0x20, 0xE1, 0x20, 0xB0, 0xC0, 0xB0, 0xC0, 0x58, 0x40, 
0xB0, 0xC0, 0xB0, 0xC0, 0xB0, 0xC0, 0xB0, 0xC0, 0xB0, 0xC0, 0x58, 0x40, 0x00, 0x00, 0x00, 0x00, 
0x00, 0x00, 0x00, 0x00, 0x4A, 0xA0, 0xFE, 0x47, 0xFE, 0x47, 0xD4, 0xE0, 0xD4, 0xE0, 0xFE, 0x47, 
0xFE, 0x47, 0xFE, 0x47, 0xD4, 0xE0, 0xD4, 0xE0, 0x4A, 0xA0, 0xE1, 0x20, 0xE1, 0x20, 0xE1, 0x20, 
0xE1, 0x20, 0xE1, 0x20, 0xE1, 0x20, 0xFF, 0xFF, 0xEF, 0x5D, 0xE1, 0x20, 0xE1, 0x20, 0x58, 0x40, 
0xB0, 0xC0, 0xB0, 0xC0, 0xB0, 0xC0, 0x42, 0x28, 0x42, 0x28, 0x6A, 0x65, 0x6A, 0x65, 0x00, 0x00, 
0x00, 0x00, 0x00, 0x00, 0x4A, 0xA0, 0xD4, 0xE0, 0xD4, 0xE0, 0xD4, 0xE0, 0xFE, 0x47, 0xFE, 0x47, 
0xFE, 0x47, 0xFE, 0x47, 0xFE, 0x47, 0xD4, 0xE0, 0x4A, 0xA0, 0xE1, 0x20, 0xE1, 0x20, 0xE1, 0x20, 
0xE1, 0x20, 0xE1, 0x20, 0xE1, 0x20, 0xEF, 0x5D, 0xEF, 0x5D, 0xE1, 0x20, 0xE1, 0x20, 0x58, 0x40, 
0xB0, 0xC0, 0xB0, 0xC0, 0xB0, 0xC0, 0x63, 0x0C, 0x63, 0x0C, 0x6A, 0x65, 0x6A, 0x65, 0x00, 0x00, 
0x00, 0x00, 0x00, 0x00, 0x4A, 0xA0, 0xD4, 0xE0, 0xD4, 0xE0, 0xFE, 0x47, 0xFE, 0x47, 0xFE, 0x47, 
0xFE, 0x47, 0xFE, 0x47, 0xFE, 0x47, 0xD4, 0xE0, 0x4A, 0xA0, 0xE1, 0x20, 0xE1, 0x20, 0xE1, 0x20, 
0xE1, 0x20, 0xE1, 0x20, 0xE1, 0x20, 0xE1, 0x20, 0xE1, 0x20, 0xE1, 0x20, 0xE1, 0x20, 0x58, 0x40, 
0xB0, 0xC0, 0xB0, 0xC0, 0xB0, 0xC0, 0x63, 0x0C, 0x63, 0x0C, 0x6A, 0x65, 0x6A, 0x65, 0x00, 0x00, 
0x00, 0x00, 0x00, 0x00, 0x4A, 0xA0, 0xD4, 0xE0, 0xD4, 0xE0, 0xFE, 0xCE, 0xFE, 0xCE, 0xFE, 0x47, 
0xFE, 0x47, 0xFE, 0x47, 0xFE, 0x47, 0xD4, 0xE0, 0x4A, 0xA0, 0xE1, 0x20, 0xE1, 0x20, 0x75, 0xC8, 
0x75, 0xC8, 0x75, 0xC8, 0x75, 0xC8, 0xE1, 0x20, 0xE1, 0x20, 0xE1, 0x20, 0xE1, 0x20, 0x58, 0x40, 
0xB0, 0xC0, 0x63, 0x0C, 0x63, 0x0C, 0x63, 0x0C, 0x63, 0x0C, 0x8B, 0x69, 0x8B, 0x69, 0x00, 0x00, 
0x00, 0x00, 0x00, 0x00, 0x00, 0x00, 0x4A, 0xA0, 0xD4, 0xE0, 0xFE, 0xCE, 0xFE, 0xCE, 0xFE, 0xCE, 
0xFE, 0x47, 0xFE, 0x47, 0xFE, 0x47, 0xD4, 0xE0, 0x4A, 0xA0, 0xE1, 0x20, 0xE1, 0x20, 0x75, 0xC8, 
0xCF, 0x56, 0xCF, 0x56, 0x75, 0xC8, 0xE1, 0x20, 0xE1, 0x20, 0xE1, 0x20, 0xE1, 0x20, 0x58, 0x40, 
0xB0, 0xC0, 0x63, 0x0C, 0x63, 0x0C, 0x7B, 0xCF, 0x7B, 0xCF, 0x8B, 0x69, 0x8B, 0x69, 0x00, 0x00, 
0x00, 0x00, 0x00, 0x00, 0x00, 0x00, 0x00, 0x00, 0x4A, 0xA0, 0xFE, 0xCE, 0xFE, 0xCE, 0xFE, 0xCE, 
0xFE, 0xCE, 0xFE, 0x47, 0xFE, 0x47, 0xD4, 0xE0, 0x4A, 0xA0, 0xE1, 0x20, 0xE1, 0x20, 0xE1, 0x20, 
0xE1, 0x20, 0xE1, 0x20, 0xE1, 0x20, 0xE1, 0x20, 0xE1, 0x20, 0xE1, 0x20, 0xE1, 0x20, 0x58, 0x40, 
0xB0, 0xC0, 0x7B, 0xCF, 0x7B, 0xCF, 0x7B, 0xCF, 0x7B, 0xCF, 0x8B, 0x69, 0x8B, 0x69, 0x00, 0x00, 
0x00, 0x00, 0x00, 0x00, 0x00, 0x00, 0x00, 0x00, 0x4A, 0xA0, 0xFE, 0x47, 0xFE, 0xCE, 0xFE, 0xCE, 
0xFE, 0xCE, 0xFE, 0x47, 0xFE, 0x47, 0xD4, 0xE0, 0x4A, 0xA0, 0xFA, 0x02, 0xFA, 0x02, 0xFA, 0x02, 
0xFA, 0x02, 0xFA, 0x02, 0xFA, 0x02, 0xFA, 0x02, 0xEF, 0x5D, 0xE1, 0x20, 0xE1, 0x20, 0x58, 0x40, 
0xE1, 0x20, 0x94, 0x92, 0x94, 0x92, 0x94, 0x92, 0x00, 0x00, 0x8B, 0x69, 0x8B, 0x69, 0x00, 0x00, 
0x00, 0x00, 0x00, 0x00, 0x00, 0x00, 0x00, 0x00, 0x4A, 0xA0, 0xFE, 0x47, 0xFE, 0xCE, 0xFE, 0xCE, 
0xFE, 0xCE, 0xFE, 0x47, 0xFE, 0x47, 0xD4, 0xE0, 0x4A, 0xA0, 0xFA, 0x02, 0xFA, 0x02, 0xFA, 0x02, 
0xFA, 0x02, 0xFA, 0x02, 0xFA, 0x02, 0xFA, 0x02, 0xEF, 0x5D, 0xE1, 0x20, 0xE1, 0x20, 0x58, 0x40, 
0x00, 0x00, 0x00, 0x00, 0x00, 0x00, 0x00, 0x00, 0x00, 0x00, 0x00, 0x00, 0x00, 0x00, 0x00, 0x00, 
0x00, 0x00, 0x00, 0x00, 0x00, 0x00, 0x00, 0x00, 0x00, 0x00, 0x4A, 0xA0, 0xFE, 0x47, 0xFE, 0xCE, 
0xFE, 0xCE, 0xFE, 0x47, 0xFE, 0x47, 0xD4, 0xE0, 0x4A, 0xA0, 0xFB, 0x0A, 0xFB, 0x0A, 0xFB, 0x0A, 
0xFB, 0x0A, 0xFB, 0x0A, 0xFB, 0x0A, 0xFB, 0x0A, 0xEF, 0x5D, 0xE1, 0x20, 0xE1, 0x20, 0x00, 0x00, 
0x00, 0x00, 0x00, 0x00, 0x00, 0x00, 0x00, 0x00, 0x00, 0x00, 0x00, 0x00, 0x00, 0x00, 0x00, 0x00, 
0x00, 0x00, 0x00, 0x00, 0x00, 0x00, 0x00, 0x00, 0x00, 0x00, 0x00, 0x00, 0x4A, 0xA0, 0x4A, 0xA0, 
0xFE, 0x47, 0xFE, 0x47, 0xFE, 0x47, 0xD4, 0xE0, 0x4A, 0xA0, 0xFB, 0x0A, 0xFB, 0x0A, 0xFB, 0x0A, 
0xFB, 0x0A, 0xFB, 0x0A, 0xFB, 0x0A, 0xFB, 0x0A, 0xEF, 0x5D, 0xFB, 0x0A, 0x00, 0x00, 0x00, 0x00, 
0x00, 0x00, 0x00, 0x00, 0x00, 0x00, 0x00, 0x00, 0x00, 0x00, 0x00, 0x00, 0x00, 0x00, 0x00, 0x00, 
0x00, 0x00, 0x00, 0x00, 0x00, 0x00, 0x00, 0x00, 0x00, 0x00, 0x00, 0x00, 0x00, 0x00, 0x00, 0x00, 
0x4A, 0xA0, 0x4A, 0xA0, 0xFE, 0x47, 0xD4, 0xE0, 0x4A, 0xA0, 0xE1, 0x20, 0xE1, 0x20, 0xE1, 0x20, 
0xE1, 0x20, 0xE1, 0x20, 0xE1, 0x20, 0xE1, 0x20, 0xEF, 0x5D, 0x00, 0x00, 0x00, 0x00, 0x00, 0x00, 
0x00, 0x00, 0x00, 0x00, 0x00, 0x00, 0x00, 0x00, 0x00, 0x00, 0x00, 0x00, 0x00, 0x00, 0x00, 0x00, 
0x00, 0x00, 0x00, 0x00, 0x00, 0x00, 0x00, 0x00, 0x00, 0x00, 0x00, 0x00, 0x00, 0x00, 0x00, 0x00, 
0x00, 0x00, 0x00, 0x00, 0x4A, 0xA0, 0x4A, 0xA0, 0x4A, 0xA0, 0x00, 0x00, 0x00, 0x00, 0x00, 0x00, 
0x00, 0x00, 0x00, 0x00, 0x00, 0x00, 0x00, 0x00, 0x00, 0x00, 0x00, 0x00, 0x00, 0x00, 0x00, 0x00, 
0x00, 0x00, 0x00, 0x00, 0x00, 0x00, 0x00, 0x00, 0x00, 0x00, 0x00, 0x00, 0x00, 0x00, 0x00, 0x00, 
0x00, 0x00, 0x00, 0x00, 0x00, 0x00, 0x00, 0x00, 0x00, 0x00, 0x00, 0x00, 0x00, 0x00, 0x00, 0x00, 
0x00, 0x00, 0x00, 0x00, 0x00, 0x00, 0x00, 0x00, 0x00, 0x00, 0x00, 0x00, 0x00, 0x00, 0x00, 0x00, 
0x00, 0x00, 0x00, 0x00, 0x00, 0x00, 0x00, 0x00, 0x00, 0x00, 0x00, 0x00, 0x00, 0x00, 0x00, 0x00, 
0x00, 0x00, 0x00, 0x00, 0x00, 0x00, 0x00, 0x00, 0x00, 0x00, 0x00, 0x00, 0x00, 0x00, 0x00, 0x00, 
0x00, 0x00, 0x00, 0x00, 0x00, 0x00, 0x00, 0x00, 0x00, 0x00, 0x00, 0x00, 0x00, 0x00, 0x00, 0x00, 
0x00, 0x00, 0x00, 0x00, 0x00, 0x00, 0x00, 0x00, 0x00, 0x00, 0x00, 0x00, 0x00, 0x00, 0x00, 0x00, 
0x00, 0x00, 0x00, 0x00, 0x00, 0x00, 0x00, 0x00, 0x00, 0x00, 0x00, 0x00, 0x00, 0x00, 0x00, 0x00, 
0x00, 0x00, 0x00, 0x00, 0x00, 0x00, 0x00, 0x00, 0x00, 0x00, 0x00, 0x00, 0x00, 0x00, 0x00, 0x00, 
0x00, 0x00, 0x00, 0x00, 0x00, 0x00, 0x00, 0x00, 0x00, 0x00, 0x00, 0x00, 0x00, 0x00, 0x00, 0x00, 
0x00, 0x00, 0x00, 0x00, 0x00, 0x00, 0x00, 0x00, 0x00, 0x00, 0x00, 0x00, 0x00, 0x00, 0x00, 0x00, 
0x00, 0x00, 0x00, 0x00, 0x00, 0x00, 0x00, 0x00, 0x00, 0x00, 0x00, 0x00, 0x00, 0x00, 0x00, 0x00, 
0x00, 0x00, 0x00, 0x00, 0x00, 0x00, 0x00, 0x00, 0x00, 0x00, 0x00, 0x00, 0x00, 0x00, 0x00, 0x00, 
0x00, 0x00, 0x00, 0x00, 0x00, 0x00, 0x00, 0x00, 0x00, 0x00, 0x00, 0x00, 0x00, 0x00, 0x00, 0x00, 
0x00, 0x00, 0x00, 0x00, 0x00, 0x00, 0x00, 0x00, 0x00, 0x00, 0x00, 0x00, 0x00, 0x00, 0x00, 0x00, 
0x00, 0x00, 0x00, 0x00, 0x00, 0x00, 0x00, 0x00, 0x00, 0x00, 0x00, 0x00, 0x00, 0x00, 0x00, 0x00, 
0x00, 0x00, 0x00, 0x00, 0x00, 0x00, 0x00, 0x00, 0x00, 0x00, 0x00, 0x00, 0x00, 0x00, 0x00, 0x00
}
},
{
{
0x00, 0x00, 0x00, 0x00, 0x00, 0x00, 0x00, 0x00, 0x00, 0x00, 0x00, 0x00, 0x00, 0x00, 0x00, 0x00, 
0x00, 0x00, 0x00, 0x00, 0x00, 0x00, 0x00, 0x00, 0x00, 0x00, 0x00, 0x00, 0x00, 0x00, 0x00, 0x00, 
0x00, 0x00, 0x00, 0x00, 0x00, 0x00, 0x00, 0x00, 0x00, 0x00, 0x00, 0x00, 0x00, 0x00, 0x00, 0x00, 
0x00, 0x00, 0x00, 0x00, 0x00, 0x00, 0x00, 0x00, 0x00, 0x00, 0x00, 0x00, 0x00, 0x00, 0x00, 0x00, 
0x00, 0x00, 0x00, 0x00, 0x00, 0x00, 0x00, 0x00, 0x00, 0x00, 0x00, 0x00, 0x00, 0x00, 0x00, 0x00, 
0x00, 0x00, 0x00, 0x00, 0x00, 0x00, 0x00, 0x00, 0x00, 0x00, 0x00, 0x00, 0x00, 0x00, 0x00, 0x00, 
0x00, 0x00, 0x00, 0x00, 0x00, 0x00, 0x00, 0x00, 0x00, 0x00, 0x00, 0x00, 0x00, 0x00, 0x00, 0x00, 
0x00, 0x00, 0x00, 0x00, 0x00, 0x00, 0x00, 0x00, 0x58, 0x40, 0x00, 0x00, 0x00, 0x00, 0x00, 0x00, 
0x00, 0x00, 0x00, 0x00, 0x00, 0x00, 0x00, 0x00, 0x00, 0x00, 0x00, 0x00, 0x00, 0x00, 0x00, 0x00, 
0x00, 0x00, 0x4A, 0xA0, 0x4A, 0xA0, 0x4A, 0xA0, 0x4A, 0xA0, 0x00, 0x00, 0x00, 0x00, 0x00, 0x00, 
0x00, 0x00, 0x00, 0x00, 0x00, 0x00, 0x00, 0x00, 0x00, 0x00, 0x00, 0x00, 0x00, 0x00, 0x00, 0x00, 
0x00, 0x00, 0x00, 0x00, 0x00, 0x00, 0x58, 0x40, 0xB0, 0xC0, 0x58, 0x40, 0x00, 0x00, 0x00, 0x00, 
0x00, 0x00, 0x00, 0x00, 0x00, 0x00, 0x00, 0x00, 0x00, 0x00, 0x00, 0x00, 0x00, 0x00, 0x00, 0x00, 
0x4A, 0xA0, 0x8C, 0x20, 0xFE, 0x47, 0xD4, 0xE0, 0x8C, 0x20, 0x4A, 0xA0, 0x00, 0x00, 0x00, 0x00, 
0x00, 0x00, 0x00, 0x00, 0x00, 0x00, 0x00, 0x00, 0x00, 0x00, 0x00, 0x00, 0x00, 0x00, 0x00, 0x00, 
0x00, 0x00, 0x00, 0x00, 0x58, 0x40, 0xE1, 0x20, 0xB0, 0xC0, 0x58, 0x40, 0x00, 0x00, 0x00, 0x00, 
0x00, 0x00, 0x00, 0x00, 0x4A, 0xA0, 0x4A, 0xA0, 0x4A, 0xA0, 0x4A, 0xA0, 0x4A, 0xA0, 0x4A, 0xA0, 
0x8C, 0x20, 0xFE, 0xCE, 0xFE, 0x47, 0xD4, 0xE0, 0x8C, 0x20, 0x4A, 0xA0, 0x4A, 0xA0, 0x58, 0x40, 
0x58, 0x40, 0x58, 0x40, 0x58, 0x40, 0x00, 0x00, 0x00, 0x00, 0x00, 0x00, 0x00, 0x00, 0x58, 0x40, 
0x58, 0x40, 0x00, 0x00, 0x58, 0x40, 0xE1, 0x20, 0xE1, 0x20, 0x58, 0x40, 0x00, 0x00, 0x00, 0x00, 
0x00, 0x00, 0x4A, 0xA0, 0xFE, 0xCE, 0xFE, 0xCE, 0xFE, 0x47, 0xFE, 0x47, 0xD4, 0xE0, 0x8C, 0x20, 
0xFE, 0xCE, 0xFE, 0xCE, 0xFE, 0x47, 0xD4, 0xE0, 0x8C, 0x20, 0xFE, 0x47, 0x8C, 0x20, 0x4A, 0xA0, 
0xE1, 0x20, 0xE1, 0x20, 0xE1, 0x20, 0x58, 0x40, 0x00, 0x00, 0x00, 0x00, 0x58, 0x40, 0xE1, 0x20, 
0xE1, 0x20, 0x58, 0x40, 0x58, 0x40, 0xE1, 0x20, 0xE1, 0x20, 0x58, 0x40, 0x00, 0x00, 0x00, 0x00, 
0x4A, 0xA0, 0xFE, 0xCE, 0xFE, 0xCE, 0xFE, 0xCE, 0xFE, 0x47, 0xFE, 0x47, 0xD4, 0xE0, 0x8C, 0x20, 
0xFE, 0xCE, 0xFE, 0xCE, 0xFE, 0x47, 0xD4, 0xE0, 0x8C, 0x20, 0xFE, 0x47, 0x8C, 0x20, 0x8C, 0x20, 
0x4A, 0xA0, 0xE1, 0x20, 0xE1, 0x20, 0xE1, 0x20, 0x58, 0x40, 0x58, 0x40, 0xE1, 0x20, 0xFA, 0x02, 
0xFB, 0x0A, 0xFA, 0x02, 0x58, 0x40, 0xE1, 0x20, 0xE1, 0x20, 0x58, 0x40, 0x00, 0x00, 0x00, 0x00, 
0x4A, 0xA0, 0xFE, 0x47, 0xFE, 0xCE, 0xFE, 0xCE, 0xFE, 0x47, 0xFE, 0x47, 0x8C, 0x20, 0x8C, 0x20, 
0xFE, 0xCE, 0xFE, 0x47, 0xFE, 0x47, 0xD4, 0xE0, 0x8C, 0x20, 0xFE, 0x47, 0xD4, 0xE0, 0x8C, 0x20, 
0x4A, 0xA0, 0xFA, 0x02, 0xFA, 0x02, 0xE1, 0x20, 0xE1, 0x20, 0x58, 0x40, 0xFA, 0x02, 0xFB, 0x0A, 
0xFB, 0x0A, 0xFA, 0x02, 0x58, 0x40, 0xFA, 0x02, 0xE1, 0x20, 0x58, 0x40, 0x00, 0x00, 0x00, 0x00, 
0x00, 0x00, 0x4A, 0xA0, 0xFE, 0x47, 0xFE, 0x47, 0xFE, 0x47, 0xFE, 0x47, 0x8C, 0x20, 0xFE, 0xCE, 
0xFE, 0xCE, 0xFE, 0x47, 0xFE, 0x47, 0x8C, 0x20, 0x8C, 0x20, 0xFE, 0x47, 0xD4, 0xE0, 0x8C, 0x20, 
0x4A, 0xA0, 0xFB, 0x0A, 0xFA, 0x02, 0xFA, 0x02, 0xE1, 0x20, 0x58, 0x40, 0xFB, 0x0A, 0xFB, 0x0A, 
0xFB, 0x0A, 0xFA, 0x02, 0x58, 0x40, 0xFA, 0x02, 0xE1, 0x20, 0x58, 0x40, 0x00, 0x00, 0x00, 0x00, 
0x00, 0x00, 0x4A, 0xA0, 0xFE, 0x47, 0xFE, 0x47, 0xFE, 0x47, 0x8C, 0x20, 0x8C, 0x20, 0xFE, 0xCE, 
0xFE, 0xCE, 0xFE, 0x47, 0xFE, 0x47, 0x8C, 0x20, 0xFE, 0x47, 0xFE, 0x47, 0xD4, 0xE0, 0xD4, 0xE0, 
0x8C, 0x20, 0x4A, 0xA0, 0xFB, 0x0A, 0xFA, 0x02, 0xE1, 0x20, 0x58, 0x40, 0xFB, 0x0A, 0xFB, 0x0A, 
0xFB, 0x0A, 0x58, 0x40, 0xFB, 0x0A, 0xE1, 0x20, 0xE1, 0x20, 0x58, 0x40, 0x00, 0x00, 0x00, 0x00, 
0x00, 0x00, 0x4A, 0xA0, 0xFE, 0x47, 0xD4, 0xE0, 0xD4, 0xE0, 0x8C, 0x20, 0xFE, 0xCE, 0xFE, 0xCE, 
0xFE, 0x47, 0xFE, 0x47, 0xD4, 0xE0, 0x8C, 0x20, 0xFE, 0x47, 0xFE, 0x47, 0xD4, 0xE0, 0xD4, 0xE0, 
0x8C, 0x20, 0x4A, 0xA0, 0xFB, 0x0A, 0xFA, 0x02, 0xFA, 0x02, 0xE1, 0x20, 0x58, 0x40, 0xFB, 0x0A, 
0xFB, 0x0A, 0x58, 0x40, 0xE1, 0x20, 0xE1, 0x20, 0x58, 0x40, 0x6A, 0x65, 0x00, 0x00, 0x00, 0x00, 
0x00, 0x00, 0x4A, 0xA0, 0xD4, 0xE0, 0xD4, 0xE0, 0x8C, 0x20, 0x8C, 0x20, 0xFE, 0xCE, 0xFE, 0xCE, 
0xFE, 0x47, 0xFE, 0x47, 0xD4, 0xE0, 0x8C, 0x20, 0xFE, 0x47, 0xFE, 0x47, 0xD4, 0xE0, 0xD4, 0xE0, 
0x8C, 0x20, 0x4A, 0xA0, 0xFB, 0x0A, 0xFA, 0x02, 0xFA, 0x02, 0xE1, 0x20, 0x58, 0x40, 0xFB, 0x0A, 
0xFB, 0x0A, 0x58, 0x40, 0xE1, 0x20, 0xE1, 0x20, 0x58, 0x40, 0x6A, 0x65, 0x00, 0x00, 0x00, 0x00, 
0x00, 0x00, 0x00, 0x00, 0x4A, 0xA0, 0x8C, 0x20, 0x8C, 0x20, 0xFE, 0xCE, 0xFE, 0xCE, 0xFE, 0x47, 
0xFE, 0x47, 0xFE, 0x47, 0xD4, 0xE0, 0x8C, 0x20, 0xFE, 0x47, 0xFE, 0x47, 0xD4, 0xE0, 0xD4, 0xE0, 
0x8C, 0x20, 0x4A, 0xA0, 0xFB, 0x0A, 0xFA, 0x02, 0xFA, 0x02, 0xE1, 0x20, 0x58, 0x40, 0xFB, 0x0A, 
0xE1, 0x20, 0x58, 0x40, 0xE1, 0x20, 0xE1, 0x20, 0x58, 0x40, 0x6A, 0x65, 0x00, 0x00, 0x00, 0x00, 
0x00, 0x00, 0x00, 0x00, 0x4A, 0xA0, 0x8C, 0x20, 0xFE, 0xCE, 0xFE, 0xCE, 0xFE, 0x47, 0xFE, 0x47, 
0xFE, 0x47, 0xD4, 0xE0, 0x8C, 0x20, 0x8C, 0x20, 0xFE, 0x47, 0xFE, 0x47, 0xD4, 0xE0, 0xD4, 0xE0, 
0x8C, 0x20, 0x4A, 0xA0, 0xFB, 0x0A, 0xFA, 0x02, 0xFA, 0x02, 0xE1, 0x20, 0x58, 0x40, 0xE1, 0x20, 
0xE1, 0x20, 0x58, 0x40, 0xE1, 0x20, 0xE1, 0x20, 0x58, 0x40, 0x8B, 0x69, 0x00, 0x00, 0x00, 0x00, 
0x00, 0x00, 0x00, 0x00, 0x4A, 0xA0, 0xFE, 0xCE, 0xFE, 0xCE, 0xFE, 0x47, 0xFE, 0x47, 0xFE, 0x47, 
0xD4, 0xE0, 0xD4, 0xE0, 0x8C, 0x20, 0xD4, 0xE0, 0xFE, 0x47, 0xFE, 0x47, 0xD4, 0xE0, 0x8C, 0x20, 
0x8C, 0x20, 0x4A, 0xA0, 0xFA, 0x02, 0xFA, 0x02, 0xFA, 0x02, 0xE1, 0x20, 0xE1, 0x20, 0xE1, 0x20, 
0x58, 0x40, 0xE1, 0x20, 0xE1, 0x20, 0xE1, 0x20, 0x58, 0x40, 0x6A, 0x65, 0x00, 0x00, 0x00, 0x00, 
0x00, 0x00, 0x00, 0x00, 0x4A, 0xA0, 0xFE, 0xCE, 0xFE, 0xCE, 0xFE, 0x47, 0xFE, 0x47, 0xFE, 0x47, 
0xD4, 0xE0, 0xD4, 0xE0, 0x8C, 0x20, 0xFE, 0x47, 0xFE, 0x47, 0xD4, 0xE0, 0xD4, 0xE0, 0x8C, 0x20, 
0x8C, 0x20, 0x4A, 0xA0, 0xFA, 0x02, 0xFA, 0x02, 0xFA, 0x02, 0xE1, 0x20, 0xE1, 0x20, 0xE1, 0x20, 
0x58, 0x40, 0xE1, 0x20, 0xE1, 0x20, 0xE1, 0x20, 0x58, 0x40, 0x00, 0x00, 0x00, 0x00, 0x00, 0x00, 
0x00, 0x00, 0x00, 0x00, 0x4A, 0xA0, 0xFE, 0x47, 0xFE, 0x47, 0xFE, 0x47, 0xFE, 0x47, 0xFE, 0x47, 
0xD4, 0xE0, 0xD4, 0xE0, 0x8C, 0x20, 0xFE, 0x47, 0xFE, 0x47, 0xD4, 0xE0, 0xD4, 0xE0, 0x8C, 0x20, 
0x8C, 0x20, 0x4A, 0xA0, 0xFA, 0x02, 0xFA, 0x02, 0xFA, 0x02, 0xE1, 0x20, 0xE1, 0x20, 0xE1, 0x20, 
0xE1, 0x20, 0xE1, 0x20, 0xE1, 0x20, 0xE1, 0x20, 0x58, 0x40, 0x00, 0x00, 0x00, 0x00, 0x00, 0x00, 
0x00, 0x00, 0x00, 0x00, 0x4A, 0xA0, 0xFE, 0x47, 0xFE, 0x47, 0xFE, 0x47, 0xD4, 0xE0, 0xD4, 0xE0, 
0xD4, 0xE0, 0xD4, 0xE0, 0x8C, 0x20, 0xFE, 0x47, 0xFE, 0x47, 0xD4, 0xE0, 0xD4, 0xE0, 0x8C, 0x20, 
0x8C, 0x20, 0x4A, 0xA0, 0xFA, 0x02, 0xFA, 0x02, 0xFA, 0x02, 0xE1, 0x20, 0xE1, 0x20, 0xE1, 0x20, 
0xE1, 0x20, 0xE1, 0x20, 0xE1, 0x20, 0xE1, 0x20, 0x58, 0x40, 0x6A, 0x65, 0x00, 0x00, 0x00, 0x00, 
0x00, 0x00, 0x00, 0x00, 0x4A, 0xA0, 0xFE, 0x47, 0xFE, 0x47, 0xFE, 0x47, 0xD4, 0xE0, 0xD4, 0xE0, 
0xD4, 0xE0, 0x8C, 0x20, 0xFE, 0xCE, 0xFE, 0x47, 0xFE, 0x47, 0xD4, 0xE0, 0x8C, 0x20, 0x8C, 0x20, 
0x8C, 0x20, 0x4A, 0xA0, 0xFA, 0x02, 0xFA, 0x02, 0xE1, 0x20, 0xE1, 0x20, 0xE1, 0x20, 0xE1, 0x20, 
0xE1, 0x20, 0xE1, 0x20, 0xE1, 0x20, 0xE1, 0x20, 0x58, 0x40, 0x6A, 0x65, 0x00, 0x00, 0x00, 0x00, 
0x00, 0x00, 0x00, 0x00, 0x4A, 0xA0, 0xD4, 0xE0, 0xFE, 0x47, 0xD4, 0xE0, 0xD4, 0xE0, 0xD4, 0xE0, 
0x8C, 0x20, 0x8C, 0x20, 0xFE, 0xCE, 0xD4, 0xE0, 0xD4, 0xE0, 0xD4, 0xE0, 0x8C, 0x20, 0x8C, 0x20, 
0x8C, 0x20, 0x4A, 0xA0, 0xE1, 0x20, 0xE1, 0x20, 0xE1, 0x20, 0xE1, 0x20, 0x58, 0x40, 0xE1, 0x20, 
0xE1, 0x20, 0xE1, 0x20, 0xE1, 0x20, 0xE1, 0x20, 0x58, 0x40, 0x6A, 0x65, 0x00, 0x00, 0x00, 0x00, 
0x00, 0x00, 0x00, 0x00, 0x4A, 0xA0, 0xD4, 0xE0, 0xFE, 0x47, 0xD4, 0xE0, 0xD4, 0xE0, 0x8C, 0x20, 
0x8C, 0x20, 0xFE, 0xCE, 0xFE, 0x47, 0xD4, 0xE0, 0xD4, 0xE0, 0xD4, 0xE0, 0x8C, 0x20, 0x8C, 0x20, 
0x8C, 0x20, 0x4A, 0xA0, 0xE1, 0x20, 0xE1, 0x20, 0xE1, 0x20, 0xE1, 0x20, 0x58, 0x40, 0xE1, 0x20, 
0xE1, 0x20, 0xE1, 0x20, 0xE1, 0x20, 0xE1, 0x20, 0x58, 0x40, 0x6A, 0x65, 0x00, 0x00, 0x00, 0x00, 
0x00, 0x00, 0x00, 0x00, 0x4A, 0xA0, 0xD4, 0xE0, 0xD4, 0xE0, 0xD4, 0xE0, 0x8C, 0x20, 0x8C, 0x20, 
0xFE, 0x47, 0xFE, 0x47, 0xFE, 0x47, 0xD4, 0xE0, 0xD4, 0xE0, 0x8C, 0x20, 0x8C, 0x20, 0x8C, 0x20, 
0x4A, 0xA0, 0xE1, 0x20, 0xE1, 0x20, 0xE1, 0x20, 0xE1, 0x20, 0xE1, 0x20, 0x58, 0x40, 0xE1, 0x20, 
0xE1, 0x20, 0xE1, 0x20, 0xE1, 0x20, 0xE1, 0x20, 0x58, 0x40, 0x8B, 0x69, 0x00, 0x00, 0x00, 0x00, 
0x00, 0x00, 0x00, 0x00, 0x00, 0x00, 0x4A, 0xA0, 0xD4, 0xE0, 0x8C, 0x20, 0x8C, 0x20, 0xFE, 0x47, 
0xFE, 0x47, 0xFE, 0x47, 0xD4, 0xE0, 0xD4, 0xE0, 0x8C, 0x20, 0x8C, 0x20, 0x8C, 0x20, 0x8C, 0x20, 
0x4A, 0xA0, 0xE1, 0x20, 0xE1, 0x20, 0xE1, 0x20, 0xE1, 0x20, 0x58, 0x40, 0xE1, 0x20, 0xE1, 0x20, 
0xE1, 0x20, 0xE1, 0x20, 0x58, 0x40, 0xFA, 0x02, 0x58, 0x40, 0x6A, 0x65, 0x00, 0x00, 0x00, 0x00, 
0x00, 0x00, 0x00, 0x00, 0x00, 0x00, 0x00, 0x00, 0x4A, 0xA0, 0x8C, 0x20, 0xFE, 0x47, 0xFE, 0x47, 
0xFE, 0x47, 0xFE, 0x47, 0xD4, 0xE0, 0xD4, 0xE0, 0x8C, 0x20, 0x8C, 0x20, 0x8C, 0x20, 0x4A, 0xA0, 
0xE1, 0x20, 0xE1, 0x20, 0xE1, 0x20, 0xE1, 0x20, 0xE1, 0x20, 0x58, 0x40, 0xB0, 0xC0, 0xE1, 0x20, 
0xE1, 0x20, 0xE1, 0x20, 0x58, 0x40, 0xE1, 0x20, 0x58, 0x40, 0x00, 0x00, 0x00, 0x00, 0x00, 0x00, 
0x00, 0x00, 0x00, 0x00, 0x00, 0x00, 0x00, 0x00, 0x00, 0x00, 0x4A, 0xA0, 0xFE, 0x47, 0xFE, 0x47, 
0xD4, 0xE0, 0xD4, 0xE0, 0xD4, 0xE0, 0x8C, 0x20, 0x8C, 0x20, 0x8C, 0x20, 0x8C, 0x20, 0x4A, 0xA0, 
0xE1, 0x20, 0xE1, 0x20, 0xE1, 0x20, 0xE1, 0x20, 0xB0, 0xC0, 0x58, 0x40, 0xB0, 0xC0, 0xB0, 0xC0, 
0xE1, 0x20, 0xE1, 0x20, 0x58, 0x40, 0x58, 0x40, 0x00, 0x00, 0x00, 0x00, 0x00, 0x00, 0x00, 0x00, 
0x00, 0x00, 0x00, 0x00, 0x00, 0x00, 0x00, 0x00, 0x00, 0x00, 0x00, 0x00, 0x4A, 0xA0, 0xD4, 0xE0, 
0xD4, 0xE0, 0xD4, 0xE0, 0x8C, 0x20, 0x8C, 0x20, 0x8C, 0x20, 0x8C, 0x20, 0x4A, 0xA0, 0xB0, 0xC0, 
0xB0, 0xC0, 0xB0, 0xC0, 0xB0, 0xC0, 0xB0, 0xC0, 0x58, 0x40, 0x58, 0x40, 0xB0, 0xC0, 0xB0, 0xC0, 
0xE1, 0x20, 0xE1, 0x20, 0x58, 0x40, 0x00, 0x00, 0x00, 0x00, 0x00, 0x00, 0x00, 0x00, 0x00, 0x00, 
0x00, 0x00, 0x00, 0x00, 0x00, 0x00, 0x00, 0x00, 0x00, 0x00, 0x00, 0x00, 0x00, 0x00, 0x4A, 0xA0, 
0x4A, 0xA0, 0x4A, 0xA0, 0x4A, 0xA0, 0x4A, 0xA0, 0x4A, 0xA0, 0x4A, 0xA0, 0xB0, 0xC0, 0xB0, 0xC0, 
0xB0, 0xC0, 0xB0, 0xC0, 0xB0, 0xC0, 0x58, 0x40, 0x00, 0x00, 0x00, 0x00, 0x58, 0x40, 0xB0, 0xC0, 
0xB0, 0xC0, 0x58, 0x40, 0x00, 0x00, 0x00, 0x00, 0x00, 0x00, 0x00, 0x00, 0x00, 0x00, 0x00, 0x00, 
0x00, 0x00, 0x00, 0x00, 0x00, 0x00, 0x00, 0x00, 0x00, 0x00, 0x00, 0x00, 0x00, 0x00, 0x00, 0x00, 
0x00, 0x00, 0x00, 0x00, 0x00, 0x00, 0x00, 0x00, 0x00, 0x00, 0x58, 0x40, 0x58, 0x40, 0x58, 0x40, 
0x58, 0x40, 0x58, 0x40, 0x58, 0x40, 0x00, 0x00, 0x00, 0x00, 0x00, 0x00, 0x00, 0x00, 0x58, 0x40, 
0x58, 0x40, 0x00, 0x00, 0x00, 0x00, 0x00, 0x00, 0x00, 0x00, 0x00, 0x00, 0x00, 0x00, 0x00, 0x00, 
0x00, 0x00, 0x00, 0x00, 0x00, 0x00, 0x00, 0x00, 0x00, 0x00, 0x00, 0x00, 0x00, 0x00, 0x00, 0x00, 
0x00, 0x00, 0x00, 0x00, 0x00, 0x00, 0x00, 0x00, 0x00, 0x00, 0x00, 0x00, 0x00, 0x00, 0x00, 0x00, 
0x00, 0x00, 0x00, 0x00, 0x00, 0x00, 0x00, 0x00, 0x00, 0x00, 0x00, 0x00, 0x00, 0x00, 0x00, 0x00, 
0x00, 0x00, 0x00, 0x00, 0x00, 0x00, 0x00, 0x00, 0x00, 0x00, 0x00, 0x00, 0x00, 0x00, 0x00, 0x00, 
0x00, 0x00, 0x00, 0x00, 0x00, 0x00, 0x00, 0x00, 0x00, 0x00, 0x00, 0x00, 0x00, 0x00, 0x00, 0x00, 
0x00, 0x00, 0x00, 0x00, 0x00, 0x00, 0x00, 0x00, 0x00, 0x00, 0x00, 0x00, 0x00, 0x00, 0x00, 0x00, 
0x00, 0x00, 0x00, 0x00, 0x00, 0x00, 0x00, 0x00, 0x00, 0x00, 0x00, 0x00, 0x00, 0x00, 0x00, 0x00, 
0x00, 0x00, 0x00, 0x00, 0x00, 0x00, 0x00, 0x00, 0x00, 0x00, 0x00, 0x00, 0x00, 0x00, 0x00, 0x00, 
0x00, 0x00, 0x00, 0x00, 0x00, 0x00, 0x00, 0x00, 0x00, 0x00, 0x00, 0x00, 0x00, 0x00, 0x00, 0x00, 
0x00, 0x00, 0x00, 0x00, 0x00, 0x00, 0x00, 0x00, 0x00, 0x00, 0x00, 0x00, 0x00, 0x00, 0x00, 0x00, 
0x00, 0x00, 0x00, 0x00, 0x00, 0x00, 0x00, 0x00, 0x00, 0x00, 0x00, 0x00, 0x00, 0x00, 0x00, 0x00, 
0x00, 0x00, 0x00, 0x00, 0x00, 0x00, 0x00, 0x00, 0x00, 0x00, 0x00, 0x00, 0x00, 0x00, 0x00, 0x00, 
0x00, 0x00, 0x00, 0x00, 0x00, 0x00, 0x00, 0x00, 0x00, 0x00, 0x00, 0x00, 0x00, 0x00, 0x00, 0x00, 
0x00, 0x00, 0x00, 0x00, 0x00, 0x00, 0x00, 0x00, 0x00, 0x00, 0x00, 0x00, 0x00, 0x00, 0x00, 0x00, 
0x00, 0x00, 0x00, 0x00, 0x00, 0x00, 0x00, 0x00, 0x00, 0x00, 0x00, 0x00, 0x00, 0x00, 0x00, 0x00, 
0x00, 0x00, 0x00, 0x00, 0x00, 0x00, 0x00, 0x00, 0x00, 0x00, 0x00, 0x00, 0x00, 0x00, 0x00, 0x00
}
,
{
0x00, 0x00, 0x00, 0x00, 0x00, 0x00, 0x00, 0x00, 0x00, 0x00, 0x00, 0x00, 0x00, 0x00, 0x00, 0x00, 
0x00, 0x00, 0x00, 0x00, 0x00, 0x00, 0x00, 0x00, 0x00, 0x00, 0x00, 0x00, 0x00, 0x00, 0x00, 0x00, 
0x00, 0x00, 0x00, 0x00, 0x00, 0x00, 0x00, 0x00, 0x00, 0x00, 0x00, 0x00, 0x00, 0x00, 0x00, 0x00, 
0x00, 0x00, 0x00, 0x00, 0x00, 0x00, 0x00, 0x00, 0x00, 0x00, 0x00, 0x00, 0x00, 0x00, 0x00, 0x00, 
0x00, 0x00, 0x00, 0x00, 0x00, 0x00, 0x00, 0x00, 0x00, 0x00, 0x00, 0x00, 0x00, 0x00, 0x00, 0x00, 
0x00, 0x00, 0x00, 0x00, 0x00, 0x00, 0x00, 0x00, 0x00, 0x00, 0x00, 0x00, 0x00, 0x00, 0x00, 0x00, 
0x00, 0x00, 0x00, 0x00, 0x00, 0x00, 0x00, 0x00, 0x00, 0x00, 0x00, 0x00, 0x00, 0x00, 0x00, 0x00, 
0x00, 0x00, 0x00, 0x00, 0x00, 0x00, 0x00, 0x00, 0x00, 0x00, 0x00, 0x00, 0x00, 0x00, 0x00, 0x00, 
0x00, 0x00, 0x00, 0x00, 0x00, 0x00, 0x00, 0x00, 0x00, 0x00, 0x00, 0x00, 0x00, 0x00, 0x00, 0x00, 
0x00, 0x00, 0x00, 0x00, 0x00, 0x00, 0x00, 0x00, 0x00, 0x00, 0x00, 0x00, 0x00, 0x00, 0x00, 0x00, 
0x00, 0x00, 0x00, 0x00, 0x00, 0x00, 0x00, 0x00, 0x00, 0x00, 0x00, 0x00, 0x00, 0x00, 0x00, 0x00, 
0x00, 0x00, 0x00, 0x00, 0xB0, 0xC0, 0xB0, 0xC0, 0x00, 0x00, 0x00, 0x00, 0x00, 0x00, 0x00, 0x00, 
0x00, 0x00, 0x00, 0x00, 0x00, 0x00, 0x00, 0x00, 0x00, 0x00, 0x00, 0x00, 0x00, 0x00, 0x00, 0x00, 
0x00, 0x00, 0x00, 0x00, 0x4A, 0xA0, 0x4A, 0xA0, 0x4A, 0xA0, 0x4A, 0xA0, 0x00, 0x00, 0x00, 0x00, 
0x00, 0x00, 0x00, 0x00, 0x00, 0x00, 0x00, 0x00, 0x00, 0x00, 0x00, 0x00, 0x00, 0x00, 0x00, 0x00, 
0x00, 0x00, 0x00, 0x00, 0xB0, 0xC0, 0xFB, 0x0A, 0xB0, 0xC0, 0x00, 0x00, 0x00, 0x00, 0x00, 0x00, 
0x00, 0x00, 0x00, 0x00, 0x00, 0x00, 0x00, 0x00, 0x00, 0x00, 0x00, 0x00, 0x00, 0x00, 0x00, 0x00, 
0x00, 0x00, 0x4A, 0xA0, 0x8C, 0x20, 0xFE, 0x47, 0xD4, 0xE0, 0x8C, 0x20, 0x4A, 0xA0, 0x00, 0x00, 
0x00, 0x00, 0x00, 0x00, 0x00, 0x00, 0x00, 0x00, 0x00, 0x00, 0x00, 0x00, 0x00, 0x00, 0x00, 0x00, 
0x00, 0x00, 0x00, 0x00, 0xB0, 0xC0, 0xFB, 0x0A, 0xFB, 0x0A, 0xB0, 0xC0, 0x00, 0x00, 0x00, 0x00, 
0x00, 0x00, 0x00, 0x00, 0x00, 0x00, 0x4A, 0xA0, 0x4A, 0xA0, 0x4A, 0xA0, 0x4A, 0xA0, 0x4A, 0xA0, 
0x4A, 0xA0, 0x8C, 0x20, 0xFE, 0xCE, 0xFE, 0x47, 0xD4, 0xE0, 0x8C, 0x20, 0x4A, 0xA0, 0x4A, 0xA0, 
0x58, 0x40, 0x58, 0x40, 0x58, 0x40, 0x58, 0x40, 0x00, 0x00, 0x00, 0x00, 0x00, 0x00, 0x00, 0x00, 
0x58, 0x40, 0x58, 0x40, 0x00, 0x00, 0xB0, 0xC0, 0xFB, 0x0A, 0xE1, 0x20, 0xB0, 0xC0, 0x00, 0x00, 
0x00, 0x00, 0x00, 0x00, 0x4A, 0xA0, 0xFE, 0xCE, 0xFE, 0xCE, 0xFE, 0x47, 0xFE, 0x47, 0xD4, 0xE0, 
0x8C, 0x20, 0xFE, 0xCE, 0xFE, 0xCE, 0xFE, 0x47, 0xD4, 0xE0, 0x8C, 0x20, 0xFE, 0x47, 0x8C, 0x20, 
0x4A, 0xA0, 0xE1, 0x20, 0xE1, 0x20, 0xE1, 0x20, 0x58, 0x40, 0x00, 0x00, 0x00, 0x00, 0x58, 0x40, 
0xE1, 0x20, 0xE1, 0x20, 0x58, 0x40, 0xB0, 0xC0, 0xE1, 0x20, 0xE1, 0x20, 0xB0, 0xC0, 0x00, 0x00, 
0x00, 0x00, 0x4A, 0xA0, 0xFE, 0xCE, 0xFE, 0xCE, 0xFE, 0xCE, 0xFE, 0x47, 0xFE, 0x47, 0xD4, 0xE0, 
0x8C, 0x20, 0xFE, 0xCE, 0xFE, 0xCE, 0xFE, 0x47, 0xD4, 0xE0, 0x8C, 0x20, 0xFE, 0x47, 0x8C, 0x20, 
0x8C, 0x20, 0x4A, 0xA0, 0xE1, 0x20, 0xE1, 0x20, 0xE1, 0x20, 0x58, 0x40, 0x58, 0x40, 0xE1, 0x20, 
0xFA, 0x02, 0xFB, 0x0A, 0xFA, 0x02, 0xB0, 0xC0, 0xE1, 0x20, 0xE1, 0x20, 0x58, 0x40, 0x00, 0x00, 
0x00, 0x00, 0x4A, 0xA0, 0xFE, 0x47, 0xFE, 0xCE, 0xFE, 0xCE, 0xFE, 0x47, 0xFE, 0x47, 0x8C, 0x20, 
0x8C, 0x20, 0xFE, 0xCE, 0xFE, 0x47, 0xFE, 0x47, 0xD4, 0xE0, 0x8C, 0x20, 0xFE, 0x47, 0xD4, 0xE0, 
0x8C, 0x20, 0x4A, 0xA0, 0xFA, 0x02, 0xFA, 0x02, 0xE1, 0x20, 0xE1, 0x20, 0x58, 0x40, 0xFA, 0x02, 
0xFB, 0x0A, 0xFB, 0x0A, 0xFA, 0x02, 0x58, 0x40, 0xE1, 0x20, 0xE1, 0x20, 0x58, 0x40, 0x00, 0x00, 
0x00, 0x00, 0x00, 0x00, 0x4A, 0xA0, 0xFE, 0x47, 0xFE, 0x47, 0xFE, 0x47, 0xFE, 0x47, 0x8C, 0x20, 
0xFE, 0xCE, 0xFE, 0xCE, 0xFE, 0x47, 0xFE, 0x47, 0x8C, 0x20, 0x8C, 0x20, 0xFE, 0x47, 0xD4, 0xE0, 
0x8C, 0x20, 0x4A, 0xA0, 0xFB, 0x0A, 0xFA, 0x02, 0xFA, 0x02, 0xE1, 0x20, 0x58, 0x40, 0xFB, 0x0A, 
0xFB, 0x0A, 0xFB, 0x0A, 0xFA, 0x02, 0x58, 0x40, 0xE1, 0x20, 0xE1, 0x20, 0x58, 0x40, 0x00, 0x00, 
0x00, 0x00, 0x00, 0x00, 0x4A, 0xA0, 0xFE, 0x47, 0xFE, 0x47, 0xFE, 0x47, 0x8C, 0x20, 0x8C, 0x20, 
0xFE, 0xCE, 0xFE, 0xCE, 0xFE, 0x47, 0xFE, 0x47, 0x8C, 0x20, 0xFE, 0x47, 0xFE, 0x47, 0xD4, 0xE0, 
0xD4, 0xE0, 0x8C, 0x20, 0x4A, 0xA0, 0xFB, 0x0A, 0xFA, 0x02, 0xE1, 0x20, 0x58, 0x40, 0xFB, 0x0A, 
0xFB, 0x0A, 0xFB, 0x0A, 0x58, 0x40, 0xFB, 0x0A, 0xE1, 0x20, 0xE1, 0x20, 0x58, 0x40, 0x00, 0x00, 
0x00, 0x00, 0x00, 0x00, 0x4A, 0xA0, 0xFE, 0x47, 0xD4, 0xE0, 0xD4, 0xE0, 0x8C, 0x20, 0xFE, 0xCE, 
0xFE, 0xCE, 0xFE, 0x47, 0xFE, 0x47, 0xD4, 0xE0, 0x8C, 0x20, 0xFE, 0x47, 0xFE, 0x47, 0xD4, 0xE0, 
0xD4, 0xE0, 0x8C, 0x20, 0x4A, 0xA0, 0xFB, 0x0A, 0xFA, 0x02, 0xFA, 0x02, 0xE1, 0x20, 0x58, 0x40, 
0xFB, 0x0A, 0xFB, 0x0A, 0x58, 0x40, 0xE1, 0x20, 0xE1, 0x20, 0x58, 0x40, 0x8B, 0x69, 0x8B, 0x69, 
0x00, 0x00, 0x00, 0x00, 0x4A, 0xA0, 0xD4, 0xE0, 0xD4, 0xE0, 0x8C, 0x20, 0x8C, 0x20, 0xFE, 0xCE, 
0xFE, 0xCE, 0xFE, 0x47, 0xFE, 0x47, 0xD4, 0xE0, 0x8C, 0x20, 0xFE, 0x47, 0xFE, 0x47, 0xD4, 0xE0, 
0xD4, 0xE0, 0x8C, 0x20, 0x4A, 0xA0, 0xFB, 0x0A, 0xFA, 0x02, 0xFA, 0x02, 0xE1, 0x20, 0x58, 0x40, 
0xFB, 0x0A, 0xFB, 0x0A, 0x58, 0x40, 0xE1, 0x20, 0xE1, 0x20, 0x58, 0x40, 0x8B, 0x69, 0x8B, 0x69, 
0x00, 0x00, 0x00, 0x00, 0x00, 0x00, 0x4A, 0xA0, 0x8C, 0x20, 0x8C, 0x20, 0xFE, 0xCE, 0xFE, 0xCE, 
0xFE, 0x47, 0xFE, 0x47, 0xFE, 0x47, 0xD4, 0xE0, 0x8C, 0x20, 0xFE, 0x47, 0xFE, 0x47, 0xD4, 0xE0, 
0xD4, 0xE0, 0x8C, 0x20, 0x4A, 0xA0, 0xFB, 0x0A, 0xFA, 0x02, 0xFA, 0x02, 0xE1, 0x20, 0x58, 0x40, 
0xFB, 0x0A, 0xE1, 0x20, 0x58, 0x40, 0xE1, 0x20, 0xE1, 0x20, 0x58, 0x40, 0x8B, 0x69, 0x6A, 0x65, 
0x00, 0x00, 0x00, 0x00, 0x00, 0x00, 0x4A, 0xA0, 0x8C, 0x20, 0xFE, 0xCE, 0xFE, 0xCE, 0xFE, 0x47, 
0xFE, 0x47, 0xFE, 0x47, 0xD4, 0xE0, 0x8C, 0x20, 0x8C, 0x20, 0xFE, 0x47, 0xFE, 0x47, 0xD4, 0xE0, 
0xD4, 0xE0, 0x8C, 0x20, 0x4A, 0xA0, 0xFB, 0x0A, 0xFA, 0x02, 0xFA, 0x02, 0xE1, 0x20, 0x58, 0x40, 
0xE1, 0x20, 0xE1, 0x20, 0x58, 0x40, 0xE1, 0x20, 0xE1, 0x20, 0x58, 0x40, 0x6A, 0x65, 0x6A, 0x65, 
0x00, 0x00, 0x00, 0x00, 0x00, 0x00, 0x4A, 0xA0, 0xFE, 0xCE, 0xFE, 0xCE, 0xFE, 0x47, 0xFE, 0x47, 
0xFE, 0x47, 0xD4, 0xE0, 0xD4, 0xE0, 0x8C, 0x20, 0xD4, 0xE0, 0xFE, 0x47, 0xFE, 0x47, 0xD4, 0xE0, 
0x8C, 0x20, 0x8C, 0x20, 0x4A, 0xA0, 0xFA, 0x02, 0xFA, 0x02, 0xFA, 0x02, 0xE1, 0x20, 0xE1, 0x20, 
0xE1, 0x20, 0x58, 0x40, 0xE1, 0x20, 0xE1, 0x20, 0xE1, 0x20, 0x58, 0x40, 0x6A, 0x65, 0x6A, 0x65, 
0x00, 0x00, 0x00, 0x00, 0x00, 0x00, 0x4A, 0xA0, 0xFE, 0xCE, 0xFE, 0xCE, 0xFE, 0x47, 0xFE, 0x47, 
0xFE, 0x47, 0xD4, 0xE0, 0xD4, 0xE0, 0x8C, 0x20, 0xFE, 0x47, 0xFE, 0x47, 0xD4, 0xE0, 0xD4, 0xE0, 
0x8C, 0x20, 0x8C, 0x20, 0x4A, 0xA0, 0xFA, 0x02, 0xFA, 0x02, 0xFA, 0x02, 0xE1, 0x20, 0xE1, 0x20, 
0xE1, 0x20, 0x58, 0x40, 0xE1, 0x20, 0xE1, 0x20, 0xE1, 0x20, 0x58, 0x40, 0x00, 0x00, 0x00, 0x00, 
0x00, 0x00, 0x00, 0x00, 0x00, 0x00, 0x4A, 0xA0, 0xFE, 0x47, 0xFE, 0x47, 0xFE, 0x47, 0xFE, 0x47, 
0xFE, 0x47, 0xD4, 0xE0, 0xD4, 0xE0, 0x8C, 0x20, 0xFE, 0x47, 0xFE, 0x47, 0xD4, 0xE0, 0xD4, 0xE0, 
0x8C, 0x20, 0x8C, 0x20, 0x4A, 0xA0, 0xFA, 0x02, 0xFA, 0x02, 0xFA, 0x02, 0xE1, 0x20, 0xE1, 0x20, 
0xE1, 0x20, 0xE1, 0x20, 0xE1, 0x20, 0xE1, 0x20, 0xE1, 0x20, 0x58, 0x40, 0x00, 0x00, 0x00, 0x00, 
0x00, 0x00, 0x00, 0x00, 0x00, 0x00, 0x4A, 0xA0, 0xFE, 0x47, 0xFE, 0x47, 0xFE, 0x47, 0xD4, 0xE0, 
0xD4, 0xE0, 0xD4, 0xE0, 0xD4, 0xE0, 0x8C, 0x20, 0xFE, 0x47, 0xFE, 0x47, 0xD4, 0xE0, 0xD4, 0xE0, 
0x8C, 0x20, 0x8C, 0x20, 0x4A, 0xA0, 0xFA, 0x02, 0xFA, 0x02, 0xFA, 0x02, 0xE1, 0x20, 0xE1, 0x20, 
0xE1, 0x20, 0xE1, 0x20, 0xE1, 0x20, 0xE1, 0x20, 0xE1, 0x20, 0x58, 0x40, 0x8B, 0x69, 0x00, 0x00, 
0x00, 0x00, 0x00, 0x00, 0x00, 0x00, 0x4A, 0xA0, 0xFE, 0x47, 0xFE, 0x47, 0xFE, 0x47, 0xD4, 0xE0, 
0xD4, 0xE0, 0xD4, 0xE0, 0x8C, 0x20, 0xFE, 0xCE, 0xFE, 0x47, 0xFE, 0x47, 0xD4, 0xE0, 0x8C, 0x20, 
0x8C, 0x20, 0x8C, 0x20, 0x4A, 0xA0, 0xFA, 0x02, 0xFA, 0x02, 0xE1, 0x20, 0xE1, 0x20, 0xE1, 0x20, 
0xE1, 0x20, 0xE1, 0x20, 0xE1, 0x20, 0xE1, 0x20, 0xE1, 0x20, 0x58, 0x40, 0x8B, 0x69, 0x00, 0x00, 
0x00, 0x00, 0x00, 0x00, 0x00, 0x00, 0x4A, 0xA0, 0xD4, 0xE0, 0xFE, 0x47, 0xD4, 0xE0, 0xD4, 0xE0, 
0xD4, 0xE0, 0x8C, 0x20, 0x8C, 0x20, 0xFE, 0xCE, 0xD4, 0xE0, 0xD4, 0xE0, 0xD4, 0xE0, 0x8C, 0x20, 
0x8C, 0x20, 0x8C, 0x20, 0x4A, 0xA0, 0xE1, 0x20, 0xE1, 0x20, 0xE1, 0x20, 0xE1, 0x20, 0x58, 0x40, 
0xE1, 0x20, 0xE1, 0x20, 0xE1, 0x20, 0xE1, 0x20, 0xE1, 0x20, 0x58, 0x40, 0x6A, 0x65, 0x00, 0x00, 
0x00, 0x00, 0x00, 0x00, 0x00, 0x00, 0x4A, 0xA0, 0xD4, 0xE0, 0xFE, 0x47, 0xD4, 0xE0, 0xD4, 0xE0, 
0x8C, 0x20, 0x8C, 0x20, 0xFE, 0xCE, 0xFE, 0x47, 0xD4, 0xE0, 0xD4, 0xE0, 0xD4, 0xE0, 0x8C, 0x20, 
0x8C, 0x20, 0x8C, 0x20, 0x4A, 0xA0, 0xE1, 0x20, 0xE1, 0x20, 0xE1, 0x20, 0xE1, 0x20, 0x58, 0x40, 
0xE1, 0x20, 0xE1, 0x20, 0xE1, 0x20, 0xE1, 0x20, 0xE1, 0x20, 0x58, 0x40, 0x6A, 0x65, 0x00, 0x00, 
0x00, 0x00, 0x00, 0x00, 0x00, 0x00, 0x4A, 0xA0, 0xD4, 0xE0, 0xD4, 0xE0, 0xD4, 0xE0, 0x8C, 0x20, 
0x8C, 0x20, 0xFE, 0x47, 0xFE, 0x47, 0xFE, 0x47, 0xD4, 0xE0, 0xD4, 0xE0, 0x8C, 0x20, 0x8C, 0x20, 
0x8C, 0x20, 0x4A, 0xA0, 0xE1, 0x20, 0xE1, 0x20, 0xE1, 0x20, 0xE1, 0x20, 0xE1, 0x20, 0x58, 0x40, 
0xE1, 0x20, 0xE1, 0x20, 0xE1, 0x20, 0xE1, 0x20, 0xE1, 0x20, 0x58, 0x40, 0x6A, 0x65, 0x00, 0x00, 
0x00, 0x00, 0x00, 0x00, 0x00, 0x00, 0x00, 0x00, 0x4A, 0xA0, 0xD4, 0xE0, 0x8C, 0x20, 0x8C, 0x20, 
0xFE, 0x47, 0xFE, 0x47, 0xFE, 0x47, 0xD4, 0xE0, 0xD4, 0xE0, 0x8C, 0x20, 0x8C, 0x20, 0x8C, 0x20, 
0x8C, 0x20, 0x4A, 0xA0, 0xE1, 0x20, 0xE1, 0x20, 0xE1, 0x20, 0xE1, 0x20, 0x58, 0x40, 0xE1, 0x20, 
0xE1, 0x20, 0xE1, 0x20, 0xE1, 0x20, 0x58, 0x40, 0xFA, 0x02, 0x58, 0x40, 0x6A, 0x65, 0x00, 0x00, 
0x00, 0x00, 0x00, 0x00, 0x00, 0x00, 0x00, 0x00, 0x00, 0x00, 0x4A, 0xA0, 0x8C, 0x20, 0xFE, 0x47, 
0xFE, 0x47, 0xFE, 0x47, 0xFE, 0x47, 0xD4, 0xE0, 0xD4, 0xE0, 0x8C, 0x20, 0x8C, 0x20, 0x8C, 0x20, 
0x4A, 0xA0, 0xE1, 0x20, 0xE1, 0x20, 0xE1, 0x20, 0xE1, 0x20, 0xE1, 0x20, 0x58, 0x40, 0xB0, 0xC0, 
0xE1, 0x20, 0xE1, 0x20, 0xE1, 0x20, 0x58, 0x40, 0xE1, 0x20, 0x58, 0x40, 0x00, 0x00, 0x00, 0x00, 
0x00, 0x00, 0x00, 0x00, 0x00, 0x00, 0x00, 0x00, 0x00, 0x00, 0x00, 0x00, 0x4A, 0xA0, 0xFE, 0x47, 
0xFE, 0x47, 0xD4, 0xE0, 0xD4, 0xE0, 0xD4, 0xE0, 0x8C, 0x20, 0x8C, 0x20, 0x8C, 0x20, 0x8C, 0x20, 
0x4A, 0xA0, 0xE1, 0x20, 0xE1, 0x20, 0xE1, 0x20, 0xE1, 0x20, 0xB0, 0xC0, 0x58, 0x40, 0xB0, 0xC0, 
0xB0, 0xC0, 0xE1, 0x20, 0xE1, 0x20, 0x58, 0x40, 0x58, 0x40, 0x00, 0x00, 0x00, 0x00, 0x00, 0x00, 
0x00, 0x00, 0x00, 0x00, 0x00, 0x00, 0x00, 0x00, 0x00, 0x00, 0x00, 0x00, 0x00, 0x00, 0x4A, 0xA0, 
0xD4, 0xE0, 0xD4, 0xE0, 0xD4, 0xE0, 0xD4, 0xE0, 0x8C, 0x20, 0x8C, 0x20, 0x8C, 0x20, 0x4A, 0xA0, 
0xB0, 0xC0, 0xB0, 0xC0, 0xB0, 0xC0, 0xB0, 0xC0, 0xB0, 0xC0, 0x58, 0x40, 0x58, 0x40, 0xB0, 0xC0, 
0xB0, 0xC0, 0xE1, 0x20, 0xE1, 0x20, 0x58, 0x40, 0x00, 0x00, 0x00, 0x00, 0x00, 0x00, 0x00, 0x00, 
0x00, 0x00, 0x00, 0x00, 0x00, 0x00, 0x00, 0x00, 0x00, 0x00, 0x00, 0x00, 0x00, 0x00, 0x00, 0x00, 
0x4A, 0xA0, 0x4A, 0xA0, 0x4A, 0xA0, 0x4A, 0xA0, 0x4A, 0xA0, 0x4A, 0xA0, 0x4A, 0xA0, 0xB0, 0xC0, 
0xB0, 0xC0, 0xB0, 0xC0, 0xB0, 0xC0, 0xB0, 0xC0, 0x58, 0x40, 0x00, 0x00, 0x00, 0x00, 0x58, 0x40, 
0xB0, 0xC0, 0xB0, 0xC0, 0x58, 0x40, 0x00, 0x00, 0x00, 0x00, 0x00, 0x00, 0x00, 0x00, 0x00, 0x00, 
0x00, 0x00, 0x00, 0x00, 0x00, 0x00, 0x00, 0x00, 0x00, 0x00, 0x00, 0x00, 0x00, 0x00, 0x00, 0x00, 
0x00, 0x00, 0x00, 0x00, 0x00, 0x00, 0x00, 0x00, 0x00, 0x00, 0x00, 0x00, 0x58, 0x40, 0x58, 0x40, 
0x58, 0x40, 0x58, 0x40, 0x58, 0x40, 0x58, 0x40, 0x00, 0x00, 0x00, 0x00, 0x00, 0x00, 0x00, 0x00, 
0x00, 0x00, 0x00, 0x00, 0x00, 0x00, 0x00, 0x00, 0x00, 0x00, 0x00, 0x00, 0x00, 0x00, 0x00, 0x00, 
0x00, 0x00, 0x00, 0x00, 0x00, 0x00, 0x00, 0x00, 0x00, 0x00, 0x00, 0x00, 0x00, 0x00, 0x00, 0x00, 
0x00, 0x00, 0x00, 0x00, 0x00, 0x00, 0x00, 0x00, 0x00, 0x00, 0x00, 0x00, 0x00, 0x00, 0x00, 0x00, 
0x00, 0x00, 0x00, 0x00, 0x00, 0x00, 0x00, 0x00, 0x00, 0x00, 0x00, 0x00, 0x00, 0x00, 0x00, 0x00, 
0x00, 0x00, 0x00, 0x00, 0x00, 0x00, 0x00, 0x00, 0x00, 0x00, 0x00, 0x00, 0x00, 0x00, 0x00, 0x00, 
0x00, 0x00, 0x00, 0x00, 0x00, 0x00, 0x00, 0x00, 0x00, 0x00, 0x00, 0x00, 0x00, 0x00, 0x00, 0x00, 
0x00, 0x00, 0x00, 0x00, 0x00, 0x00, 0x00, 0x00, 0x00, 0x00, 0x00, 0x00, 0x00, 0x00, 0x00, 0x00, 
0x00, 0x00, 0x00, 0x00, 0x00, 0x00, 0x00, 0x00, 0x00, 0x00, 0x00, 0x00, 0x00, 0x00, 0x00, 0x00, 
0x00, 0x00, 0x00, 0x00, 0x00, 0x00, 0x00, 0x00, 0x00, 0x00, 0x00, 0x00, 0x00, 0x00, 0x00, 0x00, 
0x00, 0x00, 0x00, 0x00, 0x00, 0x00, 0x00, 0x00, 0x00, 0x00, 0x00, 0x00, 0x00, 0x00, 0x00, 0x00, 
0x00, 0x00, 0x00, 0x00, 0x00, 0x00, 0x00, 0x00, 0x00, 0x00, 0x00, 0x00, 0x00, 0x00, 0x00, 0x00, 
0x00, 0x00, 0x00, 0x00, 0x00, 0x00, 0x00, 0x00, 0x00, 0x00, 0x00, 0x00, 0x00, 0x00, 0x00, 0x00, 
0x00, 0x00, 0x00, 0x00, 0x00, 0x00, 0x00, 0x00, 0x00, 0x00, 0x00, 0x00, 0x00, 0x00, 0x00, 0x00
}
,
{
0x00, 0x00, 0x00, 0x00, 0x00, 0x00, 0x00, 0x00, 0x00, 0x00, 0x00, 0x00, 0x00, 0x00, 0x00, 0x00, 
0x00, 0x00, 0x00, 0x00, 0x00, 0x00, 0x00, 0x00, 0x00, 0x00, 0x00, 0x00, 0x00, 0x00, 0x00, 0x00, 
0x00, 0x00, 0x00, 0x00, 0x00, 0x00, 0x00, 0x00, 0x00, 0x00, 0x00, 0x00, 0x00, 0x00, 0x00, 0x00, 
0x00, 0x00, 0x00, 0x00, 0x00, 0x00, 0x00, 0x00, 0x58, 0x40, 0x00, 0x00, 0x00, 0x00, 0x00, 0x00, 
0x00, 0x00, 0x00, 0x00, 0x00, 0x00, 0x00, 0x00, 0x00, 0x00, 0x00, 0x00, 0x00, 0x00, 0x00, 0x00, 
0x00, 0x00, 0x4A, 0xA0, 0x4A, 0xA0, 0x4A, 0xA0, 0x4A, 0xA0, 0x00, 0x00, 0x00, 0x00, 0x00, 0x00, 
0x00, 0x00, 0x00, 0x00, 0x00, 0x00, 0x00, 0x00, 0x00, 0x00, 0x00, 0x00, 0x00, 0x00, 0x00, 0x00, 
0x00, 0x00, 0x00, 0x00, 0x00, 0x00, 0x58, 0x40, 0xB0, 0xC0, 0x58, 0x40, 0x00, 0x00, 0x00, 0x00, 
0x00, 0x00, 0x00, 0x00, 0x00, 0x00, 0x00, 0x00, 0x00, 0x00, 0x00, 0x00, 0x00, 0x00, 0x00, 0x00, 
0x4A, 0xA0, 0x8C, 0x20, 0xFE, 0x47, 0xD4, 0xE0, 0x8C, 0x20, 0x4A, 0xA0, 0x00, 0x00, 0x00, 0x00, 
0x00, 0x00, 0x00, 0x00, 0x00, 0x00, 0x00, 0x00, 0x00, 0x00, 0x00, 0x00, 0x00, 0x00, 0x00, 0x00, 
0x00, 0x00, 0x00, 0x00, 0x58, 0x40, 0xE1, 0x20, 0xB0, 0xC0, 0x58, 0x40, 0x00, 0x00, 0x00, 0x00, 
0x00, 0x00, 0x00, 0x00, 0x4A, 0xA0, 0x4A, 0xA0, 0x4A, 0xA0, 0x4A, 0xA0, 0x4A, 0xA0, 0x4A, 0xA0, 
0x8C, 0x20, 0xFE, 0xCE, 0xFE, 0x47, 0xD4, 0xE0, 0x8C, 0x20, 0x4A, 0xA0, 0x4A, 0xA0, 0x58, 0x40, 
0x58, 0x40, 0x58, 0x40, 0x58, 0x40, 0x00, 0x00, 0x00, 0x00, 0x00, 0x00, 0x00, 0x00, 0x58, 0x40, 
0x58, 0x40, 0x00, 0x00, 0x58, 0x40, 0xE1, 0x20, 0xE1, 0x20, 0x58, 0x40, 0x00, 0x00, 0x00, 0x00, 
0x00, 0x00, 0x4A, 0xA0, 0xFE, 0xCE, 0xFE, 0xCE, 0xFE, 0x47, 0xFE, 0x47, 0xD4, 0xE0, 0x8C, 0x20, 
0xFE, 0xCE, 0xFE, 0xCE, 0xFE, 0x47, 0xD4, 0xE0, 0x8C, 0x20, 0xFE, 0x47, 0x8C, 0x20, 0x4A, 0xA0, 
0xE1, 0x20, 0xE1, 0x20, 0xE1, 0x20, 0x58, 0x40, 0x00, 0x00, 0x00, 0x00, 0x58, 0x40, 0xE1, 0x20, 
0xE1, 0x20, 0x58, 0x40, 0x58, 0x40, 0xE1, 0x20, 0xE1, 0x20, 0x58, 0x40, 0x00, 0x00, 0x00, 0x00, 
0x4A, 0xA0, 0xFE, 0xCE, 0xFE, 0xCE, 0xFE, 0xCE, 0xFE, 0x47, 0xFE, 0x47, 0xD4, 0xE0, 0x8C, 0x20, 
0xFE, 0xCE, 0xFE, 0xCE, 0xFE, 0x47, 0xD4, 0xE0, 0x8C, 0x20, 0xFE, 0x47, 0x8C, 0x20, 0x8C, 0x20, 
0x4A, 0xA0, 0xE1, 0x20, 0xE1, 0x20, 0xE1, 0x20, 0x58, 0x40, 0x58, 0x40, 0xE1, 0x20, 0xFA, 0x02, 
0xFB, 0x0A, 0xFA, 0x02, 0x58, 0x40, 0xE1, 0x20, 0xE1, 0x20, 0x58, 0x40, 0x00, 0x00, 0x00, 0x00, 
0x4A, 0xA0, 0xFE, 0x47, 0xFE, 0xCE, 0xFE, 0xCE, 0xFE, 0x47, 0xFE, 0x47, 0x8C, 0x20, 0x8C, 0x20, 
0xFE, 0xCE, 0xFE, 0x47, 0xFE, 0x47, 0xD4, 0xE0, 0x8C, 0x20, 0xFE, 0x47, 0xD4, 0xE0, 0x8C, 0x20, 
0x4A, 0xA0, 0xFA, 0x02, 0xFA, 0x02, 0xE1, 0x20, 0xE1, 0x20, 0x58, 0x40, 0xFA, 0x02, 0xFB, 0x0A, 
0xFB, 0x0A, 0xFA, 0x02, 0x58, 0x40, 0xFA, 0x02, 0xE1, 0x20, 0x58, 0x40, 0x00, 0x00, 0x00, 0x00, 
0x00, 0x00, 0x4A, 0xA0, 0xFE, 0x47, 0xFE, 0x47, 0xFE, 0x47, 0xFE, 0x47, 0x8C, 0x20, 0xFE, 0xCE, 
0xFE, 0xCE, 0xFE, 0x47, 0xFE, 0x47, 0x8C, 0x20, 0x8C, 0x20, 0xFE, 0x47, 0xD4, 0xE0, 0x8C, 0x20, 
0x4A, 0xA0, 0xFB, 0x0A, 0xFA, 0x02, 0xFA, 0x02, 0xE1, 0x20, 0x58, 0x40, 0xFB, 0x0A, 0xFB, 0x0A, 
0xFB, 0x0A, 0xFA, 0x02, 0x58, 0x40, 0xFA, 0x02, 0xE1, 0x20, 0x58, 0x40, 0x00, 0x00, 0x00, 0x00, 
0x00, 0x00, 0x4A, 0xA0, 0xFE, 0x47, 0xFE, 0x47, 0xFE, 0x47, 0x8C, 0x20, 0x8C, 0x20, 0xFE, 0xCE, 
0xFE, 0xCE, 0xFE, 0x47, 0xFE, 0x47, 0x8C, 0x20, 0xFE, 0x47, 0xFE, 0x47, 0xD4, 0xE0, 0xD4, 0xE0, 
0x8C, 0x20, 0x4A, 0xA0, 0xFB, 0x0A, 0xFA, 0x02, 0xE1, 0x20, 0x58, 0x40, 0xFB, 0x0A, 0xFB, 0x0A, 
0xFB, 0x0A, 0x58, 0x40, 0xFB, 0x0A, 0xE1, 0x20, 0xE1, 0x20, 0x58, 0x40, 0x00, 0x00, 0x00, 0x00, 
0x00, 0x00, 0x4A, 0xA0, 0xFE, 0x47, 0xD4, 0xE0, 0xD4, 0xE0, 0x8C, 0x20, 0xFE, 0xCE, 0xFE, 0xCE, 
0xFE, 0x47, 0xFE, 0x47, 0xD4, 0xE0, 0x8C, 0x20, 0xFE, 0x47, 0xFE, 0x47, 0xD4, 0xE0, 0xD4, 0xE0, 
0x8C, 0x20, 0x4A, 0xA0, 0xFB, 0x0A, 0xFA, 0x02, 0xFA, 0x02, 0xE1, 0x20, 0x58, 0x40, 0xFB, 0x0A, 
0xFB, 0x0A, 0x58, 0x40, 0xE1, 0x20, 0xE1, 0x20, 0x58, 0x40, 0x6A, 0x65, 0x00, 0x00, 0x00, 0x00, 
0x00, 0x00, 0x4A, 0xA0, 0xD4, 0xE0, 0xD4, 0xE0, 0x8C, 0x20, 0x8C, 0x20, 0xFE, 0xCE, 0xFE, 0xCE, 
0xFE, 0x47, 0xFE, 0x47, 0xD4, 0xE0, 0x8C, 0x20, 0xFE, 0x47, 0xFE, 0x47, 0xD4, 0xE0, 0xD4, 0xE0, 
0x8C, 0x20, 0x4A, 0xA0, 0xFB, 0x0A, 0xFA, 0x02, 0xFA, 0x02, 0xE1, 0x20, 0x58, 0x40, 0xFB, 0x0A, 
0xFB, 0x0A, 0x58, 0x40, 0xE1, 0x20, 0xE1, 0x20, 0x58, 0x40, 0x6A, 0x65, 0x00, 0x00, 0x00, 0x00, 
0x00, 0x00, 0x00, 0x00, 0x4A, 0xA0, 0x8C, 0x20, 0x8C, 0x20, 0xFE, 0xCE, 0xFE, 0xCE, 0xFE, 0x47, 
0xFE, 0x47, 0xFE, 0x47, 0xD4, 0xE0, 0x8C, 0x20, 0xFE, 0x47, 0xFE, 0x47, 0xD4, 0xE0, 0xD4, 0xE0, 
0x8C, 0x20, 0x4A, 0xA0, 0xFB, 0x0A, 0xFA, 0x02, 0xFA, 0x02, 0xE1, 0x20, 0x58, 0x40, 0xFB, 0x0A, 
0xE1, 0x20, 0x58, 0x40, 0xE1, 0x20, 0xE1, 0x20, 0x58, 0x40, 0x6A, 0x65, 0x00, 0x00, 0x00, 0x00, 
0x00, 0x00, 0x00, 0x00, 0x4A, 0xA0, 0x8C, 0x20, 0xFE, 0xCE, 0xFE, 0xCE, 0xFE, 0x47, 0xFE, 0x47, 
0xFE, 0x47, 0xD4, 0xE0, 0x8C, 0x20, 0x8C, 0x20, 0xFE, 0x47, 0xFE, 0x47, 0xD4, 0xE0, 0xD4, 0xE0, 
0x8C, 0x20, 0x4A, 0xA0, 0xFB, 0x0A, 0xFA, 0x02, 0xFA, 0x02, 0xE1, 0x20, 0x58, 0x40, 0xE1, 0x20, 
0xE1, 0x20, 0x58, 0x40, 0xE1, 0x20, 0xE1, 0x20, 0x58, 0x40, 0x8B, 0x69, 0x00, 0x00, 0x00, 0x00, 
0x00, 0x00, 0x00, 0x00, 0x4A, 0xA0, 0xFE, 0xCE, 0xFE, 0xCE, 0xFE, 0x47, 0xFE, 0x47, 0xFE, 0x47, 
0xD4, 0xE0, 0xD4, 0xE0, 0x8C, 0x20, 0xD4, 0xE0, 0xFE, 0x47, 0xFE, 0x47, 0xD4, 0xE0, 0x8C, 0x20, 
0x8C, 0x20, 0x4A, 0xA0, 0xFA, 0x02, 0xFA, 0x02, 0xFA, 0x02, 0xE1, 0x20, 0xE1, 0x20, 0xE1, 0x20, 
0x58, 0x40, 0xE1, 0x20, 0xE1, 0x20, 0xE1, 0x20, 0x58, 0x40, 0x6A, 0x65, 0x00, 0x00, 0x00, 0x00, 
0x00, 0x00, 0x00, 0x00, 0x4A, 0xA0, 0xFE, 0xCE, 0xFE, 0xCE, 0xFE, 0x47, 0xFE, 0x47, 0xFE, 0x47, 
0xD4, 0xE0, 0xD4, 0xE0, 0x8C, 0x20, 0xFE, 0x47, 0xFE, 0x47, 0xD4, 0xE0, 0xD4, 0xE0, 0x8C, 0x20, 
0x8C, 0x20, 0x4A, 0xA0, 0xFA, 0x02, 0xFA, 0x02, 0xFA, 0x02, 0xE1, 0x20, 0xE1, 0x20, 0xE1, 0x20, 
0x58, 0x40, 0xE1, 0x20, 0xE1, 0x20, 0xE1, 0x20, 0x58, 0x40, 0x00, 0x00, 0x00, 0x00, 0x00, 0x00, 
0x00, 0x00, 0x00, 0x00, 0x4A, 0xA0, 0xFE, 0x47, 0xFE, 0x47, 0xFE, 0x47, 0xFE, 0x47, 0xFE, 0x47, 
0xD4, 0xE0, 0xD4, 0xE0, 0x8C, 0x20, 0xFE, 0x47, 0xFE, 0x47, 0xD4, 0xE0, 0xD4, 0xE0, 0x8C, 0x20, 
0x8C, 0x20, 0x4A, 0xA0, 0xFA, 0x02, 0xFA, 0x02, 0xFA, 0x02, 0xE1, 0x20, 0xE1, 0x20, 0xE1, 0x20, 
0xE1, 0x20, 0xE1, 0x20, 0xE1, 0x20, 0xE1, 0x20, 0x58, 0x40, 0x00, 0x00, 0x00, 0x00, 0x00, 0x00, 
0x00, 0x00, 0x00, 0x00, 0x4A, 0xA0, 0xFE, 0x47, 0xFE, 0x47, 0xFE, 0x47, 0xD4, 0xE0, 0xD4, 0xE0, 
0xD4, 0xE0, 0xD4, 0xE0, 0x8C, 0x20, 0xFE, 0x47, 0xFE, 0x47, 0xD4, 0xE0, 0xD4, 0xE0, 0x8C, 0x20, 
0x8C, 0x20, 0x4A, 0xA0, 0xFA, 0x02, 0xFA, 0x02, 0xFA, 0x02, 0xE1, 0x20, 0xE1, 0x20, 0xE1, 0x20, 
0xE1, 0x20, 0xE1, 0x20, 0xE1, 0x20, 0xE1, 0x20, 0x58, 0x40, 0x6A, 0x65, 0x00, 0x00, 0x00, 0x00, 
0x00, 0x00, 0x00, 0x00, 0x4A, 0xA0, 0xFE, 0x47, 0xFE, 0x47, 0xFE, 0x47, 0xD4, 0xE0, 0xD4, 0xE0, 
0xD4, 0xE0, 0x8C, 0x20, 0xFE, 0xCE, 0xFE, 0x47, 0xFE, 0x47, 0xD4, 0xE0, 0x8C, 0x20, 0x8C, 0x20, 
0x8C, 0x20, 0x4A, 0xA0, 0xFA, 0x02, 0xFA, 0x02, 0xE1, 0x20, 0xE1, 0x20, 0xE1, 0x20, 0xE1, 0x20, 
0xE1, 0x20, 0xE1, 0x20, 0xE1, 0x20, 0xE1, 0x20, 0x58, 0x40, 0x6A, 0x65, 0x00, 0x00, 0x00, 0x00, 
0x00, 0x00, 0x00, 0x00, 0x4A, 0xA0, 0xD4, 0xE0, 0xFE, 0x47, 0xD4, 0xE0, 0xD4, 0xE0, 0xD4, 0xE0, 
0x8C, 0x20, 0x8C, 0x20, 0xFE, 0xCE, 0xD4, 0xE0, 0xD4, 0xE0, 0xD4, 0xE0, 0x8C, 0x20, 0x8C, 0x20, 
0x8C, 0x20, 0x4A, 0xA0, 0xE1, 0x20, 0xE1, 0x20, 0xE1, 0x20, 0xE1, 0x20, 0x58, 0x40, 0xE1, 0x20, 
0xE1, 0x20, 0xE1, 0x20, 0xE1, 0x20, 0xE1, 0x20, 0x58, 0x40, 0x6A, 0x65, 0x00, 0x00, 0x00, 0x00, 
0x00, 0x00, 0x00, 0x00, 0x4A, 0xA0, 0xD4, 0xE0, 0xFE, 0x47, 0xD4, 0xE0, 0xD4, 0xE0, 0x8C, 0x20, 
0x8C, 0x20, 0xFE, 0xCE, 0xFE, 0x47, 0xD4, 0xE0, 0xD4, 0xE0, 0xD4, 0xE0, 0x8C, 0x20, 0x8C, 0x20, 
0x8C, 0x20, 0x4A, 0xA0, 0xE1, 0x20, 0xE1, 0x20, 0xE1, 0x20, 0xE1, 0x20, 0x58, 0x40, 0xE1, 0x20, 
0xE1, 0x20, 0xE1, 0x20, 0xE1, 0x20, 0xE1, 0x20, 0x58, 0x40, 0x6A, 0x65, 0x00, 0x00, 0x00, 0x00, 
0x00, 0x00, 0x00, 0x00, 0x4A, 0xA0, 0xD4, 0xE0, 0xD4, 0xE0, 0xD4, 0xE0, 0x8C, 0x20, 0x8C, 0x20, 
0xFE, 0x47, 0xFE, 0x47, 0xFE, 0x47, 0xD4, 0xE0, 0xD4, 0xE0, 0x8C, 0x20, 0x8C, 0x20, 0x8C, 0x20, 
0x4A, 0xA0, 0xE1, 0x20, 0xE1, 0x20, 0xE1, 0x20, 0xE1, 0x20, 0xE1, 0x20, 0x58, 0x40, 0xE1, 0x20, 
0xE1, 0x20, 0xE1, 0x20, 0xE1, 0x20, 0xE1, 0x20, 0x58, 0x40, 0x8B, 0x69, 0x00, 0x00, 0x00, 0x00, 
0x00, 0x00, 0x00, 0x00, 0x00, 0x00, 0x4A, 0xA0, 0xD4, 0xE0, 0x8C, 0x20, 0x8C, 0x20, 0xFE, 0x47, 
0xFE, 0x47, 0xFE, 0x47, 0xD4, 0xE0, 0xD4, 0xE0, 0x8C, 0x20, 0x8C, 0x20, 0x8C, 0x20, 0x8C, 0x20, 
0x4A, 0xA0, 0xE1, 0x20, 0xE1, 0x20, 0xE1, 0x20, 0xE1, 0x20, 0x58, 0x40, 0xE1, 0x20, 0xE1, 0x20, 
0xE1, 0x20, 0xE1, 0x20, 0x58, 0x40, 0xFA, 0x02, 0x58, 0x40, 0x6A, 0x65, 0x00, 0x00, 0x00, 0x00, 
0x00, 0x00, 0x00, 0x00, 0x00, 0x00, 0x00, 0x00, 0x4A, 0xA0, 0x8C, 0x20, 0xFE, 0x47, 0xFE, 0x47, 
0xFE, 0x47, 0xFE, 0x47, 0xD4, 0xE0, 0xD4, 0xE0, 0x8C, 0x20, 0x8C, 0x20, 0x8C, 0x20, 0x4A, 0xA0, 
0xE1, 0x20, 0xE1, 0x20, 0xE1, 0x20, 0xE1, 0x20, 0xE1, 0x20, 0x58, 0x40, 0xB0, 0xC0, 0xE1, 0x20, 
0xE1, 0x20, 0xE1, 0x20, 0x58, 0x40, 0xE1, 0x20, 0x58, 0x40, 0x00, 0x00, 0x00, 0x00, 0x00, 0x00, 
0x00, 0x00, 0x00, 0x00, 0x00, 0x00, 0x00, 0x00, 0x00, 0x00, 0x4A, 0xA0, 0xFE, 0x47, 0xFE, 0x47, 
0xD4, 0xE0, 0xD4, 0xE0, 0xD4, 0xE0, 0x8C, 0x20, 0x8C, 0x20, 0x8C, 0x20, 0x8C, 0x20, 0x4A, 0xA0, 
0xE1, 0x20, 0xE1, 0x20, 0xE1, 0x20, 0xE1, 0x20, 0xB0, 0xC0, 0x58, 0x40, 0xB0, 0xC0, 0xB0, 0xC0, 
0xE1, 0x20, 0xE1, 0x20, 0x58, 0x40, 0x58, 0x40, 0x00, 0x00, 0x00, 0x00, 0x00, 0x00, 0x00, 0x00, 
0x00, 0x00, 0x00, 0x00, 0x00, 0x00, 0x00, 0x00, 0x00, 0x00, 0x00, 0x00, 0x4A, 0xA0, 0xD4, 0xE0, 
0xD4, 0xE0, 0xD4, 0xE0, 0x8C, 0x20, 0x8C, 0x20, 0x8C, 0x20, 0x8C, 0x20, 0x4A, 0xA0, 0xB0, 0xC0, 
0xB0, 0xC0, 0xB0, 0xC0, 0xB0, 0xC0, 0xB0, 0xC0, 0x58, 0x40, 0x58, 0x40, 0xB0, 0xC0, 0xB0, 0xC0, 
0xE1, 0x20, 0xE1, 0x20, 0x58, 0x40, 0x00, 0x00, 0x00, 0x00, 0x00, 0x00, 0x00, 0x00, 0x00, 0x00, 
0x00, 0x00, 0x00, 0x00, 0x00, 0x00, 0x00, 0x00, 0x00, 0x00, 0x00, 0x00, 0x00, 0x00, 0x4A, 0xA0, 
0x4A, 0xA0, 0x4A, 0xA0, 0x4A, 0xA0, 0x4A, 0xA0, 0x4A, 0xA0, 0x4A, 0xA0, 0xB0, 0xC0, 0xB0, 0xC0, 
0xB0, 0xC0, 0xB0, 0xC0, 0xB0, 0xC0, 0x58, 0x40, 0x00, 0x00, 0x00, 0x00, 0x58, 0x40, 0xB0, 0xC0, 
0xB0, 0xC0, 0x58, 0x40, 0x00, 0x00, 0x00, 0x00, 0x00, 0x00, 0x00, 0x00, 0x00, 0x00, 0x00, 0x00, 
0x00, 0x00, 0x00, 0x00, 0x00, 0x00, 0x00, 0x00, 0x00, 0x00, 0x00, 0x00, 0x00, 0x00, 0x00, 0x00, 
0x00, 0x00, 0x00, 0x00, 0x00, 0x00, 0x00, 0x00, 0x00, 0x00, 0x58, 0x40, 0x58, 0x40, 0x58, 0x40, 
0x58, 0x40, 0x58, 0x40, 0x58, 0x40, 0x00, 0x00, 0x00, 0x00, 0x00, 0x00, 0x00, 0x00, 0x58, 0x40, 
0x58, 0x40, 0x00, 0x00, 0x00, 0x00, 0x00, 0x00, 0x00, 0x00, 0x00, 0x00, 0x00, 0x00, 0x00, 0x00, 
0x00, 0x00, 0x00, 0x00, 0x00, 0x00, 0x00, 0x00, 0x00, 0x00, 0x00, 0x00, 0x00, 0x00, 0x00, 0x00, 
0x00, 0x00, 0x00, 0x00, 0x00, 0x00, 0x00, 0x00, 0x00, 0x00, 0x00, 0x00, 0x00, 0x00, 0x00, 0x00, 
0x00, 0x00, 0x00, 0x00, 0x00, 0x00, 0x00, 0x00, 0x00, 0x00, 0x00, 0x00, 0x00, 0x00, 0x00, 0x00, 
0x00, 0x00, 0x00, 0x00, 0x00, 0x00, 0x00, 0x00, 0x00, 0x00, 0x00, 0x00, 0x00, 0x00, 0x00, 0x00, 
0x00, 0x00, 0x00, 0x00, 0x00, 0x00, 0x00, 0x00, 0x00, 0x00, 0x00, 0x00, 0x00, 0x00, 0x00, 0x00, 
0x00, 0x00, 0x00, 0x00, 0x00, 0x00, 0x00, 0x00, 0x00, 0x00, 0x00, 0x00, 0x00, 0x00, 0x00, 0x00, 
0x00, 0x00, 0x00, 0x00, 0x00, 0x00, 0x00, 0x00, 0x00, 0x00, 0x00, 0x00, 0x00, 0x00, 0x00, 0x00, 
0x00, 0x00, 0x00, 0x00, 0x00, 0x00, 0x00, 0x00, 0x00, 0x00, 0x00, 0x00, 0x00, 0x00, 0x00, 0x00, 
0x00, 0x00, 0x00, 0x00, 0x00, 0x00, 0x00, 0x00, 0x00, 0x00, 0x00, 0x00, 0x00, 0x00, 0x00, 0x00, 
0x00, 0x00, 0x00, 0x00, 0x00, 0x00, 0x00, 0x00, 0x00, 0x00, 0x00, 0x00, 0x00, 0x00, 0x00, 0x00, 
0x00, 0x00, 0x00, 0x00, 0x00, 0x00, 0x00, 0x00, 0x00, 0x00, 0x00, 0x00, 0x00, 0x00, 0x00, 0x00, 
0x00, 0x00, 0x00, 0x00, 0x00, 0x00, 0x00, 0x00, 0x00, 0x00, 0x00, 0x00, 0x00, 0x00, 0x00, 0x00, 
0x00, 0x00, 0x00, 0x00, 0x00, 0x00, 0x00, 0x00, 0x00, 0x00, 0x00, 0x00, 0x00, 0x00, 0x00, 0x00, 
0x00, 0x00, 0x00, 0x00, 0x00, 0x00, 0x00, 0x00, 0x00, 0x00, 0x00, 0x00, 0x00, 0x00, 0x00, 0x00, 
0x00, 0x00, 0x00, 0x00, 0x00, 0x00, 0x00, 0x00, 0x00, 0x00, 0x00, 0x00, 0x00, 0x00, 0x00, 0x00, 
0x00, 0x00, 0x00, 0x00, 0x00, 0x00, 0x00, 0x00, 0x00, 0x00, 0x00, 0x00, 0x00, 0x00, 0x00, 0x00, 
0x00, 0x00, 0x00, 0x00, 0x00, 0x00, 0x00, 0x00, 0x00, 0x00, 0x00, 0x00, 0x00, 0x00, 0x00, 0x00, 
0x00, 0x00, 0x00, 0x00, 0x00, 0x00, 0x00, 0x00, 0x00, 0x00, 0x00, 0x00, 0x00, 0x00, 0x00, 0x00, 
0x00, 0x00, 0x00, 0x00, 0x00, 0x00, 0x00, 0x00, 0x00, 0x00, 0x00, 0x00, 0x00, 0x00, 0x00, 0x00, 
0x00, 0x00, 0x00, 0x00, 0x00, 0x00, 0x00, 0x00, 0x00, 0x00, 0x00, 0x00, 0x00, 0x00, 0x00, 0x00
}
,
{
0x00, 0x00, 0x00, 0x00, 0x00, 0x00, 0x00, 0x00, 0x00, 0x00, 0x00, 0x00, 0x00, 0x00, 0x00, 0x00, 
0x00, 0x00, 0x00, 0x00, 0x00, 0x00, 0x00, 0x00, 0x00, 0x00, 0x00, 0x00, 0x00, 0x00, 0x00, 0x00, 
0x00, 0x00, 0x00, 0x00, 0x00, 0x00, 0x00, 0x00, 0x00, 0x00, 0x00, 0x00, 0x00, 0x00, 0x00, 0x00, 
0x00, 0x00, 0x00, 0x00, 0x00, 0x00, 0x00, 0x00, 0x00, 0x00, 0x00, 0x00, 0x00, 0x00, 0x00, 0x00, 
0x00, 0x00, 0x00, 0x00, 0x00, 0x00, 0x00, 0x00, 0x00, 0x00, 0x00, 0x00, 0x00, 0x00, 0x00, 0x00, 
0x00, 0x00, 0x00, 0x00, 0x00, 0x00, 0x00, 0x00, 0x00, 0x00, 0x00, 0x00, 0x00, 0x00, 0x00, 0x00, 
0x00, 0x00, 0x00, 0x00, 0x00, 0x00, 0x00, 0x00, 0x00, 0x00, 0x00, 0x00, 0x00, 0x00, 0x00, 0x00, 
0x00, 0x00, 0x00, 0x00, 0x00, 0x00, 0x00, 0x00, 0x00, 0x00, 0x00, 0x00, 0x00, 0x00, 0x00, 0x00, 
0x00, 0x00, 0x00, 0x00, 0x00, 0x00, 0x00, 0x00, 0x00, 0x00, 0x00, 0x00, 0x00, 0x00, 0x00, 0x00, 
0x00, 0x00, 0x00, 0x00, 0x00, 0x00, 0x00, 0x00, 0x00, 0x00, 0x00, 0x00, 0x00, 0x00, 0x00, 0x00, 
0x00, 0x00, 0x00, 0x00, 0x00, 0x00, 0x00, 0x00, 0x00, 0x00, 0x00, 0x00, 0x00, 0x00, 0x00, 0x00, 
0x00, 0x00, 0x00, 0x00, 0xB0, 0xC0, 0xB0, 0xC0, 0x00, 0x00, 0x00, 0x00, 0x00, 0x00, 0x00, 0x00, 
0x00, 0x00, 0x00, 0x00, 0x00, 0x00, 0x00, 0x00, 0x00, 0x00, 0x00, 0x00, 0x00, 0x00, 0x00, 0x00, 
0x00, 0x00, 0x00, 0x00, 0x4A, 0xA0, 0x4A, 0xA0, 0x4A, 0xA0, 0x4A, 0xA0, 0x00, 0x00, 0x00, 0x00, 
0x00, 0x00, 0x00, 0x00, 0x00, 0x00, 0x00, 0x00, 0x00, 0x00, 0x00, 0x00, 0x00, 0x00, 0x00, 0x00, 
0x00, 0x00, 0x00, 0x00, 0xB0, 0xC0, 0xFB, 0x0A, 0xB0, 0xC0, 0x00, 0x00, 0x00, 0x00, 0x00, 0x00, 
0x00, 0x00, 0x00, 0x00, 0x00, 0x00, 0x00, 0x00, 0x00, 0x00, 0x00, 0x00, 0x00, 0x00, 0x00, 0x00, 
0x00, 0x00, 0x4A, 0xA0, 0x8C, 0x20, 0xFE, 0x47, 0xD4, 0xE0, 0x8C, 0x20, 0x4A, 0xA0, 0x00, 0x00, 
0x00, 0x00, 0x00, 0x00, 0x00, 0x00, 0x00, 0x00, 0x00, 0x00, 0x00, 0x00, 0x00, 0x00, 0x00, 0x00, 
0x00, 0x00, 0x00, 0x00, 0xB0, 0xC0, 0xFB, 0x0A, 0xFB, 0x0A, 0xB0, 0xC0, 0x00, 0x00, 0x00, 0x00, 
0x00, 0x00, 0x00, 0x00, 0x00, 0x00, 0x4A, 0xA0, 0x4A, 0xA0, 0x4A, 0xA0, 0x4A, 0xA0, 0x4A, 0xA0, 
0x4A, 0xA0, 0x8C, 0x20, 0xFE, 0xCE, 0xFE, 0x47, 0xD4, 0xE0, 0x8C, 0x20, 0x4A, 0xA0, 0x4A, 0xA0, 
0x58, 0x40, 0x58, 0x40, 0x58, 0x40, 0x58, 0x40, 0x00, 0x00, 0x00, 0x00, 0x00, 0x00, 0x00, 0x00, 
0x00, 0x00, 0x00, 0x00, 0x00, 0x00, 0xB0, 0xC0, 0xFB, 0x0A, 0xE1, 0x20, 0xB0, 0xC0, 0x00, 0x00, 
0x00, 0x00, 0x00, 0x00, 0x4A, 0xA0, 0xFE, 0xCE, 0xFE, 0xCE, 0xFE, 0x47, 0xFE, 0x47, 0xD4, 0xE0, 
0x8C, 0x20, 0xFE, 0xCE, 0xFE, 0xCE, 0xFE, 0x47, 0xD4, 0xE0, 0x8C, 0x20, 0xFE, 0x47, 0x8C, 0x20, 
0x4A, 0xA0, 0xE1, 0x20, 0xE1, 0x20, 0xE1, 0x20, 0x58, 0x40, 0x00, 0x00, 0x00, 0x00, 0x00, 0x00, 
0x00, 0x00, 0x00, 0x00, 0x00, 0x00, 0xB0, 0xC0, 0xE1, 0x20, 0xE1, 0x20, 0xB0, 0xC0, 0x00, 0x00, 
0x00, 0x00, 0x4A, 0xA0, 0xFE, 0xCE, 0xFE, 0xCE, 0xFE, 0xCE, 0xFE, 0x47, 0xFE, 0x47, 0xD4, 0xE0, 
0x8C, 0x20, 0xFE, 0xCE, 0xFE, 0xCE, 0xFE, 0x47, 0xD4, 0xE0, 0x8C, 0x20, 0xFE, 0x47, 0x8C, 0x20, 
0x8C, 0x20, 0x4A, 0xA0, 0xE1, 0x20, 0xE1, 0x20, 0xE1, 0x20, 0x58, 0x40, 0x58, 0x40, 0x00, 0x00, 
0xB0, 0xC0, 0xB0, 0xC0, 0x00, 0x00, 0xB0, 0xC0, 0xE1, 0x20, 0xE1, 0x20, 0x58, 0x40, 0x00, 0x00, 
0x00, 0x00, 0x4A, 0xA0, 0xFE, 0x47, 0xFE, 0xCE, 0xFE, 0xCE, 0xFE, 0x47, 0xFE, 0x47, 0x8C, 0x20, 
0x8C, 0x20, 0xFE, 0xCE, 0xFE, 0x47, 0xFE, 0x47, 0xD4, 0xE0, 0x8C, 0x20, 0xFE, 0x47, 0xD4, 0xE0, 
0x8C, 0x20, 0x4A, 0xA0, 0xFA, 0x02, 0xFA, 0x02, 0xE1, 0x20, 0xE1, 0x20, 0x58, 0x40, 0xB0, 0xC0, 
0xFB, 0x0A, 0xFB, 0x0A, 0xB0, 0xC0, 0x58, 0x40, 0xE1, 0x20, 0xE1, 0x20, 0x58, 0x40, 0x00, 0x00, 
0x00, 0x00, 0x00, 0x00, 0x4A, 0xA0, 0xFE, 0x47, 0xFE, 0x47, 0xFE, 0x47, 0xFE, 0x47, 0x8C, 0x20, 
0xFE, 0xCE, 0xFE, 0xCE, 0xFE, 0x47, 0xFE, 0x47, 0x8C, 0x20, 0x8C, 0x20, 0xFE, 0x47, 0xD4, 0xE0, 
0x8C, 0x20, 0x4A, 0xA0, 0xFB, 0x0A, 0xFA, 0x02, 0xFA, 0x02, 0xE1, 0x20, 0x58, 0x40, 0xFB, 0x0A, 
0xFB, 0x0A, 0xFB, 0x0A, 0xFA, 0x02, 0x58, 0x40, 0xE1, 0x20, 0xE1, 0x20, 0x58, 0x40, 0x00, 0x00, 
0x00, 0x00, 0x00, 0x00, 0x4A, 0xA0, 0xFE, 0x47, 0xFE, 0x47, 0xFE, 0x47, 0x8C, 0x20, 0x8C, 0x20, 
0xFE, 0xCE, 0xFE, 0xCE, 0xFE, 0x47, 0xFE, 0x47, 0x8C, 0x20, 0xFE, 0x47, 0xFE, 0x47, 0xD4, 0xE0, 
0xD4, 0xE0, 0x8C, 0x20, 0x4A, 0xA0, 0xFB, 0x0A, 0xFA, 0x02, 0xE1, 0x20, 0x58, 0x40, 0xFB, 0x0A, 
0xFB, 0x0A, 0xFB, 0x0A, 0x58, 0x40, 0xFB, 0x0A, 0xE1, 0x20, 0xE1, 0x20, 0x58, 0x40, 0x00, 0x00, 
0x00, 0x00, 0x00, 0x00, 0x4A, 0xA0, 0xFE, 0x47, 0xD4, 0xE0, 0xD4, 0xE0, 0x8C, 0x20, 0xFE, 0xCE, 
0xFE, 0xCE, 0xFE, 0x47, 0xFE, 0x47, 0xD4, 0xE0, 0x8C, 0x20, 0xFE, 0x47, 0xFE, 0x47, 0xD4, 0xE0, 
0xD4, 0xE0, 0x8C, 0x20, 0x4A, 0xA0, 0xFB, 0x0A, 0xFA, 0x02, 0xFA, 0x02, 0xE1, 0x20, 0x58, 0x40, 
0xFB, 0x0A, 0xFB, 0x0A, 0x58, 0x40, 0xE1, 0x20, 0xE1, 0x20, 0x58, 0x40, 0x8B, 0x69, 0x00, 0x00, 
0x00, 0x00, 0x00, 0x00, 0x4A, 0xA0, 0xD4, 0xE0, 0xD4, 0xE0, 0x8C, 0x20, 0x8C, 0x20, 0xFE, 0xCE, 
0xFE, 0xCE, 0xFE, 0x47, 0xFE, 0x47, 0xD4, 0xE0, 0x8C, 0x20, 0xFE, 0x47, 0xFE, 0x47, 0xD4, 0xE0, 
0xD4, 0xE0, 0x8C, 0x20, 0x4A, 0xA0, 0xFB, 0x0A, 0xFA, 0x02, 0xFA, 0x02, 0xE1, 0x20, 0x58, 0x40, 
0xFB, 0x0A, 0xFB, 0x0A, 0x58, 0x40, 0xE1, 0x20, 0xE1, 0x20, 0x58, 0x40, 0x8B, 0x69, 0x00, 0x00, 
0x00, 0x00, 0x00, 0x00, 0x00, 0x00, 0x4A, 0xA0, 0x8C, 0x20, 0x8C, 0x20, 0xFE, 0xCE, 0xFE, 0xCE, 
0xFE, 0x47, 0xFE, 0x47, 0xFE, 0x47, 0xD4, 0xE0, 0x8C, 0x20, 0xFE, 0x47, 0xFE, 0x47, 0xD4, 0xE0, 
0xD4, 0xE0, 0x8C, 0x20, 0x4A, 0xA0, 0xFB, 0x0A, 0xFA, 0x02, 0xFA, 0x02, 0xE1, 0x20, 0x58, 0x40, 
0xFB, 0x0A, 0xE1, 0x20, 0x58, 0x40, 0xE1, 0x20, 0xE1, 0x20, 0x58, 0x40, 0x6A, 0x65, 0x00, 0x00, 
0x00, 0x00, 0x00, 0x00, 0x00, 0x00, 0x4A, 0xA0, 0x8C, 0x20, 0xFE, 0xCE, 0xFE, 0xCE, 0xFE, 0x47, 
0xFE, 0x47, 0xFE, 0x47, 0xD4, 0xE0, 0x8C, 0x20, 0x8C, 0x20, 0xFE, 0x47, 0xFE, 0x47, 0xD4, 0xE0, 
0xD4, 0xE0, 0x8C, 0x20, 0x4A, 0xA0, 0xFB, 0x0A, 0xFA, 0x02, 0xFA, 0x02, 0xE1, 0x20, 0x58, 0x40, 
0xE1, 0x20, 0xE1, 0x20, 0x58, 0x40, 0xE1, 0x20, 0xE1, 0x20, 0x58, 0x40, 0x6A, 0x65, 0x00, 0x00, 
0x00, 0x00, 0x00, 0x00, 0x00, 0x00, 0x4A, 0xA0, 0xFE, 0xCE, 0xFE, 0xCE, 0xFE, 0x47, 0xFE, 0x47, 
0xFE, 0x47, 0xD4, 0xE0, 0xD4, 0xE0, 0x8C, 0x20, 0xD4, 0xE0, 0xFE, 0x47, 0xFE, 0x47, 0xD4, 0xE0, 
0x8C, 0x20, 0x8C, 0x20, 0x4A, 0xA0, 0xFA, 0x02, 0xFA, 0x02, 0xFA, 0x02, 0xE1, 0x20, 0xE1, 0x20, 
0xE1, 0x20, 0x58, 0x40, 0xE1, 0x20, 0xE1, 0x20, 0xE1, 0x20, 0x58, 0x40, 0x6A, 0x65, 0x00, 0x00, 
0x00, 0x00, 0x00, 0x00, 0x00, 0x00, 0x4A, 0xA0, 0xFE, 0xCE, 0xFE, 0xCE, 0xFE, 0x47, 0xFE, 0x47, 
0xFE, 0x47, 0xD4, 0xE0, 0xD4, 0xE0, 0x8C, 0x20, 0xFE, 0x47, 0xFE, 0x47, 0xD4, 0xE0, 0xD4, 0xE0, 
0x8C, 0x20, 0x8C, 0x20, 0x4A, 0xA0, 0xFA, 0x02, 0xFA, 0x02, 0xFA, 0x02, 0xE1, 0x20, 0xE1, 0x20, 
0xE1, 0x20, 0x58, 0x40, 0xE1, 0x20, 0xE1, 0x20, 0xE1, 0x20, 0x58, 0x40, 0x00, 0x00, 0x00, 0x00, 
0x00, 0x00, 0x00, 0x00, 0x00, 0x00, 0x4A, 0xA0, 0xFE, 0x47, 0xFE, 0x47, 0xFE, 0x47, 0xFE, 0x47, 
0xFE, 0x47, 0xD4, 0xE0, 0xD4, 0xE0, 0x8C, 0x20, 0xFE, 0x47, 0xFE, 0x47, 0xD4, 0xE0, 0xD4, 0xE0, 
0x8C, 0x20, 0x8C, 0x20, 0x4A, 0xA0, 0xFA, 0x02, 0xFA, 0x02, 0xFA, 0x02, 0xE1, 0x20, 0xE1, 0x20, 
0xE1, 0x20, 0xE1, 0x20, 0xE1, 0x20, 0xE1, 0x20, 0xE1, 0x20, 0x58, 0x40, 0x00, 0x00, 0x00, 0x00, 
0x00, 0x00, 0x00, 0x00, 0x00, 0x00, 0x4A, 0xA0, 0xFE, 0x47, 0xFE, 0x47, 0xFE, 0x47, 0xD4, 0xE0, 
0xD4, 0xE0, 0xD4, 0xE0, 0xD4, 0xE0, 0x8C, 0x20, 0xFE, 0x47, 0xFE, 0x47, 0xD4, 0xE0, 0xD4, 0xE0, 
0x8C, 0x20, 0x8C, 0x20, 0x4A, 0xA0, 0xFA, 0x02, 0xFA, 0x02, 0xFA, 0x02, 0xE1, 0x20, 0xE1, 0x20, 
0xE1, 0x20, 0xE1, 0x20, 0xE1, 0x20, 0xE1, 0x20, 0xE1, 0x20, 0x58, 0x40, 0x8B, 0x69, 0x8B, 0x69, 
0x00, 0x00, 0x00, 0x00, 0x00, 0x00, 0x4A, 0xA0, 0xFE, 0x47, 0xFE, 0x47, 0xFE, 0x47, 0xD4, 0xE0, 
0xD4, 0xE0, 0xD4, 0xE0, 0x8C, 0x20, 0xFE, 0xCE, 0xFE, 0x47, 0xFE, 0x47, 0xD4, 0xE0, 0x8C, 0x20, 
0x8C, 0x20, 0x8C, 0x20, 0x4A, 0xA0, 0xFA, 0x02, 0xFA, 0x02, 0xE1, 0x20, 0xE1, 0x20, 0xE1, 0x20, 
0xE1, 0x20, 0xE1, 0x20, 0xE1, 0x20, 0xE1, 0x20, 0xE1, 0x20, 0x58, 0x40, 0x8B, 0x69, 0x8B, 0x69, 
0x00, 0x00, 0x00, 0x00, 0x00, 0x00, 0x4A, 0xA0, 0xD4, 0xE0, 0xFE, 0x47, 0xD4, 0xE0, 0xD4, 0xE0, 
0xD4, 0xE0, 0x8C, 0x20, 0x8C, 0x20, 0xFE, 0xCE, 0xD4, 0xE0, 0xD4, 0xE0, 0xD4, 0xE0, 0x8C, 0x20, 
0x8C, 0x20, 0x8C, 0x20, 0x4A, 0xA0, 0xE1, 0x20, 0xE1, 0x20, 0xE1, 0x20, 0xE1, 0x20, 0x58, 0x40, 
0xE1, 0x20, 0xE1, 0x20, 0xE1, 0x20, 0xE1, 0x20, 0xE1, 0x20, 0x58, 0x40, 0x8B, 0x69, 0x6A, 0x65, 
0x00, 0x00, 0x00, 0x00, 0x00, 0x00, 0x4A, 0xA0, 0xD4, 0xE0, 0xFE, 0x47, 0xD4, 0xE0, 0xD4, 0xE0, 
0x8C, 0x20, 0x8C, 0x20, 0xFE, 0xCE, 0xFE, 0x47, 0xD4, 0xE0, 0xD4, 0xE0, 0xD4, 0xE0, 0x8C, 0x20, 
0x8C, 0x20, 0x8C, 0x20, 0x4A, 0xA0, 0xE1, 0x20, 0xE1, 0x20, 0xE1, 0x20, 0xE1, 0x20, 0x58, 0x40, 
0xE1, 0x20, 0xE1, 0x20, 0xE1, 0x20, 0xE1, 0x20, 0xE1, 0x20, 0x58, 0x40, 0x6A, 0x65, 0x6A, 0x65, 
0x00, 0x00, 0x00, 0x00, 0x00, 0x00, 0x4A, 0xA0, 0xD4, 0xE0, 0xD4, 0xE0, 0xD4, 0xE0, 0x8C, 0x20, 
0x8C, 0x20, 0xFE, 0x47, 0xFE, 0x47, 0xFE, 0x47, 0xD4, 0xE0, 0xD4, 0xE0, 0x8C, 0x20, 0x8C, 0x20, 
0x8C, 0x20, 0x4A, 0xA0, 0xE1, 0x20, 0xE1, 0x20, 0xE1, 0x20, 0xE1, 0x20, 0xE1, 0x20, 0x58, 0x40, 
0xE1, 0x20, 0xE1, 0x20, 0xE1, 0x20, 0xE1, 0x20, 0xE1, 0x20, 0x58, 0x40, 0x6A, 0x65, 0x6A, 0x65, 
0x00, 0x00, 0x00, 0x00, 0x00, 0x00, 0x00, 0x00, 0x4A, 0xA0, 0xD4, 0xE0, 0x8C, 0x20, 0x8C, 0x20, 
0xFE, 0x47, 0xFE, 0x47, 0xFE, 0x47, 0xD4, 0xE0, 0xD4, 0xE0, 0x8C, 0x20, 0x8C, 0x20, 0x8C, 0x20, 
0x8C, 0x20, 0x4A, 0xA0, 0xE1, 0x20, 0xE1, 0x20, 0xE1, 0x20, 0xE1, 0x20, 0x58, 0x40, 0xE1, 0x20, 
0xE1, 0x20, 0xE1, 0x20, 0xE1, 0x20, 0x58, 0x40, 0xFA, 0x02, 0x58, 0x40, 0x6A, 0x65, 0x6A, 0x65, 
0x00, 0x00, 0x00, 0x00, 0x00, 0x00, 0x00, 0x00, 0x00, 0x00, 0x4A, 0xA0, 0x8C, 0x20, 0xFE, 0x47, 
0xFE, 0x47, 0xFE, 0x47, 0xFE, 0x47, 0xD4, 0xE0, 0xD4, 0xE0, 0x8C, 0x20, 0x8C, 0x20, 0x8C, 0x20, 
0x4A, 0xA0, 0xE1, 0x20, 0xE1, 0x20, 0xE1, 0x20, 0xE1, 0x20, 0xE1, 0x20, 0x58, 0x40, 0xB0, 0xC0, 
0xE1, 0x20, 0xE1, 0x20, 0xE1, 0x20, 0x58, 0x40, 0xE1, 0x20, 0x58, 0x40, 0x00, 0x00, 0x00, 0x00, 
0x00, 0x00, 0x00, 0x00, 0x00, 0x00, 0x00, 0x00, 0x00, 0x00, 0x00, 0x00, 0x4A, 0xA0, 0xFE, 0x47, 
0xFE, 0x47, 0xD4, 0xE0, 0xD4, 0xE0, 0xD4, 0xE0, 0x8C, 0x20, 0x8C, 0x20, 0x8C, 0x20, 0x8C, 0x20, 
0x4A, 0xA0, 0xE1, 0x20, 0xE1, 0x20, 0xE1, 0x20, 0xE1, 0x20, 0xB0, 0xC0, 0x58, 0x40, 0xB0, 0xC0, 
0xB0, 0xC0, 0xE1, 0x20, 0xE1, 0x20, 0x58, 0x40, 0x58, 0x40, 0x00, 0x00, 0x00, 0x00, 0x00, 0x00, 
0x00, 0x00, 0x00, 0x00, 0x00, 0x00, 0x00, 0x00, 0x00, 0x00, 0x00, 0x00, 0x00, 0x00, 0x4A, 0xA0, 
0xD4, 0xE0, 0xD4, 0xE0, 0xD4, 0xE0, 0xD4, 0xE0, 0x8C, 0x20, 0x8C, 0x20, 0x8C, 0x20, 0x4A, 0xA0, 
0xB0, 0xC0, 0xB0, 0xC0, 0xB0, 0xC0, 0xB0, 0xC0, 0xB0, 0xC0, 0x58, 0x40, 0x58, 0x40, 0xB0, 0xC0, 
0xB0, 0xC0, 0xE1, 0x20, 0xE1, 0x20, 0x58, 0x40, 0x00, 0x00, 0x00, 0x00, 0x00, 0x00, 0x00, 0x00, 
0x00, 0x00, 0x00, 0x00, 0x00, 0x00, 0x00, 0x00, 0x00, 0x00, 0x00, 0x00, 0x00, 0x00, 0x00, 0x00, 
0x4A, 0xA0, 0x4A, 0xA0, 0x4A, 0xA0, 0x4A, 0xA0, 0x4A, 0xA0, 0x4A, 0xA0, 0x4A, 0xA0, 0xB0, 0xC0, 
0xB0, 0xC0, 0xB0, 0xC0, 0xB0, 0xC0, 0xB0, 0xC0, 0x58, 0x40, 0x00, 0x00, 0x00, 0x00, 0x58, 0x40, 
0xB0, 0xC0, 0xB0, 0xC0, 0x58, 0x40, 0x00, 0x00, 0x00, 0x00, 0x00, 0x00, 0x00, 0x00, 0x00, 0x00, 
0x00, 0x00, 0x00, 0x00, 0x00, 0x00, 0x00, 0x00, 0x00, 0x00, 0x00, 0x00, 0x00, 0x00, 0x00, 0x00, 
0x00, 0x00, 0x00, 0x00, 0x00, 0x00, 0x00, 0x00, 0x00, 0x00, 0x00, 0x00, 0x58, 0x40, 0x58, 0x40, 
0x58, 0x40, 0x58, 0x40, 0x58, 0x40, 0x58, 0x40, 0x00, 0x00, 0x00, 0x00, 0x00, 0x00, 0x00, 0x00, 
0x00, 0x00, 0x00, 0x00, 0x00, 0x00, 0x00, 0x00, 0x00, 0x00, 0x00, 0x00, 0x00, 0x00, 0x00, 0x00, 
0x00, 0x00, 0x00, 0x00, 0x00, 0x00, 0x00, 0x00, 0x00, 0x00, 0x00, 0x00, 0x00, 0x00, 0x00, 0x00, 
0x00, 0x00, 0x00, 0x00, 0x00, 0x00, 0x00, 0x00, 0x00, 0x00, 0x00, 0x00, 0x00, 0x00, 0x00, 0x00, 
0x00, 0x00, 0x00, 0x00, 0x00, 0x00, 0x00, 0x00, 0x00, 0x00, 0x00, 0x00, 0x00, 0x00, 0x00, 0x00, 
0x00, 0x00, 0x00, 0x00, 0x00, 0x00, 0x00, 0x00, 0x00, 0x00, 0x00, 0x00, 0x00, 0x00, 0x00, 0x00, 
0x00, 0x00, 0x00, 0x00, 0x00, 0x00, 0x00, 0x00, 0x00, 0x00, 0x00, 0x00, 0x00, 0x00, 0x00, 0x00, 
0x00, 0x00, 0x00, 0x00, 0x00, 0x00, 0x00, 0x00, 0x00, 0x00, 0x00, 0x00, 0x00, 0x00, 0x00, 0x00, 
0x00, 0x00, 0x00, 0x00, 0x00, 0x00, 0x00, 0x00, 0x00, 0x00, 0x00, 0x00, 0x00, 0x00, 0x00, 0x00, 
0x00, 0x00, 0x00, 0x00, 0x00, 0x00, 0x00, 0x00, 0x00, 0x00, 0x00, 0x00, 0x00, 0x00, 0x00, 0x00, 
0x00, 0x00, 0x00, 0x00, 0x00, 0x00, 0x00, 0x00, 0x00, 0x00, 0x00, 0x00, 0x00, 0x00, 0x00, 0x00, 
0x00, 0x00, 0x00, 0x00, 0x00, 0x00, 0x00, 0x00, 0x00, 0x00, 0x00, 0x00, 0x00, 0x00, 0x00, 0x00, 
0x00, 0x00, 0x00, 0x00, 0x00, 0x00, 0x00, 0x00, 0x00, 0x00, 0x00, 0x00, 0x00, 0x00, 0x00, 0x00, 
0x00, 0x00, 0x00, 0x00, 0x00, 0x00, 0x00, 0x00, 0x00, 0x00, 0x00, 0x00, 0x00, 0x00, 0x00, 0x00
}
},
{
{
0x00, 0x00, 0x00, 0x00, 0x00, 0x00, 0x00, 0x00, 0x00, 0x00, 0x00, 0x00, 0x00, 0x00, 0x00, 0x00, 
0x00, 0x00, 0x00, 0x00, 0x00, 0x00, 0x00, 0x00, 0x00, 0x00, 0x00, 0x00, 0x00, 0x00, 0x00, 0x00, 
0x00, 0x00, 0x00, 0x00, 0x00, 0x00, 0x00, 0x00, 0x00, 0x00, 0x00, 0x00, 0x00, 0x00, 0x00, 0x00, 
0x00, 0x00, 0x00, 0x00, 0x00, 0x00, 0x00, 0x00, 0x00, 0x00, 0x00, 0x00, 0x00, 0x00, 0x00, 0x00, 
0x00, 0x00, 0x00, 0x00, 0x00, 0x00, 0x00, 0x00, 0x00, 0x00, 0x00, 0x00, 0x00, 0x00, 0x00, 0x00, 
0x00, 0x00, 0x00, 0x00, 0x00, 0x00, 0x00, 0x00, 0x00, 0x00, 0x00, 0x00, 0x00, 0x00, 0x00, 0x00, 
0x00, 0x00, 0x00, 0x00, 0x00, 0x00, 0x00, 0x00, 0x00, 0x00, 0x00, 0x00, 0x00, 0x00, 0x00, 0x00, 
0x00, 0x00, 0x00, 0x00, 0x00, 0x00, 0x00, 0x00, 0x00, 0x00, 0x00, 0x00, 0x00, 0x00, 0x00, 0x00, 
0x00, 0x00, 0x00, 0x00, 0x00, 0x00, 0x00, 0x00, 0x00, 0x00, 0x00, 0x00, 0x00, 0x00, 0x00, 0x00, 
0x00, 0x00, 0x00, 0x00, 0x00, 0x00, 0x00, 0x00, 0x00, 0x00, 0x00, 0x00, 0x00, 0x00, 0x00, 0x00, 
0x00, 0x00, 0x00, 0x00, 0x00, 0x00, 0x00, 0x00, 0x00, 0x00, 0x00, 0x00, 0x00, 0x00, 0x00, 0x00, 
0x00, 0x00, 0x00, 0x00, 0x00, 0x00, 0x00, 0x00, 0x00, 0x00, 0x00, 0x00, 0x00, 0x00, 0x00, 0x00, 
0x00, 0x00, 0x00, 0x00, 0x00, 0x00, 0x00, 0x00, 0x00, 0x00, 0x00, 0x00, 0x00, 0x00, 0x00, 0x00, 
0x00, 0x00, 0x00, 0x00, 0x00, 0x00, 0x00, 0x00, 0x00, 0x00, 0x00, 0x00, 0x00, 0x00, 0x00, 0x00, 
0x00, 0x00, 0x00, 0x00, 0x00, 0x00, 0x00, 0x00, 0x00, 0x00, 0x00, 0x00, 0x00, 0x00, 0x00, 0x00, 
0x00, 0x00, 0x00, 0x00, 0x00, 0x00, 0x00, 0x00, 0x00, 0x00, 0x00, 0x00, 0x00, 0x00, 0x00, 0x00, 
0x00, 0x00, 0x00, 0x00, 0x00, 0x00, 0x00, 0x00, 0x00, 0x00, 0x00, 0x00, 0x00, 0x00, 0x00, 0x00, 
0x00, 0x00, 0x00, 0x00, 0x00, 0x00, 0x00, 0x00, 0x00, 0x00, 0x58, 0x40, 0x58, 0x40, 0x58, 0x40, 
0x58, 0x40, 0x58, 0x40, 0x58, 0x40, 0x00, 0x00, 0x00, 0x00, 0x00, 0x00, 0x00, 0x00, 0x58, 0x40, 
0x58, 0x40, 0x00, 0x00, 0x00, 0x00, 0x00, 0x00, 0x00, 0x00, 0x00, 0x00, 0x00, 0x00, 0x00, 0x00, 
0x00, 0x00, 0x00, 0x00, 0x00, 0x00, 0x00, 0x00, 0x00, 0x00, 0x00, 0x00, 0x00, 0x00, 0x4A, 0xA0, 
0x4A, 0xA0, 0x4A, 0xA0, 0x4A, 0xA0, 0x4A, 0xA0, 0x58, 0x40, 0xB0, 0xC0, 0xB0, 0xC0, 0xE1, 0x20, 
0xE1, 0x20, 0xE1, 0x20, 0xE1, 0x20, 0x58, 0x40, 0x00, 0x00, 0x00, 0x00, 0x58, 0x40, 0xE1, 0x20, 
0xE1, 0x20, 0x58, 0x40, 0x00, 0x00, 0x00, 0x00, 0x00, 0x00, 0x00, 0x00, 0x00, 0x00, 0x00, 0x00, 
0x00, 0x00, 0x00, 0x00, 0x00, 0x00, 0x00, 0x00, 0x00, 0x00, 0x00, 0x00, 0x4A, 0xA0, 0xFE, 0xCE, 
0xFE, 0xCE, 0xFE, 0x47, 0xFE, 0x47, 0x4A, 0xA0, 0xB0, 0xC0, 0xB0, 0xC0, 0xE1, 0x20, 0xE1, 0x20, 
0xE1, 0x20, 0xE1, 0x20, 0xE1, 0x20, 0xE1, 0x20, 0x58, 0x40, 0x58, 0x40, 0xE1, 0x20, 0xFA, 0x02, 
0xFF, 0xFF, 0xEF, 0x5D, 0x58, 0x40, 0x00, 0x00, 0x00, 0x00, 0x00, 0x00, 0x00, 0x00, 0x00, 0x00, 
0x00, 0x00, 0x00, 0x00, 0x00, 0x00, 0x00, 0x00, 0x00, 0x00, 0x4A, 0xA0, 0xFE, 0xCE, 0xFE, 0xCE, 
0xFE, 0xCE, 0xFE, 0x47, 0xFE, 0x47, 0x4A, 0xA0, 0x4A, 0xA0, 0xE1, 0x20, 0xFA, 0x02, 0xFA, 0x02, 
0xFA, 0x02, 0xFA, 0x02, 0xFA, 0x02, 0xE1, 0x20, 0xE1, 0x20, 0x58, 0x40, 0xFA, 0x02, 0xFB, 0x0A, 
0xEF, 0x5D, 0xEF, 0x5D, 0xE1, 0x20, 0x58, 0x40, 0x00, 0x00, 0x00, 0x00, 0x00, 0x00, 0x00, 0x00, 
0x00, 0x00, 0x00, 0x00, 0x00, 0x00, 0x00, 0x00, 0x4A, 0xA0, 0x8C, 0x20, 0xFE, 0x47, 0xFE, 0xCE, 
0xFE, 0xCE, 0xFE, 0x47, 0xFE, 0x47, 0xD4, 0xE0, 0x4A, 0xA0, 0xFA, 0x02, 0xFB, 0x0A, 0x75, 0xC8, 
0xFB, 0x0A, 0xFB, 0x0A, 0xFF, 0xFF, 0xEF, 0x5D, 0xE1, 0x20, 0x58, 0x40, 0xFB, 0x0A, 0xFB, 0x0A, 
0xFB, 0x0A, 0xE1, 0x20, 0xE1, 0x20, 0xE1, 0x20, 0x58, 0x40, 0x00, 0x00, 0x00, 0x00, 0x00, 0x00, 
0x00, 0x00, 0x00, 0x00, 0x00, 0x00, 0x4A, 0xA0, 0xFE, 0xCE, 0x8C, 0x20, 0x8C, 0x20, 0xFE, 0x47, 
0xFE, 0x47, 0xFE, 0x47, 0xFE, 0x47, 0xD4, 0xE0, 0x4A, 0xA0, 0xFA, 0x02, 0xFB, 0x0A, 0x75, 0xC8, 
0xFB, 0x0A, 0xFB, 0x0A, 0xEF, 0x5D, 0xEF, 0x5D, 0xE1, 0x20, 0x58, 0x40, 0xFB, 0x0A, 0xFB, 0x0A, 
0xE1, 0x20, 0xFA, 0x02, 0xFA, 0x02, 0xE1, 0x20, 0x8B, 0x69, 0x8B, 0x69, 0x00, 0x00, 0x00, 0x00, 
0x00, 0x00, 0x00, 0x00, 0x4A, 0xA0, 0xFE, 0xCE, 0xFE, 0xCE, 0xFE, 0xCE, 0x8C, 0x20, 0x8C, 0x20, 
0xFE, 0x47, 0xFE, 0x47, 0xD4, 0xE0, 0xD4, 0xE0, 0x4A, 0xA0, 0xFA, 0x02, 0xFB, 0x0A, 0x75, 0xC8, 
0xFB, 0x0A, 0xFB, 0x0A, 0xFB, 0x0A, 0xFA, 0x02, 0xFA, 0x02, 0xE1, 0x20, 0x58, 0x40, 0xE1, 0x20, 
0xFB, 0x0A, 0xFB, 0x0A, 0xFB, 0x0A, 0xFA, 0x02, 0x8B, 0x69, 0x8B, 0x69, 0x00, 0x00, 0x00, 0x00, 
0x00, 0x00, 0x00, 0x00, 0x4A, 0xA0, 0xFE, 0xCE, 0xFE, 0xCE, 0xFE, 0xCE, 0xFE, 0x47, 0x8C, 0x20, 
0x8C, 0x20, 0xFE, 0x47, 0xD4, 0xE0, 0xD4, 0xE0, 0x4A, 0xA0, 0xFA, 0x02, 0xFB, 0x0A, 0x75, 0xC8, 
0xFB, 0x0A, 0xFB, 0x0A, 0xFB, 0x0A, 0xFA, 0x02, 0xFA, 0x02, 0xE1, 0x20, 0x58, 0x40, 0xFB, 0x0A, 
0xFB, 0x0A, 0xFB, 0x0A, 0xFB, 0x0A, 0xFA, 0x02, 0x8B, 0x69, 0x6A, 0x65, 0x00, 0x00, 0x00, 0x00, 
0x00, 0x00, 0x00, 0x00, 0x4A, 0xA0, 0xFE, 0xCE, 0xFE, 0xCE, 0xFE, 0xCE, 0xFE, 0x47, 0xFE, 0x47, 
0x8C, 0x20, 0x8C, 0x20, 0xD4, 0xE0, 0xD4, 0xE0, 0x4A, 0xA0, 0xFA, 0x02, 0xFB, 0x0A, 0x75, 0xC8, 
0xFB, 0x0A, 0xFB, 0x0A, 0xFB, 0x0A, 0xFA, 0x02, 0xFA, 0x02, 0xE1, 0x20, 0x58, 0x40, 0xFB, 0x0A, 
0x94, 0x92, 0x94, 0x92, 0x7B, 0xCF, 0x42, 0x28, 0x6A, 0x65, 0x6A, 0x65, 0x00, 0x00, 0x00, 0x00, 
0x00, 0x00, 0x00, 0x00, 0x4A, 0xA0, 0xFE, 0xCE, 0xFE, 0xCE, 0xFE, 0xCE, 0xFE, 0x47, 0xFE, 0x47, 
0xFE, 0x47, 0x8C, 0x20, 0xD4, 0xE0, 0xD4, 0xE0, 0x4A, 0xA0, 0xFA, 0x02, 0xFB, 0x0A, 0xFB, 0x0A, 
0xFB, 0x0A, 0xFB, 0x0A, 0xFB, 0x0A, 0xEF, 0x5D, 0xFA, 0x02, 0xE1, 0x20, 0x58, 0x40, 0x94, 0x92, 
0x94, 0x92, 0x7B, 0xCF, 0x63, 0x0C, 0x42, 0x28, 0x6A, 0x65, 0x6A, 0x65, 0x00, 0x00, 0x00, 0x00, 
0x00, 0x00, 0x00, 0x00, 0x4A, 0xA0, 0xFE, 0xCE, 0xFE, 0xCE, 0xFE, 0xCE, 0xFE, 0x47, 0xFE, 0x47, 
0xFE, 0x47, 0xD4, 0xE0, 0x8C, 0x20, 0xD4, 0xE0, 0x4A, 0xA0, 0xFA, 0x02, 0xFB, 0x0A, 0xFB, 0x0A, 
0xFB, 0x0A, 0xFB, 0x0A, 0xFA, 0x02, 0xEF, 0x5D, 0xFA, 0x02, 0xE1, 0x20, 0xE1, 0x20, 0x94, 0x92, 
0x7B, 0xCF, 0x7B, 0xCF, 0x63, 0x0C, 0x42, 0x28, 0x6A, 0x65, 0x6A, 0x65, 0x00, 0x00, 0x00, 0x00, 
0x00, 0x00, 0x00, 0x00, 0x4A, 0xA0, 0xFE, 0xCE, 0xFE, 0xCE, 0xFE, 0xCE, 0xFE, 0x47, 0xFE, 0x47, 
0xFE, 0x47, 0xD4, 0xE0, 0x8C, 0x20, 0xD4, 0xE0, 0x4A, 0xA0, 0xFA, 0x02, 0xFA, 0x02, 0xFB, 0x0A, 
0xFB, 0x0A, 0xFA, 0x02, 0xFA, 0x02, 0xEF, 0x5D, 0xFA, 0x02, 0xE1, 0x20, 0xE1, 0x20, 0x7B, 0xCF, 
0x7B, 0xCF, 0x7B, 0xCF, 0x63, 0x0C, 0x42, 0x28, 0xE1, 0x20, 0x00, 0x00, 0x00, 0x00, 0x00, 0x00, 
0x00, 0x00, 0x00, 0x00, 0x4A, 0xA0, 0xFE, 0x47, 0xFE, 0xCE, 0xFE, 0xCE, 0xFE, 0x47, 0xFE, 0x47, 
0xFE, 0x47, 0xD4, 0xE0, 0x8C, 0x20, 0xD4, 0xE0, 0x4A, 0xA0, 0xFA, 0x02, 0xFA, 0x02, 0xFA, 0x02, 
0xFA, 0x02, 0xFA, 0x02, 0xFA, 0x02, 0xEF, 0x5D, 0xFA, 0x02, 0xE1, 0x20, 0xE1, 0x20, 0x63, 0x0C, 
0x63, 0x0C, 0x63, 0x0C, 0x63, 0x0C, 0x42, 0x28, 0xE1, 0x20, 0x00, 0x00, 0x00, 0x00, 0x00, 0x00, 
0x00, 0x00, 0x00, 0x00, 0x4A, 0xA0, 0xFE, 0x47, 0xFE, 0x47, 0xFE, 0x47, 0xFE, 0x47, 0xFE, 0x47, 
0xFE, 0x47, 0xD4, 0xE0, 0x8C, 0x20, 0xD4, 0xE0, 0x4A, 0xA0, 0xE1, 0x20, 0xFA, 0x02, 0xFA, 0x02, 
0xFA, 0x02, 0xFA, 0x02, 0xFA, 0x02, 0xEF, 0x5D, 0xFA, 0x02, 0xE1, 0x20, 0xE1, 0x20, 0x63, 0x0C, 
0x63, 0x0C, 0x63, 0x0C, 0x63, 0x0C, 0x42, 0x28, 0x8B, 0x69, 0x8B, 0x69, 0x00, 0x00, 0x00, 0x00, 
0x00, 0x00, 0x00, 0x00, 0x4A, 0xA0, 0x8C, 0x20, 0xFE, 0x47, 0xFE, 0x47, 0xFE, 0x47, 0xFE, 0x47, 
0xFE, 0x47, 0xD4, 0xE0, 0x8C, 0x20, 0x8C, 0x20, 0x4A, 0xA0, 0xE1, 0x20, 0xE1, 0x20, 0x75, 0xC8, 
0xFA, 0x02, 0xFA, 0x02, 0xFA, 0x02, 0xEF, 0x5D, 0xE1, 0x20, 0xE1, 0x20, 0xE1, 0x20, 0xE1, 0x20, 
0x42, 0x28, 0x42, 0x28, 0x42, 0x28, 0x42, 0x28, 0x8B, 0x69, 0x8B, 0x69, 0x00, 0x00, 0x00, 0x00, 
0x00, 0x00, 0x00, 0x00, 0x4A, 0xA0, 0x8C, 0x20, 0x8C, 0x20, 0xFE, 0x47, 0xFE, 0x47, 0xFE, 0x47, 
0xFE, 0x47, 0xD4, 0xE0, 0xD4, 0xE0, 0x8C, 0x20, 0x4A, 0xA0, 0xE1, 0x20, 0xE1, 0x20, 0x75, 0xC8, 
0xE1, 0x20, 0xE1, 0x20, 0xE1, 0x20, 0xE1, 0x20, 0xE1, 0x20, 0xE1, 0x20, 0x58, 0x40, 0xE1, 0x20, 
0x42, 0x28, 0x42, 0x28, 0x42, 0x28, 0x42, 0x28, 0x8B, 0x69, 0x6A, 0x65, 0x00, 0x00, 0x00, 0x00, 
0x00, 0x00, 0x4A, 0xA0, 0xFE, 0xCE, 0xFE, 0xCE, 0x8C, 0x20, 0x8C, 0x20, 0xFE, 0x47, 0xFE, 0x47, 
0xD4, 0xE0, 0xD4, 0xE0, 0xD4, 0xE0, 0x8C, 0x20, 0x4A, 0xA0, 0xE1, 0x20, 0xE1, 0x20, 0x75, 0xC8, 
0xE1, 0x20, 0xE1, 0x20, 0xE1, 0x20, 0xE1, 0x20, 0xE1, 0x20, 0xE1, 0x20, 0x58, 0x40, 0xE1, 0x20, 
0xE1, 0x20, 0xE1, 0x20, 0xE1, 0x20, 0xE1, 0x20, 0x6A, 0x65, 0x6A, 0x65, 0x00, 0x00, 0x00, 0x00, 
0x00, 0x00, 0x4A, 0xA0, 0xFE, 0xCE, 0xFE, 0xCE, 0xFE, 0x47, 0x8C, 0x20, 0xD4, 0xE0, 0xD4, 0xE0, 
0xD4, 0xE0, 0xD4, 0xE0, 0xD4, 0xE0, 0x8C, 0x20, 0x4A, 0xA0, 0xE1, 0x20, 0xE1, 0x20, 0x75, 0xC8, 
0xE1, 0x20, 0xE1, 0x20, 0xE1, 0x20, 0xE1, 0x20, 0xE1, 0x20, 0xE1, 0x20, 0x58, 0x40, 0x58, 0x40, 
0xE1, 0x20, 0xE1, 0x20, 0xE1, 0x20, 0xE1, 0x20, 0x6A, 0x65, 0x6A, 0x65, 0x00, 0x00, 0x00, 0x00, 
0x00, 0x00, 0x4A, 0xA0, 0xFE, 0x47, 0xFE, 0x47, 0xFE, 0x47, 0x8C, 0x20, 0x8C, 0x20, 0xD4, 0xE0, 
0xD4, 0xE0, 0xD4, 0xE0, 0xD4, 0xE0, 0x8C, 0x20, 0x4A, 0xA0, 0xE1, 0x20, 0xE1, 0x20, 0x75, 0xC8, 
0xE1, 0x20, 0xE1, 0x20, 0xFF, 0xFF, 0xEF, 0x5D, 0xE1, 0x20, 0x58, 0x40, 0xE1, 0x20, 0xE1, 0x20, 
0x58, 0x40, 0xE1, 0x20, 0xE1, 0x20, 0x58, 0x40, 0x6A, 0x65, 0x6A, 0x65, 0x00, 0x00, 0x00, 0x00, 
0x00, 0x00, 0x4A, 0xA0, 0xFE, 0x47, 0xFE, 0x47, 0xFE, 0x47, 0xFE, 0x47, 0x8C, 0x20, 0xD4, 0xE0, 
0xD4, 0xE0, 0xD4, 0xE0, 0xD4, 0xE0, 0x8C, 0x20, 0x4A, 0xA0, 0xE1, 0x20, 0xE1, 0x20, 0xE1, 0x20, 
0xE1, 0x20, 0xE1, 0x20, 0xEF, 0x5D, 0xEF, 0x5D, 0xE1, 0x20, 0x58, 0x40, 0xB0, 0xC0, 0xE1, 0x20, 
0xE1, 0x20, 0x58, 0x40, 0xE1, 0x20, 0xE1, 0x20, 0xE1, 0x20, 0x00, 0x00, 0x00, 0x00, 0x00, 0x00, 
0x4A, 0xA0, 0xFE, 0x47, 0xFE, 0x47, 0xFE, 0x47, 0xFE, 0x47, 0xD4, 0xE0, 0x8C, 0x20, 0x8C, 0x20, 
0xD4, 0xE0, 0xD4, 0xE0, 0xD4, 0xE0, 0x8C, 0x20, 0x4A, 0xA0, 0xB0, 0xC0, 0xE1, 0x20, 0xE1, 0x20, 
0xE1, 0x20, 0xE1, 0x20, 0xE1, 0x20, 0xE1, 0x20, 0xB0, 0xC0, 0x58, 0x40, 0xB0, 0xC0, 0xB0, 0xC0, 
0xFF, 0xFF, 0xEF, 0x5D, 0xB0, 0xC0, 0x58, 0x40, 0xE1, 0x20, 0x58, 0x40, 0x00, 0x00, 0x00, 0x00, 
0x4A, 0xA0, 0xFE, 0x47, 0xFE, 0x47, 0xD4, 0xE0, 0xD4, 0xE0, 0xD4, 0xE0, 0xD4, 0xE0, 0x8C, 0x20, 
0xD4, 0xE0, 0xD4, 0xE0, 0x8C, 0x20, 0x8C, 0x20, 0x4A, 0xA0, 0xB0, 0xC0, 0xB0, 0xC0, 0xB0, 0xC0, 
0xB0, 0xC0, 0xB0, 0xC0, 0xB0, 0xC0, 0xB0, 0xC0, 0x58, 0x40, 0x58, 0x40, 0xB0, 0xC0, 0xB0, 0xC0, 
0xEF, 0x5D, 0xEF, 0x5D, 0x58, 0x40, 0xFA, 0x02, 0xE1, 0x20, 0x58, 0x40, 0x00, 0x00, 0x00, 0x00, 
0x00, 0x00, 0x4A, 0xA0, 0xD4, 0xE0, 0xD4, 0xE0, 0xD4, 0xE0, 0xD4, 0xE0, 0xD4, 0xE0, 0x8C, 0x20, 
0x8C, 0x20, 0x8C, 0x20, 0x8C, 0x20, 0x8C, 0x20, 0x8C, 0x20, 0x4A, 0xA0, 0xB0, 0xC0, 0xB0, 0xC0, 
0xB0, 0xC0, 0xB0, 0xC0, 0xB0, 0xC0, 0x58, 0x40, 0x00, 0x00, 0x00, 0x00, 0x58, 0x40, 0xB0, 0xC0, 
0xB0, 0xC0, 0x58, 0x40, 0x58, 0x40, 0xE1, 0x20, 0xE1, 0x20, 0x58, 0x40, 0x00, 0x00, 0x00, 0x00, 
0x00, 0x00, 0x00, 0x00, 0x4A, 0xA0, 0x4A, 0xA0, 0x4A, 0xA0, 0x4A, 0xA0, 0x4A, 0xA0, 0x4A, 0xA0, 
0x8C, 0x20, 0x8C, 0x20, 0x8C, 0x20, 0x8C, 0x20, 0x8C, 0x20, 0x4A, 0xA0, 0x58, 0x40, 0x58, 0x40, 
0x58, 0x40, 0x58, 0x40, 0x58, 0x40, 0x00, 0x00, 0x00, 0x00, 0x00, 0x00, 0x00, 0x00, 0x58, 0x40, 
0x58, 0x40, 0x00, 0x00, 0x58, 0x40, 0xE1, 0x20, 0xE1, 0x20, 0x58, 0x40, 0x00, 0x00, 0x00, 0x00, 
0x00, 0x00, 0x00, 0x00, 0x00, 0x00, 0x00, 0x00, 0x00, 0x00, 0x00, 0x00, 0x00, 0x00, 0x00, 0x00, 
0x4A, 0xA0, 0x8C, 0x20, 0x8C, 0x20, 0x8C, 0x20, 0x8C, 0x20, 0x4A, 0xA0, 0x00, 0x00, 0x00, 0x00, 
0x00, 0x00, 0x00, 0x00, 0x00, 0x00, 0x00, 0x00, 0x00, 0x00, 0x00, 0x00, 0x00, 0x00, 0x00, 0x00, 
0x00, 0x00, 0x00, 0x00, 0x58, 0x40, 0xE1, 0x20, 0xB0, 0xC0, 0x58, 0x40, 0x00, 0x00, 0x00, 0x00, 
0x00, 0x00, 0x00, 0x00, 0x00, 0x00, 0x00, 0x00, 0x00, 0x00, 0x00, 0x00, 0x00, 0x00, 0x00, 0x00, 
0x00, 0x00, 0x4A, 0xA0, 0x4A, 0xA0, 0x4A, 0xA0, 0x4A, 0xA0, 0x00, 0x00, 0x00, 0x00, 0x00, 0x00, 
0x00, 0x00, 0x00, 0x00, 0x00, 0x00, 0x00, 0x00, 0x00, 0x00, 0x00, 0x00, 0x00, 0x00, 0x00, 0x00, 
0x00, 0x00, 0x00, 0x00, 0x00, 0x00, 0x58, 0x40, 0xB0, 0xC0, 0x58, 0x40, 0x00, 0x00, 0x00, 0x00, 
0x00, 0x00, 0x00, 0x00, 0x00, 0x00, 0x00, 0x00, 0x00, 0x00, 0x00, 0x00, 0x00, 0x00, 0x00, 0x00, 
0x00, 0x00, 0x00, 0x00, 0x00, 0x00, 0x00, 0x00, 0x00, 0x00, 0x00, 0x00, 0x00, 0x00, 0x00, 0x00, 
0x00, 0x00, 0x00, 0x00, 0x00, 0x00, 0x00, 0x00, 0x00, 0x00, 0x00, 0x00, 0x00, 0x00, 0x00, 0x00, 
0x00, 0x00, 0x00, 0x00, 0x00, 0x00, 0x00, 0x00, 0x58, 0x40, 0x00, 0x00, 0x00, 0x00, 0x00, 0x00, 
0x00, 0x00, 0x00, 0x00, 0x00, 0x00, 0x00, 0x00, 0x00, 0x00, 0x00, 0x00, 0x00, 0x00, 0x00, 0x00, 
0x00, 0x00, 0x00, 0x00, 0x00, 0x00, 0x00, 0x00, 0x00, 0x00, 0x00, 0x00, 0x00, 0x00, 0x00, 0x00, 
0x00, 0x00, 0x00, 0x00, 0x00, 0x00, 0x00, 0x00, 0x00, 0x00, 0x00, 0x00, 0x00, 0x00, 0x00, 0x00, 
0x00, 0x00, 0x00, 0x00, 0x00, 0x00, 0x00, 0x00, 0x00, 0x00, 0x00, 0x00, 0x00, 0x00, 0x00, 0x00
}
,
{
0x00, 0x00, 0x00, 0x00, 0x00, 0x00, 0x00, 0x00, 0x00, 0x00, 0x00, 0x00, 0x00, 0x00, 0x00, 0x00, 
0x00, 0x00, 0x00, 0x00, 0x00, 0x00, 0x00, 0x00, 0x00, 0x00, 0x00, 0x00, 0x00, 0x00, 0x00, 0x00, 
0x00, 0x00, 0x00, 0x00, 0x00, 0x00, 0x00, 0x00, 0x00, 0x00, 0x00, 0x00, 0x00, 0x00, 0x00, 0x00, 
0x00, 0x00, 0x00, 0x00, 0x00, 0x00, 0x00, 0x00, 0x00, 0x00, 0x00, 0x00, 0x00, 0x00, 0x00, 0x00, 
0x00, 0x00, 0x00, 0x00, 0x00, 0x00, 0x00, 0x00, 0x00, 0x00, 0x00, 0x00, 0x00, 0x00, 0x00, 0x00, 
0x00, 0x00, 0x00, 0x00, 0x00, 0x00, 0x00, 0x00, 0x00, 0x00, 0x00, 0x00, 0x00, 0x00, 0x00, 0x00, 
0x00, 0x00, 0x00, 0x00, 0x00, 0x00, 0x00, 0x00, 0x00, 0x00, 0x00, 0x00, 0x00, 0x00, 0x00, 0x00, 
0x00, 0x00, 0x00, 0x00, 0x00, 0x00, 0x00, 0x00, 0x00, 0x00, 0x00, 0x00, 0x00, 0x00, 0x00, 0x00, 
0x00, 0x00, 0x00, 0x00, 0x00, 0x00, 0x00, 0x00, 0x00, 0x00, 0x00, 0x00, 0x00, 0x00, 0x00, 0x00, 
0x00, 0x00, 0x00, 0x00, 0x00, 0x00, 0x00, 0x00, 0x00, 0x00, 0x00, 0x00, 0x00, 0x00, 0x00, 0x00, 
0x00, 0x00, 0x00, 0x00, 0x00, 0x00, 0x00, 0x00, 0x00, 0x00, 0x00, 0x00, 0x00, 0x00, 0x00, 0x00, 
0x00, 0x00, 0x00, 0x00, 0x00, 0x00, 0x00, 0x00, 0x00, 0x00, 0x00, 0x00, 0x00, 0x00, 0x00, 0x00, 
0x00, 0x00, 0x00, 0x00, 0x00, 0x00, 0x00, 0x00, 0x00, 0x00, 0x00, 0x00, 0x00, 0x00, 0x00, 0x00, 
0x00, 0x00, 0x00, 0x00, 0x00, 0x00, 0x00, 0x00, 0x00, 0x00, 0x00, 0x00, 0x00, 0x00, 0x00, 0x00, 
0x00, 0x00, 0x00, 0x00, 0x00, 0x00, 0x00, 0x00, 0x00, 0x00, 0x00, 0x00, 0x00, 0x00, 0x00, 0x00, 
0x00, 0x00, 0x00, 0x00, 0x00, 0x00, 0x00, 0x00, 0x00, 0x00, 0x00, 0x00, 0x00, 0x00, 0x00, 0x00, 
0x00, 0x00, 0x00, 0x00, 0x00, 0x00, 0x00, 0x00, 0x00, 0x00, 0x00, 0x00, 0x00, 0x00, 0x00, 0x00, 
0x00, 0x00, 0x00, 0x00, 0x00, 0x00, 0x00, 0x00, 0x00, 0x00, 0x00, 0x00, 0x58, 0x40, 0x58, 0x40, 
0x58, 0x40, 0x58, 0x40, 0x58, 0x40, 0x58, 0x40, 0x00, 0x00, 0x00, 0x00, 0x00, 0x00, 0x58, 0x40, 
0x58, 0x40, 0x00, 0x00, 0x00, 0x00, 0x00, 0x00, 0x00, 0x00, 0x00, 0x00, 0x00, 0x00, 0x00, 0x00, 
0x00, 0x00, 0x00, 0x00, 0x00, 0x00, 0x00, 0x00, 0x00, 0x00, 0x00, 0x00, 0x00, 0x00, 0x00, 0x00, 
0x4A, 0xA0, 0x4A, 0xA0, 0x4A, 0xA0, 0x4A, 0xA0, 0x4A, 0xA0, 0x58, 0x40, 0xB0, 0xC0, 0xB0, 0xC0, 
0xE1, 0x20, 0xE1, 0x20, 0xE1, 0x20, 0xE1, 0x20, 0x58, 0x40, 0x00, 0x00, 0x58, 0x40, 0xE1, 0x20, 
0xE1, 0x20, 0x58, 0x40, 0x00, 0x00, 0x00, 0x00, 0x00, 0x00, 0x00, 0x00, 0x00, 0x00, 0x00, 0x00, 
0x00, 0x00, 0x00, 0x00, 0x00, 0x00, 0x00, 0x00, 0x00, 0x00, 0x00, 0x00, 0x00, 0x00, 0x4A, 0xA0, 
0xFE, 0xCE, 0xFE, 0xCE, 0xFE, 0x47, 0xFE, 0x47, 0x4A, 0xA0, 0xB0, 0xC0, 0xB0, 0xC0, 0xE1, 0x20, 
0xE1, 0x20, 0xE1, 0x20, 0xE1, 0x20, 0xE1, 0x20, 0xE1, 0x20, 0x58, 0x40, 0xE1, 0x20, 0xFA, 0x02, 
0xFF, 0xFF, 0xEF, 0x5D, 0x58, 0x40, 0x00, 0x00, 0x00, 0x00, 0x00, 0x00, 0x00, 0x00, 0x00, 0x00, 
0x00, 0x00, 0x00, 0x00, 0x00, 0x00, 0x00, 0x00, 0x00, 0x00, 0x00, 0x00, 0x4A, 0xA0, 0xFE, 0xCE, 
0xFE, 0xCE, 0xFE, 0xCE, 0xFE, 0x47, 0xFE, 0x47, 0x4A, 0xA0, 0x4A, 0xA0, 0xE1, 0x20, 0xFA, 0x02, 
0xFA, 0x02, 0xFA, 0x02, 0xFA, 0x02, 0xFA, 0x02, 0xE1, 0x20, 0x58, 0x40, 0xFA, 0x02, 0xFB, 0x0A, 
0xEF, 0x5D, 0xEF, 0x5D, 0xE1, 0x20, 0x58, 0x40, 0x00, 0x00, 0x00, 0x00, 0x00, 0x00, 0x00, 0x00, 
0x00, 0x00, 0x00, 0x00, 0x00, 0x00, 0x00, 0x00, 0x00, 0x00, 0x4A, 0xA0, 0x8C, 0x20, 0xFE, 0x47, 
0xFE, 0xCE, 0xFE, 0xCE, 0xFE, 0x47, 0xFE, 0x47, 0xD4, 0xE0, 0x4A, 0xA0, 0xFA, 0x02, 0xFB, 0x0A, 
0x75, 0xC8, 0xFB, 0x0A, 0xFB, 0x0A, 0xFF, 0xFF, 0xEF, 0x5D, 0x58, 0x40, 0xFB, 0x0A, 0xFB, 0x0A, 
0xFB, 0x0A, 0xE1, 0x20, 0xE1, 0x20, 0xE1, 0x20, 0x58, 0x40, 0x00, 0x00, 0x00, 0x00, 0x00, 0x00, 
0x00, 0x00, 0x00, 0x00, 0x00, 0x00, 0x00, 0x00, 0x4A, 0xA0, 0xFE, 0xCE, 0x8C, 0x20, 0x8C, 0x20, 
0xFE, 0x47, 0xFE, 0x47, 0xFE, 0x47, 0xFE, 0x47, 0xD4, 0xE0, 0x4A, 0xA0, 0xFA, 0x02, 0xFB, 0x0A, 
0x75, 0xC8, 0xFB, 0x0A, 0xFB, 0x0A, 0xEF, 0x5D, 0xEF, 0x5D, 0x58, 0x40, 0xFB, 0x0A, 0xFB, 0x0A, 
0xE1, 0x20, 0xFA, 0x02, 0xFA, 0x02, 0xE1, 0x20, 0x8B, 0x69, 0x8B, 0x69, 0x00, 0x00, 0x00, 0x00, 
0x00, 0x00, 0x00, 0x00, 0x00, 0x00, 0x4A, 0xA0, 0xFE, 0xCE, 0xFE, 0xCE, 0xFE, 0xCE, 0x8C, 0x20, 
0x8C, 0x20, 0xFE, 0x47, 0xFE, 0x47, 0xD4, 0xE0, 0xD4, 0xE0, 0x4A, 0xA0, 0xFA, 0x02, 0xFB, 0x0A, 
0x75, 0xC8, 0xFB, 0x0A, 0xFB, 0x0A, 0xFB, 0x0A, 0xFA, 0x02, 0xE1, 0x20, 0x58, 0x40, 0xE1, 0x20, 
0xFB, 0x0A, 0xFB, 0x0A, 0xFB, 0x0A, 0xFA, 0x02, 0x8B, 0x69, 0x8B, 0x69, 0x00, 0x00, 0x00, 0x00, 
0x00, 0x00, 0x00, 0x00, 0x00, 0x00, 0x4A, 0xA0, 0xFE, 0xCE, 0xFE, 0xCE, 0xFE, 0xCE, 0xFE, 0x47, 
0x8C, 0x20, 0x8C, 0x20, 0xFE, 0x47, 0xD4, 0xE0, 0xD4, 0xE0, 0x4A, 0xA0, 0xFA, 0x02, 0xFB, 0x0A, 
0x75, 0xC8, 0xFB, 0x0A, 0xFB, 0x0A, 0xFB, 0x0A, 0xFA, 0x02, 0xE1, 0x20, 0x58, 0x40, 0xFB, 0x0A, 
0xFB, 0x0A, 0xFB, 0x0A, 0xFB, 0x0A, 0xFA, 0x02, 0x8B, 0x69, 0x6A, 0x65, 0x00, 0x00, 0x00, 0x00, 
0x00, 0x00, 0x00, 0x00, 0x00, 0x00, 0x4A, 0xA0, 0xFE, 0xCE, 0xFE, 0xCE, 0xFE, 0xCE, 0xFE, 0x47, 
0xFE, 0x47, 0x8C, 0x20, 0x8C, 0x20, 0xD4, 0xE0, 0xD4, 0xE0, 0x4A, 0xA0, 0xFA, 0x02, 0xFB, 0x0A, 
0x75, 0xC8, 0xFB, 0x0A, 0xFB, 0x0A, 0xFB, 0x0A, 0xFA, 0x02, 0xE1, 0x20, 0x58, 0x40, 0xFB, 0x0A, 
0x94, 0x92, 0x94, 0x92, 0x7B, 0xCF, 0x42, 0x28, 0x6A, 0x65, 0x6A, 0x65, 0x00, 0x00, 0x00, 0x00, 
0x00, 0x00, 0x00, 0x00, 0x00, 0x00, 0x4A, 0xA0, 0xFE, 0xCE, 0xFE, 0xCE, 0xFE, 0xCE, 0xFE, 0x47, 
0xFE, 0x47, 0xFE, 0x47, 0x8C, 0x20, 0xD4, 0xE0, 0xD4, 0xE0, 0x4A, 0xA0, 0xFA, 0x02, 0xFB, 0x0A, 
0xFB, 0x0A, 0xFB, 0x0A, 0xFB, 0x0A, 0xFB, 0x0A, 0xEF, 0x5D, 0xE1, 0x20, 0x58, 0x40, 0x94, 0x92, 
0x94, 0x92, 0x7B, 0xCF, 0x63, 0x0C, 0x42, 0x28, 0x6A, 0x65, 0x6A, 0x65, 0x00, 0x00, 0x00, 0x00, 
0x00, 0x00, 0x00, 0x00, 0x00, 0x00, 0x4A, 0xA0, 0xFE, 0xCE, 0xFE, 0xCE, 0xFE, 0xCE, 0xFE, 0x47, 
0xFE, 0x47, 0xFE, 0x47, 0xD4, 0xE0, 0x8C, 0x20, 0xD4, 0xE0, 0x4A, 0xA0, 0xFA, 0x02, 0xFB, 0x0A, 
0xFB, 0x0A, 0xFB, 0x0A, 0xFB, 0x0A, 0xFA, 0x02, 0xEF, 0x5D, 0xE1, 0x20, 0xE1, 0x20, 0x94, 0x92, 
0x7B, 0xCF, 0x7B, 0xCF, 0x63, 0x0C, 0x42, 0x28, 0x6A, 0x65, 0x6A, 0x65, 0x00, 0x00, 0x00, 0x00, 
0x00, 0x00, 0x00, 0x00, 0x00, 0x00, 0x4A, 0xA0, 0xFE, 0xCE, 0xFE, 0xCE, 0xFE, 0xCE, 0xFE, 0x47, 
0xFE, 0x47, 0xFE, 0x47, 0xD4, 0xE0, 0x8C, 0x20, 0xD4, 0xE0, 0x4A, 0xA0, 0xFA, 0x02, 0xFA, 0x02, 
0xFB, 0x0A, 0xFB, 0x0A, 0xFA, 0x02, 0xFA, 0x02, 0xEF, 0x5D, 0xE1, 0x20, 0xE1, 0x20, 0x7B, 0xCF, 
0x7B, 0xCF, 0x7B, 0xCF, 0x63, 0x0C, 0x42, 0x28, 0xE1, 0x20, 0x00, 0x00, 0x00, 0x00, 0x00, 0x00, 
0x00, 0x00, 0x00, 0x00, 0x00, 0x00, 0x4A, 0xA0, 0xFE, 0x47, 0xFE, 0xCE, 0xFE, 0xCE, 0xFE, 0x47, 
0xFE, 0x47, 0xFE, 0x47, 0xD4, 0xE0, 0x8C, 0x20, 0xD4, 0xE0, 0x4A, 0xA0, 0xFA, 0x02, 0xFA, 0x02, 
0xFA, 0x02, 0xFA, 0x02, 0xFA, 0x02, 0xFA, 0x02, 0xEF, 0x5D, 0xE1, 0x20, 0xE1, 0x20, 0x63, 0x0C, 
0x63, 0x0C, 0x63, 0x0C, 0x63, 0x0C, 0x42, 0x28, 0xE1, 0x20, 0x00, 0x00, 0x00, 0x00, 0x00, 0x00, 
0x00, 0x00, 0x00, 0x00, 0x00, 0x00, 0x4A, 0xA0, 0xFE, 0x47, 0xFE, 0x47, 0xFE, 0x47, 0xFE, 0x47, 
0xFE, 0x47, 0xFE, 0x47, 0xD4, 0xE0, 0x8C, 0x20, 0xD4, 0xE0, 0x4A, 0xA0, 0xE1, 0x20, 0xFA, 0x02, 
0xFA, 0x02, 0xFA, 0x02, 0xFA, 0x02, 0xFA, 0x02, 0xEF, 0x5D, 0xE1, 0x20, 0xE1, 0x20, 0x63, 0x0C, 
0x63, 0x0C, 0x63, 0x0C, 0x63, 0x0C, 0x42, 0x28, 0x8B, 0x69, 0x8B, 0x69, 0x00, 0x00, 0x00, 0x00, 
0x00, 0x00, 0x00, 0x00, 0x00, 0x00, 0x4A, 0xA0, 0x8C, 0x20, 0xFE, 0x47, 0xFE, 0x47, 0xFE, 0x47, 
0xFE, 0x47, 0xFE, 0x47, 0xD4, 0xE0, 0x8C, 0x20, 0x8C, 0x20, 0x4A, 0xA0, 0xE1, 0x20, 0xE1, 0x20, 
0x75, 0xC8, 0xFA, 0x02, 0xFA, 0x02, 0xFA, 0x02, 0xEF, 0x5D, 0xE1, 0x20, 0xE1, 0x20, 0xE1, 0x20, 
0x42, 0x28, 0x42, 0x28, 0x42, 0x28, 0x42, 0x28, 0x8B, 0x69, 0x8B, 0x69, 0x00, 0x00, 0x00, 0x00, 
0x00, 0x00, 0x00, 0x00, 0x00, 0x00, 0x4A, 0xA0, 0x8C, 0x20, 0x8C, 0x20, 0xFE, 0x47, 0xFE, 0x47, 
0xFE, 0x47, 0xFE, 0x47, 0xD4, 0xE0, 0xD4, 0xE0, 0x8C, 0x20, 0x4A, 0xA0, 0xE1, 0x20, 0xE1, 0x20, 
0x75, 0xC8, 0xE1, 0x20, 0xE1, 0x20, 0xE1, 0x20, 0xE1, 0x20, 0xE1, 0x20, 0x58, 0x40, 0xE1, 0x20, 
0x42, 0x28, 0x42, 0x28, 0x42, 0x28, 0x42, 0x28, 0x8B, 0x69, 0x6A, 0x65, 0x00, 0x00, 0x00, 0x00, 
0x00, 0x00, 0x00, 0x00, 0x4A, 0xA0, 0xFE, 0xCE, 0xFE, 0xCE, 0x8C, 0x20, 0x8C, 0x20, 0xFE, 0x47, 
0xFE, 0x47, 0xD4, 0xE0, 0xD4, 0xE0, 0xD4, 0xE0, 0x8C, 0x20, 0x4A, 0xA0, 0xE1, 0x20, 0xE1, 0x20, 
0x75, 0xC8, 0xE1, 0x20, 0xE1, 0x20, 0xE1, 0x20, 0xE1, 0x20, 0xE1, 0x20, 0x58, 0x40, 0xE1, 0x20, 
0xE1, 0x20, 0xE1, 0x20, 0xE1, 0x20, 0xE1, 0x20, 0x6A, 0x65, 0x6A, 0x65, 0x00, 0x00, 0x00, 0x00, 
0x00, 0x00, 0x00, 0x00, 0x4A, 0xA0, 0xFE, 0xCE, 0xFE, 0xCE, 0xFE, 0x47, 0x8C, 0x20, 0xD4, 0xE0, 
0xD4, 0xE0, 0xD4, 0xE0, 0xD4, 0xE0, 0xD4, 0xE0, 0x8C, 0x20, 0x4A, 0xA0, 0xE1, 0x20, 0xE1, 0x20, 
0x75, 0xC8, 0xE1, 0x20, 0xE1, 0x20, 0xE1, 0x20, 0xE1, 0x20, 0xE1, 0x20, 0x58, 0x40, 0x58, 0x40, 
0xE1, 0x20, 0xE1, 0x20, 0xE1, 0x20, 0xE1, 0x20, 0x6A, 0x65, 0x6A, 0x65, 0x00, 0x00, 0x00, 0x00, 
0x00, 0x00, 0x00, 0x00, 0x4A, 0xA0, 0xFE, 0x47, 0xFE, 0x47, 0xFE, 0x47, 0x8C, 0x20, 0x8C, 0x20, 
0xD4, 0xE0, 0xD4, 0xE0, 0xD4, 0xE0, 0xD4, 0xE0, 0x8C, 0x20, 0x4A, 0xA0, 0xE1, 0x20, 0xE1, 0x20, 
0x75, 0xC8, 0xE1, 0x20, 0xE1, 0x20, 0xFF, 0xFF, 0xEF, 0x5D, 0x58, 0x40, 0xE1, 0x20, 0xE1, 0x20, 
0x58, 0x40, 0xE1, 0x20, 0xE1, 0x20, 0x58, 0x40, 0x6A, 0x65, 0x6A, 0x65, 0x00, 0x00, 0x00, 0x00, 
0x00, 0x00, 0x00, 0x00, 0x4A, 0xA0, 0xFE, 0x47, 0xFE, 0x47, 0xFE, 0x47, 0xFE, 0x47, 0x8C, 0x20, 
0xD4, 0xE0, 0xD4, 0xE0, 0xD4, 0xE0, 0xD4, 0xE0, 0x8C, 0x20, 0x4A, 0xA0, 0xE1, 0x20, 0xE1, 0x20, 
0xE1, 0x20, 0xE1, 0x20, 0xE1, 0x20, 0xEF, 0x5D, 0xEF, 0x5D, 0x58, 0x40, 0xB0, 0xC0, 0xE1, 0x20, 
0xE1, 0x20, 0x58, 0x40, 0xE1, 0x20, 0xE1, 0x20, 0xE1, 0x20, 0x00, 0x00, 0x00, 0x00, 0x00, 0x00, 
0x00, 0x00, 0x4A, 0xA0, 0xFE, 0x47, 0xFE, 0x47, 0xFE, 0x47, 0xFE, 0x47, 0xD4, 0xE0, 0x8C, 0x20, 
0x8C, 0x20, 0xD4, 0xE0, 0xD4, 0xE0, 0xD4, 0xE0, 0x8C, 0x20, 0x4A, 0xA0, 0xB0, 0xC0, 0xE1, 0x20, 
0xE1, 0x20, 0xE1, 0x20, 0xE1, 0x20, 0xE1, 0x20, 0xE1, 0x20, 0x58, 0x40, 0xB0, 0xC0, 0xB0, 0xC0, 
0xFF, 0xFF, 0xEF, 0x5D, 0xB0, 0xC0, 0x58, 0x40, 0xE1, 0x20, 0x58, 0x40, 0x00, 0x00, 0x00, 0x00, 
0x00, 0x00, 0x4A, 0xA0, 0xFE, 0x47, 0xFE, 0x47, 0xD4, 0xE0, 0xD4, 0xE0, 0xD4, 0xE0, 0xD4, 0xE0, 
0x8C, 0x20, 0xD4, 0xE0, 0xD4, 0xE0, 0x8C, 0x20, 0x8C, 0x20, 0x4A, 0xA0, 0xB0, 0xC0, 0xB0, 0xC0, 
0xB0, 0xC0, 0xB0, 0xC0, 0xB0, 0xC0, 0xB0, 0xC0, 0xB0, 0xC0, 0x58, 0x40, 0xB0, 0xC0, 0xB0, 0xC0, 
0xEF, 0x5D, 0xEF, 0x5D, 0x58, 0x40, 0xFA, 0x02, 0xE1, 0x20, 0x58, 0x40, 0x00, 0x00, 0x00, 0x00, 
0x00, 0x00, 0x00, 0x00, 0x4A, 0xA0, 0xD4, 0xE0, 0xD4, 0xE0, 0xD4, 0xE0, 0xD4, 0xE0, 0xD4, 0xE0, 
0x8C, 0x20, 0x8C, 0x20, 0x8C, 0x20, 0x8C, 0x20, 0x8C, 0x20, 0x8C, 0x20, 0x4A, 0xA0, 0xB0, 0xC0, 
0xB0, 0xC0, 0xB0, 0xC0, 0xB0, 0xC0, 0xB0, 0xC0, 0x58, 0x40, 0x00, 0x00, 0x58, 0x40, 0xB0, 0xC0, 
0xB0, 0xC0, 0x58, 0x40, 0x58, 0x40, 0xE1, 0x20, 0xE1, 0x20, 0x58, 0x40, 0x00, 0x00, 0x00, 0x00, 
0x00, 0x00, 0x00, 0x00, 0x00, 0x00, 0x4A, 0xA0, 0x4A, 0xA0, 0x4A, 0xA0, 0x4A, 0xA0, 0x4A, 0xA0, 
0x4A, 0xA0, 0x8C, 0x20, 0x8C, 0x20, 0x8C, 0x20, 0x8C, 0x20, 0x8C, 0x20, 0x4A, 0xA0, 0x58, 0x40, 
0x58, 0x40, 0x58, 0x40, 0x58, 0x40, 0x58, 0x40, 0x00, 0x00, 0x00, 0x00, 0x00, 0x00, 0x58, 0x40, 
0x58, 0x40, 0x00, 0x00, 0x58, 0x40, 0xE1, 0x20, 0xE1, 0x20, 0x58, 0x40, 0x00, 0x00, 0x00, 0x00, 
0x00, 0x00, 0x00, 0x00, 0x00, 0x00, 0x00, 0x00, 0x00, 0x00, 0x00, 0x00, 0x00, 0x00, 0x00, 0x00, 
0x00, 0x00, 0x4A, 0xA0, 0x8C, 0x20, 0x8C, 0x20, 0x8C, 0x20, 0x8C, 0x20, 0x4A, 0xA0, 0x00, 0x00, 
0x00, 0x00, 0x00, 0x00, 0x00, 0x00, 0x00, 0x00, 0x00, 0x00, 0x00, 0x00, 0x00, 0x00, 0x00, 0x00, 
0x00, 0x00, 0x00, 0x00, 0x58, 0x40, 0xE1, 0x20, 0xB0, 0xC0, 0x58, 0x40, 0x00, 0x00, 0x00, 0x00, 
0x00, 0x00, 0x00, 0x00, 0x00, 0x00, 0x00, 0x00, 0x00, 0x00, 0x00, 0x00, 0x00, 0x00, 0x00, 0x00, 
0x00, 0x00, 0x00, 0x00, 0x4A, 0xA0, 0x4A, 0xA0, 0x4A, 0xA0, 0x4A, 0xA0, 0x00, 0x00, 0x00, 0x00, 
0x00, 0x00, 0x00, 0x00, 0x00, 0x00, 0x00, 0x00, 0x00, 0x00, 0x00, 0x00, 0x00, 0x00, 0x00, 0x00, 
0x00, 0x00, 0x00, 0x00, 0x00, 0x00, 0x58, 0x40, 0xB0, 0xC0, 0x58, 0x40, 0x00, 0x00, 0x00, 0x00, 
0x00, 0x00, 0x00, 0x00, 0x00, 0x00, 0x00, 0x00, 0x00, 0x00, 0x00, 0x00, 0x00, 0x00, 0x00, 0x00, 
0x00, 0x00, 0x00, 0x00, 0x00, 0x00, 0x00, 0x00, 0x00, 0x00, 0x00, 0x00, 0x00, 0x00, 0x00, 0x00, 
0x00, 0x00, 0x00, 0x00, 0x00, 0x00, 0x00, 0x00, 0x00, 0x00, 0x00, 0x00, 0x00, 0x00, 0x00, 0x00, 
0x00, 0x00, 0x00, 0x00, 0x00, 0x00, 0x00, 0x00, 0x58, 0x40, 0x00, 0x00, 0x00, 0x00, 0x00, 0x00, 
0x00, 0x00, 0x00, 0x00, 0x00, 0x00, 0x00, 0x00, 0x00, 0x00, 0x00, 0x00, 0x00, 0x00, 0x00, 0x00, 
0x00, 0x00, 0x00, 0x00, 0x00, 0x00, 0x00, 0x00, 0x00, 0x00, 0x00, 0x00, 0x00, 0x00, 0x00, 0x00, 
0x00, 0x00, 0x00, 0x00, 0x00, 0x00, 0x00, 0x00, 0x00, 0x00, 0x00, 0x00, 0x00, 0x00, 0x00, 0x00, 
0x00, 0x00, 0x00, 0x00, 0x00, 0x00, 0x00, 0x00, 0x00, 0x00, 0x00, 0x00, 0x00, 0x00, 0x00, 0x00
}
,
{
0x00, 0x00, 0x00, 0x00, 0x00, 0x00, 0x00, 0x00, 0x00, 0x00, 0x00, 0x00, 0x00, 0x00, 0x00, 0x00, 
0x00, 0x00, 0x00, 0x00, 0x00, 0x00, 0x00, 0x00, 0x00, 0x00, 0x00, 0x00, 0x00, 0x00, 0x00, 0x00, 
0x00, 0x00, 0x00, 0x00, 0x00, 0x00, 0x00, 0x00, 0x00, 0x00, 0x00, 0x00, 0x00, 0x00, 0x00, 0x00, 
0x00, 0x00, 0x00, 0x00, 0x00, 0x00, 0x00, 0x00, 0x00, 0x00, 0x00, 0x00, 0x00, 0x00, 0x00, 0x00, 
0x00, 0x00, 0x00, 0x00, 0x00, 0x00, 0x00, 0x00, 0x00, 0x00, 0x00, 0x00, 0x00, 0x00, 0x00, 0x00, 
0x00, 0x00, 0x00, 0x00, 0x00, 0x00, 0x00, 0x00, 0x00, 0x00, 0x00, 0x00, 0x00, 0x00, 0x00, 0x00, 
0x00, 0x00, 0x00, 0x00, 0x00, 0x00, 0x00, 0x00, 0x00, 0x00, 0x00, 0x00, 0x00, 0x00, 0x00, 0x00, 
0x00, 0x00, 0x00, 0x00, 0x00, 0x00, 0x00, 0x00, 0x00, 0x00, 0x00, 0x00, 0x00, 0x00, 0x00, 0x00, 
0x00, 0x00, 0x00, 0x00, 0x00, 0x00, 0x00, 0x00, 0x00, 0x00, 0x00, 0x00, 0x00, 0x00, 0x00, 0x00, 
0x00, 0x00, 0x00, 0x00, 0x00, 0x00, 0x00, 0x00, 0x00, 0x00, 0x00, 0x00, 0x00, 0x00, 0x00, 0x00, 
0x00, 0x00, 0x00, 0x00, 0x00, 0x00, 0x00, 0x00, 0x00, 0x00, 0x00, 0x00, 0x00, 0x00, 0x00, 0x00, 
0x00, 0x00, 0x00, 0x00, 0x00, 0x00, 0x00, 0x00, 0x00, 0x00, 0x00, 0x00, 0x00, 0x00, 0x00, 0x00, 
0x00, 0x00, 0x00, 0x00, 0x00, 0x00, 0x00, 0x00, 0x00, 0x00, 0x00, 0x00, 0x00, 0x00, 0x00, 0x00, 
0x00, 0x00, 0x00, 0x00, 0x00, 0x00, 0x00, 0x00, 0x00, 0x00, 0x00, 0x00, 0x00, 0x00, 0x00, 0x00, 
0x00, 0x00, 0x00, 0x00, 0x00, 0x00, 0x00, 0x00, 0x00, 0x00, 0x00, 0x00, 0x00, 0x00, 0x00, 0x00, 
0x00, 0x00, 0x00, 0x00, 0x00, 0x00, 0x00, 0x00, 0x00, 0x00, 0x00, 0x00, 0x00, 0x00, 0x00, 0x00, 
0x00, 0x00, 0x00, 0x00, 0x00, 0x00, 0x00, 0x00, 0x00, 0x00, 0x00, 0x00, 0x00, 0x00, 0x00, 0x00, 
0x00, 0x00, 0x00, 0x00, 0x00, 0x00, 0x00, 0x00, 0x00, 0x00, 0x58, 0x40, 0x58, 0x40, 0x58, 0x40, 
0x58, 0x40, 0x58, 0x40, 0x58, 0x40, 0x00, 0x00, 0x00, 0x00, 0x00, 0x00, 0x00, 0x00, 0x58, 0x40, 
0x58, 0x40, 0x00, 0x00, 0x00, 0x00, 0x00, 0x00, 0x00, 0x00, 0x00, 0x00, 0x00, 0x00, 0x00, 0x00, 
0x00, 0x00, 0x00, 0x00, 0x00, 0x00, 0x00, 0x00, 0x00, 0x00, 0x00, 0x00, 0x00, 0x00, 0x4A, 0xA0, 
0x4A, 0xA0, 0x4A, 0xA0, 0x4A, 0xA0, 0x4A, 0xA0, 0x58, 0x40, 0xB0, 0xC0, 0xB0, 0xC0, 0xE1, 0x20, 
0xE1, 0x20, 0xE1, 0x20, 0xE1, 0x20, 0x58, 0x40, 0x00, 0x00, 0x00, 0x00, 0x58, 0x40, 0xE1, 0x20, 
0xE1, 0x20, 0x58, 0x40, 0x00, 0x00, 0x00, 0x00, 0x00, 0x00, 0x00, 0x00, 0x00, 0x00, 0x00, 0x00, 
0x00, 0x00, 0x00, 0x00, 0x00, 0x00, 0x00, 0x00, 0x00, 0x00, 0x00, 0x00, 0x4A, 0xA0, 0xFE, 0xCE, 
0xFE, 0xCE, 0xFE, 0x47, 0xFE, 0x47, 0x4A, 0xA0, 0xB0, 0xC0, 0xB0, 0xC0, 0xE1, 0x20, 0xE1, 0x20, 
0xE1, 0x20, 0xE1, 0x20, 0xE1, 0x20, 0xE1, 0x20, 0x58, 0x40, 0x58, 0x40, 0xE1, 0x20, 0xFA, 0x02, 
0xFF, 0xFF, 0xEF, 0x5D, 0x58, 0x40, 0x00, 0x00, 0x00, 0x00, 0x00, 0x00, 0x00, 0x00, 0x00, 0x00, 
0x00, 0x00, 0x00, 0x00, 0x00, 0x00, 0x00, 0x00, 0x00, 0x00, 0x4A, 0xA0, 0xFE, 0xCE, 0xFE, 0xCE, 
0xFE, 0xCE, 0xFE, 0x47, 0xFE, 0x47, 0x4A, 0xA0, 0x4A, 0xA0, 0xE1, 0x20, 0xFA, 0x02, 0xFA, 0x02, 
0xFA, 0x02, 0xFA, 0x02, 0xFA, 0x02, 0xE1, 0x20, 0xE1, 0x20, 0x58, 0x40, 0xFA, 0x02, 0xFB, 0x0A, 
0xEF, 0x5D, 0xEF, 0x5D, 0xE1, 0x20, 0x58, 0x40, 0x00, 0x00, 0x00, 0x00, 0x00, 0x00, 0x00, 0x00, 
0x00, 0x00, 0x00, 0x00, 0x00, 0x00, 0x00, 0x00, 0x4A, 0xA0, 0x8C, 0x20, 0xFE, 0x47, 0xFE, 0xCE, 
0xFE, 0xCE, 0xFE, 0x47, 0xFE, 0x47, 0xD4, 0xE0, 0x4A, 0xA0, 0xFA, 0x02, 0xFB, 0x0A, 0x75, 0xC8, 
0xFB, 0x0A, 0xFB, 0x0A, 0xFF, 0xFF, 0xEF, 0x5D, 0xE1, 0x20, 0x58, 0x40, 0xFB, 0x0A, 0xFB, 0x0A, 
0xFB, 0x0A, 0xE1, 0x20, 0xE1, 0x20, 0xE1, 0x20, 0x58, 0x40, 0x00, 0x00, 0x00, 0x00, 0x00, 0x00, 
0x00, 0x00, 0x00, 0x00, 0x00, 0x00, 0x4A, 0xA0, 0xFE, 0xCE, 0x8C, 0x20, 0x8C, 0x20, 0xFE, 0x47, 
0xFE, 0x47, 0xFE, 0x47, 0xFE, 0x47, 0xD4, 0xE0, 0x4A, 0xA0, 0xFA, 0x02, 0xFB, 0x0A, 0x75, 0xC8, 
0xFB, 0x0A, 0xFB, 0x0A, 0xEF, 0x5D, 0xEF, 0x5D, 0xE1, 0x20, 0x58, 0x40, 0xFB, 0x0A, 0xFB, 0x0A, 
0xE1, 0x20, 0xFA, 0x02, 0xFA, 0x02, 0xE1, 0x20, 0x8B, 0x69, 0x8B, 0x69, 0x00, 0x00, 0x00, 0x00, 
0x00, 0x00, 0x00, 0x00, 0x4A, 0xA0, 0xFE, 0xCE, 0xFE, 0xCE, 0xFE, 0xCE, 0x8C, 0x20, 0x8C, 0x20, 
0xFE, 0x47, 0xFE, 0x47, 0xD4, 0xE0, 0xD4, 0xE0, 0x4A, 0xA0, 0xFA, 0x02, 0xFB, 0x0A, 0x75, 0xC8, 
0xFB, 0x0A, 0xFB, 0x0A, 0xFB, 0x0A, 0xFA, 0x02, 0xFA, 0x02, 0xE1, 0x20, 0x58, 0x40, 0xE1, 0x20, 
0xFB, 0x0A, 0xFB, 0x0A, 0xFB, 0x0A, 0xFA, 0x02, 0x8B, 0x69, 0x8B, 0x69, 0x00, 0x00, 0x00, 0x00, 
0x00, 0x00, 0x00, 0x00, 0x4A, 0xA0, 0xFE, 0xCE, 0xFE, 0xCE, 0xFE, 0xCE, 0xFE, 0x47, 0x8C, 0x20, 
0x8C, 0x20, 0xFE, 0x47, 0xD4, 0xE0, 0xD4, 0xE0, 0x4A, 0xA0, 0xFA, 0x02, 0xFB, 0x0A, 0x75, 0xC8, 
0xFB, 0x0A, 0xFB, 0x0A, 0xFB, 0x0A, 0xFA, 0x02, 0xFA, 0x02, 0xE1, 0x20, 0x58, 0x40, 0xFB, 0x0A, 
0xFB, 0x0A, 0xFB, 0x0A, 0xFB, 0x0A, 0xFA, 0x02, 0x8B, 0x69, 0x6A, 0x65, 0x00, 0x00, 0x00, 0x00, 
0x00, 0x00, 0x00, 0x00, 0x4A, 0xA0, 0xFE, 0xCE, 0xFE, 0xCE, 0xFE, 0xCE, 0xFE, 0x47, 0xFE, 0x47, 
0x8C, 0x20, 0x8C, 0x20, 0xD4, 0xE0, 0xD4, 0xE0, 0x4A, 0xA0, 0xFA, 0x02, 0xFB, 0x0A, 0x75, 0xC8, 
0xFB, 0x0A, 0xFB, 0x0A, 0xFB, 0x0A, 0xFA, 0x02, 0xFA, 0x02, 0xE1, 0x20, 0x58, 0x40, 0xFB, 0x0A, 
0x94, 0x92, 0x94, 0x92, 0x7B, 0xCF, 0x42, 0x28, 0x6A, 0x65, 0x6A, 0x65, 0x00, 0x00, 0x00, 0x00, 
0x00, 0x00, 0x00, 0x00, 0x4A, 0xA0, 0xFE, 0xCE, 0xFE, 0xCE, 0xFE, 0xCE, 0xFE, 0x47, 0xFE, 0x47, 
0xFE, 0x47, 0x8C, 0x20, 0xD4, 0xE0, 0xD4, 0xE0, 0x4A, 0xA0, 0xFA, 0x02, 0xFB, 0x0A, 0xFB, 0x0A, 
0xFB, 0x0A, 0xFB, 0x0A, 0xFB, 0x0A, 0xEF, 0x5D, 0xFA, 0x02, 0xE1, 0x20, 0x58, 0x40, 0x94, 0x92, 
0x94, 0x92, 0x7B, 0xCF, 0x63, 0x0C, 0x42, 0x28, 0x6A, 0x65, 0x6A, 0x65, 0x00, 0x00, 0x00, 0x00, 
0x00, 0x00, 0x00, 0x00, 0x4A, 0xA0, 0xFE, 0xCE, 0xFE, 0xCE, 0xFE, 0xCE, 0xFE, 0x47, 0xFE, 0x47, 
0xFE, 0x47, 0xD4, 0xE0, 0x8C, 0x20, 0xD4, 0xE0, 0x4A, 0xA0, 0xFA, 0x02, 0xFB, 0x0A, 0xFB, 0x0A, 
0xFB, 0x0A, 0xFB, 0x0A, 0xFA, 0x02, 0xEF, 0x5D, 0xFA, 0x02, 0xE1, 0x20, 0xE1, 0x20, 0x94, 0x92, 
0x7B, 0xCF, 0x7B, 0xCF, 0x63, 0x0C, 0x42, 0x28, 0x6A, 0x65, 0x6A, 0x65, 0x00, 0x00, 0x00, 0x00, 
0x00, 0x00, 0x00, 0x00, 0x4A, 0xA0, 0xFE, 0xCE, 0xFE, 0xCE, 0xFE, 0xCE, 0xFE, 0x47, 0xFE, 0x47, 
0xFE, 0x47, 0xD4, 0xE0, 0x8C, 0x20, 0xD4, 0xE0, 0x4A, 0xA0, 0xFA, 0x02, 0xFA, 0x02, 0xFB, 0x0A, 
0xFB, 0x0A, 0xFA, 0x02, 0xFA, 0x02, 0xEF, 0x5D, 0xFA, 0x02, 0xE1, 0x20, 0xE1, 0x20, 0x7B, 0xCF, 
0x7B, 0xCF, 0x7B, 0xCF, 0x63, 0x0C, 0x42, 0x28, 0xE1, 0x20, 0x00, 0x00, 0x00, 0x00, 0x00, 0x00, 
0x00, 0x00, 0x00, 0x00, 0x4A, 0xA0, 0xFE, 0x47, 0xFE, 0xCE, 0xFE, 0xCE, 0xFE, 0x47, 0xFE, 0x47, 
0xFE, 0x47, 0xD4, 0xE0, 0x8C, 0x20, 0xD4, 0xE0, 0x4A, 0xA0, 0xFA, 0x02, 0xFA, 0x02, 0xFA, 0x02, 
0xFA, 0x02, 0xFA, 0x02, 0xFA, 0x02, 0xEF, 0x5D, 0xFA, 0x02, 0xE1, 0x20, 0xE1, 0x20, 0x63, 0x0C, 
0x63, 0x0C, 0x63, 0x0C, 0x63, 0x0C, 0x42, 0x28, 0xE1, 0x20, 0x00, 0x00, 0x00, 0x00, 0x00, 0x00, 
0x00, 0x00, 0x00, 0x00, 0x4A, 0xA0, 0xFE, 0x47, 0xFE, 0x47, 0xFE, 0x47, 0xFE, 0x47, 0xFE, 0x47, 
0xFE, 0x47, 0xD4, 0xE0, 0x8C, 0x20, 0xD4, 0xE0, 0x4A, 0xA0, 0xE1, 0x20, 0xFA, 0x02, 0xFA, 0x02, 
0xFA, 0x02, 0xFA, 0x02, 0xFA, 0x02, 0xEF, 0x5D, 0xFA, 0x02, 0xE1, 0x20, 0xE1, 0x20, 0x63, 0x0C, 
0x63, 0x0C, 0x63, 0x0C, 0x63, 0x0C, 0x42, 0x28, 0x8B, 0x69, 0x8B, 0x69, 0x00, 0x00, 0x00, 0x00, 
0x00, 0x00, 0x00, 0x00, 0x4A, 0xA0, 0x8C, 0x20, 0xFE, 0x47, 0xFE, 0x47, 0xFE, 0x47, 0xFE, 0x47, 
0xFE, 0x47, 0xD4, 0xE0, 0x8C, 0x20, 0x8C, 0x20, 0x4A, 0xA0, 0xE1, 0x20, 0xE1, 0x20, 0x75, 0xC8, 
0xFA, 0x02, 0xFA, 0x02, 0xFA, 0x02, 0xEF, 0x5D, 0xE1, 0x20, 0xE1, 0x20, 0xE1, 0x20, 0xE1, 0x20, 
0x42, 0x28, 0x42, 0x28, 0x42, 0x28, 0x42, 0x28, 0x8B, 0x69, 0x8B, 0x69, 0x00, 0x00, 0x00, 0x00, 
0x00, 0x00, 0x00, 0x00, 0x4A, 0xA0, 0x8C, 0x20, 0x8C, 0x20, 0xFE, 0x47, 0xFE, 0x47, 0xFE, 0x47, 
0xFE, 0x47, 0xD4, 0xE0, 0xD4, 0xE0, 0x8C, 0x20, 0x4A, 0xA0, 0xE1, 0x20, 0xE1, 0x20, 0x75, 0xC8, 
0xE1, 0x20, 0xE1, 0x20, 0xE1, 0x20, 0xE1, 0x20, 0xE1, 0x20, 0xE1, 0x20, 0x58, 0x40, 0xE1, 0x20, 
0x42, 0x28, 0x42, 0x28, 0x42, 0x28, 0x42, 0x28, 0x8B, 0x69, 0x6A, 0x65, 0x00, 0x00, 0x00, 0x00, 
0x00, 0x00, 0x4A, 0xA0, 0xFE, 0xCE, 0xFE, 0xCE, 0x8C, 0x20, 0x8C, 0x20, 0xFE, 0x47, 0xFE, 0x47, 
0xD4, 0xE0, 0xD4, 0xE0, 0xD4, 0xE0, 0x8C, 0x20, 0x4A, 0xA0, 0xE1, 0x20, 0xE1, 0x20, 0x75, 0xC8, 
0xE1, 0x20, 0xE1, 0x20, 0xE1, 0x20, 0xE1, 0x20, 0xE1, 0x20, 0xE1, 0x20, 0x58, 0x40, 0xE1, 0x20, 
0xE1, 0x20, 0xE1, 0x20, 0xE1, 0x20, 0xE1, 0x20, 0x6A, 0x65, 0x6A, 0x65, 0x00, 0x00, 0x00, 0x00, 
0x00, 0x00, 0x4A, 0xA0, 0xFE, 0xCE, 0xFE, 0xCE, 0xFE, 0x47, 0x8C, 0x20, 0xD4, 0xE0, 0xD4, 0xE0, 
0xD4, 0xE0, 0xD4, 0xE0, 0xD4, 0xE0, 0x8C, 0x20, 0x4A, 0xA0, 0xE1, 0x20, 0xE1, 0x20, 0x75, 0xC8, 
0xE1, 0x20, 0xE1, 0x20, 0xE1, 0x20, 0xE1, 0x20, 0xE1, 0x20, 0xE1, 0x20, 0x58, 0x40, 0x58, 0x40, 
0xE1, 0x20, 0xE1, 0x20, 0xE1, 0x20, 0xE1, 0x20, 0x6A, 0x65, 0x6A, 0x65, 0x00, 0x00, 0x00, 0x00, 
0x00, 0x00, 0x4A, 0xA0, 0xFE, 0x47, 0xFE, 0x47, 0xFE, 0x47, 0x8C, 0x20, 0x8C, 0x20, 0xD4, 0xE0, 
0xD4, 0xE0, 0xD4, 0xE0, 0xD4, 0xE0, 0x8C, 0x20, 0x4A, 0xA0, 0xE1, 0x20, 0xE1, 0x20, 0x75, 0xC8, 
0xE1, 0x20, 0xE1, 0x20, 0xFF, 0xFF, 0xEF, 0x5D, 0xE1, 0x20, 0x58, 0x40, 0xE1, 0x20, 0xE1, 0x20, 
0x58, 0x40, 0xE1, 0x20, 0xE1, 0x20, 0x58, 0x40, 0x6A, 0x65, 0x6A, 0x65, 0x00, 0x00, 0x00, 0x00, 
0x00, 0x00, 0x4A, 0xA0, 0xFE, 0x47, 0xFE, 0x47, 0xFE, 0x47, 0xFE, 0x47, 0x8C, 0x20, 0xD4, 0xE0, 
0xD4, 0xE0, 0xD4, 0xE0, 0xD4, 0xE0, 0x8C, 0x20, 0x4A, 0xA0, 0xE1, 0x20, 0xE1, 0x20, 0xE1, 0x20, 
0xE1, 0x20, 0xE1, 0x20, 0xEF, 0x5D, 0xEF, 0x5D, 0xE1, 0x20, 0x58, 0x40, 0xB0, 0xC0, 0xE1, 0x20, 
0xE1, 0x20, 0x58, 0x40, 0xE1, 0x20, 0xE1, 0x20, 0xE1, 0x20, 0x00, 0x00, 0x00, 0x00, 0x00, 0x00, 
0x4A, 0xA0, 0xFE, 0x47, 0xFE, 0x47, 0xFE, 0x47, 0xFE, 0x47, 0xD4, 0xE0, 0x8C, 0x20, 0x8C, 0x20, 
0xD4, 0xE0, 0xD4, 0xE0, 0xD4, 0xE0, 0x8C, 0x20, 0x4A, 0xA0, 0xB0, 0xC0, 0xE1, 0x20, 0xE1, 0x20, 
0xE1, 0x20, 0xE1, 0x20, 0xE1, 0x20, 0xE1, 0x20, 0xB0, 0xC0, 0x58, 0x40, 0xB0, 0xC0, 0xB0, 0xC0, 
0xFF, 0xFF, 0xEF, 0x5D, 0xB0, 0xC0, 0x58, 0x40, 0xE1, 0x20, 0x58, 0x40, 0x00, 0x00, 0x00, 0x00, 
0x4A, 0xA0, 0xFE, 0x47, 0xFE, 0x47, 0xD4, 0xE0, 0xD4, 0xE0, 0xD4, 0xE0, 0xD4, 0xE0, 0x8C, 0x20, 
0xD4, 0xE0, 0xD4, 0xE0, 0x8C, 0x20, 0x8C, 0x20, 0x4A, 0xA0, 0xB0, 0xC0, 0xB0, 0xC0, 0xB0, 0xC0, 
0xB0, 0xC0, 0xB0, 0xC0, 0xB0, 0xC0, 0xB0, 0xC0, 0x58, 0x40, 0x58, 0x40, 0xB0, 0xC0, 0xB0, 0xC0, 
0xEF, 0x5D, 0xEF, 0x5D, 0x58, 0x40, 0xFA, 0x02, 0xE1, 0x20, 0x58, 0x40, 0x00, 0x00, 0x00, 0x00, 
0x00, 0x00, 0x4A, 0xA0, 0xD4, 0xE0, 0xD4, 0xE0, 0xD4, 0xE0, 0xD4, 0xE0, 0xD4, 0xE0, 0x8C, 0x20, 
0x8C, 0x20, 0x8C, 0x20, 0x8C, 0x20, 0x8C, 0x20, 0x8C, 0x20, 0x4A, 0xA0, 0xB0, 0xC0, 0xB0, 0xC0, 
0xB0, 0xC0, 0xB0, 0xC0, 0xB0, 0xC0, 0x58, 0x40, 0x00, 0x00, 0x00, 0x00, 0x58, 0x40, 0xB0, 0xC0, 
0xB0, 0xC0, 0x58, 0x40, 0x58, 0x40, 0xE1, 0x20, 0xE1, 0x20, 0x58, 0x40, 0x00, 0x00, 0x00, 0x00, 
0x00, 0x00, 0x00, 0x00, 0x4A, 0xA0, 0x4A, 0xA0, 0x4A, 0xA0, 0x4A, 0xA0, 0x4A, 0xA0, 0x4A, 0xA0, 
0x8C, 0x20, 0x8C, 0x20, 0x8C, 0x20, 0x8C, 0x20, 0x8C, 0x20, 0x4A, 0xA0, 0x58, 0x40, 0x58, 0x40, 
0x58, 0x40, 0x58, 0x40, 0x58, 0x40, 0x00, 0x00, 0x00, 0x00, 0x00, 0x00, 0x00, 0x00, 0x58, 0x40, 
0x58, 0x40, 0x00, 0x00, 0x58, 0x40, 0xE1, 0x20, 0xE1, 0x20, 0x58, 0x40, 0x00, 0x00, 0x00, 0x00, 
0x00, 0x00, 0x00, 0x00, 0x00, 0x00, 0x00, 0x00, 0x00, 0x00, 0x00, 0x00, 0x00, 0x00, 0x00, 0x00, 
0x4A, 0xA0, 0x8C, 0x20, 0x8C, 0x20, 0x8C, 0x20, 0x8C, 0x20, 0x4A, 0xA0, 0x00, 0x00, 0x00, 0x00, 
0x00, 0x00, 0x00, 0x00, 0x00, 0x00, 0x00, 0x00, 0x00, 0x00, 0x00, 0x00, 0x00, 0x00, 0x00, 0x00, 
0x00, 0x00, 0x00, 0x00, 0x58, 0x40, 0xE1, 0x20, 0xB0, 0xC0, 0x58, 0x40, 0x00, 0x00, 0x00, 0x00, 
0x00, 0x00, 0x00, 0x00, 0x00, 0x00, 0x00, 0x00, 0x00, 0x00, 0x00, 0x00, 0x00, 0x00, 0x00, 0x00, 
0x00, 0x00, 0x4A, 0xA0, 0x4A, 0xA0, 0x4A, 0xA0, 0x4A, 0xA0, 0x00, 0x00, 0x00, 0x00, 0x00, 0x00, 
0x00, 0x00, 0x00, 0x00, 0x00, 0x00, 0x00, 0x00, 0x00, 0x00, 0x00, 0x00, 0x00, 0x00, 0x00, 0x00, 
0x00, 0x00, 0x00, 0x00, 0x00, 0x00, 0x58, 0x40, 0xB0, 0xC0, 0x58, 0x40, 0x00, 0x00, 0x00, 0x00, 
0x00, 0x00, 0x00, 0x00, 0x00, 0x00, 0x00, 0x00, 0x00, 0x00, 0x00, 0x00, 0x00, 0x00, 0x00, 0x00, 
0x00, 0x00, 0x00, 0x00, 0x00, 0x00, 0x00, 0x00, 0x00, 0x00, 0x00, 0x00, 0x00, 0x00, 0x00, 0x00, 
0x00, 0x00, 0x00, 0x00, 0x00, 0x00, 0x00, 0x00, 0x00, 0x00, 0x00, 0x00, 0x00, 0x00, 0x00, 0x00, 
0x00, 0x00, 0x00, 0x00, 0x00, 0x00, 0x00, 0x00, 0x58, 0x40, 0x00, 0x00, 0x00, 0x00, 0x00, 0x00, 
0x00, 0x00, 0x00, 0x00, 0x00, 0x00, 0x00, 0x00, 0x00, 0x00, 0x00, 0x00, 0x00, 0x00, 0x00, 0x00, 
0x00, 0x00, 0x00, 0x00, 0x00, 0x00, 0x00, 0x00, 0x00, 0x00, 0x00, 0x00, 0x00, 0x00, 0x00, 0x00, 
0x00, 0x00, 0x00, 0x00, 0x00, 0x00, 0x00, 0x00, 0x00, 0x00, 0x00, 0x00, 0x00, 0x00, 0x00, 0x00, 
0x00, 0x00, 0x00, 0x00, 0x00, 0x00, 0x00, 0x00, 0x00, 0x00, 0x00, 0x00, 0x00, 0x00, 0x00, 0x00
}
,
{
0x00, 0x00, 0x00, 0x00, 0x00, 0x00, 0x00, 0x00, 0x00, 0x00, 0x00, 0x00, 0x00, 0x00, 0x00, 0x00, 
0x00, 0x00, 0x00, 0x00, 0x00, 0x00, 0x00, 0x00, 0x00, 0x00, 0x00, 0x00, 0x00, 0x00, 0x00, 0x00, 
0x00, 0x00, 0x00, 0x00, 0x00, 0x00, 0x00, 0x00, 0x00, 0x00, 0x00, 0x00, 0x00, 0x00, 0x00, 0x00, 
0x00, 0x00, 0x00, 0x00, 0x00, 0x00, 0x00, 0x00, 0x00, 0x00, 0x00, 0x00, 0x00, 0x00, 0x00, 0x00, 
0x00, 0x00, 0x00, 0x00, 0x00, 0x00, 0x00, 0x00, 0x00, 0x00, 0x00, 0x00, 0x00, 0x00, 0x00, 0x00, 
0x00, 0x00, 0x00, 0x00, 0x00, 0x00, 0x00, 0x00, 0x00, 0x00, 0x00, 0x00, 0x00, 0x00, 0x00, 0x00, 
0x00, 0x00, 0x00, 0x00, 0x00, 0x00, 0x00, 0x00, 0x00, 0x00, 0x00, 0x00, 0x00, 0x00, 0x00, 0x00, 
0x00, 0x00, 0x00, 0x00, 0x00, 0x00, 0x00, 0x00, 0x00, 0x00, 0x00, 0x00, 0x00, 0x00, 0x00, 0x00, 
0x00, 0x00, 0x00, 0x00, 0x00, 0x00, 0x00, 0x00, 0x00, 0x00, 0x00, 0x00, 0x00, 0x00, 0x00, 0x00, 
0x00, 0x00, 0x00, 0x00, 0x00, 0x00, 0x00, 0x00, 0x00, 0x00, 0x00, 0x00, 0x00, 0x00, 0x00, 0x00, 
0x00, 0x00, 0x00, 0x00, 0x00, 0x00, 0x00, 0x00, 0x00, 0x00, 0x00, 0x00, 0x00, 0x00, 0x00, 0x00, 
0x00, 0x00, 0x00, 0x00, 0x00, 0x00, 0x00, 0x00, 0x00, 0x00, 0x00, 0x00, 0x00, 0x00, 0x00, 0x00, 
0x00, 0x00, 0x00, 0x00, 0x00, 0x00, 0x00, 0x00, 0x00, 0x00, 0x00, 0x00, 0x00, 0x00, 0x00, 0x00, 
0x00, 0x00, 0x00, 0x00, 0x00, 0x00, 0x00, 0x00, 0x00, 0x00, 0x00, 0x00, 0x00, 0x00, 0x00, 0x00, 
0x00, 0x00, 0x00, 0x00, 0x00, 0x00, 0x00, 0x00, 0x00, 0x00, 0x00, 0x00, 0x00, 0x00, 0x00, 0x00, 
0x00, 0x00, 0x00, 0x00, 0x00, 0x00, 0x00, 0x00, 0x00, 0x00, 0x00, 0x00, 0x00, 0x00, 0x00, 0x00, 
0x00, 0x00, 0x00, 0x00, 0x00, 0x00, 0x00, 0x00, 0x00, 0x00, 0x00, 0x00, 0x00, 0x00, 0x00, 0x00, 
0x00, 0x00, 0x00, 0x00, 0x00, 0x00, 0x00, 0x00, 0x00, 0x00, 0x00, 0x00, 0x58, 0x40, 0x58, 0x40, 
0x58, 0x40, 0x58, 0x40, 0x58, 0x40, 0x58, 0x40, 0x00, 0x00, 0x00, 0x00, 0x00, 0x00, 0x58, 0x40, 
0x58, 0x40, 0x00, 0x00, 0x00, 0x00, 0x00, 0x00, 0x00, 0x00, 0x00, 0x00, 0x00, 0x00, 0x00, 0x00, 
0x00, 0x00, 0x00, 0x00, 0x00, 0x00, 0x00, 0x00, 0x00, 0x00, 0x00, 0x00, 0x00, 0x00, 0x00, 0x00, 
0x4A, 0xA0, 0x4A, 0xA0, 0x4A, 0xA0, 0x4A, 0xA0, 0x4A, 0xA0, 0x58, 0x40, 0xB0, 0xC0, 0xB0, 0xC0, 
0xE1, 0x20, 0xE1, 0x20, 0xE1, 0x20, 0xE1, 0x20, 0x58, 0x40, 0x00, 0x00, 0x58, 0x40, 0xE1, 0x20, 
0xE1, 0x20, 0x58, 0x40, 0x00, 0x00, 0x00, 0x00, 0x00, 0x00, 0x00, 0x00, 0x00, 0x00, 0x00, 0x00, 
0x00, 0x00, 0x00, 0x00, 0x00, 0x00, 0x00, 0x00, 0x00, 0x00, 0x00, 0x00, 0x00, 0x00, 0x4A, 0xA0, 
0xFE, 0xCE, 0xFE, 0xCE, 0xFE, 0x47, 0xFE, 0x47, 0x4A, 0xA0, 0xB0, 0xC0, 0xB0, 0xC0, 0xE1, 0x20, 
0xE1, 0x20, 0xE1, 0x20, 0xE1, 0x20, 0xE1, 0x20, 0xE1, 0x20, 0x58, 0x40, 0xE1, 0x20, 0xFA, 0x02, 
0xFF, 0xFF, 0xEF, 0x5D, 0x58, 0x40, 0x00, 0x00, 0x00, 0x00, 0x00, 0x00, 0x00, 0x00, 0x00, 0x00, 
0x00, 0x00, 0x00, 0x00, 0x00, 0x00, 0x00, 0x00, 0x00, 0x00, 0x00, 0x00, 0x4A, 0xA0, 0xFE, 0xCE, 
0xFE, 0xCE, 0xFE, 0xCE, 0xFE, 0x47, 0xFE, 0x47, 0x4A, 0xA0, 0x4A, 0xA0, 0xE1, 0x20, 0xFA, 0x02, 
0xFA, 0x02, 0xFA, 0x02, 0xFA, 0x02, 0xFA, 0x02, 0xE1, 0x20, 0x58, 0x40, 0xFA, 0x02, 0xFB, 0x0A, 
0xEF, 0x5D, 0xEF, 0x5D, 0xE1, 0x20, 0x58, 0x40, 0x00, 0x00, 0x00, 0x00, 0x00, 0x00, 0x00, 0x00, 
0x00, 0x00, 0x00, 0x00, 0x00, 0x00, 0x00, 0x00, 0x00, 0x00, 0x4A, 0xA0, 0x8C, 0x20, 0xFE, 0x47, 
0xFE, 0xCE, 0xFE, 0xCE, 0xFE, 0x47, 0xFE, 0x47, 0xD4, 0xE0, 0x4A, 0xA0, 0xFA, 0x02, 0xFB, 0x0A, 
0x75, 0xC8, 0xFB, 0x0A, 0xFB, 0x0A, 0xFF, 0xFF, 0xEF, 0x5D, 0x58, 0x40, 0xFB, 0x0A, 0xFB, 0x0A, 
0xFB, 0x0A, 0xE1, 0x20, 0xE1, 0x20, 0xE1, 0x20, 0x58, 0x40, 0x00, 0x00, 0x00, 0x00, 0x00, 0x00, 
0x00, 0x00, 0x00, 0x00, 0x00, 0x00, 0x00, 0x00, 0x4A, 0xA0, 0xFE, 0xCE, 0x8C, 0x20, 0x8C, 0x20, 
0xFE, 0x47, 0xFE, 0x47, 0xFE, 0x47, 0xFE, 0x47, 0xD4, 0xE0, 0x4A, 0xA0, 0xFA, 0x02, 0xFB, 0x0A, 
0x75, 0xC8, 0xFB, 0x0A, 0xFB, 0x0A, 0xEF, 0x5D, 0xEF, 0x5D, 0x58, 0x40, 0xFB, 0x0A, 0xFB, 0x0A, 
0xE1, 0x20, 0xFA, 0x02, 0xFA, 0x02, 0xE1, 0x20, 0x8B, 0x69, 0x8B, 0x69, 0x00, 0x00, 0x00, 0x00, 
0x00, 0x00, 0x00, 0x00, 0x00, 0x00, 0x4A, 0xA0, 0xFE, 0xCE, 0xFE, 0xCE, 0xFE, 0xCE, 0x8C, 0x20, 
0x8C, 0x20, 0xFE, 0x47, 0xFE, 0x47, 0xD4, 0xE0, 0xD4, 0xE0, 0x4A, 0xA0, 0xFA, 0x02, 0xFB, 0x0A, 
0x75, 0xC8, 0xFB, 0x0A, 0xFB, 0x0A, 0xFB, 0x0A, 0xFA, 0x02, 0xE1, 0x20, 0x58, 0x40, 0xE1, 0x20, 
0xFB, 0x0A, 0xFB, 0x0A, 0xFB, 0x0A, 0xFA, 0x02, 0x8B, 0x69, 0x8B, 0x69, 0x00, 0x00, 0x00, 0x00, 
0x00, 0x00, 0x00, 0x00, 0x00, 0x00, 0x4A, 0xA0, 0xFE, 0xCE, 0xFE, 0xCE, 0xFE, 0xCE, 0xFE, 0x47, 
0x8C, 0x20, 0x8C, 0x20, 0xFE, 0x47, 0xD4, 0xE0, 0xD4, 0xE0, 0x4A, 0xA0, 0xFA, 0x02, 0xFB, 0x0A, 
0x75, 0xC8, 0xFB, 0x0A, 0xFB, 0x0A, 0xFB, 0x0A, 0xFA, 0x02, 0xE1, 0x20, 0x58, 0x40, 0xFB, 0x0A, 
0xFB, 0x0A, 0xFB, 0x0A, 0xFB, 0x0A, 0xFA, 0x02, 0x8B, 0x69, 0x6A, 0x65, 0x00, 0x00, 0x00, 0x00, 
0x00, 0x00, 0x00, 0x00, 0x00, 0x00, 0x4A, 0xA0, 0xFE, 0xCE, 0xFE, 0xCE, 0xFE, 0xCE, 0xFE, 0x47, 
0xFE, 0x47, 0x8C, 0x20, 0x8C, 0x20, 0xD4, 0xE0, 0xD4, 0xE0, 0x4A, 0xA0, 0xFA, 0x02, 0xFB, 0x0A, 
0x75, 0xC8, 0xFB, 0x0A, 0xFB, 0x0A, 0xFB, 0x0A, 0xFA, 0x02, 0xE1, 0x20, 0x58, 0x40, 0xFB, 0x0A, 
0x94, 0x92, 0x94, 0x92, 0x7B, 0xCF, 0x42, 0x28, 0x6A, 0x65, 0x6A, 0x65, 0x00, 0x00, 0x00, 0x00, 
0x00, 0x00, 0x00, 0x00, 0x00, 0x00, 0x4A, 0xA0, 0xFE, 0xCE, 0xFE, 0xCE, 0xFE, 0xCE, 0xFE, 0x47, 
0xFE, 0x47, 0xFE, 0x47, 0x8C, 0x20, 0xD4, 0xE0, 0xD4, 0xE0, 0x4A, 0xA0, 0xFA, 0x02, 0xFB, 0x0A, 
0xFB, 0x0A, 0xFB, 0x0A, 0xFB, 0x0A, 0xFB, 0x0A, 0xEF, 0x5D, 0xE1, 0x20, 0x58, 0x40, 0x94, 0x92, 
0x94, 0x92, 0x7B, 0xCF, 0x63, 0x0C, 0x42, 0x28, 0x6A, 0x65, 0x6A, 0x65, 0x00, 0x00, 0x00, 0x00, 
0x00, 0x00, 0x00, 0x00, 0x00, 0x00, 0x4A, 0xA0, 0xFE, 0xCE, 0xFE, 0xCE, 0xFE, 0xCE, 0xFE, 0x47, 
0xFE, 0x47, 0xFE, 0x47, 0xD4, 0xE0, 0x8C, 0x20, 0xD4, 0xE0, 0x4A, 0xA0, 0xFA, 0x02, 0xFB, 0x0A, 
0xFB, 0x0A, 0xFB, 0x0A, 0xFB, 0x0A, 0xFA, 0x02, 0xEF, 0x5D, 0xE1, 0x20, 0xE1, 0x20, 0x94, 0x92, 
0x7B, 0xCF, 0x7B, 0xCF, 0x63, 0x0C, 0x42, 0x28, 0x6A, 0x65, 0x6A, 0x65, 0x00, 0x00, 0x00, 0x00, 
0x00, 0x00, 0x00, 0x00, 0x00, 0x00, 0x4A, 0xA0, 0xFE, 0xCE, 0xFE, 0xCE, 0xFE, 0xCE, 0xFE, 0x47, 
0xFE, 0x47, 0xFE, 0x47, 0xD4, 0xE0, 0x8C, 0x20, 0xD4, 0xE0, 0x4A, 0xA0, 0xFA, 0x02, 0xFA, 0x02, 
0xFB, 0x0A, 0xFB, 0x0A, 0xFA, 0x02, 0xFA, 0x02, 0xEF, 0x5D, 0xE1, 0x20, 0xE1, 0x20, 0x7B, 0xCF, 
0x7B, 0xCF, 0x7B, 0xCF, 0x63, 0x0C, 0x42, 0x28, 0xE1, 0x20, 0x00, 0x00, 0x00, 0x00, 0x00, 0x00, 
0x00, 0x00, 0x00, 0x00, 0x00, 0x00, 0x4A, 0xA0, 0xFE, 0x47, 0xFE, 0xCE, 0xFE, 0xCE, 0xFE, 0x47, 
0xFE, 0x47, 0xFE, 0x47, 0xD4, 0xE0, 0x8C, 0x20, 0xD4, 0xE0, 0x4A, 0xA0, 0xFA, 0x02, 0xFA, 0x02, 
0xFA, 0x02, 0xFA, 0x02, 0xFA, 0x02, 0xFA, 0x02, 0xEF, 0x5D, 0xE1, 0x20, 0xE1, 0x20, 0x63, 0x0C, 
0x63, 0x0C, 0x63, 0x0C, 0x63, 0x0C, 0x42, 0x28, 0xE1, 0x20, 0x00, 0x00, 0x00, 0x00, 0x00, 0x00, 
0x00, 0x00, 0x00, 0x00, 0x00, 0x00, 0x4A, 0xA0, 0xFE, 0x47, 0xFE, 0x47, 0xFE, 0x47, 0xFE, 0x47, 
0xFE, 0x47, 0xFE, 0x47, 0xD4, 0xE0, 0x8C, 0x20, 0xD4, 0xE0, 0x4A, 0xA0, 0xE1, 0x20, 0xFA, 0x02, 
0xFA, 0x02, 0xFA, 0x02, 0xFA, 0x02, 0xFA, 0x02, 0xEF, 0x5D, 0xE1, 0x20, 0xE1, 0x20, 0x63, 0x0C, 
0x63, 0x0C, 0x63, 0x0C, 0x63, 0x0C, 0x42, 0x28, 0x8B, 0x69, 0x8B, 0x69, 0x00, 0x00, 0x00, 0x00, 
0x00, 0x00, 0x00, 0x00, 0x00, 0x00, 0x4A, 0xA0, 0x8C, 0x20, 0xFE, 0x47, 0xFE, 0x47, 0xFE, 0x47, 
0xFE, 0x47, 0xFE, 0x47, 0xD4, 0xE0, 0x8C, 0x20, 0x8C, 0x20, 0x4A, 0xA0, 0xE1, 0x20, 0xE1, 0x20, 
0x75, 0xC8, 0xFA, 0x02, 0xFA, 0x02, 0xFA, 0x02, 0xEF, 0x5D, 0xE1, 0x20, 0xE1, 0x20, 0xE1, 0x20, 
0x42, 0x28, 0x42, 0x28, 0x42, 0x28, 0x42, 0x28, 0x8B, 0x69, 0x8B, 0x69, 0x00, 0x00, 0x00, 0x00, 
0x00, 0x00, 0x00, 0x00, 0x00, 0x00, 0x4A, 0xA0, 0x8C, 0x20, 0x8C, 0x20, 0xFE, 0x47, 0xFE, 0x47, 
0xFE, 0x47, 0xFE, 0x47, 0xD4, 0xE0, 0xD4, 0xE0, 0x8C, 0x20, 0x4A, 0xA0, 0xE1, 0x20, 0xE1, 0x20, 
0x75, 0xC8, 0xE1, 0x20, 0xE1, 0x20, 0xE1, 0x20, 0xE1, 0x20, 0xE1, 0x20, 0x58, 0x40, 0xE1, 0x20, 
0x42, 0x28, 0x42, 0x28, 0x42, 0x28, 0x42, 0x28, 0x8B, 0x69, 0x6A, 0x65, 0x00, 0x00, 0x00, 0x00, 
0x00, 0x00, 0x00, 0x00, 0x4A, 0xA0, 0xFE, 0xCE, 0xFE, 0xCE, 0x8C, 0x20, 0x8C, 0x20, 0xFE, 0x47, 
0xFE, 0x47, 0xD4, 0xE0, 0xD4, 0xE0, 0xD4, 0xE0, 0x8C, 0x20, 0x4A, 0xA0, 0xE1, 0x20, 0xE1, 0x20, 
0x75, 0xC8, 0xE1, 0x20, 0xE1, 0x20, 0xE1, 0x20, 0xE1, 0x20, 0xE1, 0x20, 0x58, 0x40, 0xE1, 0x20, 
0xE1, 0x20, 0xE1, 0x20, 0xE1, 0x20, 0xE1, 0x20, 0x6A, 0x65, 0x6A, 0x65, 0x00, 0x00, 0x00, 0x00, 
0x00, 0x00, 0x00, 0x00, 0x4A, 0xA0, 0xFE, 0xCE, 0xFE, 0xCE, 0xFE, 0x47, 0x8C, 0x20, 0xD4, 0xE0, 
0xD4, 0xE0, 0xD4, 0xE0, 0xD4, 0xE0, 0xD4, 0xE0, 0x8C, 0x20, 0x4A, 0xA0, 0xE1, 0x20, 0xE1, 0x20, 
0x75, 0xC8, 0xE1, 0x20, 0xE1, 0x20, 0xE1, 0x20, 0xE1, 0x20, 0xE1, 0x20, 0x58, 0x40, 0x58, 0x40, 
0xE1, 0x20, 0xE1, 0x20, 0xE1, 0x20, 0xE1, 0x20, 0x6A, 0x65, 0x6A, 0x65, 0x00, 0x00, 0x00, 0x00, 
0x00, 0x00, 0x00, 0x00, 0x4A, 0xA0, 0xFE, 0x47, 0xFE, 0x47, 0xFE, 0x47, 0x8C, 0x20, 0x8C, 0x20, 
0xD4, 0xE0, 0xD4, 0xE0, 0xD4, 0xE0, 0xD4, 0xE0, 0x8C, 0x20, 0x4A, 0xA0, 0xE1, 0x20, 0xE1, 0x20, 
0x75, 0xC8, 0xE1, 0x20, 0xE1, 0x20, 0xFF, 0xFF, 0xEF, 0x5D, 0x58, 0x40, 0xE1, 0x20, 0xE1, 0x20, 
0x58, 0x40, 0xE1, 0x20, 0xE1, 0x20, 0x58, 0x40, 0x6A, 0x65, 0x6A, 0x65, 0x00, 0x00, 0x00, 0x00, 
0x00, 0x00, 0x00, 0x00, 0x4A, 0xA0, 0xFE, 0x47, 0xFE, 0x47, 0xFE, 0x47, 0xFE, 0x47, 0x8C, 0x20, 
0xD4, 0xE0, 0xD4, 0xE0, 0xD4, 0xE0, 0xD4, 0xE0, 0x8C, 0x20, 0x4A, 0xA0, 0xE1, 0x20, 0xE1, 0x20, 
0xE1, 0x20, 0xE1, 0x20, 0xE1, 0x20, 0xEF, 0x5D, 0xEF, 0x5D, 0x58, 0x40, 0xB0, 0xC0, 0xE1, 0x20, 
0xE1, 0x20, 0x58, 0x40, 0xE1, 0x20, 0xE1, 0x20, 0xE1, 0x20, 0x00, 0x00, 0x00, 0x00, 0x00, 0x00, 
0x00, 0x00, 0x4A, 0xA0, 0xFE, 0x47, 0xFE, 0x47, 0xFE, 0x47, 0xFE, 0x47, 0xD4, 0xE0, 0x8C, 0x20, 
0x8C, 0x20, 0xD4, 0xE0, 0xD4, 0xE0, 0xD4, 0xE0, 0x8C, 0x20, 0x4A, 0xA0, 0xB0, 0xC0, 0xE1, 0x20, 
0xE1, 0x20, 0xE1, 0x20, 0xE1, 0x20, 0xE1, 0x20, 0xE1, 0x20, 0x58, 0x40, 0xB0, 0xC0, 0xB0, 0xC0, 
0xFF, 0xFF, 0xEF, 0x5D, 0xB0, 0xC0, 0x58, 0x40, 0xE1, 0x20, 0x58, 0x40, 0x00, 0x00, 0x00, 0x00, 
0x00, 0x00, 0x4A, 0xA0, 0xFE, 0x47, 0xFE, 0x47, 0xD4, 0xE0, 0xD4, 0xE0, 0xD4, 0xE0, 0xD4, 0xE0, 
0x8C, 0x20, 0xD4, 0xE0, 0xD4, 0xE0, 0x8C, 0x20, 0x8C, 0x20, 0x4A, 0xA0, 0xB0, 0xC0, 0xB0, 0xC0, 
0xB0, 0xC0, 0xB0, 0xC0, 0xB0, 0xC0, 0xB0, 0xC0, 0xB0, 0xC0, 0x58, 0x40, 0xB0, 0xC0, 0xB0, 0xC0, 
0xEF, 0x5D, 0xEF, 0x5D, 0x58, 0x40, 0xFA, 0x02, 0xE1, 0x20, 0x58, 0x40, 0x00, 0x00, 0x00, 0x00, 
0x00, 0x00, 0x00, 0x00, 0x4A, 0xA0, 0xD4, 0xE0, 0xD4, 0xE0, 0xD4, 0xE0, 0xD4, 0xE0, 0xD4, 0xE0, 
0x8C, 0x20, 0x8C, 0x20, 0x8C, 0x20, 0x8C, 0x20, 0x8C, 0x20, 0x8C, 0x20, 0x4A, 0xA0, 0xB0, 0xC0, 
0xB0, 0xC0, 0xB0, 0xC0, 0xB0, 0xC0, 0xB0, 0xC0, 0x58, 0x40, 0x00, 0x00, 0x58, 0x40, 0xB0, 0xC0, 
0xB0, 0xC0, 0x58, 0x40, 0x58, 0x40, 0xE1, 0x20, 0xE1, 0x20, 0x58, 0x40, 0x00, 0x00, 0x00, 0x00, 
0x00, 0x00, 0x00, 0x00, 0x00, 0x00, 0x4A, 0xA0, 0x4A, 0xA0, 0x4A, 0xA0, 0x4A, 0xA0, 0x4A, 0xA0, 
0x4A, 0xA0, 0x8C, 0x20, 0x8C, 0x20, 0x8C, 0x20, 0x8C, 0x20, 0x8C, 0x20, 0x4A, 0xA0, 0x58, 0x40, 
0x58, 0x40, 0x58, 0x40, 0x58, 0x40, 0x58, 0x40, 0x00, 0x00, 0x00, 0x00, 0x00, 0x00, 0x58, 0x40, 
0x58, 0x40, 0x00, 0x00, 0x58, 0x40, 0xE1, 0x20, 0xE1, 0x20, 0x58, 0x40, 0x00, 0x00, 0x00, 0x00, 
0x00, 0x00, 0x00, 0x00, 0x00, 0x00, 0x00, 0x00, 0x00, 0x00, 0x00, 0x00, 0x00, 0x00, 0x00, 0x00, 
0x00, 0x00, 0x4A, 0xA0, 0x8C, 0x20, 0x8C, 0x20, 0x8C, 0x20, 0x8C, 0x20, 0x4A, 0xA0, 0x00, 0x00, 
0x00, 0x00, 0x00, 0x00, 0x00, 0x00, 0x00, 0x00, 0x00, 0x00, 0x00, 0x00, 0x00, 0x00, 0x00, 0x00, 
0x00, 0x00, 0x00, 0x00, 0x58, 0x40, 0xE1, 0x20, 0xB0, 0xC0, 0x58, 0x40, 0x00, 0x00, 0x00, 0x00, 
0x00, 0x00, 0x00, 0x00, 0x00, 0x00, 0x00, 0x00, 0x00, 0x00, 0x00, 0x00, 0x00, 0x00, 0x00, 0x00, 
0x00, 0x00, 0x00, 0x00, 0x4A, 0xA0, 0x4A, 0xA0, 0x4A, 0xA0, 0x4A, 0xA0, 0x00, 0x00, 0x00, 0x00, 
0x00, 0x00, 0x00, 0x00, 0x00, 0x00, 0x00, 0x00, 0x00, 0x00, 0x00, 0x00, 0x00, 0x00, 0x00, 0x00, 
0x00, 0x00, 0x00, 0x00, 0x00, 0x00, 0x58, 0x40, 0xB0, 0xC0, 0x58, 0x40, 0x00, 0x00, 0x00, 0x00, 
0x00, 0x00, 0x00, 0x00, 0x00, 0x00, 0x00, 0x00, 0x00, 0x00, 0x00, 0x00, 0x00, 0x00, 0x00, 0x00, 
0x00, 0x00, 0x00, 0x00, 0x00, 0x00, 0x00, 0x00, 0x00, 0x00, 0x00, 0x00, 0x00, 0x00, 0x00, 0x00, 
0x00, 0x00, 0x00, 0x00, 0x00, 0x00, 0x00, 0x00, 0x00, 0x00, 0x00, 0x00, 0x00, 0x00, 0x00, 0x00, 
0x00, 0x00, 0x00, 0x00, 0x00, 0x00, 0x00, 0x00, 0x58, 0x40, 0x00, 0x00, 0x00, 0x00, 0x00, 0x00, 
0x00, 0x00, 0x00, 0x00, 0x00, 0x00, 0x00, 0x00, 0x00, 0x00, 0x00, 0x00, 0x00, 0x00, 0x00, 0x00, 
0x00, 0x00, 0x00, 0x00, 0x00, 0x00, 0x00, 0x00, 0x00, 0x00, 0x00, 0x00, 0x00, 0x00, 0x00, 0x00, 
0x00, 0x00, 0x00, 0x00, 0x00, 0x00, 0x00, 0x00, 0x00, 0x00, 0x00, 0x00, 0x00, 0x00, 0x00, 0x00, 
0x00, 0x00, 0x00, 0x00, 0x00, 0x00, 0x00, 0x00, 0x00, 0x00, 0x00, 0x00, 0x00, 0x00, 0x00, 0x00
}
},
{
{
0x00, 0x00, 0x00, 0x00, 0x00, 0x00, 0x00, 0x00, 0x00, 0x00, 0x00, 0x00, 0x00, 0x00, 0x00, 0x00, 
0x00, 0x00, 0x00, 0x00, 0x00, 0x00, 0x00, 0x00, 0x00, 0x00, 0x00, 0x00, 0x00, 0x00, 0x00, 0x00, 
0x00, 0x00, 0x00, 0x00, 0x00, 0x00, 0x00, 0x00, 0x00, 0x00, 0x00, 0x00, 0x00, 0x00, 0x00, 0x00, 
0x00, 0x00, 0x00, 0x00, 0x00, 0x00, 0x00, 0x00, 0x00, 0x00, 0x00, 0x00, 0x00, 0x00, 0x00, 0x00, 
0x00, 0x00, 0x00, 0x00, 0x00, 0x00, 0x00, 0x00, 0x00, 0x00, 0x00, 0x00, 0x00, 0x00, 0x00, 0x00, 
0x00, 0x00, 0x00, 0x00, 0x00, 0x00, 0x00, 0x00, 0x00, 0x00, 0x00, 0x00, 0x00, 0x00, 0x00, 0x00, 
0x00, 0x00, 0x00, 0x00, 0x00, 0x00, 0x00, 0x00, 0x00, 0x00, 0x00, 0x00, 0x00, 0x00, 0x00, 0x00, 
0x00, 0x00, 0x00, 0x00, 0x00, 0x00, 0x00, 0x00, 0x00, 0x00, 0x00, 0x00, 0x00, 0x00, 0x00, 0x00, 
0x00, 0x00, 0x00, 0x00, 0x00, 0x00, 0x00, 0x00, 0x00, 0x00, 0x00, 0x00, 0x00, 0x00, 0x00, 0x00, 
0x00, 0x00, 0x00, 0x00, 0x00, 0x00, 0x00, 0x00, 0x00, 0x00, 0x00, 0x00, 0x00, 0x00, 0x00, 0x00, 
0x00, 0x00, 0x00, 0x00, 0x00, 0x00, 0x00, 0x00, 0x00, 0x00, 0x00, 0x00, 0x00, 0x00, 0x00, 0x00, 
0x00, 0x00, 0x00, 0x00, 0x00, 0x00, 0x00, 0x00, 0x00, 0x00, 0x00, 0x00, 0x00, 0x00, 0x00, 0x00, 
0x00, 0x00, 0x00, 0x00, 0x00, 0x00, 0x00, 0x00, 0x00, 0x00, 0x00, 0x00, 0x00, 0x00, 0x00, 0x00, 
0x00, 0x00, 0x00, 0x00, 0x00, 0x00, 0x00, 0x00, 0x00, 0x00, 0x00, 0x00, 0x00, 0x00, 0x00, 0x00, 
0x00, 0x00, 0x00, 0x00, 0x00, 0x00, 0x00, 0x00, 0x00, 0x00, 0x00, 0x00, 0x00, 0x00, 0x00, 0x00, 
0x00, 0x00, 0x00, 0x00, 0x00, 0x00, 0x00, 0x00, 0x00, 0x00, 0x00, 0x00, 0x00, 0x00, 0x00, 0x00, 
0x00, 0x00, 0x00, 0x00, 0x00, 0x00, 0x00, 0x00, 0x00, 0x00, 0x00, 0x00, 0x00, 0x00, 0x00, 0x00, 
0x00, 0x00, 0x00, 0x00, 0x00, 0x00, 0x00, 0x00, 0x00, 0x00, 0x58, 0x40, 0x58, 0x40, 0x58, 0x40, 
0x58, 0x40, 0x58, 0x40, 0x58, 0x40, 0x00, 0x00, 0x00, 0x00, 0x58, 0x40, 0x58, 0x40, 0x00, 0x00, 
0x00, 0x00, 0x00, 0x00, 0x00, 0x00, 0x00, 0x00, 0x00, 0x00, 0x00, 0x00, 0x00, 0x00, 0x00, 0x00, 
0x00, 0x00, 0x00, 0x00, 0x00, 0x00, 0x00, 0x00, 0x00, 0x00, 0x00, 0x00, 0x00, 0x00, 0x4A, 0xA0, 
0x4A, 0xA0, 0x4A, 0xA0, 0x4A, 0xA0, 0x4A, 0xA0, 0x58, 0x40, 0xB0, 0xC0, 0xB0, 0xC0, 0xE1, 0x20, 
0xE1, 0x20, 0xE1, 0x20, 0xE1, 0x20, 0x58, 0x40, 0x58, 0x40, 0xFF, 0xFF, 0xEF, 0x5D, 0x58, 0x40, 
0x00, 0x00, 0x00, 0x00, 0x00, 0x00, 0x00, 0x00, 0x00, 0x00, 0x00, 0x00, 0x00, 0x00, 0x00, 0x00, 
0x00, 0x00, 0x00, 0x00, 0x00, 0x00, 0x00, 0x00, 0x00, 0x00, 0x00, 0x00, 0x4A, 0xA0, 0xFE, 0xCE, 
0xFE, 0xCE, 0xFE, 0x47, 0xFE, 0x47, 0x4A, 0xA0, 0xB0, 0xC0, 0xB0, 0xC0, 0xE1, 0x20, 0xE1, 0x20, 
0xE1, 0x20, 0xE1, 0x20, 0xE1, 0x20, 0xE1, 0x20, 0x58, 0x40, 0xEF, 0x5D, 0xEF, 0x5D, 0xFA, 0x02, 
0x58, 0x40, 0x00, 0x00, 0x00, 0x00, 0x00, 0x00, 0x00, 0x00, 0x00, 0x00, 0x00, 0x00, 0x00, 0x00, 
0x00, 0x00, 0x00, 0x00, 0x00, 0x00, 0x00, 0x00, 0x00, 0x00, 0x4A, 0xA0, 0xFE, 0xCE, 0xFE, 0xCE, 
0xFE, 0xCE, 0xFE, 0x47, 0xFE, 0x47, 0x4A, 0xA0, 0x4A, 0xA0, 0xE1, 0x20, 0xFA, 0x02, 0xFA, 0x02, 
0xFA, 0x02, 0xFA, 0x02, 0xFA, 0x02, 0xE1, 0x20, 0xE1, 0x20, 0x58, 0x40, 0xFA, 0x02, 0xFB, 0x0A, 
0xFB, 0x0A, 0x58, 0x40, 0xE1, 0x20, 0x58, 0x40, 0x00, 0x00, 0x00, 0x00, 0x00, 0x00, 0x00, 0x00, 
0x00, 0x00, 0x00, 0x00, 0x00, 0x00, 0x00, 0x00, 0x4A, 0xA0, 0x8C, 0x20, 0xFE, 0x47, 0xFE, 0xCE, 
0xFE, 0xCE, 0xFE, 0x47, 0xFE, 0x47, 0xD4, 0xE0, 0x4A, 0xA0, 0xFA, 0x02, 0xFB, 0x0A, 0xFB, 0x0A, 
0xFB, 0x0A, 0xFB, 0x0A, 0xFF, 0xFF, 0xEF, 0x5D, 0xE1, 0x20, 0x58, 0x40, 0xFB, 0x0A, 0xFB, 0x0A, 
0xFB, 0x0A, 0xE1, 0x20, 0xE1, 0x20, 0xE1, 0x20, 0x58, 0x40, 0x00, 0x00, 0x00, 0x00, 0x00, 0x00, 
0x00, 0x00, 0x00, 0x00, 0x00, 0x00, 0x4A, 0xA0, 0xFE, 0xCE, 0x8C, 0x20, 0x8C, 0x20, 0xFE, 0x47, 
0xFE, 0x47, 0xFE, 0x47, 0xFE, 0x47, 0xD4, 0xE0, 0x4A, 0xA0, 0xFA, 0x02, 0xFB, 0x0A, 0xFB, 0x0A, 
0xFB, 0x0A, 0xFB, 0x0A, 0xEF, 0x5D, 0xEF, 0x5D, 0xE1, 0x20, 0x58, 0x40, 0xFB, 0x0A, 0xFB, 0x0A, 
0xE1, 0x20, 0xFA, 0x02, 0xFA, 0x02, 0xE1, 0x20, 0x8B, 0x69, 0x8B, 0x69, 0x00, 0x00, 0x00, 0x00, 
0x00, 0x00, 0x00, 0x00, 0x4A, 0xA0, 0xFE, 0xCE, 0xFE, 0xCE, 0xFE, 0xCE, 0x8C, 0x20, 0x8C, 0x20, 
0xFE, 0x47, 0xFE, 0x47, 0xD4, 0xE0, 0xD4, 0xE0, 0x4A, 0xA0, 0xFA, 0x02, 0x75, 0xC8, 0x75, 0xC8, 
0x75, 0xC8, 0xFB, 0x0A, 0xFB, 0x0A, 0xFA, 0x02, 0xFA, 0x02, 0xE1, 0x20, 0x58, 0x40, 0xE1, 0x20, 
0xFB, 0x0A, 0xFB, 0x0A, 0xFB, 0x0A, 0xFA, 0x02, 0x8B, 0x69, 0x8B, 0x69, 0x00, 0x00, 0x00, 0x00, 
0x00, 0x00, 0x00, 0x00, 0x4A, 0xA0, 0xFE, 0xCE, 0xFE, 0xCE, 0xFE, 0xCE, 0xFE, 0x47, 0x8C, 0x20, 
0x8C, 0x20, 0xFE, 0x47, 0xD4, 0xE0, 0xD4, 0xE0, 0x4A, 0xA0, 0xFA, 0x02, 0xCF, 0x56, 0xCF, 0x56, 
0x75, 0xC8, 0xFB, 0x0A, 0xFB, 0x0A, 0xFA, 0x02, 0xFA, 0x02, 0xE1, 0x20, 0x58, 0x40, 0xFB, 0x0A, 
0xFB, 0x0A, 0xFB, 0x0A, 0xFB, 0x0A, 0xFA, 0x02, 0x8B, 0x69, 0x6A, 0x65, 0x00, 0x00, 0x00, 0x00, 
0x00, 0x00, 0x00, 0x00, 0x4A, 0xA0, 0xFE, 0xCE, 0xFE, 0xCE, 0xFE, 0xCE, 0xFE, 0x47, 0xFE, 0x47, 
0x8C, 0x20, 0x8C, 0x20, 0xD4, 0xE0, 0xD4, 0xE0, 0x4A, 0xA0, 0xFA, 0x02, 0xFB, 0x0A, 0xFB, 0x0A, 
0xFB, 0x0A, 0xFB, 0x0A, 0xFB, 0x0A, 0xFA, 0x02, 0xFA, 0x02, 0xE1, 0x20, 0x58, 0x40, 0xFB, 0x0A, 
0x94, 0x92, 0x94, 0x92, 0x7B, 0xCF, 0x42, 0x28, 0x6A, 0x65, 0x6A, 0x65, 0x00, 0x00, 0x00, 0x00, 
0x00, 0x00, 0x00, 0x00, 0x4A, 0xA0, 0xFE, 0xCE, 0xFE, 0xCE, 0xFE, 0xCE, 0xFE, 0x47, 0xFE, 0x47, 
0xFE, 0x47, 0x8C, 0x20, 0xD4, 0xE0, 0xD4, 0xE0, 0x4A, 0xA0, 0xFA, 0x02, 0xFB, 0x0A, 0xFB, 0x0A, 
0xFB, 0x0A, 0xFB, 0x0A, 0xFB, 0x0A, 0xEF, 0x5D, 0xFA, 0x02, 0xE1, 0x20, 0x58, 0x40, 0x94, 0x92, 
0x94, 0x92, 0x7B, 0xCF, 0x63, 0x0C, 0x42, 0x28, 0x6A, 0x65, 0x6A, 0x65, 0x00, 0x00, 0x00, 0x00, 
0x00, 0x00, 0x00, 0x00, 0x4A, 0xA0, 0xFE, 0xCE, 0xFE, 0xCE, 0xFE, 0xCE, 0xFE, 0x47, 0xFE, 0x47, 
0xFE, 0x47, 0xD4, 0xE0, 0x8C, 0x20, 0xD4, 0xE0, 0x4A, 0xA0, 0xFA, 0x02, 0xFB, 0x0A, 0xFB, 0x0A, 
0xFB, 0x0A, 0xFB, 0x0A, 0xEF, 0x5D, 0xEF, 0x5D, 0xEF, 0x5D, 0xE1, 0x20, 0xE1, 0x20, 0x94, 0x92, 
0x7B, 0xCF, 0x7B, 0xCF, 0x63, 0x0C, 0x42, 0x28, 0x6A, 0x65, 0x6A, 0x65, 0x00, 0x00, 0x00, 0x00, 
0x00, 0x00, 0x00, 0x00, 0x4A, 0xA0, 0xFE, 0xCE, 0xFE, 0xCE, 0xFE, 0xCE, 0xFE, 0x47, 0xFE, 0x47, 
0xFE, 0x47, 0xD4, 0xE0, 0x8C, 0x20, 0xD4, 0xE0, 0x4A, 0xA0, 0xFA, 0x02, 0xFA, 0x02, 0xFB, 0x0A, 
0xFB, 0x0A, 0xFA, 0x02, 0xEF, 0x5D, 0xEF, 0x5D, 0xFF, 0xFF, 0xE1, 0x20, 0xE1, 0x20, 0x7B, 0xCF, 
0x7B, 0xCF, 0x7B, 0xCF, 0x63, 0x0C, 0x42, 0x28, 0xE1, 0x20, 0x00, 0x00, 0x00, 0x00, 0x00, 0x00, 
0x00, 0x00, 0x00, 0x00, 0x4A, 0xA0, 0xFE, 0x47, 0xFE, 0xCE, 0xFE, 0xCE, 0xFE, 0x47, 0xFE, 0x47, 
0xFE, 0x47, 0xD4, 0xE0, 0x8C, 0x20, 0xD4, 0xE0, 0x4A, 0xA0, 0xFA, 0x02, 0xFA, 0x02, 0xFA, 0x02, 
0xFA, 0x02, 0xFA, 0x02, 0xEF, 0x5D, 0xEF, 0x5D, 0xFF, 0xFF, 0xE1, 0x20, 0xE1, 0x20, 0x63, 0x0C, 
0x63, 0x0C, 0x63, 0x0C, 0x63, 0x0C, 0x42, 0x28, 0xE1, 0x20, 0x00, 0x00, 0x00, 0x00, 0x00, 0x00, 
0x00, 0x00, 0x00, 0x00, 0x4A, 0xA0, 0xFE, 0x47, 0xFE, 0x47, 0xFE, 0x47, 0xFE, 0x47, 0xFE, 0x47, 
0xFE, 0x47, 0xD4, 0xE0, 0x8C, 0x20, 0xD4, 0xE0, 0x4A, 0xA0, 0xE1, 0x20, 0xFA, 0x02, 0xFA, 0x02, 
0xFA, 0x02, 0xFA, 0x02, 0xEF, 0x5D, 0xEF, 0x5D, 0xEF, 0x5D, 0xE1, 0x20, 0xE1, 0x20, 0x63, 0x0C, 
0x63, 0x0C, 0x63, 0x0C, 0x63, 0x0C, 0x42, 0x28, 0x8B, 0x69, 0x8B, 0x69, 0x00, 0x00, 0x00, 0x00, 
0x00, 0x00, 0x00, 0x00, 0x4A, 0xA0, 0x8C, 0x20, 0xFE, 0x47, 0xFE, 0x47, 0xFE, 0x47, 0xFE, 0x47, 
0xFE, 0x47, 0xD4, 0xE0, 0x8C, 0x20, 0x8C, 0x20, 0x4A, 0xA0, 0xE1, 0x20, 0xFA, 0x02, 0xFA, 0x02, 
0xFA, 0x02, 0xFA, 0x02, 0xFA, 0x02, 0xEF, 0x5D, 0xE1, 0x20, 0xE1, 0x20, 0xE1, 0x20, 0xE1, 0x20, 
0x42, 0x28, 0x42, 0x28, 0x42, 0x28, 0x42, 0x28, 0x8B, 0x69, 0x8B, 0x69, 0x00, 0x00, 0x00, 0x00, 
0x00, 0x00, 0x00, 0x00, 0x4A, 0xA0, 0x8C, 0x20, 0x8C, 0x20, 0xFE, 0x47, 0xFE, 0x47, 0xFE, 0x47, 
0xFE, 0x47, 0xD4, 0xE0, 0xD4, 0xE0, 0x8C, 0x20, 0x4A, 0xA0, 0xE1, 0x20, 0xE1, 0x20, 0xE1, 0x20, 
0xE1, 0x20, 0xE1, 0x20, 0xE1, 0x20, 0xE1, 0x20, 0xE1, 0x20, 0xE1, 0x20, 0x58, 0x40, 0xE1, 0x20, 
0x42, 0x28, 0x42, 0x28, 0x42, 0x28, 0x42, 0x28, 0x8B, 0x69, 0x6A, 0x65, 0x00, 0x00, 0x00, 0x00, 
0x00, 0x00, 0x4A, 0xA0, 0xFE, 0xCE, 0xFE, 0xCE, 0x8C, 0x20, 0x8C, 0x20, 0xFE, 0x47, 0xFE, 0x47, 
0xD4, 0xE0, 0xD4, 0xE0, 0xD4, 0xE0, 0x8C, 0x20, 0x4A, 0xA0, 0xE1, 0x20, 0xCF, 0x56, 0xCF, 0x56, 
0x75, 0xC8, 0xE1, 0x20, 0xE1, 0x20, 0xE1, 0x20, 0xE1, 0x20, 0xE1, 0x20, 0x58, 0x40, 0xE1, 0x20, 
0xE1, 0x20, 0xE1, 0x20, 0xE1, 0x20, 0xE1, 0x20, 0x6A, 0x65, 0x6A, 0x65, 0x00, 0x00, 0x00, 0x00, 
0x00, 0x00, 0x4A, 0xA0, 0xFE, 0xCE, 0xFE, 0xCE, 0xFE, 0x47, 0x8C, 0x20, 0xD4, 0xE0, 0xD4, 0xE0, 
0xD4, 0xE0, 0xD4, 0xE0, 0xD4, 0xE0, 0x8C, 0x20, 0x4A, 0xA0, 0xE1, 0x20, 0x75, 0xC8, 0x75, 0xC8, 
0x75, 0xC8, 0xE1, 0x20, 0xE1, 0x20, 0xE1, 0x20, 0xE1, 0x20, 0xE1, 0x20, 0x58, 0x40, 0x58, 0x40, 
0xE1, 0x20, 0xE1, 0x20, 0xE1, 0x20, 0xE1, 0x20, 0x6A, 0x65, 0x6A, 0x65, 0x00, 0x00, 0x00, 0x00, 
0x00, 0x00, 0x4A, 0xA0, 0xFE, 0x47, 0xFE, 0x47, 0xFE, 0x47, 0x8C, 0x20, 0x8C, 0x20, 0xD4, 0xE0, 
0xD4, 0xE0, 0xD4, 0xE0, 0xD4, 0xE0, 0x8C, 0x20, 0x4A, 0xA0, 0xE1, 0x20, 0xE1, 0x20, 0xE1, 0x20, 
0xE1, 0x20, 0xE1, 0x20, 0xFF, 0xFF, 0xEF, 0x5D, 0xE1, 0x20, 0x58, 0x40, 0xE1, 0x20, 0xE1, 0x20, 
0x58, 0x40, 0xE1, 0x20, 0xE1, 0x20, 0x58, 0x40, 0x6A, 0x65, 0x6A, 0x65, 0x00, 0x00, 0x00, 0x00, 
0x00, 0x00, 0x4A, 0xA0, 0xFE, 0x47, 0xFE, 0x47, 0xFE, 0x47, 0xFE, 0x47, 0x8C, 0x20, 0xD4, 0xE0, 
0xD4, 0xE0, 0xD4, 0xE0, 0xD4, 0xE0, 0x8C, 0x20, 0x4A, 0xA0, 0xE1, 0x20, 0xE1, 0x20, 0xE1, 0x20, 
0xE1, 0x20, 0xE1, 0x20, 0xEF, 0x5D, 0xEF, 0x5D, 0xE1, 0x20, 0x58, 0x40, 0xE1, 0x20, 0xE1, 0x20, 
0xE1, 0x20, 0x58, 0x40, 0xE1, 0x20, 0xE1, 0x20, 0xE1, 0x20, 0x00, 0x00, 0x00, 0x00, 0x00, 0x00, 
0x4A, 0xA0, 0xFE, 0x47, 0xFE, 0x47, 0xFE, 0x47, 0xFE, 0x47, 0xD4, 0xE0, 0x8C, 0x20, 0x8C, 0x20, 
0xD4, 0xE0, 0xD4, 0xE0, 0xD4, 0xE0, 0x8C, 0x20, 0x4A, 0xA0, 0xB0, 0xC0, 0xE1, 0x20, 0xE1, 0x20, 
0xE1, 0x20, 0xE1, 0x20, 0xE1, 0x20, 0xE1, 0x20, 0xB0, 0xC0, 0x58, 0x40, 0xE1, 0x20, 0xE1, 0x20, 
0x58, 0x40, 0x58, 0x40, 0xB0, 0xC0, 0x58, 0x40, 0xE1, 0x20, 0x58, 0x40, 0x00, 0x00, 0x00, 0x00, 
0x4A, 0xA0, 0xFE, 0x47, 0xFE, 0x47, 0xD4, 0xE0, 0xD4, 0xE0, 0xD4, 0xE0, 0xD4, 0xE0, 0x8C, 0x20, 
0xD4, 0xE0, 0xD4, 0xE0, 0x8C, 0x20, 0x8C, 0x20, 0x4A, 0xA0, 0xB0, 0xC0, 0xB0, 0xC0, 0xB0, 0xC0, 
0xB0, 0xC0, 0xB0, 0xC0, 0xB0, 0xC0, 0xB0, 0xC0, 0x58, 0x40, 0xE1, 0x20, 0xE1, 0x20, 0xB0, 0xC0, 
0x58, 0x40, 0x00, 0x00, 0x58, 0x40, 0xFA, 0x02, 0xE1, 0x20, 0x58, 0x40, 0x00, 0x00, 0x00, 0x00, 
0x00, 0x00, 0x4A, 0xA0, 0xD4, 0xE0, 0xD4, 0xE0, 0xD4, 0xE0, 0xD4, 0xE0, 0xD4, 0xE0, 0x8C, 0x20, 
0x8C, 0x20, 0x8C, 0x20, 0x8C, 0x20, 0x8C, 0x20, 0x8C, 0x20, 0x4A, 0xA0, 0xB0, 0xC0, 0xB0, 0xC0, 
0xB0, 0xC0, 0xB0, 0xC0, 0xB0, 0xC0, 0x58, 0x40, 0xFF, 0xFF, 0xEF, 0x5D, 0x58, 0x40, 0x58, 0x40, 
0x00, 0x00, 0x00, 0x00, 0x58, 0x40, 0xE1, 0x20, 0xE1, 0x20, 0x58, 0x40, 0x00, 0x00, 0x00, 0x00, 
0x00, 0x00, 0x00, 0x00, 0x4A, 0xA0, 0x4A, 0xA0, 0x4A, 0xA0, 0x4A, 0xA0, 0x4A, 0xA0, 0x4A, 0xA0, 
0x8C, 0x20, 0x8C, 0x20, 0x8C, 0x20, 0x8C, 0x20, 0x8C, 0x20, 0x4A, 0xA0, 0x58, 0x40, 0x58, 0x40, 
0x58, 0x40, 0x58, 0x40, 0x58, 0x40, 0x58, 0x40, 0xEF, 0x5D, 0xEF, 0x5D, 0x58, 0x40, 0x00, 0x00, 
0x00, 0x00, 0x00, 0x00, 0x58, 0x40, 0xE1, 0x20, 0xE1, 0x20, 0x58, 0x40, 0x00, 0x00, 0x00, 0x00, 
0x00, 0x00, 0x00, 0x00, 0x00, 0x00, 0x00, 0x00, 0x00, 0x00, 0x00, 0x00, 0x00, 0x00, 0x00, 0x00, 
0x4A, 0xA0, 0x8C, 0x20, 0x8C, 0x20, 0x8C, 0x20, 0x8C, 0x20, 0x4A, 0xA0, 0x00, 0x00, 0x00, 0x00, 
0x00, 0x00, 0x00, 0x00, 0x00, 0x00, 0x00, 0x00, 0x58, 0x40, 0x58, 0x40, 0x00, 0x00, 0x00, 0x00, 
0x00, 0x00, 0x00, 0x00, 0x58, 0x40, 0xE1, 0x20, 0xB0, 0xC0, 0x58, 0x40, 0x00, 0x00, 0x00, 0x00, 
0x00, 0x00, 0x00, 0x00, 0x00, 0x00, 0x00, 0x00, 0x00, 0x00, 0x00, 0x00, 0x00, 0x00, 0x00, 0x00, 
0x00, 0x00, 0x4A, 0xA0, 0x4A, 0xA0, 0x4A, 0xA0, 0x4A, 0xA0, 0x00, 0x00, 0x00, 0x00, 0x00, 0x00, 
0x00, 0x00, 0x00, 0x00, 0x00, 0x00, 0x00, 0x00, 0x00, 0x00, 0x00, 0x00, 0x00, 0x00, 0x00, 0x00, 
0x00, 0x00, 0x00, 0x00, 0x00, 0x00, 0x58, 0x40, 0xB0, 0xC0, 0x58, 0x40, 0x00, 0x00, 0x00, 0x00, 
0x00, 0x00, 0x00, 0x00, 0x00, 0x00, 0x00, 0x00, 0x00, 0x00, 0x00, 0x00, 0x00, 0x00, 0x00, 0x00, 
0x00, 0x00, 0x00, 0x00, 0x00, 0x00, 0x00, 0x00, 0x00, 0x00, 0x00, 0x00, 0x00, 0x00, 0x00, 0x00, 
0x00, 0x00, 0x00, 0x00, 0x00, 0x00, 0x00, 0x00, 0x00, 0x00, 0x00, 0x00, 0x00, 0x00, 0x00, 0x00, 
0x00, 0x00, 0x00, 0x00, 0x00, 0x00, 0x00, 0x00, 0x58, 0x40, 0x00, 0x00, 0x00, 0x00, 0x00, 0x00, 
0x00, 0x00, 0x00, 0x00, 0x00, 0x00, 0x00, 0x00, 0x00, 0x00, 0x00, 0x00, 0x00, 0x00, 0x00, 0x00, 
0x00, 0x00, 0x00, 0x00, 0x00, 0x00, 0x00, 0x00, 0x00, 0x00, 0x00, 0x00, 0x00, 0x00, 0x00, 0x00, 
0x00, 0x00, 0x00, 0x00, 0x00, 0x00, 0x00, 0x00, 0x00, 0x00, 0x00, 0x00, 0x00, 0x00, 0x00, 0x00, 
0x00, 0x00, 0x00, 0x00, 0x00, 0x00, 0x00, 0x00, 0x00, 0x00, 0x00, 0x00, 0x00, 0x00, 0x00, 0x00
}
,
{
0x00, 0x00, 0x00, 0x00, 0x00, 0x00, 0x00, 0x00, 0x00, 0x00, 0x00, 0x00, 0x00, 0x00, 0x00, 0x00, 
0x00, 0x00, 0x00, 0x00, 0x00, 0x00, 0x00, 0x00, 0x00, 0x00, 0x00, 0x00, 0x00, 0x00, 0x00, 0x00, 
0x00, 0x00, 0x00, 0x00, 0x00, 0x00, 0x00, 0x00, 0x00, 0x00, 0x00, 0x00, 0x00, 0x00, 0x00, 0x00, 
0x00, 0x00, 0x00, 0x00, 0x00, 0x00, 0x00, 0x00, 0x00, 0x00, 0x00, 0x00, 0x00, 0x00, 0x00, 0x00, 
0x00, 0x00, 0x00, 0x00, 0x00, 0x00, 0x00, 0x00, 0x00, 0x00, 0x00, 0x00, 0x00, 0x00, 0x00, 0x00, 
0x00, 0x00, 0x00, 0x00, 0x00, 0x00, 0x00, 0x00, 0x00, 0x00, 0x00, 0x00, 0x00, 0x00, 0x00, 0x00, 
0x00, 0x00, 0x00, 0x00, 0x00, 0x00, 0x00, 0x00, 0x00, 0x00, 0x00, 0x00, 0x00, 0x00, 0x00, 0x00, 
0x00, 0x00, 0x00, 0x00, 0x00, 0x00, 0x00, 0x00, 0x00, 0x00, 0x00, 0x00, 0x00, 0x00, 0x00, 0x00, 
0x00, 0x00, 0x00, 0x00, 0x00, 0x00, 0x00, 0x00, 0x00, 0x00, 0x00, 0x00, 0x00, 0x00, 0x00, 0x00, 
0x00, 0x00, 0x00, 0x00, 0x00, 0x00, 0x00, 0x00, 0x00, 0x00, 0x00, 0x00, 0x00, 0x00, 0x00, 0x00, 
0x00, 0x00, 0x00, 0x00, 0x00, 0x00, 0x00, 0x00, 0x00, 0x00, 0x00, 0x00, 0x00, 0x00, 0x00, 0x00, 
0x00, 0x00, 0x00, 0x00, 0x00, 0x00, 0x00, 0x00, 0x00, 0x00, 0x00, 0x00, 0x00, 0x00, 0x00, 0x00, 
0x00, 0x00, 0x00, 0x00, 0x00, 0x00, 0x00, 0x00, 0x00, 0x00, 0x00, 0x00, 0x00, 0x00, 0x00, 0x00, 
0x00, 0x00, 0x00, 0x00, 0x00, 0x00, 0x00, 0x00, 0x00, 0x00, 0x00, 0x00, 0x00, 0x00, 0x00, 0x00, 
0x00, 0x00, 0x00, 0x00, 0x00, 0x00, 0x00, 0x00, 0x00, 0x00, 0x00, 0x00, 0x00, 0x00, 0x00, 0x00, 
0x00, 0x00, 0x00, 0x00, 0x00, 0x00, 0x00, 0x00, 0x00, 0x00, 0x00, 0x00, 0x00, 0x00, 0x00, 0x00, 
0x00, 0x00, 0x00, 0x00, 0x00, 0x00, 0x00, 0x00, 0x00, 0x00, 0x00, 0x00, 0x00, 0x00, 0x00, 0x00, 
0x00, 0x00, 0x00, 0x00, 0x00, 0x00, 0x00, 0x00, 0x00, 0x00, 0x00, 0x00, 0x58, 0x40, 0x58, 0x40, 
0x58, 0x40, 0x58, 0x40, 0x58, 0x40, 0x58, 0x40, 0x00, 0x00, 0x00, 0x00, 0x00, 0x00, 0x58, 0x40, 
0x58, 0x40, 0x00, 0x00, 0x00, 0x00, 0x00, 0x00, 0x00, 0x00, 0x00, 0x00, 0x00, 0x00, 0x00, 0x00, 
0x00, 0x00, 0x00, 0x00, 0x00, 0x00, 0x00, 0x00, 0x00, 0x00, 0x00, 0x00, 0x00, 0x00, 0x00, 0x00, 
0x4A, 0xA0, 0x4A, 0xA0, 0x4A, 0xA0, 0x4A, 0xA0, 0x4A, 0xA0, 0x58, 0x40, 0xB0, 0xC0, 0xB0, 0xC0, 
0xE1, 0x20, 0xE1, 0x20, 0xE1, 0x20, 0xE1, 0x20, 0x58, 0x40, 0x00, 0x00, 0x58, 0x40, 0xE1, 0x20, 
0xE1, 0x20, 0x58, 0x40, 0x00, 0x00, 0x00, 0x00, 0x00, 0x00, 0x00, 0x00, 0x00, 0x00, 0x00, 0x00, 
0x00, 0x00, 0x00, 0x00, 0x00, 0x00, 0x00, 0x00, 0x00, 0x00, 0x00, 0x00, 0x00, 0x00, 0x4A, 0xA0, 
0xFE, 0xCE, 0xFE, 0xCE, 0xFE, 0x47, 0xFE, 0x47, 0x4A, 0xA0, 0xB0, 0xC0, 0xB0, 0xC0, 0xE1, 0x20, 
0xE1, 0x20, 0xE1, 0x20, 0xE1, 0x20, 0xE1, 0x20, 0xE1, 0x20, 0x58, 0x40, 0xE1, 0x20, 0xFA, 0x02, 
0xFF, 0xFF, 0xEF, 0x5D, 0x58, 0x40, 0x00, 0x00, 0x00, 0x00, 0x00, 0x00, 0x00, 0x00, 0x00, 0x00, 
0x00, 0x00, 0x00, 0x00, 0x00, 0x00, 0x00, 0x00, 0x00, 0x00, 0x00, 0x00, 0x4A, 0xA0, 0xFE, 0xCE, 
0xFE, 0xCE, 0xFE, 0xCE, 0xFE, 0x47, 0xFE, 0x47, 0x4A, 0xA0, 0x4A, 0xA0, 0xE1, 0x20, 0xFA, 0x02, 
0xFA, 0x02, 0xFA, 0x02, 0xFA, 0x02, 0xFA, 0x02, 0xE1, 0x20, 0x58, 0x40, 0xFA, 0x02, 0xFB, 0x0A, 
0xEF, 0x5D, 0xEF, 0x5D, 0xE1, 0x20, 0x58, 0x40, 0x00, 0x00, 0x00, 0x00, 0x00, 0x00, 0x00, 0x00, 
0x00, 0x00, 0x00, 0x00, 0x00, 0x00, 0x00, 0x00, 0x00, 0x00, 0x4A, 0xA0, 0x8C, 0x20, 0xFE, 0x47, 
0xFE, 0xCE, 0xFE, 0xCE, 0xFE, 0x47, 0xFE, 0x47, 0xD4, 0xE0, 0x4A, 0xA0, 0xFA, 0x02, 0xFB, 0x0A, 
0xFB, 0x0A, 0xFB, 0x0A, 0xFB, 0x0A, 0xFF, 0xFF, 0xEF, 0x5D, 0x58, 0x40, 0xFB, 0x0A, 0xFB, 0x0A, 
0xFB, 0x0A, 0xE1, 0x20, 0xE1, 0x20, 0xE1, 0x20, 0x58, 0x40, 0x00, 0x00, 0x00, 0x00, 0x00, 0x00, 
0x00, 0x00, 0x00, 0x00, 0x00, 0x00, 0x00, 0x00, 0x4A, 0xA0, 0xFE, 0xCE, 0x8C, 0x20, 0x8C, 0x20, 
0xFE, 0x47, 0xFE, 0x47, 0xFE, 0x47, 0xFE, 0x47, 0xD4, 0xE0, 0x4A, 0xA0, 0xFA, 0x02, 0xFB, 0x0A, 
0xFB, 0x0A, 0xFB, 0x0A, 0xFB, 0x0A, 0xEF, 0x5D, 0xEF, 0x5D, 0x58, 0x40, 0xFB, 0x0A, 0xFB, 0x0A, 
0xE1, 0x20, 0xFA, 0x02, 0xFA, 0x02, 0xE1, 0x20, 0x8B, 0x69, 0x8B, 0x69, 0x00, 0x00, 0x00, 0x00, 
0x00, 0x00, 0x00, 0x00, 0x00, 0x00, 0x4A, 0xA0, 0xFE, 0xCE, 0xFE, 0xCE, 0xFE, 0xCE, 0x8C, 0x20, 
0x8C, 0x20, 0xFE, 0x47, 0xFE, 0x47, 0xD4, 0xE0, 0xD4, 0xE0, 0x4A, 0xA0, 0xFA, 0x02, 0x75, 0xC8, 
0x75, 0xC8, 0x75, 0xC8, 0xFB, 0x0A, 0xFB, 0x0A, 0xFA, 0x02, 0xE1, 0x20, 0x58, 0x40, 0xE1, 0x20, 
0xFB, 0x0A, 0xFB, 0x0A, 0xFB, 0x0A, 0xFA, 0x02, 0x8B, 0x69, 0x8B, 0x69, 0x00, 0x00, 0x00, 0x00, 
0x00, 0x00, 0x00, 0x00, 0x00, 0x00, 0x4A, 0xA0, 0xFE, 0xCE, 0xFE, 0xCE, 0xFE, 0xCE, 0xFE, 0x47, 
0x8C, 0x20, 0x8C, 0x20, 0xFE, 0x47, 0xD4, 0xE0, 0xD4, 0xE0, 0x4A, 0xA0, 0xFA, 0x02, 0x75, 0xC8, 
0xCF, 0x56, 0xCF, 0x56, 0xFB, 0x0A, 0xFB, 0x0A, 0xFA, 0x02, 0xE1, 0x20, 0x58, 0x40, 0xFB, 0x0A, 
0xFB, 0x0A, 0xFB, 0x0A, 0xFB, 0x0A, 0xFA, 0x02, 0x8B, 0x69, 0x6A, 0x65, 0x00, 0x00, 0x00, 0x00, 
0x00, 0x00, 0x00, 0x00, 0x00, 0x00, 0x4A, 0xA0, 0xFE, 0xCE, 0xFE, 0xCE, 0xFE, 0xCE, 0xFE, 0x47, 
0xFE, 0x47, 0x8C, 0x20, 0x8C, 0x20, 0xD4, 0xE0, 0xD4, 0xE0, 0x4A, 0xA0, 0xFA, 0x02, 0xFB, 0x0A, 
0xFB, 0x0A, 0xFB, 0x0A, 0xFB, 0x0A, 0xFB, 0x0A, 0xFA, 0x02, 0xE1, 0x20, 0x58, 0x40, 0xFB, 0x0A, 
0x94, 0x92, 0x94, 0x92, 0x7B, 0xCF, 0x42, 0x28, 0x6A, 0x65, 0x6A, 0x65, 0x00, 0x00, 0x00, 0x00, 
0x00, 0x00, 0x00, 0x00, 0x00, 0x00, 0x4A, 0xA0, 0xFE, 0xCE, 0xFE, 0xCE, 0xFE, 0xCE, 0xFE, 0x47, 
0xFE, 0x47, 0xFE, 0x47, 0x8C, 0x20, 0xD4, 0xE0, 0xD4, 0xE0, 0x4A, 0xA0, 0xFA, 0x02, 0xFB, 0x0A, 
0xFB, 0x0A, 0xFB, 0x0A, 0xFB, 0x0A, 0xFB, 0x0A, 0xEF, 0x5D, 0xE1, 0x20, 0x58, 0x40, 0x94, 0x92, 
0x94, 0x92, 0x7B, 0xCF, 0x63, 0x0C, 0x42, 0x28, 0x6A, 0x65, 0x6A, 0x65, 0x00, 0x00, 0x00, 0x00, 
0x00, 0x00, 0x00, 0x00, 0x00, 0x00, 0x4A, 0xA0, 0xFE, 0xCE, 0xFE, 0xCE, 0xFE, 0xCE, 0xFE, 0x47, 
0xFE, 0x47, 0xFE, 0x47, 0xD4, 0xE0, 0x8C, 0x20, 0xD4, 0xE0, 0x4A, 0xA0, 0xFA, 0x02, 0xFB, 0x0A, 
0xFB, 0x0A, 0xFB, 0x0A, 0xFB, 0x0A, 0xFA, 0x02, 0xEF, 0x5D, 0xE1, 0x20, 0xE1, 0x20, 0x94, 0x92, 
0x7B, 0xCF, 0x7B, 0xCF, 0x63, 0x0C, 0x42, 0x28, 0x6A, 0x65, 0x6A, 0x65, 0x00, 0x00, 0x00, 0x00, 
0x00, 0x00, 0x00, 0x00, 0x00, 0x00, 0x4A, 0xA0, 0xFE, 0xCE, 0xFE, 0xCE, 0xFE, 0xCE, 0xFE, 0x47, 
0xFE, 0x47, 0xFE, 0x47, 0xD4, 0xE0, 0x8C, 0x20, 0xD4, 0xE0, 0x4A, 0xA0, 0xFA, 0x02, 0xFA, 0x02, 
0xFB, 0x0A, 0xFB, 0x0A, 0xFA, 0x02, 0xFA, 0x02, 0xEF, 0x5D, 0xE1, 0x20, 0xE1, 0x20, 0x7B, 0xCF, 
0x7B, 0xCF, 0x7B, 0xCF, 0x63, 0x0C, 0x42, 0x28, 0xE1, 0x20, 0x00, 0x00, 0x00, 0x00, 0x00, 0x00, 
0x00, 0x00, 0x00, 0x00, 0x00, 0x00, 0x4A, 0xA0, 0xFE, 0x47, 0xFE, 0xCE, 0xFE, 0xCE, 0xFE, 0x47, 
0xFE, 0x47, 0xFE, 0x47, 0xD4, 0xE0, 0x8C, 0x20, 0xD4, 0xE0, 0x4A, 0xA0, 0xFA, 0x02, 0xFA, 0x02, 
0xFA, 0x02, 0xFA, 0x02, 0xFA, 0x02, 0xFA, 0x02, 0xEF, 0x5D, 0xE1, 0x20, 0xE1, 0x20, 0x63, 0x0C, 
0x63, 0x0C, 0x63, 0x0C, 0x63, 0x0C, 0x42, 0x28, 0xE1, 0x20, 0x00, 0x00, 0x00, 0x00, 0x00, 0x00, 
0x00, 0x00, 0x00, 0x00, 0x00, 0x00, 0x4A, 0xA0, 0xFE, 0x47, 0xFE, 0x47, 0xFE, 0x47, 0xFE, 0x47, 
0xFE, 0x47, 0xFE, 0x47, 0xD4, 0xE0, 0x8C, 0x20, 0xD4, 0xE0, 0x4A, 0xA0, 0xE1, 0x20, 0xFA, 0x02, 
0xFA, 0x02, 0xFA, 0x02, 0xFA, 0x02, 0xFA, 0x02, 0xEF, 0x5D, 0xE1, 0x20, 0xE1, 0x20, 0x63, 0x0C, 
0x63, 0x0C, 0x63, 0x0C, 0x63, 0x0C, 0x42, 0x28, 0x8B, 0x69, 0x8B, 0x69, 0x00, 0x00, 0x00, 0x00, 
0x00, 0x00, 0x00, 0x00, 0x00, 0x00, 0x4A, 0xA0, 0x8C, 0x20, 0xFE, 0x47, 0xFE, 0x47, 0xFE, 0x47, 
0xFE, 0x47, 0xFE, 0x47, 0xD4, 0xE0, 0x8C, 0x20, 0x8C, 0x20, 0x4A, 0xA0, 0xE1, 0x20, 0xFA, 0x02, 
0xFA, 0x02, 0xFA, 0x02, 0xFA, 0x02, 0xFA, 0x02, 0xEF, 0x5D, 0xE1, 0x20, 0xE1, 0x20, 0xE1, 0x20, 
0x42, 0x28, 0x42, 0x28, 0x42, 0x28, 0x42, 0x28, 0x8B, 0x69, 0x8B, 0x69, 0x00, 0x00, 0x00, 0x00, 
0x00, 0x00, 0x00, 0x00, 0x00, 0x00, 0x4A, 0xA0, 0x8C, 0x20, 0x8C, 0x20, 0xFE, 0x47, 0xFE, 0x47, 
0xFE, 0x47, 0xFE, 0x47, 0xD4, 0xE0, 0xD4, 0xE0, 0x8C, 0x20, 0x4A, 0xA0, 0xE1, 0x20, 0xE1, 0x20, 
0xE1, 0x20, 0xE1, 0x20, 0xE1, 0x20, 0xE1, 0x20, 0xE1, 0x20, 0xE1, 0x20, 0x58, 0x40, 0xE1, 0x20, 
0x42, 0x28, 0x42, 0x28, 0x42, 0x28, 0x42, 0x28, 0x8B, 0x69, 0x6A, 0x65, 0x00, 0x00, 0x00, 0x00, 
0x00, 0x00, 0x00, 0x00, 0x4A, 0xA0, 0xFE, 0xCE, 0xFE, 0xCE, 0x8C, 0x20, 0x8C, 0x20, 0xFE, 0x47, 
0xFE, 0x47, 0xD4, 0xE0, 0xD4, 0xE0, 0xD4, 0xE0, 0x8C, 0x20, 0x4A, 0xA0, 0xE1, 0x20, 0x75, 0xC8, 
0xCF, 0x56, 0xCF, 0x56, 0xE1, 0x20, 0xE1, 0x20, 0xE1, 0x20, 0xE1, 0x20, 0x58, 0x40, 0xE1, 0x20, 
0xE1, 0x20, 0xE1, 0x20, 0xE1, 0x20, 0xE1, 0x20, 0x6A, 0x65, 0x6A, 0x65, 0x00, 0x00, 0x00, 0x00, 
0x00, 0x00, 0x00, 0x00, 0x4A, 0xA0, 0xFE, 0xCE, 0xFE, 0xCE, 0xFE, 0x47, 0x8C, 0x20, 0xD4, 0xE0, 
0xD4, 0xE0, 0xD4, 0xE0, 0xD4, 0xE0, 0xD4, 0xE0, 0x8C, 0x20, 0x4A, 0xA0, 0xE1, 0x20, 0x75, 0xC8, 
0x75, 0xC8, 0x75, 0xC8, 0xE1, 0x20, 0xE1, 0x20, 0xE1, 0x20, 0xE1, 0x20, 0x58, 0x40, 0x58, 0x40, 
0xE1, 0x20, 0xE1, 0x20, 0xE1, 0x20, 0xE1, 0x20, 0x6A, 0x65, 0x6A, 0x65, 0x00, 0x00, 0x00, 0x00, 
0x00, 0x00, 0x00, 0x00, 0x4A, 0xA0, 0xFE, 0x47, 0xFE, 0x47, 0xFE, 0x47, 0x8C, 0x20, 0x8C, 0x20, 
0xD4, 0xE0, 0xD4, 0xE0, 0xD4, 0xE0, 0xD4, 0xE0, 0x8C, 0x20, 0x4A, 0xA0, 0xE1, 0x20, 0xE1, 0x20, 
0xE1, 0x20, 0xE1, 0x20, 0xE1, 0x20, 0xFF, 0xFF, 0xEF, 0x5D, 0x58, 0x40, 0xE1, 0x20, 0xE1, 0x20, 
0x58, 0x40, 0xE1, 0x20, 0xE1, 0x20, 0x58, 0x40, 0x6A, 0x65, 0x6A, 0x65, 0x00, 0x00, 0x00, 0x00, 
0x00, 0x00, 0x00, 0x00, 0x4A, 0xA0, 0xFE, 0x47, 0xFE, 0x47, 0xFE, 0x47, 0xFE, 0x47, 0x8C, 0x20, 
0xD4, 0xE0, 0xD4, 0xE0, 0xD4, 0xE0, 0xD4, 0xE0, 0x8C, 0x20, 0x4A, 0xA0, 0xE1, 0x20, 0xE1, 0x20, 
0xE1, 0x20, 0xE1, 0x20, 0xE1, 0x20, 0xEF, 0x5D, 0xEF, 0x5D, 0x58, 0x40, 0xB0, 0xC0, 0xE1, 0x20, 
0xE1, 0x20, 0x58, 0x40, 0xE1, 0x20, 0xE1, 0x20, 0xE1, 0x20, 0x00, 0x00, 0x00, 0x00, 0x00, 0x00, 
0x00, 0x00, 0x4A, 0xA0, 0xFE, 0x47, 0xFE, 0x47, 0xFE, 0x47, 0xFE, 0x47, 0xD4, 0xE0, 0x8C, 0x20, 
0x8C, 0x20, 0xD4, 0xE0, 0xD4, 0xE0, 0xD4, 0xE0, 0x8C, 0x20, 0x4A, 0xA0, 0xB0, 0xC0, 0xE1, 0x20, 
0xE1, 0x20, 0xE1, 0x20, 0xE1, 0x20, 0xE1, 0x20, 0xE1, 0x20, 0x58, 0x40, 0xB0, 0xC0, 0xB0, 0xC0, 
0xFF, 0xFF, 0xEF, 0x5D, 0xB0, 0xC0, 0x58, 0x40, 0xE1, 0x20, 0x58, 0x40, 0x00, 0x00, 0x00, 0x00, 
0x00, 0x00, 0x4A, 0xA0, 0xFE, 0x47, 0xFE, 0x47, 0xD4, 0xE0, 0xD4, 0xE0, 0xD4, 0xE0, 0xD4, 0xE0, 
0x8C, 0x20, 0xD4, 0xE0, 0xD4, 0xE0, 0x8C, 0x20, 0x8C, 0x20, 0x4A, 0xA0, 0xB0, 0xC0, 0xB0, 0xC0, 
0xB0, 0xC0, 0xB0, 0xC0, 0xB0, 0xC0, 0xB0, 0xC0, 0xB0, 0xC0, 0x58, 0x40, 0xB0, 0xC0, 0xB0, 0xC0, 
0xEF, 0x5D, 0xEF, 0x5D, 0x58, 0x40, 0xFA, 0x02, 0xE1, 0x20, 0x58, 0x40, 0x00, 0x00, 0x00, 0x00, 
0x00, 0x00, 0x00, 0x00, 0x4A, 0xA0, 0xD4, 0xE0, 0xD4, 0xE0, 0xD4, 0xE0, 0xD4, 0xE0, 0xD4, 0xE0, 
0x8C, 0x20, 0x8C, 0x20, 0x8C, 0x20, 0x8C, 0x20, 0x8C, 0x20, 0x8C, 0x20, 0x4A, 0xA0, 0xB0, 0xC0, 
0xB0, 0xC0, 0xB0, 0xC0, 0xB0, 0xC0, 0xB0, 0xC0, 0x58, 0x40, 0x00, 0x00, 0x58, 0x40, 0xB0, 0xC0, 
0xB0, 0xC0, 0x58, 0x40, 0x58, 0x40, 0xE1, 0x20, 0xE1, 0x20, 0x58, 0x40, 0x00, 0x00, 0x00, 0x00, 
0x00, 0x00, 0x00, 0x00, 0x00, 0x00, 0x4A, 0xA0, 0x4A, 0xA0, 0x4A, 0xA0, 0x4A, 0xA0, 0x4A, 0xA0, 
0x4A, 0xA0, 0x8C, 0x20, 0x8C, 0x20, 0x8C, 0x20, 0x8C, 0x20, 0x8C, 0x20, 0x4A, 0xA0, 0x58, 0x40, 
0x58, 0x40, 0x58, 0x40, 0x58, 0x40, 0x58, 0x40, 0x00, 0x00, 0x00, 0x00, 0x00, 0x00, 0x58, 0x40, 
0x58, 0x40, 0x00, 0x00, 0x58, 0x40, 0xE1, 0x20, 0xE1, 0x20, 0x58, 0x40, 0x00, 0x00, 0x00, 0x00, 
0x00, 0x00, 0x00, 0x00, 0x00, 0x00, 0x00, 0x00, 0x00, 0x00, 0x00, 0x00, 0x00, 0x00, 0x00, 0x00, 
0x00, 0x00, 0x4A, 0xA0, 0x8C, 0x20, 0x8C, 0x20, 0x8C, 0x20, 0x8C, 0x20, 0x4A, 0xA0, 0x00, 0x00, 
0x00, 0x00, 0x00, 0x00, 0x00, 0x00, 0x00, 0x00, 0x00, 0x00, 0x00, 0x00, 0x00, 0x00, 0x00, 0x00, 
0x00, 0x00, 0x00, 0x00, 0x58, 0x40, 0xE1, 0x20, 0xB0, 0xC0, 0x58, 0x40, 0x00, 0x00, 0x00, 0x00, 
0x00, 0x00, 0x00, 0x00, 0x00, 0x00, 0x00, 0x00, 0x00, 0x00, 0x00, 0x00, 0x00, 0x00, 0x00, 0x00, 
0x00, 0x00, 0x00, 0x00, 0x4A, 0xA0, 0x4A, 0xA0, 0x4A, 0xA0, 0x4A, 0xA0, 0x00, 0x00, 0x00, 0x00, 
0x00, 0x00, 0x00, 0x00, 0x00, 0x00, 0x00, 0x00, 0x00, 0x00, 0x00, 0x00, 0x00, 0x00, 0x00, 0x00, 
0x00, 0x00, 0x00, 0x00, 0x00, 0x00, 0x58, 0x40, 0xB0, 0xC0, 0x58, 0x40, 0x00, 0x00, 0x00, 0x00, 
0x00, 0x00, 0x00, 0x00, 0x00, 0x00, 0x00, 0x00, 0x00, 0x00, 0x00, 0x00, 0x00, 0x00, 0x00, 0x00, 
0x00, 0x00, 0x00, 0x00, 0x00, 0x00, 0x00, 0x00, 0x00, 0x00, 0x00, 0x00, 0x00, 0x00, 0x00, 0x00, 
0x00, 0x00, 0x00, 0x00, 0x00, 0x00, 0x00, 0x00, 0x00, 0x00, 0x00, 0x00, 0x00, 0x00, 0x00, 0x00, 
0x00, 0x00, 0x00, 0x00, 0x00, 0x00, 0x00, 0x00, 0x58, 0x40, 0x00, 0x00, 0x00, 0x00, 0x00, 0x00, 
0x00, 0x00, 0x00, 0x00, 0x00, 0x00, 0x00, 0x00, 0x00, 0x00, 0x00, 0x00, 0x00, 0x00, 0x00, 0x00, 
0x00, 0x00, 0x00, 0x00, 0x00, 0x00, 0x00, 0x00, 0x00, 0x00, 0x00, 0x00, 0x00, 0x00, 0x00, 0x00, 
0x00, 0x00, 0x00, 0x00, 0x00, 0x00, 0x00, 0x00, 0x00, 0x00, 0x00, 0x00, 0x00, 0x00, 0x00, 0x00, 
0x00, 0x00, 0x00, 0x00, 0x00, 0x00, 0x00, 0x00, 0x00, 0x00, 0x00, 0x00, 0x00, 0x00, 0x00, 0x00
}
,
{
0x00, 0x00, 0x00, 0x00, 0x00, 0x00, 0x00, 0x00, 0x00, 0x00, 0x00, 0x00, 0x00, 0x00, 0x00, 0x00, 
0x00, 0x00, 0x00, 0x00, 0x00, 0x00, 0x00, 0x00, 0x00, 0x00, 0x00, 0x00, 0x00, 0x00, 0x00, 0x00, 
0x00, 0x00, 0x00, 0x00, 0x00, 0x00, 0x00, 0x00, 0x00, 0x00, 0x00, 0x00, 0x00, 0x00, 0x00, 0x00, 
0x00, 0x00, 0x00, 0x00, 0x00, 0x00, 0x00, 0x00, 0x00, 0x00, 0x00, 0x00, 0x00, 0x00, 0x00, 0x00, 
0x00, 0x00, 0x00, 0x00, 0x00, 0x00, 0x00, 0x00, 0x00, 0x00, 0x00, 0x00, 0x00, 0x00, 0x00, 0x00, 
0x00, 0x00, 0x00, 0x00, 0x00, 0x00, 0x00, 0x00, 0x00, 0x00, 0x00, 0x00, 0x00, 0x00, 0x00, 0x00, 
0x00, 0x00, 0x00, 0x00, 0x00, 0x00, 0x00, 0x00, 0x00, 0x00, 0x00, 0x00, 0x00, 0x00, 0x00, 0x00, 
0x00, 0x00, 0x00, 0x00, 0x00, 0x00, 0x00, 0x00, 0x00, 0x00, 0x00, 0x00, 0x00, 0x00, 0x00, 0x00, 
0x00, 0x00, 0x00, 0x00, 0x00, 0x00, 0x00, 0x00, 0x00, 0x00, 0x00, 0x00, 0x00, 0x00, 0x00, 0x00, 
0x00, 0x00, 0x00, 0x00, 0x00, 0x00, 0x00, 0x00, 0x00, 0x00, 0x00, 0x00, 0x00, 0x00, 0x00, 0x00, 
0x00, 0x00, 0x00, 0x00, 0x00, 0x00, 0x00, 0x00, 0x00, 0x00, 0x00, 0x00, 0x00, 0x00, 0x00, 0x00, 
0x00, 0x00, 0x00, 0x00, 0x00, 0x00, 0x00, 0x00, 0x00, 0x00, 0x00, 0x00, 0x00, 0x00, 0x00, 0x00, 
0x00, 0x00, 0x00, 0x00, 0x00, 0x00, 0x00, 0x00, 0x00, 0x00, 0x00, 0x00, 0x00, 0x00, 0x00, 0x00, 
0x00, 0x00, 0x00, 0x00, 0x00, 0x00, 0x00, 0x00, 0x00, 0x00, 0x00, 0x00, 0x00, 0x00, 0x00, 0x00, 
0x00, 0x00, 0x00, 0x00, 0x00, 0x00, 0x00, 0x00, 0x00, 0x00, 0x00, 0x00, 0x00, 0x00, 0x00, 0x00, 
0x00, 0x00, 0x00, 0x00, 0x00, 0x00, 0x00, 0x00, 0x00, 0x00, 0x00, 0x00, 0x00, 0x00, 0x00, 0x00, 
0x00, 0x00, 0x00, 0x00, 0x00, 0x00, 0x00, 0x00, 0x00, 0x00, 0x00, 0x00, 0x00, 0x00, 0x00, 0x00, 
0x00, 0x00, 0x00, 0x00, 0x00, 0x00, 0x00, 0x00, 0x00, 0x00, 0x58, 0x40, 0x58, 0x40, 0x58, 0x40, 
0x58, 0x40, 0x58, 0x40, 0x58, 0x40, 0x00, 0x00, 0x00, 0x00, 0x58, 0x40, 0x58, 0x40, 0x00, 0x00, 
0x00, 0x00, 0x00, 0x00, 0x00, 0x00, 0x00, 0x00, 0x00, 0x00, 0x00, 0x00, 0x00, 0x00, 0x00, 0x00, 
0x00, 0x00, 0x00, 0x00, 0x00, 0x00, 0x00, 0x00, 0x00, 0x00, 0x00, 0x00, 0x00, 0x00, 0x4A, 0xA0, 
0x4A, 0xA0, 0x4A, 0xA0, 0x4A, 0xA0, 0x4A, 0xA0, 0x58, 0x40, 0xB0, 0xC0, 0xB0, 0xC0, 0xE1, 0x20, 
0xE1, 0x20, 0xE1, 0x20, 0xE1, 0x20, 0x58, 0x40, 0x58, 0x40, 0xFF, 0xFF, 0xEF, 0x5D, 0x58, 0x40, 
0x00, 0x00, 0x00, 0x00, 0x00, 0x00, 0x00, 0x00, 0x00, 0x00, 0x00, 0x00, 0x00, 0x00, 0x00, 0x00, 
0x00, 0x00, 0x00, 0x00, 0x00, 0x00, 0x00, 0x00, 0x00, 0x00, 0x00, 0x00, 0x4A, 0xA0, 0xFE, 0xCE, 
0xFE, 0xCE, 0xFE, 0x47, 0xFE, 0x47, 0x4A, 0xA0, 0xB0, 0xC0, 0xB0, 0xC0, 0xE1, 0x20, 0xE1, 0x20, 
0xE1, 0x20, 0xE1, 0x20, 0xE1, 0x20, 0xE1, 0x20, 0x58, 0x40, 0xEF, 0x5D, 0xEF, 0x5D, 0xFA, 0x02, 
0x58, 0x40, 0x00, 0x00, 0x00, 0x00, 0x00, 0x00, 0x00, 0x00, 0x00, 0x00, 0x00, 0x00, 0x00, 0x00, 
0x00, 0x00, 0x00, 0x00, 0x00, 0x00, 0x00, 0x00, 0x00, 0x00, 0x4A, 0xA0, 0xFE, 0xCE, 0xFE, 0xCE, 
0xFE, 0xCE, 0xFE, 0x47, 0xFE, 0x47, 0x4A, 0xA0, 0x4A, 0xA0, 0xE1, 0x20, 0xFA, 0x02, 0xFA, 0x02, 
0xFA, 0x02, 0xFA, 0x02, 0xFA, 0x02, 0xE1, 0x20, 0xE1, 0x20, 0x58, 0x40, 0xFA, 0x02, 0xFB, 0x0A, 
0xFB, 0x0A, 0x58, 0x40, 0xE1, 0x20, 0x58, 0x40, 0x00, 0x00, 0x00, 0x00, 0x00, 0x00, 0x00, 0x00, 
0x00, 0x00, 0x00, 0x00, 0x00, 0x00, 0x00, 0x00, 0x4A, 0xA0, 0x8C, 0x20, 0xFE, 0x47, 0xFE, 0xCE, 
0xFE, 0xCE, 0xFE, 0x47, 0xFE, 0x47, 0xD4, 0xE0, 0x4A, 0xA0, 0xFA, 0x02, 0xFB, 0x0A, 0xFB, 0x0A, 
0xFB, 0x0A, 0xFB, 0x0A, 0xFF, 0xFF, 0xEF, 0x5D, 0xE1, 0x20, 0x58, 0x40, 0xFB, 0x0A, 0xFB, 0x0A, 
0xFB, 0x0A, 0xE1, 0x20, 0xE1, 0x20, 0xE1, 0x20, 0x58, 0x40, 0x00, 0x00, 0x00, 0x00, 0x00, 0x00, 
0x00, 0x00, 0x00, 0x00, 0x00, 0x00, 0x4A, 0xA0, 0xFE, 0xCE, 0x8C, 0x20, 0x8C, 0x20, 0xFE, 0x47, 
0xFE, 0x47, 0xFE, 0x47, 0xFE, 0x47, 0xD4, 0xE0, 0x4A, 0xA0, 0xFA, 0x02, 0xFB, 0x0A, 0xFB, 0x0A, 
0xFB, 0x0A, 0xFB, 0x0A, 0xEF, 0x5D, 0xEF, 0x5D, 0xE1, 0x20, 0x58, 0x40, 0xFB, 0x0A, 0xFB, 0x0A, 
0xE1, 0x20, 0xFA, 0x02, 0xFA, 0x02, 0xE1, 0x20, 0x8B, 0x69, 0x8B, 0x69, 0x00, 0x00, 0x00, 0x00, 
0x00, 0x00, 0x00, 0x00, 0x4A, 0xA0, 0xFE, 0xCE, 0xFE, 0xCE, 0xFE, 0xCE, 0x8C, 0x20, 0x8C, 0x20, 
0xFE, 0x47, 0xFE, 0x47, 0xD4, 0xE0, 0xD4, 0xE0, 0x4A, 0xA0, 0xFA, 0x02, 0x75, 0xC8, 0x75, 0xC8, 
0x75, 0xC8, 0xFB, 0x0A, 0xFB, 0x0A, 0xFA, 0x02, 0xFA, 0x02, 0xE1, 0x20, 0x58, 0x40, 0xE1, 0x20, 
0xFB, 0x0A, 0xFB, 0x0A, 0xFB, 0x0A, 0xFA, 0x02, 0x8B, 0x69, 0x8B, 0x69, 0x00, 0x00, 0x00, 0x00, 
0x00, 0x00, 0x00, 0x00, 0x4A, 0xA0, 0xFE, 0xCE, 0xFE, 0xCE, 0xFE, 0xCE, 0xFE, 0x47, 0x8C, 0x20, 
0x8C, 0x20, 0xFE, 0x47, 0xD4, 0xE0, 0xD4, 0xE0, 0x4A, 0xA0, 0xFA, 0x02, 0xCF, 0x56, 0xCF, 0x56, 
0x75, 0xC8, 0xFB, 0x0A, 0xFB, 0x0A, 0xFA, 0x02, 0xFA, 0x02, 0xE1, 0x20, 0x58, 0x40, 0xFB, 0x0A, 
0xFB, 0x0A, 0xFB, 0x0A, 0xFB, 0x0A, 0xFA, 0x02, 0x8B, 0x69, 0x6A, 0x65, 0x00, 0x00, 0x00, 0x00, 
0x00, 0x00, 0x00, 0x00, 0x4A, 0xA0, 0xFE, 0xCE, 0xFE, 0xCE, 0xFE, 0xCE, 0xFE, 0x47, 0xFE, 0x47, 
0x8C, 0x20, 0x8C, 0x20, 0xD4, 0xE0, 0xD4, 0xE0, 0x4A, 0xA0, 0xFA, 0x02, 0xFB, 0x0A, 0xFB, 0x0A, 
0xFB, 0x0A, 0xFB, 0x0A, 0xFB, 0x0A, 0xFA, 0x02, 0xFA, 0x02, 0xE1, 0x20, 0x58, 0x40, 0xFB, 0x0A, 
0x94, 0x92, 0x94, 0x92, 0x7B, 0xCF, 0x42, 0x28, 0x6A, 0x65, 0x6A, 0x65, 0x00, 0x00, 0x00, 0x00, 
0x00, 0x00, 0x00, 0x00, 0x4A, 0xA0, 0xFE, 0xCE, 0xFE, 0xCE, 0xFE, 0xCE, 0xFE, 0x47, 0xFE, 0x47, 
0xFE, 0x47, 0x8C, 0x20, 0xD4, 0xE0, 0xD4, 0xE0, 0x4A, 0xA0, 0xFA, 0x02, 0xFB, 0x0A, 0xFB, 0x0A, 
0xFB, 0x0A, 0xFB, 0x0A, 0xFB, 0x0A, 0xEF, 0x5D, 0xFA, 0x02, 0xE1, 0x20, 0x58, 0x40, 0x94, 0x92, 
0x94, 0x92, 0x7B, 0xCF, 0x63, 0x0C, 0x42, 0x28, 0x6A, 0x65, 0x6A, 0x65, 0x00, 0x00, 0x00, 0x00, 
0x00, 0x00, 0x00, 0x00, 0x4A, 0xA0, 0xFE, 0xCE, 0xFE, 0xCE, 0xFE, 0xCE, 0xFE, 0x47, 0xFE, 0x47, 
0xFE, 0x47, 0xD4, 0xE0, 0x8C, 0x20, 0xD4, 0xE0, 0x4A, 0xA0, 0xFA, 0x02, 0xFB, 0x0A, 0xFB, 0x0A, 
0xFB, 0x0A, 0xFB, 0x0A, 0xEF, 0x5D, 0xEF, 0x5D, 0xEF, 0x5D, 0xE1, 0x20, 0xE1, 0x20, 0x94, 0x92, 
0x7B, 0xCF, 0x7B, 0xCF, 0x63, 0x0C, 0x42, 0x28, 0x6A, 0x65, 0x6A, 0x65, 0x00, 0x00, 0x00, 0x00, 
0x00, 0x00, 0x00, 0x00, 0x4A, 0xA0, 0xFE, 0xCE, 0xFE, 0xCE, 0xFE, 0xCE, 0xFE, 0x47, 0xFE, 0x47, 
0xFE, 0x47, 0xD4, 0xE0, 0x8C, 0x20, 0xD4, 0xE0, 0x4A, 0xA0, 0xFA, 0x02, 0xFA, 0x02, 0xFB, 0x0A, 
0xFB, 0x0A, 0xFA, 0x02, 0xEF, 0x5D, 0xEF, 0x5D, 0xFF, 0xFF, 0xE1, 0x20, 0xE1, 0x20, 0x7B, 0xCF, 
0x7B, 0xCF, 0x7B, 0xCF, 0x63, 0x0C, 0x42, 0x28, 0xE1, 0x20, 0x00, 0x00, 0x00, 0x00, 0x00, 0x00, 
0x00, 0x00, 0x00, 0x00, 0x4A, 0xA0, 0xFE, 0x47, 0xFE, 0xCE, 0xFE, 0xCE, 0xFE, 0x47, 0xFE, 0x47, 
0xFE, 0x47, 0xD4, 0xE0, 0x8C, 0x20, 0xD4, 0xE0, 0x4A, 0xA0, 0xFA, 0x02, 0xFA, 0x02, 0xFA, 0x02, 
0xFA, 0x02, 0xFA, 0x02, 0xEF, 0x5D, 0xEF, 0x5D, 0xFF, 0xFF, 0xE1, 0x20, 0xE1, 0x20, 0x63, 0x0C, 
0x63, 0x0C, 0x63, 0x0C, 0x63, 0x0C, 0x42, 0x28, 0xE1, 0x20, 0x00, 0x00, 0x00, 0x00, 0x00, 0x00, 
0x00, 0x00, 0x00, 0x00, 0x4A, 0xA0, 0xFE, 0x47, 0xFE, 0x47, 0xFE, 0x47, 0xFE, 0x47, 0xFE, 0x47, 
0xFE, 0x47, 0xD4, 0xE0, 0x8C, 0x20, 0xD4, 0xE0, 0x4A, 0xA0, 0xE1, 0x20, 0xFA, 0x02, 0xFA, 0x02, 
0xFA, 0x02, 0xFA, 0x02, 0xEF, 0x5D, 0xEF, 0x5D, 0xEF, 0x5D, 0xE1, 0x20, 0xE1, 0x20, 0x63, 0x0C, 
0x63, 0x0C, 0x63, 0x0C, 0x63, 0x0C, 0x42, 0x28, 0x8B, 0x69, 0x8B, 0x69, 0x00, 0x00, 0x00, 0x00, 
0x00, 0x00, 0x00, 0x00, 0x4A, 0xA0, 0x8C, 0x20, 0xFE, 0x47, 0xFE, 0x47, 0xFE, 0x47, 0xFE, 0x47, 
0xFE, 0x47, 0xD4, 0xE0, 0x8C, 0x20, 0x8C, 0x20, 0x4A, 0xA0, 0xE1, 0x20, 0xFA, 0x02, 0xFA, 0x02, 
0xFA, 0x02, 0xFA, 0x02, 0xFA, 0x02, 0xEF, 0x5D, 0xE1, 0x20, 0xE1, 0x20, 0xE1, 0x20, 0xE1, 0x20, 
0x42, 0x28, 0x42, 0x28, 0x42, 0x28, 0x42, 0x28, 0x8B, 0x69, 0x8B, 0x69, 0x00, 0x00, 0x00, 0x00, 
0x00, 0x00, 0x00, 0x00, 0x4A, 0xA0, 0x8C, 0x20, 0x8C, 0x20, 0xFE, 0x47, 0xFE, 0x47, 0xFE, 0x47, 
0xFE, 0x47, 0xD4, 0xE0, 0xD4, 0xE0, 0x8C, 0x20, 0x4A, 0xA0, 0xE1, 0x20, 0xE1, 0x20, 0xE1, 0x20, 
0xE1, 0x20, 0xE1, 0x20, 0xE1, 0x20, 0xE1, 0x20, 0xE1, 0x20, 0xE1, 0x20, 0x58, 0x40, 0xE1, 0x20, 
0x42, 0x28, 0x42, 0x28, 0x42, 0x28, 0x42, 0x28, 0x8B, 0x69, 0x6A, 0x65, 0x00, 0x00, 0x00, 0x00, 
0x00, 0x00, 0x4A, 0xA0, 0xFE, 0xCE, 0xFE, 0xCE, 0x8C, 0x20, 0x8C, 0x20, 0xFE, 0x47, 0xFE, 0x47, 
0xD4, 0xE0, 0xD4, 0xE0, 0xD4, 0xE0, 0x8C, 0x20, 0x4A, 0xA0, 0xE1, 0x20, 0xCF, 0x56, 0xCF, 0x56, 
0x75, 0xC8, 0xE1, 0x20, 0xE1, 0x20, 0xE1, 0x20, 0xE1, 0x20, 0xE1, 0x20, 0x58, 0x40, 0xE1, 0x20, 
0xE1, 0x20, 0xE1, 0x20, 0xE1, 0x20, 0xE1, 0x20, 0x6A, 0x65, 0x6A, 0x65, 0x00, 0x00, 0x00, 0x00, 
0x00, 0x00, 0x4A, 0xA0, 0xFE, 0xCE, 0xFE, 0xCE, 0xFE, 0x47, 0x8C, 0x20, 0xD4, 0xE0, 0xD4, 0xE0, 
0xD4, 0xE0, 0xD4, 0xE0, 0xD4, 0xE0, 0x8C, 0x20, 0x4A, 0xA0, 0xE1, 0x20, 0x75, 0xC8, 0x75, 0xC8, 
0x75, 0xC8, 0xE1, 0x20, 0xE1, 0x20, 0xE1, 0x20, 0xE1, 0x20, 0xE1, 0x20, 0x58, 0x40, 0x58, 0x40, 
0xE1, 0x20, 0xE1, 0x20, 0xE1, 0x20, 0xE1, 0x20, 0x6A, 0x65, 0x6A, 0x65, 0x00, 0x00, 0x00, 0x00, 
0x00, 0x00, 0x4A, 0xA0, 0xFE, 0x47, 0xFE, 0x47, 0xFE, 0x47, 0x8C, 0x20, 0x8C, 0x20, 0xD4, 0xE0, 
0xD4, 0xE0, 0xD4, 0xE0, 0xD4, 0xE0, 0x8C, 0x20, 0x4A, 0xA0, 0xE1, 0x20, 0xE1, 0x20, 0xE1, 0x20, 
0xE1, 0x20, 0xE1, 0x20, 0xFF, 0xFF, 0xEF, 0x5D, 0xE1, 0x20, 0x58, 0x40, 0xE1, 0x20, 0xE1, 0x20, 
0x58, 0x40, 0xE1, 0x20, 0xE1, 0x20, 0x58, 0x40, 0x6A, 0x65, 0x6A, 0x65, 0x00, 0x00, 0x00, 0x00, 
0x00, 0x00, 0x4A, 0xA0, 0xFE, 0x47, 0xFE, 0x47, 0xFE, 0x47, 0xFE, 0x47, 0x8C, 0x20, 0xD4, 0xE0, 
0xD4, 0xE0, 0xD4, 0xE0, 0xD4, 0xE0, 0x8C, 0x20, 0x4A, 0xA0, 0xE1, 0x20, 0xE1, 0x20, 0xE1, 0x20, 
0xE1, 0x20, 0xE1, 0x20, 0xEF, 0x5D, 0xEF, 0x5D, 0xE1, 0x20, 0x58, 0x40, 0xE1, 0x20, 0xE1, 0x20, 
0xE1, 0x20, 0x58, 0x40, 0xE1, 0x20, 0xE1, 0x20, 0xE1, 0x20, 0x00, 0x00, 0x00, 0x00, 0x00, 0x00, 
0x4A, 0xA0, 0xFE, 0x47, 0xFE, 0x47, 0xFE, 0x47, 0xFE, 0x47, 0xD4, 0xE0, 0x8C, 0x20, 0x8C, 0x20, 
0xD4, 0xE0, 0xD4, 0xE0, 0xD4, 0xE0, 0x8C, 0x20, 0x4A, 0xA0, 0xB0, 0xC0, 0xE1, 0x20, 0xE1, 0x20, 
0xE1, 0x20, 0xE1, 0x20, 0xE1, 0x20, 0xE1, 0x20, 0xB0, 0xC0, 0x58, 0x40, 0xE1, 0x20, 0xE1, 0x20, 
0x58, 0x40, 0x58, 0x40, 0xB0, 0xC0, 0x58, 0x40, 0xE1, 0x20, 0x58, 0x40, 0x00, 0x00, 0x00, 0x00, 
0x4A, 0xA0, 0xFE, 0x47, 0xFE, 0x47, 0xD4, 0xE0, 0xD4, 0xE0, 0xD4, 0xE0, 0xD4, 0xE0, 0x8C, 0x20, 
0xD4, 0xE0, 0xD4, 0xE0, 0x8C, 0x20, 0x8C, 0x20, 0x4A, 0xA0, 0xB0, 0xC0, 0xB0, 0xC0, 0xB0, 0xC0, 
0xB0, 0xC0, 0xB0, 0xC0, 0xB0, 0xC0, 0xB0, 0xC0, 0x58, 0x40, 0xE1, 0x20, 0xE1, 0x20, 0xB0, 0xC0, 
0x58, 0x40, 0x00, 0x00, 0x58, 0x40, 0xFA, 0x02, 0xE1, 0x20, 0x58, 0x40, 0x00, 0x00, 0x00, 0x00, 
0x00, 0x00, 0x4A, 0xA0, 0xD4, 0xE0, 0xD4, 0xE0, 0xD4, 0xE0, 0xD4, 0xE0, 0xD4, 0xE0, 0x8C, 0x20, 
0x8C, 0x20, 0x8C, 0x20, 0x8C, 0x20, 0x8C, 0x20, 0x8C, 0x20, 0x4A, 0xA0, 0xB0, 0xC0, 0xB0, 0xC0, 
0xB0, 0xC0, 0xB0, 0xC0, 0xB0, 0xC0, 0x58, 0x40, 0xFF, 0xFF, 0xEF, 0x5D, 0x58, 0x40, 0x58, 0x40, 
0x00, 0x00, 0x00, 0x00, 0x58, 0x40, 0xE1, 0x20, 0xE1, 0x20, 0x58, 0x40, 0x00, 0x00, 0x00, 0x00, 
0x00, 0x00, 0x00, 0x00, 0x4A, 0xA0, 0x4A, 0xA0, 0x4A, 0xA0, 0x4A, 0xA0, 0x4A, 0xA0, 0x4A, 0xA0, 
0x8C, 0x20, 0x8C, 0x20, 0x8C, 0x20, 0x8C, 0x20, 0x8C, 0x20, 0x4A, 0xA0, 0x58, 0x40, 0x58, 0x40, 
0x58, 0x40, 0x58, 0x40, 0x58, 0x40, 0x58, 0x40, 0xEF, 0x5D, 0xEF, 0x5D, 0x58, 0x40, 0x00, 0x00, 
0x00, 0x00, 0x00, 0x00, 0x58, 0x40, 0xE1, 0x20, 0xE1, 0x20, 0x58, 0x40, 0x00, 0x00, 0x00, 0x00, 
0x00, 0x00, 0x00, 0x00, 0x00, 0x00, 0x00, 0x00, 0x00, 0x00, 0x00, 0x00, 0x00, 0x00, 0x00, 0x00, 
0x4A, 0xA0, 0x8C, 0x20, 0x8C, 0x20, 0x8C, 0x20, 0x8C, 0x20, 0x4A, 0xA0, 0x00, 0x00, 0x00, 0x00, 
0x00, 0x00, 0x00, 0x00, 0x00, 0x00, 0x00, 0x00, 0x58, 0x40, 0x58, 0x40, 0x00, 0x00, 0x00, 0x00, 
0x00, 0x00, 0x00, 0x00, 0x58, 0x40, 0xE1, 0x20, 0xB0, 0xC0, 0x58, 0x40, 0x00, 0x00, 0x00, 0x00, 
0x00, 0x00, 0x00, 0x00, 0x00, 0x00, 0x00, 0x00, 0x00, 0x00, 0x00, 0x00, 0x00, 0x00, 0x00, 0x00, 
0x00, 0x00, 0x4A, 0xA0, 0x4A, 0xA0, 0x4A, 0xA0, 0x4A, 0xA0, 0x00, 0x00, 0x00, 0x00, 0x00, 0x00, 
0x00, 0x00, 0x00, 0x00, 0x00, 0x00, 0x00, 0x00, 0x00, 0x00, 0x00, 0x00, 0x00, 0x00, 0x00, 0x00, 
0x00, 0x00, 0x00, 0x00, 0x00, 0x00, 0x58, 0x40, 0xB0, 0xC0, 0x58, 0x40, 0x00, 0x00, 0x00, 0x00, 
0x00, 0x00, 0x00, 0x00, 0x00, 0x00, 0x00, 0x00, 0x00, 0x00, 0x00, 0x00, 0x00, 0x00, 0x00, 0x00, 
0x00, 0x00, 0x00, 0x00, 0x00, 0x00, 0x00, 0x00, 0x00, 0x00, 0x00, 0x00, 0x00, 0x00, 0x00, 0x00, 
0x00, 0x00, 0x00, 0x00, 0x00, 0x00, 0x00, 0x00, 0x00, 0x00, 0x00, 0x00, 0x00, 0x00, 0x00, 0x00, 
0x00, 0x00, 0x00, 0x00, 0x00, 0x00, 0x00, 0x00, 0x58, 0x40, 0x00, 0x00, 0x00, 0x00, 0x00, 0x00, 
0x00, 0x00, 0x00, 0x00, 0x00, 0x00, 0x00, 0x00, 0x00, 0x00, 0x00, 0x00, 0x00, 0x00, 0x00, 0x00, 
0x00, 0x00, 0x00, 0x00, 0x00, 0x00, 0x00, 0x00, 0x00, 0x00, 0x00, 0x00, 0x00, 0x00, 0x00, 0x00, 
0x00, 0x00, 0x00, 0x00, 0x00, 0x00, 0x00, 0x00, 0x00, 0x00, 0x00, 0x00, 0x00, 0x00, 0x00, 0x00, 
0x00, 0x00, 0x00, 0x00, 0x00, 0x00, 0x00, 0x00, 0x00, 0x00, 0x00, 0x00, 0x00, 0x00, 0x00, 0x00
}
,
{
0x00, 0x00, 0x00, 0x00, 0x00, 0x00, 0x00, 0x00, 0x00, 0x00, 0x00, 0x00, 0x00, 0x00, 0x00, 0x00, 
0x00, 0x00, 0x00, 0x00, 0x00, 0x00, 0x00, 0x00, 0x00, 0x00, 0x00, 0x00, 0x00, 0x00, 0x00, 0x00, 
0x00, 0x00, 0x00, 0x00, 0x00, 0x00, 0x00, 0x00, 0x00, 0x00, 0x00, 0x00, 0x00, 0x00, 0x00, 0x00, 
0x00, 0x00, 0x00, 0x00, 0x00, 0x00, 0x00, 0x00, 0x00, 0x00, 0x00, 0x00, 0x00, 0x00, 0x00, 0x00, 
0x00, 0x00, 0x00, 0x00, 0x00, 0x00, 0x00, 0x00, 0x00, 0x00, 0x00, 0x00, 0x00, 0x00, 0x00, 0x00, 
0x00, 0x00, 0x00, 0x00, 0x00, 0x00, 0x00, 0x00, 0x00, 0x00, 0x00, 0x00, 0x00, 0x00, 0x00, 0x00, 
0x00, 0x00, 0x00, 0x00, 0x00, 0x00, 0x00, 0x00, 0x00, 0x00, 0x00, 0x00, 0x00, 0x00, 0x00, 0x00, 
0x00, 0x00, 0x00, 0x00, 0x00, 0x00, 0x00, 0x00, 0x00, 0x00, 0x00, 0x00, 0x00, 0x00, 0x00, 0x00, 
0x00, 0x00, 0x00, 0x00, 0x00, 0x00, 0x00, 0x00, 0x00, 0x00, 0x00, 0x00, 0x00, 0x00, 0x00, 0x00, 
0x00, 0x00, 0x00, 0x00, 0x00, 0x00, 0x00, 0x00, 0x00, 0x00, 0x00, 0x00, 0x00, 0x00, 0x00, 0x00, 
0x00, 0x00, 0x00, 0x00, 0x00, 0x00, 0x00, 0x00, 0x00, 0x00, 0x00, 0x00, 0x00, 0x00, 0x00, 0x00, 
0x00, 0x00, 0x00, 0x00, 0x00, 0x00, 0x00, 0x00, 0x00, 0x00, 0x00, 0x00, 0x00, 0x00, 0x00, 0x00, 
0x00, 0x00, 0x00, 0x00, 0x00, 0x00, 0x00, 0x00, 0x00, 0x00, 0x00, 0x00, 0x00, 0x00, 0x00, 0x00, 
0x00, 0x00, 0x00, 0x00, 0x00, 0x00, 0x00, 0x00, 0x00, 0x00, 0x00, 0x00, 0x00, 0x00, 0x00, 0x00, 
0x00, 0x00, 0x00, 0x00, 0x00, 0x00, 0x00, 0x00, 0x00, 0x00, 0x00, 0x00, 0x00, 0x00, 0x00, 0x00, 
0x00, 0x00, 0x00, 0x00, 0x00, 0x00, 0x00, 0x00, 0x00, 0x00, 0x00, 0x00, 0x00, 0x00, 0x00, 0x00, 
0x00, 0x00, 0x00, 0x00, 0x00, 0x00, 0x00, 0x00, 0x00, 0x00, 0x00, 0x00, 0x00, 0x00, 0x00, 0x00, 
0x00, 0x00, 0x00, 0x00, 0x00, 0x00, 0x00, 0x00, 0x00, 0x00, 0x00, 0x00, 0x58, 0x40, 0x58, 0x40, 
0x58, 0x40, 0x58, 0x40, 0x58, 0x40, 0x58, 0x40, 0x00, 0x00, 0x00, 0x00, 0x00, 0x00, 0x58, 0x40, 
0x58, 0x40, 0x00, 0x00, 0x00, 0x00, 0x00, 0x00, 0x00, 0x00, 0x00, 0x00, 0x00, 0x00, 0x00, 0x00, 
0x00, 0x00, 0x00, 0x00, 0x00, 0x00, 0x00, 0x00, 0x00, 0x00, 0x00, 0x00, 0x00, 0x00, 0x00, 0x00, 
0x4A, 0xA0, 0x4A, 0xA0, 0x4A, 0xA0, 0x4A, 0xA0, 0x4A, 0xA0, 0x58, 0x40, 0xB0, 0xC0, 0xB0, 0xC0, 
0xE1, 0x20, 0xE1, 0x20, 0xE1, 0x20, 0xE1, 0x20, 0x58, 0x40, 0x00, 0x00, 0x58, 0x40, 0xE1, 0x20, 
0xE1, 0x20, 0x58, 0x40, 0x00, 0x00, 0x00, 0x00, 0x00, 0x00, 0x00, 0x00, 0x00, 0x00, 0x00, 0x00, 
0x00, 0x00, 0x00, 0x00, 0x00, 0x00, 0x00, 0x00, 0x00, 0x00, 0x00, 0x00, 0x00, 0x00, 0x4A, 0xA0, 
0xFE, 0xCE, 0xFE, 0xCE, 0xFE, 0x47, 0xFE, 0x47, 0x4A, 0xA0, 0xB0, 0xC0, 0xB0, 0xC0, 0xE1, 0x20, 
0xE1, 0x20, 0xE1, 0x20, 0xE1, 0x20, 0xE1, 0x20, 0xE1, 0x20, 0x58, 0x40, 0xE1, 0x20, 0xFA, 0x02, 
0xFF, 0xFF, 0xEF, 0x5D, 0x58, 0x40, 0x00, 0x00, 0x00, 0x00, 0x00, 0x00, 0x00, 0x00, 0x00, 0x00, 
0x00, 0x00, 0x00, 0x00, 0x00, 0x00, 0x00, 0x00, 0x00, 0x00, 0x00, 0x00, 0x4A, 0xA0, 0xFE, 0xCE, 
0xFE, 0xCE, 0xFE, 0xCE, 0xFE, 0x47, 0xFE, 0x47, 0x4A, 0xA0, 0x4A, 0xA0, 0xE1, 0x20, 0xFA, 0x02, 
0xFA, 0x02, 0xFA, 0x02, 0xFA, 0x02, 0xFA, 0x02, 0xE1, 0x20, 0x58, 0x40, 0xFA, 0x02, 0xFB, 0x0A, 
0xEF, 0x5D, 0xEF, 0x5D, 0xE1, 0x20, 0x58, 0x40, 0x00, 0x00, 0x00, 0x00, 0x00, 0x00, 0x00, 0x00, 
0x00, 0x00, 0x00, 0x00, 0x00, 0x00, 0x00, 0x00, 0x00, 0x00, 0x4A, 0xA0, 0x8C, 0x20, 0xFE, 0x47, 
0xFE, 0xCE, 0xFE, 0xCE, 0xFE, 0x47, 0xFE, 0x47, 0xD4, 0xE0, 0x4A, 0xA0, 0xFA, 0x02, 0xFB, 0x0A, 
0xFB, 0x0A, 0xFB, 0x0A, 0xFB, 0x0A, 0xFF, 0xFF, 0xEF, 0x5D, 0x58, 0x40, 0xFB, 0x0A, 0xFB, 0x0A, 
0xFB, 0x0A, 0xE1, 0x20, 0xE1, 0x20, 0xE1, 0x20, 0x58, 0x40, 0x00, 0x00, 0x00, 0x00, 0x00, 0x00, 
0x00, 0x00, 0x00, 0x00, 0x00, 0x00, 0x00, 0x00, 0x4A, 0xA0, 0xFE, 0xCE, 0x8C, 0x20, 0x8C, 0x20, 
0xFE, 0x47, 0xFE, 0x47, 0xFE, 0x47, 0xFE, 0x47, 0xD4, 0xE0, 0x4A, 0xA0, 0xFA, 0x02, 0xFB, 0x0A, 
0xFB, 0x0A, 0xFB, 0x0A, 0xFB, 0x0A, 0xEF, 0x5D, 0xEF, 0x5D, 0x58, 0x40, 0xFB, 0x0A, 0xFB, 0x0A, 
0xE1, 0x20, 0xFA, 0x02, 0xFA, 0x02, 0xE1, 0x20, 0x8B, 0x69, 0x8B, 0x69, 0x00, 0x00, 0x00, 0x00, 
0x00, 0x00, 0x00, 0x00, 0x00, 0x00, 0x4A, 0xA0, 0xFE, 0xCE, 0xFE, 0xCE, 0xFE, 0xCE, 0x8C, 0x20, 
0x8C, 0x20, 0xFE, 0x47, 0xFE, 0x47, 0xD4, 0xE0, 0xD4, 0xE0, 0x4A, 0xA0, 0xFA, 0x02, 0x75, 0xC8, 
0x75, 0xC8, 0x75, 0xC8, 0xFB, 0x0A, 0xFB, 0x0A, 0xFA, 0x02, 0xE1, 0x20, 0x58, 0x40, 0xE1, 0x20, 
0xFB, 0x0A, 0xFB, 0x0A, 0xFB, 0x0A, 0xFA, 0x02, 0x8B, 0x69, 0x8B, 0x69, 0x00, 0x00, 0x00, 0x00, 
0x00, 0x00, 0x00, 0x00, 0x00, 0x00, 0x4A, 0xA0, 0xFE, 0xCE, 0xFE, 0xCE, 0xFE, 0xCE, 0xFE, 0x47, 
0x8C, 0x20, 0x8C, 0x20, 0xFE, 0x47, 0xD4, 0xE0, 0xD4, 0xE0, 0x4A, 0xA0, 0xFA, 0x02, 0x75, 0xC8, 
0xCF, 0x56, 0xCF, 0x56, 0xFB, 0x0A, 0xFB, 0x0A, 0xFA, 0x02, 0xE1, 0x20, 0x58, 0x40, 0xFB, 0x0A, 
0xFB, 0x0A, 0xFB, 0x0A, 0xFB, 0x0A, 0xFA, 0x02, 0x8B, 0x69, 0x6A, 0x65, 0x00, 0x00, 0x00, 0x00, 
0x00, 0x00, 0x00, 0x00, 0x00, 0x00, 0x4A, 0xA0, 0xFE, 0xCE, 0xFE, 0xCE, 0xFE, 0xCE, 0xFE, 0x47, 
0xFE, 0x47, 0x8C, 0x20, 0x8C, 0x20, 0xD4, 0xE0, 0xD4, 0xE0, 0x4A, 0xA0, 0xFA, 0x02, 0xFB, 0x0A, 
0xFB, 0x0A, 0xFB, 0x0A, 0xFB, 0x0A, 0xFB, 0x0A, 0xFA, 0x02, 0xE1, 0x20, 0x58, 0x40, 0xFB, 0x0A, 
0x94, 0x92, 0x94, 0x92, 0x7B, 0xCF, 0x42, 0x28, 0x6A, 0x65, 0x6A, 0x65, 0x00, 0x00, 0x00, 0x00, 
0x00, 0x00, 0x00, 0x00, 0x00, 0x00, 0x4A, 0xA0, 0xFE, 0xCE, 0xFE, 0xCE, 0xFE, 0xCE, 0xFE, 0x47, 
0xFE, 0x47, 0xFE, 0x47, 0x8C, 0x20, 0xD4, 0xE0, 0xD4, 0xE0, 0x4A, 0xA0, 0xFA, 0x02, 0xFB, 0x0A, 
0xFB, 0x0A, 0xFB, 0x0A, 0xFB, 0x0A, 0xFB, 0x0A, 0xEF, 0x5D, 0xE1, 0x20, 0x58, 0x40, 0x94, 0x92, 
0x94, 0x92, 0x7B, 0xCF, 0x63, 0x0C, 0x42, 0x28, 0x6A, 0x65, 0x6A, 0x65, 0x00, 0x00, 0x00, 0x00, 
0x00, 0x00, 0x00, 0x00, 0x00, 0x00, 0x4A, 0xA0, 0xFE, 0xCE, 0xFE, 0xCE, 0xFE, 0xCE, 0xFE, 0x47, 
0xFE, 0x47, 0xFE, 0x47, 0xD4, 0xE0, 0x8C, 0x20, 0xD4, 0xE0, 0x4A, 0xA0, 0xFA, 0x02, 0xFB, 0x0A, 
0xFB, 0x0A, 0xFB, 0x0A, 0xFB, 0x0A, 0xFA, 0x02, 0xEF, 0x5D, 0xE1, 0x20, 0xE1, 0x20, 0x94, 0x92, 
0x7B, 0xCF, 0x7B, 0xCF, 0x63, 0x0C, 0x42, 0x28, 0x6A, 0x65, 0x6A, 0x65, 0x00, 0x00, 0x00, 0x00, 
0x00, 0x00, 0x00, 0x00, 0x00, 0x00, 0x4A, 0xA0, 0xFE, 0xCE, 0xFE, 0xCE, 0xFE, 0xCE, 0xFE, 0x47, 
0xFE, 0x47, 0xFE, 0x47, 0xD4, 0xE0, 0x8C, 0x20, 0xD4, 0xE0, 0x4A, 0xA0, 0xFA, 0x02, 0xFA, 0x02, 
0xFB, 0x0A, 0xFB, 0x0A, 0xFA, 0x02, 0xFA, 0x02, 0xEF, 0x5D, 0xE1, 0x20, 0xE1, 0x20, 0x7B, 0xCF, 
0x7B, 0xCF, 0x7B, 0xCF, 0x63, 0x0C, 0x42, 0x28, 0xE1, 0x20, 0x00, 0x00, 0x00, 0x00, 0x00, 0x00, 
0x00, 0x00, 0x00, 0x00, 0x00, 0x00, 0x4A, 0xA0, 0xFE, 0x47, 0xFE, 0xCE, 0xFE, 0xCE, 0xFE, 0x47, 
0xFE, 0x47, 0xFE, 0x47, 0xD4, 0xE0, 0x8C, 0x20, 0xD4, 0xE0, 0x4A, 0xA0, 0xFA, 0x02, 0xFA, 0x02, 
0xFA, 0x02, 0xFA, 0x02, 0xFA, 0x02, 0xFA, 0x02, 0xEF, 0x5D, 0xE1, 0x20, 0xE1, 0x20, 0x63, 0x0C, 
0x63, 0x0C, 0x63, 0x0C, 0x63, 0x0C, 0x42, 0x28, 0xE1, 0x20, 0x00, 0x00, 0x00, 0x00, 0x00, 0x00, 
0x00, 0x00, 0x00, 0x00, 0x00, 0x00, 0x4A, 0xA0, 0xFE, 0x47, 0xFE, 0x47, 0xFE, 0x47, 0xFE, 0x47, 
0xFE, 0x47, 0xFE, 0x47, 0xD4, 0xE0, 0x8C, 0x20, 0xD4, 0xE0, 0x4A, 0xA0, 0xE1, 0x20, 0xFA, 0x02, 
0xFA, 0x02, 0xFA, 0x02, 0xFA, 0x02, 0xFA, 0x02, 0xEF, 0x5D, 0xE1, 0x20, 0xE1, 0x20, 0x63, 0x0C, 
0x63, 0x0C, 0x63, 0x0C, 0x63, 0x0C, 0x42, 0x28, 0x8B, 0x69, 0x8B, 0x69, 0x00, 0x00, 0x00, 0x00, 
0x00, 0x00, 0x00, 0x00, 0x00, 0x00, 0x4A, 0xA0, 0x8C, 0x20, 0xFE, 0x47, 0xFE, 0x47, 0xFE, 0x47, 
0xFE, 0x47, 0xFE, 0x47, 0xD4, 0xE0, 0x8C, 0x20, 0x8C, 0x20, 0x4A, 0xA0, 0xE1, 0x20, 0xFA, 0x02, 
0xFA, 0x02, 0xFA, 0x02, 0xFA, 0x02, 0xFA, 0x02, 0xEF, 0x5D, 0xE1, 0x20, 0xE1, 0x20, 0xE1, 0x20, 
0x42, 0x28, 0x42, 0x28, 0x42, 0x28, 0x42, 0x28, 0x8B, 0x69, 0x8B, 0x69, 0x00, 0x00, 0x00, 0x00, 
0x00, 0x00, 0x00, 0x00, 0x00, 0x00, 0x4A, 0xA0, 0x8C, 0x20, 0x8C, 0x20, 0xFE, 0x47, 0xFE, 0x47, 
0xFE, 0x47, 0xFE, 0x47, 0xD4, 0xE0, 0xD4, 0xE0, 0x8C, 0x20, 0x4A, 0xA0, 0xE1, 0x20, 0xE1, 0x20, 
0xE1, 0x20, 0xE1, 0x20, 0xE1, 0x20, 0xE1, 0x20, 0xE1, 0x20, 0xE1, 0x20, 0x58, 0x40, 0xE1, 0x20, 
0x42, 0x28, 0x42, 0x28, 0x42, 0x28, 0x42, 0x28, 0x8B, 0x69, 0x6A, 0x65, 0x00, 0x00, 0x00, 0x00, 
0x00, 0x00, 0x00, 0x00, 0x4A, 0xA0, 0xFE, 0xCE, 0xFE, 0xCE, 0x8C, 0x20, 0x8C, 0x20, 0xFE, 0x47, 
0xFE, 0x47, 0xD4, 0xE0, 0xD4, 0xE0, 0xD4, 0xE0, 0x8C, 0x20, 0x4A, 0xA0, 0xE1, 0x20, 0x75, 0xC8, 
0xCF, 0x56, 0xCF, 0x56, 0xE1, 0x20, 0xE1, 0x20, 0xE1, 0x20, 0xE1, 0x20, 0x58, 0x40, 0xE1, 0x20, 
0xE1, 0x20, 0xE1, 0x20, 0xE1, 0x20, 0xE1, 0x20, 0x6A, 0x65, 0x6A, 0x65, 0x00, 0x00, 0x00, 0x00, 
0x00, 0x00, 0x00, 0x00, 0x4A, 0xA0, 0xFE, 0xCE, 0xFE, 0xCE, 0xFE, 0x47, 0x8C, 0x20, 0xD4, 0xE0, 
0xD4, 0xE0, 0xD4, 0xE0, 0xD4, 0xE0, 0xD4, 0xE0, 0x8C, 0x20, 0x4A, 0xA0, 0xE1, 0x20, 0x75, 0xC8, 
0x75, 0xC8, 0x75, 0xC8, 0xE1, 0x20, 0xE1, 0x20, 0xE1, 0x20, 0xE1, 0x20, 0x58, 0x40, 0x58, 0x40, 
0xE1, 0x20, 0xE1, 0x20, 0xE1, 0x20, 0xE1, 0x20, 0x6A, 0x65, 0x6A, 0x65, 0x00, 0x00, 0x00, 0x00, 
0x00, 0x00, 0x00, 0x00, 0x4A, 0xA0, 0xFE, 0x47, 0xFE, 0x47, 0xFE, 0x47, 0x8C, 0x20, 0x8C, 0x20, 
0xD4, 0xE0, 0xD4, 0xE0, 0xD4, 0xE0, 0xD4, 0xE0, 0x8C, 0x20, 0x4A, 0xA0, 0xE1, 0x20, 0xE1, 0x20, 
0xE1, 0x20, 0xE1, 0x20, 0xE1, 0x20, 0xFF, 0xFF, 0xEF, 0x5D, 0x58, 0x40, 0xE1, 0x20, 0xE1, 0x20, 
0x58, 0x40, 0xE1, 0x20, 0xE1, 0x20, 0x58, 0x40, 0x6A, 0x65, 0x6A, 0x65, 0x00, 0x00, 0x00, 0x00, 
0x00, 0x00, 0x00, 0x00, 0x4A, 0xA0, 0xFE, 0x47, 0xFE, 0x47, 0xFE, 0x47, 0xFE, 0x47, 0x8C, 0x20, 
0xD4, 0xE0, 0xD4, 0xE0, 0xD4, 0xE0, 0xD4, 0xE0, 0x8C, 0x20, 0x4A, 0xA0, 0xE1, 0x20, 0xE1, 0x20, 
0xE1, 0x20, 0xE1, 0x20, 0xE1, 0x20, 0xEF, 0x5D, 0xEF, 0x5D, 0x58, 0x40, 0xB0, 0xC0, 0xE1, 0x20, 
0xE1, 0x20, 0x58, 0x40, 0xE1, 0x20, 0xE1, 0x20, 0xE1, 0x20, 0x00, 0x00, 0x00, 0x00, 0x00, 0x00, 
0x00, 0x00, 0x4A, 0xA0, 0xFE, 0x47, 0xFE, 0x47, 0xFE, 0x47, 0xFE, 0x47, 0xD4, 0xE0, 0x8C, 0x20, 
0x8C, 0x20, 0xD4, 0xE0, 0xD4, 0xE0, 0xD4, 0xE0, 0x8C, 0x20, 0x4A, 0xA0, 0xB0, 0xC0, 0xE1, 0x20, 
0xE1, 0x20, 0xE1, 0x20, 0xE1, 0x20, 0xE1, 0x20, 0xE1, 0x20, 0x58, 0x40, 0xB0, 0xC0, 0xB0, 0xC0, 
0xFF, 0xFF, 0xEF, 0x5D, 0xB0, 0xC0, 0x58, 0x40, 0xE1, 0x20, 0x58, 0x40, 0x00, 0x00, 0x00, 0x00, 
0x00, 0x00, 0x4A, 0xA0, 0xFE, 0x47, 0xFE, 0x47, 0xD4, 0xE0, 0xD4, 0xE0, 0xD4, 0xE0, 0xD4, 0xE0, 
0x8C, 0x20, 0xD4, 0xE0, 0xD4, 0xE0, 0x8C, 0x20, 0x8C, 0x20, 0x4A, 0xA0, 0xB0, 0xC0, 0xB0, 0xC0, 
0xB0, 0xC0, 0xB0, 0xC0, 0xB0, 0xC0, 0xB0, 0xC0, 0xB0, 0xC0, 0x58, 0x40, 0xB0, 0xC0, 0xB0, 0xC0, 
0xEF, 0x5D, 0xEF, 0x5D, 0x58, 0x40, 0xFA, 0x02, 0xE1, 0x20, 0x58, 0x40, 0x00, 0x00, 0x00, 0x00, 
0x00, 0x00, 0x00, 0x00, 0x4A, 0xA0, 0xD4, 0xE0, 0xD4, 0xE0, 0xD4, 0xE0, 0xD4, 0xE0, 0xD4, 0xE0, 
0x8C, 0x20, 0x8C, 0x20, 0x8C, 0x20, 0x8C, 0x20, 0x8C, 0x20, 0x8C, 0x20, 0x4A, 0xA0, 0xB0, 0xC0, 
0xB0, 0xC0, 0xB0, 0xC0, 0xB0, 0xC0, 0xB0, 0xC0, 0x58, 0x40, 0x00, 0x00, 0x58, 0x40, 0xB0, 0xC0, 
0xB0, 0xC0, 0x58, 0x40, 0x58, 0x40, 0xE1, 0x20, 0xE1, 0x20, 0x58, 0x40, 0x00, 0x00, 0x00, 0x00, 
0x00, 0x00, 0x00, 0x00, 0x00, 0x00, 0x4A, 0xA0, 0x4A, 0xA0, 0x4A, 0xA0, 0x4A, 0xA0, 0x4A, 0xA0, 
0x4A, 0xA0, 0x8C, 0x20, 0x8C, 0x20, 0x8C, 0x20, 0x8C, 0x20, 0x8C, 0x20, 0x4A, 0xA0, 0x58, 0x40, 
0x58, 0x40, 0x58, 0x40, 0x58, 0x40, 0x58, 0x40, 0x00, 0x00, 0x00, 0x00, 0x00, 0x00, 0x58, 0x40, 
0x58, 0x40, 0x00, 0x00, 0x58, 0x40, 0xE1, 0x20, 0xE1, 0x20, 0x58, 0x40, 0x00, 0x00, 0x00, 0x00, 
0x00, 0x00, 0x00, 0x00, 0x00, 0x00, 0x00, 0x00, 0x00, 0x00, 0x00, 0x00, 0x00, 0x00, 0x00, 0x00, 
0x00, 0x00, 0x4A, 0xA0, 0x8C, 0x20, 0x8C, 0x20, 0x8C, 0x20, 0x8C, 0x20, 0x4A, 0xA0, 0x00, 0x00, 
0x00, 0x00, 0x00, 0x00, 0x00, 0x00, 0x00, 0x00, 0x00, 0x00, 0x00, 0x00, 0x00, 0x00, 0x00, 0x00, 
0x00, 0x00, 0x00, 0x00, 0x58, 0x40, 0xE1, 0x20, 0xB0, 0xC0, 0x58, 0x40, 0x00, 0x00, 0x00, 0x00, 
0x00, 0x00, 0x00, 0x00, 0x00, 0x00, 0x00, 0x00, 0x00, 0x00, 0x00, 0x00, 0x00, 0x00, 0x00, 0x00, 
0x00, 0x00, 0x00, 0x00, 0x4A, 0xA0, 0x4A, 0xA0, 0x4A, 0xA0, 0x4A, 0xA0, 0x00, 0x00, 0x00, 0x00, 
0x00, 0x00, 0x00, 0x00, 0x00, 0x00, 0x00, 0x00, 0x00, 0x00, 0x00, 0x00, 0x00, 0x00, 0x00, 0x00, 
0x00, 0x00, 0x00, 0x00, 0x00, 0x00, 0x58, 0x40, 0xB0, 0xC0, 0x58, 0x40, 0x00, 0x00, 0x00, 0x00, 
0x00, 0x00, 0x00, 0x00, 0x00, 0x00, 0x00, 0x00, 0x00, 0x00, 0x00, 0x00, 0x00, 0x00, 0x00, 0x00, 
0x00, 0x00, 0x00, 0x00, 0x00, 0x00, 0x00, 0x00, 0x00, 0x00, 0x00, 0x00, 0x00, 0x00, 0x00, 0x00, 
0x00, 0x00, 0x00, 0x00, 0x00, 0x00, 0x00, 0x00, 0x00, 0x00, 0x00, 0x00, 0x00, 0x00, 0x00, 0x00, 
0x00, 0x00, 0x00, 0x00, 0x00, 0x00, 0x00, 0x00, 0x58, 0x40, 0x00, 0x00, 0x00, 0x00, 0x00, 0x00, 
0x00, 0x00, 0x00, 0x00, 0x00, 0x00, 0x00, 0x00, 0x00, 0x00, 0x00, 0x00, 0x00, 0x00, 0x00, 0x00, 
0x00, 0x00, 0x00, 0x00, 0x00, 0x00, 0x00, 0x00, 0x00, 0x00, 0x00, 0x00, 0x00, 0x00, 0x00, 0x00, 
0x00, 0x00, 0x00, 0x00, 0x00, 0x00, 0x00, 0x00, 0x00, 0x00, 0x00, 0x00, 0x00, 0x00, 0x00, 0x00, 
0x00, 0x00, 0x00, 0x00, 0x00, 0x00, 0x00, 0x00, 0x00, 0x00, 0x00, 0x00, 0x00, 0x00, 0x00, 0x00
}
},
};

#endif
