#ifndef AQUATANBMP_H
#define AQUATANBMP_H

const unsigned char aqua_bmp [][4][2048] PROGMEM = 
{
{
{
0x00, 0x00, 0x00, 0x00, 0x00, 0x00, 0x00, 0x00, 0x00, 0x00, 0x00, 0x00, 0x00, 0x00, 0x00, 0x00, 
0x00, 0x00, 0x00, 0x00, 0x00, 0x00, 0x00, 0x00, 0x00, 0x00, 0x00, 0x00, 0x00, 0x00, 0x00, 0x00, 
0x00, 0x00, 0x00, 0x00, 0x00, 0x00, 0x00, 0x00, 0x00, 0x00, 0x00, 0x00, 0x00, 0x00, 0x00, 0x00, 
0x00, 0x00, 0x00, 0x00, 0x00, 0x00, 0x00, 0x00, 0x00, 0x00, 0x00, 0x00, 0x00, 0x00, 0x00, 0x00, 
0x00, 0x00, 0x00, 0x00, 0x00, 0x00, 0x00, 0x00, 0x00, 0x00, 0x00, 0x00, 0x00, 0x00, 0x00, 0x00, 
0x00, 0x00, 0x00, 0x00, 0x00, 0x00, 0x00, 0x00, 0x00, 0x00, 0x00, 0x00, 0x00, 0x00, 0x00, 0x00, 
0x00, 0x00, 0x00, 0x00, 0x00, 0x00, 0x00, 0x00, 0x00, 0x00, 0x00, 0x00, 0x00, 0x00, 0x00, 0x00, 
0x00, 0x00, 0x00, 0x00, 0x00, 0x00, 0x00, 0x00, 0x00, 0x00, 0x00, 0x00, 0x00, 0x00, 0x00, 0x00, 
0x00, 0x00, 0x00, 0x00, 0x00, 0x00, 0x00, 0x00, 0x00, 0x00, 0x00, 0x00, 0x00, 0x00, 0x00, 0x00, 
0x00, 0x00, 0x00, 0x00, 0x00, 0x00, 0x00, 0x00, 0x00, 0x00, 0x00, 0x00, 0x00, 0x00, 0x00, 0x00, 
0x00, 0x00, 0x00, 0x00, 0x00, 0x00, 0x00, 0x00, 0x00, 0x00, 0x00, 0x00, 0x00, 0x00, 0x00, 0x00, 
0x00, 0x00, 0x00, 0x00, 0x00, 0x00, 0x00, 0x00, 0x00, 0x00, 0x00, 0x00, 0x00, 0x00, 0x00, 0x00, 
0x00, 0x00, 0x00, 0x00, 0x00, 0x00, 0x00, 0x00, 0x00, 0x00, 0x00, 0x00, 0x00, 0x00, 0x00, 0x00, 
0x00, 0x00, 0x00, 0x00, 0x00, 0x00, 0x00, 0x00, 0x00, 0x00, 0x00, 0x00, 0x00, 0x00, 0x00, 0x00, 
0x00, 0x00, 0x00, 0x00, 0x00, 0x00, 0x00, 0x00, 0x00, 0x00, 0x00, 0x00, 0x00, 0x00, 0x00, 0x00, 
0x00, 0x00, 0x00, 0x00, 0x00, 0x00, 0x00, 0x00, 0x00, 0x00, 0x00, 0x00, 0x00, 0x00, 0x00, 0x00, 
0x00, 0x00, 0x00, 0x00, 0x00, 0x00, 0x00, 0x00, 0x00, 0x00, 0x00, 0x00, 0x00, 0x00, 0x00, 0x00, 
0x00, 0x00, 0x00, 0x00, 0x00, 0x00, 0x00, 0x00, 0x00, 0x00, 0x7A, 0x0C, 0x7A, 0x0C, 0x7A, 0x0C, 
0x7A, 0x0C, 0x7A, 0x0C, 0x7A, 0x0C, 0x00, 0x00, 0x00, 0x00, 0x00, 0x00, 0x00, 0x00, 0x7A, 0x0C, 
0x7A, 0x0C, 0x00, 0x00, 0x00, 0x00, 0x00, 0x00, 0x00, 0x00, 0x00, 0x00, 0x00, 0x00, 0x00, 0x00, 
0x00, 0x00, 0x00, 0x00, 0x00, 0x00, 0x00, 0x00, 0x00, 0x00, 0x00, 0x00, 0x00, 0x00, 0x01, 0x6F, 
0x01, 0x6F, 0x01, 0x6F, 0x01, 0x6F, 0x01, 0x6F, 0x7A, 0x0C, 0x92, 0x8F, 0x92, 0x8F, 0xAA, 0xF1, 
0xAA, 0xF1, 0xAA, 0xF1, 0xAA, 0xF1, 0x7A, 0x0C, 0x00, 0x00, 0x00, 0x00, 0x7A, 0x0C, 0xCB, 0x74, 
0xCB, 0x74, 0x7A, 0x0C, 0x00, 0x00, 0x00, 0x00, 0x00, 0x00, 0x00, 0x00, 0x00, 0x00, 0x00, 0x00, 
0x00, 0x00, 0x00, 0x00, 0x00, 0x00, 0x00, 0x00, 0x00, 0x00, 0x00, 0x00, 0x01, 0x6F, 0x75, 0x3F, 
0x75, 0x3F, 0x3C, 0x5F, 0x3C, 0x5F, 0x01, 0x6F, 0x92, 0x8F, 0x92, 0x8F, 0xCB, 0x74, 0xCB, 0x74, 
0xCB, 0x74, 0xCB, 0x74, 0xCB, 0x74, 0xCB, 0x74, 0x7A, 0x0C, 0x7A, 0x0C, 0xCB, 0x74, 0xEC, 0x18, 
0xFC, 0x70, 0xE1, 0x20, 0x7A, 0x0C, 0x00, 0x00, 0x00, 0x00, 0x00, 0x00, 0x00, 0x00, 0x00, 0x00, 
0x00, 0x00, 0x00, 0x00, 0x00, 0x00, 0x00, 0x00, 0x00, 0x00, 0x01, 0x6F, 0x75, 0x3F, 0x75, 0x3F, 
0x75, 0x3F, 0x3C, 0x5F, 0x3C, 0x5F, 0x01, 0x6F, 0x01, 0x6F, 0xCB, 0x74, 0xEC, 0x18, 0xEC, 0x18, 
0xEC, 0x18, 0xEC, 0x18, 0xEC, 0x18, 0xCB, 0x74, 0xCB, 0x74, 0x7A, 0x0C, 0xEC, 0x18, 0xFC, 0x9B, 
0xE1, 0x20, 0xE1, 0x20, 0xAA, 0xF1, 0x7A, 0x0C, 0x00, 0x00, 0x00, 0x00, 0x00, 0x00, 0x00, 0x00, 
0x00, 0x00, 0x00, 0x00, 0x00, 0x00, 0x00, 0x00, 0x01, 0x6F, 0x02, 0xBA, 0x3C, 0x5F, 0x75, 0x3F, 
0x75, 0x3F, 0x3C, 0x5F, 0x3C, 0x5F, 0x03, 0x1F, 0x01, 0x6F, 0xEC, 0x18, 0xFC, 0x9B, 0xFC, 0x9B, 
0xFC, 0x9B, 0xFC, 0x9B, 0xFC, 0x70, 0xE1, 0x20, 0xCB, 0x74, 0x7A, 0x0C, 0xFC, 0x9B, 0xFC, 0x9B, 
0xFC, 0x9B, 0xAA, 0xF1, 0xCB, 0x74, 0xCB, 0x74, 0x7A, 0x0C, 0x00, 0x00, 0x00, 0x00, 0x00, 0x00, 
0x00, 0x00, 0x00, 0x00, 0x00, 0x00, 0x01, 0x6F, 0x75, 0x3F, 0x02, 0xBA, 0x02, 0xBA, 0x3C, 0x5F, 
0x3C, 0x5F, 0x3C, 0x5F, 0x3C, 0x5F, 0x03, 0x1F, 0x01, 0x6F, 0xEC, 0x18, 0xFC, 0x9B, 0xFC, 0x9B, 
0xFC, 0x9B, 0xFC, 0x9B, 0xE1, 0x20, 0xE1, 0x20, 0xCB, 0x74, 0x7A, 0x0C, 0xFC, 0x9B, 0xFC, 0x9B, 
0xAA, 0xF1, 0xEC, 0x18, 0xEC, 0x18, 0xCB, 0x74, 0x8B, 0x69, 0x8B, 0x69, 0x00, 0x00, 0x00, 0x00, 
0x00, 0x00, 0x00, 0x00, 0x01, 0x6F, 0x75, 0x3F, 0x75, 0x3F, 0x75, 0x3F, 0x02, 0xBA, 0x02, 0xBA, 
0x3C, 0x5F, 0x3C, 0x5F, 0x03, 0x1F, 0x03, 0x1F, 0x01, 0x6F, 0xEC, 0x18, 0x3C, 0x5F, 0x3C, 0x5F, 
0x3C, 0x5F, 0x3C, 0x5F, 0xFC, 0x9B, 0xEC, 0x18, 0xEC, 0x18, 0xCB, 0x74, 0x7A, 0x0C, 0xAA, 0xF1, 
0xFC, 0x9B, 0xFC, 0x9B, 0xFC, 0x9B, 0xEC, 0x18, 0x8B, 0x69, 0x8B, 0x69, 0x00, 0x00, 0x00, 0x00, 
0x00, 0x00, 0x00, 0x00, 0x01, 0x6F, 0x75, 0x3F, 0x75, 0x3F, 0x75, 0x3F, 0x3C, 0x5F, 0x02, 0xBA, 
0x02, 0xBA, 0x3C, 0x5F, 0x03, 0x1F, 0x03, 0x1F, 0x01, 0x6F, 0xEC, 0x18, 0x3C, 0x5F, 0x07, 0xFF, 
0x07, 0xFF, 0x3C, 0x5F, 0xFC, 0x9B, 0xEC, 0x18, 0xEC, 0x18, 0xCB, 0x74, 0x7A, 0x0C, 0xFC, 0x9B, 
0xFC, 0x9B, 0xFC, 0x9B, 0xFC, 0x9B, 0xEC, 0x18, 0x8B, 0x69, 0x6A, 0x65, 0x00, 0x00, 0x00, 0x00, 
0x00, 0x00, 0x00, 0x00, 0x01, 0x6F, 0x75, 0x3F, 0x75, 0x3F, 0x75, 0x3F, 0x3C, 0x5F, 0x3C, 0x5F, 
0x02, 0xBA, 0x02, 0xBA, 0x03, 0x1F, 0x03, 0x1F, 0x01, 0x6F, 0xEC, 0x18, 0xFC, 0x9B, 0xFC, 0x9B, 
0xFC, 0x9B, 0xFC, 0x9B, 0xFC, 0x9B, 0xEC, 0x18, 0xEC, 0x18, 0xCB, 0x74, 0x7A, 0x0C, 0xFC, 0x9B, 
0xB6, 0xF1, 0xB6, 0xF1, 0x75, 0xC8, 0x4B, 0xC5, 0x6A, 0x65, 0x6A, 0x65, 0x00, 0x00, 0x00, 0x00, 
0x00, 0x00, 0x00, 0x00, 0x01, 0x6F, 0x75, 0x3F, 0x75, 0x3F, 0x75, 0x3F, 0x3C, 0x5F, 0x3C, 0x5F, 
0x3C, 0x5F, 0x02, 0xBA, 0x03, 0x1F, 0x03, 0x1F, 0x01, 0x6F, 0xEC, 0x18, 0xFC, 0x9B, 0xFC, 0x9B, 
0xFC, 0x9B, 0xFC, 0x9B, 0xFC, 0x9B, 0xE1, 0x20, 0xEC, 0x18, 0xCB, 0x74, 0x7A, 0x0C, 0xB6, 0xF1, 
0xB6, 0xF1, 0x75, 0xC8, 0x64, 0xE6, 0x4B, 0xC5, 0x6A, 0x65, 0x6A, 0x65, 0x00, 0x00, 0x00, 0x00, 
0x00, 0x00, 0x00, 0x00, 0x01, 0x6F, 0x75, 0x3F, 0x75, 0x3F, 0x75, 0x3F, 0x3C, 0x5F, 0x3C, 0x5F, 
0x3C, 0x5F, 0x03, 0x1F, 0x02, 0xBA, 0x03, 0x1F, 0x01, 0x6F, 0xEC, 0x18, 0xFC, 0x9B, 0xFC, 0x9B, 
0xFC, 0x9B, 0xFC, 0x9B, 0xEC, 0x18, 0xE1, 0x20, 0xEC, 0x18, 0xCB, 0x74, 0xAA, 0xF1, 0xB6, 0xF1, 
0x75, 0xC8, 0x75, 0xC8, 0x64, 0xE6, 0x4B, 0xC5, 0x6A, 0x65, 0x6A, 0x65, 0x00, 0x00, 0x00, 0x00, 
0x00, 0x00, 0x00, 0x00, 0x01, 0x6F, 0x75, 0x3F, 0x75, 0x3F, 0x75, 0x3F, 0x3C, 0x5F, 0x3C, 0x5F, 
0x3C, 0x5F, 0x03, 0x1F, 0x02, 0xBA, 0x03, 0x1F, 0x01, 0x6F, 0xEC, 0x18, 0xEC, 0x18, 0xFC, 0x9B, 
0xFC, 0x9B, 0xEC, 0x18, 0xEC, 0x18, 0xE1, 0x20, 0xEC, 0x18, 0xCB, 0x74, 0xAA, 0xF1, 0x75, 0xC8, 
0x75, 0xC8, 0x75, 0xC8, 0x64, 0xE6, 0x4B, 0xC5, 0xAA, 0xF1, 0x00, 0x00, 0x00, 0x00, 0x00, 0x00, 
0x00, 0x00, 0x00, 0x00, 0x01, 0x6F, 0x3C, 0x5F, 0x75, 0x3F, 0x75, 0x3F, 0x3C, 0x5F, 0x3C, 0x5F, 
0x3C, 0x5F, 0x03, 0x1F, 0x02, 0xBA, 0x03, 0x1F, 0x01, 0x6F, 0xEC, 0x18, 0xEC, 0x18, 0xEC, 0x18, 
0xEC, 0x18, 0xEC, 0x18, 0xEC, 0x18, 0xE1, 0x20, 0xEC, 0x18, 0xCB, 0x74, 0xAA, 0xF1, 0x64, 0xE6, 
0x64, 0xE6, 0x64, 0xE6, 0x64, 0xE6, 0x4B, 0xC5, 0xAA, 0xF1, 0x00, 0x00, 0x00, 0x00, 0x00, 0x00, 
0x00, 0x00, 0x00, 0x00, 0x01, 0x6F, 0x3C, 0x5F, 0x3C, 0x5F, 0x3C, 0x5F, 0x3C, 0x5F, 0x3C, 0x5F, 
0x3C, 0x5F, 0x03, 0x1F, 0x02, 0xBA, 0x03, 0x1F, 0x01, 0x6F, 0xCB, 0x74, 0xEC, 0x18, 0xEC, 0x18, 
0xEC, 0x18, 0xEC, 0x18, 0xEC, 0x18, 0xE1, 0x20, 0xEC, 0x18, 0xAA, 0xF1, 0xAA, 0xF1, 0x64, 0xE6, 
0x64, 0xE6, 0x64, 0xE6, 0x64, 0xE6, 0x4B, 0xC5, 0x8B, 0x69, 0x8B, 0x69, 0x00, 0x00, 0x00, 0x00, 
0x00, 0x00, 0x00, 0x00, 0x01, 0x6F, 0x02, 0xBA, 0x3C, 0x5F, 0x3C, 0x5F, 0x3C, 0x5F, 0x3C, 0x5F, 
0x3C, 0x5F, 0x03, 0x1F, 0x02, 0xBA, 0x02, 0xBA, 0x01, 0x6F, 0xCB, 0x74, 0xCB, 0x74, 0xEC, 0x18, 
0xEC, 0x18, 0xEC, 0x18, 0xEC, 0x18, 0xE1, 0x20, 0xCB, 0x74, 0xAA, 0xF1, 0xAA, 0xF1, 0xCB, 0x74, 
0x4B, 0xC5, 0x4B, 0xC5, 0x4B, 0xC5, 0x4B, 0xC5, 0x8B, 0x69, 0x8B, 0x69, 0x00, 0x00, 0x00, 0x00, 
0x00, 0x00, 0x00, 0x00, 0x01, 0x6F, 0x02, 0xBA, 0x02, 0xBA, 0x3C, 0x5F, 0x3C, 0x5F, 0x3C, 0x5F, 
0x3C, 0x5F, 0x03, 0x1F, 0x03, 0x1F, 0x02, 0xBA, 0x01, 0x6F, 0xCB, 0x74, 0xCB, 0x74, 0xCB, 0x74, 
0xCB, 0x74, 0xCB, 0x74, 0xCB, 0x74, 0xCB, 0x74, 0xCB, 0x74, 0xAA, 0xF1, 0x7A, 0x0C, 0xAA, 0xF1, 
0x4B, 0xC5, 0x4B, 0xC5, 0x4B, 0xC5, 0x4B, 0xC5, 0x8B, 0x69, 0x6A, 0x65, 0x00, 0x00, 0x00, 0x00, 
0x00, 0x00, 0x01, 0x6F, 0x75, 0x3F, 0x75, 0x3F, 0x02, 0xBA, 0x02, 0xBA, 0x3C, 0x5F, 0x3C, 0x5F, 
0x03, 0x1F, 0x03, 0x1F, 0x03, 0x1F, 0x02, 0xBA, 0x01, 0x6F, 0xCB, 0x74, 0x3C, 0x5F, 0x07, 0xFF, 
0x07, 0xFF, 0x3C, 0x5F, 0xCB, 0x74, 0xCB, 0x74, 0xCB, 0x74, 0xAA, 0xF1, 0x7A, 0x0C, 0xAA, 0xF1, 
0xCB, 0x74, 0xCB, 0x74, 0xCB, 0x74, 0xCB, 0x74, 0x6A, 0x65, 0x6A, 0x65, 0x00, 0x00, 0x00, 0x00, 
0x00, 0x00, 0x01, 0x6F, 0x75, 0x3F, 0x75, 0x3F, 0x3C, 0x5F, 0x02, 0xBA, 0x03, 0x1F, 0x03, 0x1F, 
0x03, 0x1F, 0x03, 0x1F, 0x03, 0x1F, 0x02, 0xBA, 0x01, 0x6F, 0xCB, 0x74, 0x3C, 0x5F, 0x3C, 0x5F, 
0x3C, 0x5F, 0x3C, 0x5F, 0xCB, 0x74, 0xCB, 0x74, 0xCB, 0x74, 0xAA, 0xF1, 0x7A, 0x0C, 0x7A, 0x0C, 
0xAA, 0xF1, 0xAA, 0xF1, 0xAA, 0xF1, 0xAA, 0xF1, 0x6A, 0x65, 0x6A, 0x65, 0x00, 0x00, 0x00, 0x00, 
0x00, 0x00, 0x01, 0x6F, 0x3C, 0x5F, 0x3C, 0x5F, 0x3C, 0x5F, 0x02, 0xBA, 0x02, 0xBA, 0x03, 0x1F, 
0x03, 0x1F, 0x03, 0x1F, 0x03, 0x1F, 0x02, 0xBA, 0x01, 0x6F, 0xAA, 0xF1, 0xCB, 0x74, 0xCB, 0x74, 
0xCB, 0x74, 0xCB, 0x74, 0xFC, 0x70, 0xE1, 0x20, 0xAA, 0xF1, 0x7A, 0x0C, 0xAA, 0xF1, 0xAA, 0xF1, 
0x7A, 0x0C, 0xAA, 0xF1, 0xAA, 0xF1, 0x7A, 0x0C, 0x6A, 0x65, 0x6A, 0x65, 0x00, 0x00, 0x00, 0x00, 
0x00, 0x00, 0x01, 0x6F, 0x3C, 0x5F, 0x3C, 0x5F, 0x3C, 0x5F, 0x3C, 0x5F, 0x02, 0xBA, 0x03, 0x1F, 
0x03, 0x1F, 0x03, 0x1F, 0x03, 0x1F, 0x02, 0xBA, 0x01, 0x6F, 0xAA, 0xF1, 0xAA, 0xF1, 0xAA, 0xF1, 
0xAA, 0xF1, 0xAA, 0xF1, 0xE1, 0x20, 0xE1, 0x20, 0xAA, 0xF1, 0x7A, 0x0C, 0x92, 0x8F, 0xAA, 0xF1, 
0xAA, 0xF1, 0x7A, 0x0C, 0xAA, 0xF1, 0xAA, 0xF1, 0xAA, 0xF1, 0x00, 0x00, 0x00, 0x00, 0x00, 0x00, 
0x01, 0x6F, 0x3C, 0x5F, 0x3C, 0x5F, 0x3C, 0x5F, 0x3C, 0x5F, 0x03, 0x1F, 0x02, 0xBA, 0x02, 0xBA, 
0x03, 0x1F, 0x03, 0x1F, 0x03, 0x1F, 0x02, 0xBA, 0x01, 0x6F, 0x92, 0x8F, 0xAA, 0xF1, 0xAA, 0xF1, 
0xAA, 0xF1, 0xAA, 0xF1, 0xAA, 0xF1, 0xAA, 0xF1, 0x92, 0x8F, 0x7A, 0x0C, 0x92, 0x8F, 0x92, 0x8F, 
0xFC, 0x70, 0xE1, 0x20, 0x92, 0x8F, 0x7A, 0x0C, 0xCB, 0x74, 0x7A, 0x0C, 0x00, 0x00, 0x00, 0x00, 
0x01, 0x6F, 0x3C, 0x5F, 0x3C, 0x5F, 0x03, 0x1F, 0x03, 0x1F, 0x03, 0x1F, 0x03, 0x1F, 0x02, 0xBA, 
0x03, 0x1F, 0x03, 0x1F, 0x02, 0xBA, 0x02, 0xBA, 0x01, 0x6F, 0x92, 0x8F, 0x92, 0x8F, 0x92, 0x8F, 
0x92, 0x8F, 0x92, 0x8F, 0x92, 0x8F, 0x92, 0x8F, 0x7A, 0x0C, 0x7A, 0x0C, 0x92, 0x8F, 0x92, 0x8F, 
0xE1, 0x20, 0xE1, 0x20, 0x7A, 0x0C, 0xEC, 0x18, 0xCB, 0x74, 0x7A, 0x0C, 0x00, 0x00, 0x00, 0x00, 
0x00, 0x00, 0x01, 0x6F, 0x03, 0x1F, 0x03, 0x1F, 0x03, 0x1F, 0x03, 0x1F, 0x03, 0x1F, 0x02, 0xBA, 
0x02, 0xBA, 0x02, 0xBA, 0x02, 0xBA, 0x02, 0xBA, 0x02, 0xBA, 0x01, 0x6F, 0x92, 0x8F, 0x92, 0x8F, 
0x92, 0x8F, 0x92, 0x8F, 0x92, 0x8F, 0x7A, 0x0C, 0x00, 0x00, 0x00, 0x00, 0x7A, 0x0C, 0x92, 0x8F, 
0x92, 0x8F, 0x7A, 0x0C, 0x7A, 0x0C, 0xCB, 0x74, 0xCB, 0x74, 0x7A, 0x0C, 0x00, 0x00, 0x00, 0x00, 
0x00, 0x00, 0x00, 0x00, 0x01, 0x6F, 0x01, 0x6F, 0x01, 0x6F, 0x01, 0x6F, 0x01, 0x6F, 0x01, 0x6F, 
0x02, 0xBA, 0x02, 0xBA, 0x02, 0xBA, 0x02, 0xBA, 0x02, 0xBA, 0x01, 0x6F, 0x7A, 0x0C, 0x7A, 0x0C, 
0x7A, 0x0C, 0x7A, 0x0C, 0x7A, 0x0C, 0x00, 0x00, 0x00, 0x00, 0x00, 0x00, 0x00, 0x00, 0x7A, 0x0C, 
0x7A, 0x0C, 0x00, 0x00, 0x7A, 0x0C, 0xAA, 0xF1, 0xAA, 0xF1, 0x7A, 0x0C, 0x00, 0x00, 0x00, 0x00, 
0x00, 0x00, 0x00, 0x00, 0x00, 0x00, 0x00, 0x00, 0x00, 0x00, 0x00, 0x00, 0x00, 0x00, 0x00, 0x00, 
0x01, 0x6F, 0x02, 0xBA, 0x02, 0xBA, 0x02, 0xBA, 0x02, 0xBA, 0x01, 0x6F, 0x00, 0x00, 0x00, 0x00, 
0x00, 0x00, 0x00, 0x00, 0x00, 0x00, 0x00, 0x00, 0x00, 0x00, 0x00, 0x00, 0x00, 0x00, 0x00, 0x00, 
0x00, 0x00, 0x00, 0x00, 0x7A, 0x0C, 0xAA, 0xF1, 0x92, 0x8F, 0x7A, 0x0C, 0x00, 0x00, 0x00, 0x00, 
0x00, 0x00, 0x00, 0x00, 0x00, 0x00, 0x00, 0x00, 0x00, 0x00, 0x00, 0x00, 0x00, 0x00, 0x00, 0x00, 
0x00, 0x00, 0x01, 0x6F, 0x01, 0x6F, 0x01, 0x6F, 0x01, 0x6F, 0x00, 0x00, 0x00, 0x00, 0x00, 0x00, 
0x00, 0x00, 0x00, 0x00, 0x00, 0x00, 0x00, 0x00, 0x00, 0x00, 0x00, 0x00, 0x00, 0x00, 0x00, 0x00, 
0x00, 0x00, 0x00, 0x00, 0x00, 0x00, 0x7A, 0x0C, 0x92, 0x8F, 0x7A, 0x0C, 0x00, 0x00, 0x00, 0x00, 
0x00, 0x00, 0x00, 0x00, 0x00, 0x00, 0x00, 0x00, 0x00, 0x00, 0x00, 0x00, 0x00, 0x00, 0x00, 0x00, 
0x00, 0x00, 0x00, 0x00, 0x00, 0x00, 0x00, 0x00, 0x00, 0x00, 0x00, 0x00, 0x00, 0x00, 0x00, 0x00, 
0x00, 0x00, 0x00, 0x00, 0x00, 0x00, 0x00, 0x00, 0x00, 0x00, 0x00, 0x00, 0x00, 0x00, 0x00, 0x00, 
0x00, 0x00, 0x00, 0x00, 0x00, 0x00, 0x00, 0x00, 0x7A, 0x0C, 0x00, 0x00, 0x00, 0x00, 0x00, 0x00, 
0x00, 0x00, 0x00, 0x00, 0x00, 0x00, 0x00, 0x00, 0x00, 0x00, 0x00, 0x00, 0x00, 0x00, 0x00, 0x00, 
0x00, 0x00, 0x00, 0x00, 0x00, 0x00, 0x00, 0x00, 0x00, 0x00, 0x00, 0x00, 0x00, 0x00, 0x00, 0x00, 
0x00, 0x00, 0x00, 0x00, 0x00, 0x00, 0x00, 0x00, 0x00, 0x00, 0x00, 0x00, 0x00, 0x00, 0x00, 0x00, 
0x00, 0x00, 0x00, 0x00, 0x00, 0x00, 0x00, 0x00, 0x00, 0x00, 0x00, 0x00, 0x00, 0x00, 0x00, 0x00
}
,
{
0x00, 0x00, 0x00, 0x00, 0x00, 0x00, 0x00, 0x00, 0x00, 0x00, 0x00, 0x00, 0x00, 0x00, 0x00, 0x00, 
0x00, 0x00, 0x00, 0x00, 0x00, 0x00, 0x00, 0x00, 0x00, 0x00, 0x00, 0x00, 0x00, 0x00, 0x00, 0x00, 
0x00, 0x00, 0x00, 0x00, 0x00, 0x00, 0x00, 0x00, 0x00, 0x00, 0x00, 0x00, 0x00, 0x00, 0x00, 0x00, 
0x00, 0x00, 0x00, 0x00, 0x00, 0x00, 0x00, 0x00, 0x00, 0x00, 0x00, 0x00, 0x00, 0x00, 0x00, 0x00, 
0x00, 0x00, 0x00, 0x00, 0x00, 0x00, 0x00, 0x00, 0x00, 0x00, 0x00, 0x00, 0x00, 0x00, 0x00, 0x00, 
0x00, 0x00, 0x00, 0x00, 0x00, 0x00, 0x00, 0x00, 0x00, 0x00, 0x00, 0x00, 0x00, 0x00, 0x00, 0x00, 
0x00, 0x00, 0x00, 0x00, 0x00, 0x00, 0x00, 0x00, 0x00, 0x00, 0x00, 0x00, 0x00, 0x00, 0x00, 0x00, 
0x00, 0x00, 0x00, 0x00, 0x00, 0x00, 0x00, 0x00, 0x00, 0x00, 0x00, 0x00, 0x00, 0x00, 0x00, 0x00, 
0x00, 0x00, 0x00, 0x00, 0x00, 0x00, 0x00, 0x00, 0x00, 0x00, 0x00, 0x00, 0x00, 0x00, 0x00, 0x00, 
0x00, 0x00, 0x00, 0x00, 0x00, 0x00, 0x00, 0x00, 0x00, 0x00, 0x00, 0x00, 0x00, 0x00, 0x00, 0x00, 
0x00, 0x00, 0x00, 0x00, 0x00, 0x00, 0x00, 0x00, 0x00, 0x00, 0x00, 0x00, 0x00, 0x00, 0x00, 0x00, 
0x00, 0x00, 0x00, 0x00, 0x00, 0x00, 0x00, 0x00, 0x00, 0x00, 0x00, 0x00, 0x00, 0x00, 0x00, 0x00, 
0x00, 0x00, 0x00, 0x00, 0x00, 0x00, 0x00, 0x00, 0x00, 0x00, 0x00, 0x00, 0x00, 0x00, 0x00, 0x00, 
0x00, 0x00, 0x00, 0x00, 0x00, 0x00, 0x00, 0x00, 0x00, 0x00, 0x00, 0x00, 0x00, 0x00, 0x00, 0x00, 
0x00, 0x00, 0x00, 0x00, 0x00, 0x00, 0x00, 0x00, 0x00, 0x00, 0x00, 0x00, 0x00, 0x00, 0x00, 0x00, 
0x00, 0x00, 0x00, 0x00, 0x00, 0x00, 0x00, 0x00, 0x00, 0x00, 0x00, 0x00, 0x00, 0x00, 0x00, 0x00, 
0x00, 0x00, 0x00, 0x00, 0x00, 0x00, 0x00, 0x00, 0x00, 0x00, 0x00, 0x00, 0x00, 0x00, 0x00, 0x00, 
0x00, 0x00, 0x00, 0x00, 0x00, 0x00, 0x00, 0x00, 0x00, 0x00, 0x00, 0x00, 0x7A, 0x0C, 0x7A, 0x0C, 
0x7A, 0x0C, 0x7A, 0x0C, 0x7A, 0x0C, 0x7A, 0x0C, 0x00, 0x00, 0x00, 0x00, 0x00, 0x00, 0x00, 0x00, 
0x00, 0x00, 0x00, 0x00, 0x00, 0x00, 0x00, 0x00, 0x00, 0x00, 0x00, 0x00, 0x00, 0x00, 0x00, 0x00, 
0x00, 0x00, 0x00, 0x00, 0x00, 0x00, 0x00, 0x00, 0x00, 0x00, 0x00, 0x00, 0x00, 0x00, 0x00, 0x00, 
0x01, 0x6F, 0x01, 0x6F, 0x01, 0x6F, 0x01, 0x6F, 0x01, 0x6F, 0x7A, 0x0C, 0x92, 0x8F, 0x92, 0x8F, 
0xAA, 0xF1, 0xAA, 0xF1, 0xAA, 0xF1, 0xAA, 0xF1, 0x7A, 0x0C, 0x00, 0x00, 0x00, 0x00, 0x00, 0x00, 
0x00, 0x00, 0x00, 0x00, 0x00, 0x00, 0x00, 0x00, 0x00, 0x00, 0x00, 0x00, 0x00, 0x00, 0x00, 0x00, 
0x00, 0x00, 0x00, 0x00, 0x00, 0x00, 0x00, 0x00, 0x00, 0x00, 0x00, 0x00, 0x00, 0x00, 0x01, 0x6F, 
0x75, 0x3F, 0x75, 0x3F, 0x3C, 0x5F, 0x3C, 0x5F, 0x01, 0x6F, 0x92, 0x8F, 0x92, 0x8F, 0xCB, 0x74, 
0xCB, 0x74, 0xCB, 0x74, 0xCB, 0x74, 0xCB, 0x74, 0xCB, 0x74, 0x7A, 0x0C, 0x7A, 0x0C, 0x00, 0x00, 
0x7A, 0x0C, 0x7A, 0x0C, 0x7A, 0x0C, 0x7A, 0x0C, 0x00, 0x00, 0x00, 0x00, 0x00, 0x00, 0x00, 0x00, 
0x00, 0x00, 0x00, 0x00, 0x00, 0x00, 0x00, 0x00, 0x00, 0x00, 0x00, 0x00, 0x01, 0x6F, 0x75, 0x3F, 
0x75, 0x3F, 0x75, 0x3F, 0x3C, 0x5F, 0x3C, 0x5F, 0x01, 0x6F, 0x01, 0x6F, 0xCB, 0x74, 0xEC, 0x18, 
0xEC, 0x18, 0xEC, 0x18, 0xEC, 0x18, 0xEC, 0x18, 0xCB, 0x74, 0xCB, 0x74, 0x7A, 0x0C, 0x7A, 0x0C, 
0xFC, 0x9B, 0xFC, 0x9B, 0xFC, 0x9B, 0xAA, 0xF1, 0x7A, 0x0C, 0x00, 0x00, 0x00, 0x00, 0x00, 0x00, 
0x00, 0x00, 0x00, 0x00, 0x00, 0x00, 0x00, 0x00, 0x00, 0x00, 0x01, 0x6F, 0x02, 0xBA, 0x3C, 0x5F, 
0x75, 0x3F, 0x75, 0x3F, 0x3C, 0x5F, 0x3C, 0x5F, 0x03, 0x1F, 0x01, 0x6F, 0xEC, 0x18, 0xFC, 0x9B, 
0xFC, 0x9B, 0xFC, 0x9B, 0xFC, 0x9B, 0xFC, 0x70, 0xE1, 0x20, 0xCB, 0x74, 0x7A, 0x0C, 0xFC, 0x9B, 
0xFC, 0x9B, 0xFC, 0x9B, 0xFC, 0x70, 0xE1, 0x20, 0xCB, 0x74, 0x7A, 0x0C, 0x00, 0x00, 0x00, 0x00, 
0x00, 0x00, 0x00, 0x00, 0x00, 0x00, 0x00, 0x00, 0x01, 0x6F, 0x75, 0x3F, 0x02, 0xBA, 0x02, 0xBA, 
0x3C, 0x5F, 0x3C, 0x5F, 0x3C, 0x5F, 0x3C, 0x5F, 0x03, 0x1F, 0x01, 0x6F, 0xEC, 0x18, 0xFC, 0x9B, 
0xFC, 0x9B, 0xFC, 0x9B, 0xFC, 0x9B, 0xE1, 0x20, 0xE1, 0x20, 0xCB, 0x74, 0x7A, 0x0C, 0xFC, 0x9B, 
0xFC, 0x9B, 0xFC, 0x9B, 0xE1, 0x20, 0xE1, 0x20, 0xCB, 0x74, 0x8B, 0x69, 0x8B, 0x69, 0x00, 0x00, 
0x00, 0x00, 0x00, 0x00, 0x00, 0x00, 0x01, 0x6F, 0x75, 0x3F, 0x75, 0x3F, 0x75, 0x3F, 0x02, 0xBA, 
0x02, 0xBA, 0x3C, 0x5F, 0x3C, 0x5F, 0x03, 0x1F, 0x03, 0x1F, 0x01, 0x6F, 0xEC, 0x18, 0x3C, 0x5F, 
0x3C, 0x5F, 0x3C, 0x5F, 0x3C, 0x5F, 0xFC, 0x9B, 0xEC, 0x18, 0xEC, 0x18, 0xCB, 0x74, 0x7A, 0x0C, 
0xAA, 0xF1, 0xAA, 0xF1, 0xFC, 0x9B, 0xFC, 0x9B, 0xEC, 0x18, 0x8B, 0x69, 0x8B, 0x69, 0x00, 0x00, 
0x00, 0x00, 0x00, 0x00, 0x00, 0x00, 0x01, 0x6F, 0x75, 0x3F, 0x75, 0x3F, 0x75, 0x3F, 0x3C, 0x5F, 
0x02, 0xBA, 0x02, 0xBA, 0x3C, 0x5F, 0x03, 0x1F, 0x03, 0x1F, 0x01, 0x6F, 0xEC, 0x18, 0x3C, 0x5F, 
0x07, 0xFF, 0x07, 0xFF, 0x3C, 0x5F, 0xFC, 0x9B, 0xEC, 0x18, 0xEC, 0x18, 0xCB, 0x74, 0x7A, 0x0C, 
0xFC, 0x9B, 0xFC, 0x9B, 0xFC, 0x9B, 0xFC, 0x9B, 0xEC, 0x18, 0x8B, 0x69, 0x6A, 0x65, 0x00, 0x00, 
0x00, 0x00, 0x00, 0x00, 0x00, 0x00, 0x01, 0x6F, 0x75, 0x3F, 0x75, 0x3F, 0x75, 0x3F, 0x3C, 0x5F, 
0x3C, 0x5F, 0x02, 0xBA, 0x02, 0xBA, 0x03, 0x1F, 0x03, 0x1F, 0x01, 0x6F, 0xEC, 0x18, 0xFC, 0x9B, 
0xFC, 0x9B, 0xFC, 0x9B, 0xFC, 0x9B, 0xFC, 0x9B, 0xEC, 0x18, 0xEC, 0x18, 0xCB, 0x74, 0x7A, 0x0C, 
0xFC, 0x9B, 0xB6, 0xF1, 0xB6, 0xF1, 0x75, 0xC8, 0x4B, 0xC5, 0x6A, 0x65, 0x6A, 0x65, 0x00, 0x00, 
0x00, 0x00, 0x00, 0x00, 0x00, 0x00, 0x01, 0x6F, 0x75, 0x3F, 0x75, 0x3F, 0x75, 0x3F, 0x3C, 0x5F, 
0x3C, 0x5F, 0x3C, 0x5F, 0x02, 0xBA, 0x03, 0x1F, 0x03, 0x1F, 0x01, 0x6F, 0xEC, 0x18, 0xFC, 0x9B, 
0xFC, 0x9B, 0xFC, 0x9B, 0xFC, 0x9B, 0xFC, 0x9B, 0xE1, 0x20, 0xEC, 0x18, 0xCB, 0x74, 0x7A, 0x0C, 
0xB6, 0xF1, 0xB6, 0xF1, 0x75, 0xC8, 0x64, 0xE6, 0x4B, 0xC5, 0x6A, 0x65, 0x6A, 0x65, 0x00, 0x00, 
0x00, 0x00, 0x00, 0x00, 0x00, 0x00, 0x01, 0x6F, 0x75, 0x3F, 0x75, 0x3F, 0x75, 0x3F, 0x3C, 0x5F, 
0x3C, 0x5F, 0x3C, 0x5F, 0x03, 0x1F, 0x02, 0xBA, 0x03, 0x1F, 0x01, 0x6F, 0xEC, 0x18, 0xFC, 0x9B, 
0xFC, 0x9B, 0xFC, 0x9B, 0xFC, 0x9B, 0xEC, 0x18, 0xE1, 0x20, 0xEC, 0x18, 0xCB, 0x74, 0xAA, 0xF1, 
0xB6, 0xF1, 0x75, 0xC8, 0x75, 0xC8, 0x64, 0xE6, 0x4B, 0xC5, 0x6A, 0x65, 0x6A, 0x65, 0x00, 0x00, 
0x00, 0x00, 0x00, 0x00, 0x00, 0x00, 0x01, 0x6F, 0x75, 0x3F, 0x75, 0x3F, 0x75, 0x3F, 0x3C, 0x5F, 
0x3C, 0x5F, 0x3C, 0x5F, 0x03, 0x1F, 0x02, 0xBA, 0x03, 0x1F, 0x01, 0x6F, 0xEC, 0x18, 0xEC, 0x18, 
0xFC, 0x9B, 0xFC, 0x9B, 0xEC, 0x18, 0xEC, 0x18, 0xE1, 0x20, 0xEC, 0x18, 0xCB, 0x74, 0xAA, 0xF1, 
0x75, 0xC8, 0x75, 0xC8, 0x75, 0xC8, 0x64, 0xE6, 0x4B, 0xC5, 0xAA, 0xF1, 0x00, 0x00, 0x00, 0x00, 
0x00, 0x00, 0x00, 0x00, 0x00, 0x00, 0x01, 0x6F, 0x3C, 0x5F, 0x75, 0x3F, 0x75, 0x3F, 0x3C, 0x5F, 
0x3C, 0x5F, 0x3C, 0x5F, 0x03, 0x1F, 0x02, 0xBA, 0x03, 0x1F, 0x01, 0x6F, 0xEC, 0x18, 0xEC, 0x18, 
0xEC, 0x18, 0xEC, 0x18, 0xEC, 0x18, 0xEC, 0x18, 0xE1, 0x20, 0xEC, 0x18, 0xCB, 0x74, 0xAA, 0xF1, 
0x64, 0xE6, 0x64, 0xE6, 0x64, 0xE6, 0x64, 0xE6, 0x4B, 0xC5, 0xAA, 0xF1, 0x00, 0x00, 0x00, 0x00, 
0x00, 0x00, 0x00, 0x00, 0x00, 0x00, 0x01, 0x6F, 0x3C, 0x5F, 0x3C, 0x5F, 0x3C, 0x5F, 0x3C, 0x5F, 
0x3C, 0x5F, 0x3C, 0x5F, 0x03, 0x1F, 0x02, 0xBA, 0x03, 0x1F, 0x01, 0x6F, 0xCB, 0x74, 0xEC, 0x18, 
0xEC, 0x18, 0xEC, 0x18, 0xEC, 0x18, 0xEC, 0x18, 0xE1, 0x20, 0xEC, 0x18, 0xAA, 0xF1, 0xAA, 0xF1, 
0x64, 0xE6, 0x64, 0xE6, 0x64, 0xE6, 0x64, 0xE6, 0x4B, 0xC5, 0xCB, 0x74, 0x8B, 0x69, 0x8B, 0x69, 
0x00, 0x00, 0x00, 0x00, 0x00, 0x00, 0x01, 0x6F, 0x02, 0xBA, 0x3C, 0x5F, 0x3C, 0x5F, 0x3C, 0x5F, 
0x3C, 0x5F, 0x3C, 0x5F, 0x03, 0x1F, 0x02, 0xBA, 0x02, 0xBA, 0x01, 0x6F, 0xCB, 0x74, 0xCB, 0x74, 
0xEC, 0x18, 0xEC, 0x18, 0xEC, 0x18, 0xEC, 0x18, 0xE1, 0x20, 0xCB, 0x74, 0xAA, 0xF1, 0xAA, 0xF1, 
0xCB, 0x74, 0x4B, 0xC5, 0x4B, 0xC5, 0x4B, 0xC5, 0x4B, 0xC5, 0xCB, 0x74, 0x8B, 0x69, 0x8B, 0x69, 
0x00, 0x00, 0x00, 0x00, 0x00, 0x00, 0x01, 0x6F, 0x02, 0xBA, 0x02, 0xBA, 0x3C, 0x5F, 0x3C, 0x5F, 
0x3C, 0x5F, 0x3C, 0x5F, 0x03, 0x1F, 0x03, 0x1F, 0x02, 0xBA, 0x01, 0x6F, 0xCB, 0x74, 0xCB, 0x74, 
0xCB, 0x74, 0xCB, 0x74, 0xCB, 0x74, 0xCB, 0x74, 0xCB, 0x74, 0xCB, 0x74, 0xAA, 0xF1, 0x7A, 0x0C, 
0xAA, 0xF1, 0x4B, 0xC5, 0x4B, 0xC5, 0x4B, 0xC5, 0x4B, 0xC5, 0xCB, 0x74, 0x8B, 0x69, 0x6A, 0x65, 
0x00, 0x00, 0x00, 0x00, 0x01, 0x6F, 0x75, 0x3F, 0x75, 0x3F, 0x02, 0xBA, 0x02, 0xBA, 0x3C, 0x5F, 
0x3C, 0x5F, 0x03, 0x1F, 0x03, 0x1F, 0x03, 0x1F, 0x02, 0xBA, 0x01, 0x6F, 0xCB, 0x74, 0x3C, 0x5F, 
0x07, 0xFF, 0x07, 0xFF, 0x3C, 0x5F, 0xCB, 0x74, 0xCB, 0x74, 0xCB, 0x74, 0xAA, 0xF1, 0x7A, 0x0C, 
0xAA, 0xF1, 0xCB, 0x74, 0xCB, 0x74, 0xCB, 0x74, 0xCB, 0x74, 0xCB, 0x74, 0x6A, 0x65, 0x6A, 0x65, 
0x00, 0x00, 0x00, 0x00, 0x01, 0x6F, 0x75, 0x3F, 0x75, 0x3F, 0x3C, 0x5F, 0x02, 0xBA, 0x03, 0x1F, 
0x03, 0x1F, 0x03, 0x1F, 0x03, 0x1F, 0x03, 0x1F, 0x02, 0xBA, 0x01, 0x6F, 0xCB, 0x74, 0x3C, 0x5F, 
0x3C, 0x5F, 0x3C, 0x5F, 0x3C, 0x5F, 0xCB, 0x74, 0xCB, 0x74, 0xCB, 0x74, 0xAA, 0xF1, 0x7A, 0x0C, 
0xAA, 0xF1, 0xAA, 0xF1, 0xAA, 0xF1, 0xAA, 0xF1, 0xAA, 0xF1, 0xAA, 0xF1, 0x6A, 0x65, 0x6A, 0x65, 
0x00, 0x00, 0x00, 0x00, 0x01, 0x6F, 0x3C, 0x5F, 0x3C, 0x5F, 0x3C, 0x5F, 0x02, 0xBA, 0x02, 0xBA, 
0x03, 0x1F, 0x03, 0x1F, 0x03, 0x1F, 0x03, 0x1F, 0x02, 0xBA, 0x01, 0x6F, 0xAA, 0xF1, 0xCB, 0x74, 
0xCB, 0x74, 0xCB, 0x74, 0xCB, 0x74, 0xFC, 0x70, 0xE1, 0x20, 0xAA, 0xF1, 0x7A, 0x0C, 0xAA, 0xF1, 
0x7A, 0x0C, 0xAA, 0xF1, 0xAA, 0xF1, 0xAA, 0xF1, 0xAA, 0xF1, 0xAA, 0xF1, 0x6A, 0x65, 0x6A, 0x65, 
0x00, 0x00, 0x00, 0x00, 0x01, 0x6F, 0x3C, 0x5F, 0x3C, 0x5F, 0x3C, 0x5F, 0x3C, 0x5F, 0x02, 0xBA, 
0x03, 0x1F, 0x03, 0x1F, 0x03, 0x1F, 0x03, 0x1F, 0x02, 0xBA, 0x01, 0x6F, 0xAA, 0xF1, 0xAA, 0xF1, 
0xAA, 0xF1, 0xAA, 0xF1, 0xAA, 0xF1, 0xE1, 0x20, 0xE1, 0x20, 0xAA, 0xF1, 0x7A, 0x0C, 0x92, 0x8F, 
0xAA, 0xF1, 0x7A, 0x0C, 0xAA, 0xF1, 0xAA, 0xF1, 0xAA, 0xF1, 0x7A, 0x0C, 0x00, 0x00, 0x00, 0x00, 
0x00, 0x00, 0x01, 0x6F, 0x3C, 0x5F, 0x3C, 0x5F, 0x3C, 0x5F, 0x3C, 0x5F, 0x03, 0x1F, 0x02, 0xBA, 
0x02, 0xBA, 0x03, 0x1F, 0x03, 0x1F, 0x03, 0x1F, 0x02, 0xBA, 0x01, 0x6F, 0x92, 0x8F, 0xAA, 0xF1, 
0xAA, 0xF1, 0xAA, 0xF1, 0xAA, 0xF1, 0xAA, 0xF1, 0xAA, 0xF1, 0x92, 0x8F, 0x7A, 0x0C, 0x92, 0x8F, 
0xFC, 0x70, 0xE1, 0x20, 0xAA, 0xF1, 0x92, 0x8F, 0x7A, 0x0C, 0xCB, 0x74, 0x7A, 0x0C, 0x00, 0x00, 
0x00, 0x00, 0x01, 0x6F, 0x3C, 0x5F, 0x3C, 0x5F, 0x03, 0x1F, 0x03, 0x1F, 0x03, 0x1F, 0x03, 0x1F, 
0x02, 0xBA, 0x03, 0x1F, 0x03, 0x1F, 0x02, 0xBA, 0x02, 0xBA, 0x01, 0x6F, 0x92, 0x8F, 0x92, 0x8F, 
0x92, 0x8F, 0x92, 0x8F, 0x92, 0x8F, 0x92, 0x8F, 0x92, 0x8F, 0x7A, 0x0C, 0x7A, 0x0C, 0x92, 0x8F, 
0xE1, 0x20, 0xE1, 0x20, 0xAA, 0xF1, 0x7A, 0x0C, 0xEC, 0x18, 0xCB, 0x74, 0x7A, 0x0C, 0x00, 0x00, 
0x00, 0x00, 0x00, 0x00, 0x01, 0x6F, 0x03, 0x1F, 0x03, 0x1F, 0x03, 0x1F, 0x03, 0x1F, 0x03, 0x1F, 
0x02, 0xBA, 0x02, 0xBA, 0x02, 0xBA, 0x02, 0xBA, 0x02, 0xBA, 0x02, 0xBA, 0x01, 0x6F, 0x92, 0x8F, 
0x92, 0x8F, 0x92, 0x8F, 0x92, 0x8F, 0x92, 0x8F, 0x7A, 0x0C, 0x00, 0x00, 0x00, 0x00, 0x7A, 0x0C, 
0x92, 0x8F, 0x92, 0x8F, 0x7A, 0x0C, 0x7A, 0x0C, 0xCB, 0x74, 0xCB, 0x74, 0xAA, 0xF1, 0x00, 0x00, 
0x00, 0x00, 0x00, 0x00, 0x00, 0x00, 0x01, 0x6F, 0x01, 0x6F, 0x01, 0x6F, 0x01, 0x6F, 0x01, 0x6F, 
0x01, 0x6F, 0x02, 0xBA, 0x02, 0xBA, 0x02, 0xBA, 0x02, 0xBA, 0x02, 0xBA, 0x01, 0x6F, 0x7A, 0x0C, 
0x7A, 0x0C, 0x7A, 0x0C, 0x7A, 0x0C, 0x7A, 0x0C, 0x00, 0x00, 0x00, 0x00, 0x00, 0x00, 0x00, 0x00, 
0x7A, 0x0C, 0x7A, 0x0C, 0x00, 0x00, 0x7A, 0x0C, 0xAA, 0xF1, 0xAA, 0xF1, 0xAA, 0xF1, 0x00, 0x00, 
0x00, 0x00, 0x00, 0x00, 0x00, 0x00, 0x00, 0x00, 0x00, 0x00, 0x00, 0x00, 0x00, 0x00, 0x00, 0x00, 
0x00, 0x00, 0x01, 0x6F, 0x02, 0xBA, 0x02, 0xBA, 0x02, 0xBA, 0x02, 0xBA, 0x01, 0x6F, 0x00, 0x00, 
0x00, 0x00, 0x00, 0x00, 0x00, 0x00, 0x00, 0x00, 0x00, 0x00, 0x00, 0x00, 0x00, 0x00, 0x00, 0x00, 
0x00, 0x00, 0x00, 0x00, 0x7A, 0x0C, 0xAA, 0xF1, 0xAA, 0xF1, 0x7A, 0x0C, 0x00, 0x00, 0x00, 0x00, 
0x00, 0x00, 0x00, 0x00, 0x00, 0x00, 0x00, 0x00, 0x00, 0x00, 0x00, 0x00, 0x00, 0x00, 0x00, 0x00, 
0x00, 0x00, 0x00, 0x00, 0x01, 0x6F, 0x01, 0x6F, 0x01, 0x6F, 0x01, 0x6F, 0x00, 0x00, 0x00, 0x00, 
0x00, 0x00, 0x00, 0x00, 0x00, 0x00, 0x00, 0x00, 0x00, 0x00, 0x00, 0x00, 0x00, 0x00, 0x00, 0x00, 
0x00, 0x00, 0x00, 0x00, 0x7A, 0x0C, 0xAA, 0xF1, 0x7A, 0x0C, 0x00, 0x00, 0x00, 0x00, 0x00, 0x00, 
0x00, 0x00, 0x00, 0x00, 0x00, 0x00, 0x00, 0x00, 0x00, 0x00, 0x00, 0x00, 0x00, 0x00, 0x00, 0x00, 
0x00, 0x00, 0x00, 0x00, 0x00, 0x00, 0x00, 0x00, 0x00, 0x00, 0x00, 0x00, 0x00, 0x00, 0x00, 0x00, 
0x00, 0x00, 0x00, 0x00, 0x00, 0x00, 0x00, 0x00, 0x00, 0x00, 0x00, 0x00, 0x00, 0x00, 0x00, 0x00, 
0x00, 0x00, 0x00, 0x00, 0x00, 0x00, 0x7A, 0x0C, 0x00, 0x00, 0x00, 0x00, 0x00, 0x00, 0x00, 0x00, 
0x00, 0x00, 0x00, 0x00, 0x00, 0x00, 0x00, 0x00, 0x00, 0x00, 0x00, 0x00, 0x00, 0x00, 0x00, 0x00, 
0x00, 0x00, 0x00, 0x00, 0x00, 0x00, 0x00, 0x00, 0x00, 0x00, 0x00, 0x00, 0x00, 0x00, 0x00, 0x00, 
0x00, 0x00, 0x00, 0x00, 0x00, 0x00, 0x00, 0x00, 0x00, 0x00, 0x00, 0x00, 0x00, 0x00, 0x00, 0x00, 
0x00, 0x00, 0x00, 0x00, 0x00, 0x00, 0x00, 0x00, 0x00, 0x00, 0x00, 0x00, 0x00, 0x00, 0x00, 0x00
}
,
{
0x00, 0x00, 0x00, 0x00, 0x00, 0x00, 0x00, 0x00, 0x00, 0x00, 0x00, 0x00, 0x00, 0x00, 0x00, 0x00, 
0x00, 0x00, 0x00, 0x00, 0x00, 0x00, 0x00, 0x00, 0x00, 0x00, 0x00, 0x00, 0x00, 0x00, 0x00, 0x00, 
0x00, 0x00, 0x00, 0x00, 0x00, 0x00, 0x00, 0x00, 0x00, 0x00, 0x00, 0x00, 0x00, 0x00, 0x00, 0x00, 
0x00, 0x00, 0x00, 0x00, 0x00, 0x00, 0x00, 0x00, 0x00, 0x00, 0x00, 0x00, 0x00, 0x00, 0x00, 0x00, 
0x00, 0x00, 0x00, 0x00, 0x00, 0x00, 0x00, 0x00, 0x00, 0x00, 0x00, 0x00, 0x00, 0x00, 0x00, 0x00, 
0x00, 0x00, 0x00, 0x00, 0x00, 0x00, 0x00, 0x00, 0x00, 0x00, 0x00, 0x00, 0x00, 0x00, 0x00, 0x00, 
0x00, 0x00, 0x00, 0x00, 0x00, 0x00, 0x00, 0x00, 0x00, 0x00, 0x00, 0x00, 0x00, 0x00, 0x00, 0x00, 
0x00, 0x00, 0x00, 0x00, 0x00, 0x00, 0x00, 0x00, 0x00, 0x00, 0x00, 0x00, 0x00, 0x00, 0x00, 0x00, 
0x00, 0x00, 0x00, 0x00, 0x00, 0x00, 0x00, 0x00, 0x00, 0x00, 0x00, 0x00, 0x00, 0x00, 0x00, 0x00, 
0x00, 0x00, 0x00, 0x00, 0x00, 0x00, 0x00, 0x00, 0x00, 0x00, 0x00, 0x00, 0x00, 0x00, 0x00, 0x00, 
0x00, 0x00, 0x00, 0x00, 0x00, 0x00, 0x00, 0x00, 0x00, 0x00, 0x00, 0x00, 0x00, 0x00, 0x00, 0x00, 
0x00, 0x00, 0x00, 0x00, 0x00, 0x00, 0x00, 0x00, 0x00, 0x00, 0x00, 0x00, 0x00, 0x00, 0x00, 0x00, 
0x00, 0x00, 0x00, 0x00, 0x00, 0x00, 0x00, 0x00, 0x00, 0x00, 0x00, 0x00, 0x00, 0x00, 0x00, 0x00, 
0x00, 0x00, 0x00, 0x00, 0x00, 0x00, 0x00, 0x00, 0x00, 0x00, 0x00, 0x00, 0x00, 0x00, 0x00, 0x00, 
0x00, 0x00, 0x00, 0x00, 0x00, 0x00, 0x00, 0x00, 0x00, 0x00, 0x00, 0x00, 0x00, 0x00, 0x00, 0x00, 
0x00, 0x00, 0x00, 0x00, 0x00, 0x00, 0x00, 0x00, 0x00, 0x00, 0x00, 0x00, 0x00, 0x00, 0x00, 0x00, 
0x00, 0x00, 0x00, 0x00, 0x00, 0x00, 0x00, 0x00, 0x00, 0x00, 0x00, 0x00, 0x00, 0x00, 0x00, 0x00, 
0x00, 0x00, 0x00, 0x00, 0x00, 0x00, 0x00, 0x00, 0x00, 0x00, 0x7A, 0x0C, 0x7A, 0x0C, 0x7A, 0x0C, 
0x7A, 0x0C, 0x7A, 0x0C, 0x7A, 0x0C, 0x00, 0x00, 0x00, 0x00, 0x00, 0x00, 0x00, 0x00, 0x7A, 0x0C, 
0x7A, 0x0C, 0x00, 0x00, 0x00, 0x00, 0x00, 0x00, 0x00, 0x00, 0x00, 0x00, 0x00, 0x00, 0x00, 0x00, 
0x00, 0x00, 0x00, 0x00, 0x00, 0x00, 0x00, 0x00, 0x00, 0x00, 0x00, 0x00, 0x00, 0x00, 0x01, 0x6F, 
0x01, 0x6F, 0x01, 0x6F, 0x01, 0x6F, 0x01, 0x6F, 0x7A, 0x0C, 0x92, 0x8F, 0x92, 0x8F, 0xAA, 0xF1, 
0xAA, 0xF1, 0xAA, 0xF1, 0xAA, 0xF1, 0x7A, 0x0C, 0x00, 0x00, 0x00, 0x00, 0x7A, 0x0C, 0xCB, 0x74, 
0xCB, 0x74, 0x7A, 0x0C, 0x00, 0x00, 0x00, 0x00, 0x00, 0x00, 0x00, 0x00, 0x00, 0x00, 0x00, 0x00, 
0x00, 0x00, 0x00, 0x00, 0x00, 0x00, 0x00, 0x00, 0x00, 0x00, 0x00, 0x00, 0x01, 0x6F, 0x75, 0x3F, 
0x75, 0x3F, 0x3C, 0x5F, 0x3C, 0x5F, 0x01, 0x6F, 0x92, 0x8F, 0x92, 0x8F, 0xCB, 0x74, 0xCB, 0x74, 
0xCB, 0x74, 0xCB, 0x74, 0xCB, 0x74, 0xCB, 0x74, 0x7A, 0x0C, 0x7A, 0x0C, 0xCB, 0x74, 0xEC, 0x18, 
0xFC, 0x70, 0xE1, 0x20, 0x7A, 0x0C, 0x00, 0x00, 0x00, 0x00, 0x00, 0x00, 0x00, 0x00, 0x00, 0x00, 
0x00, 0x00, 0x00, 0x00, 0x00, 0x00, 0x00, 0x00, 0x00, 0x00, 0x01, 0x6F, 0x75, 0x3F, 0x75, 0x3F, 
0x75, 0x3F, 0x3C, 0x5F, 0x3C, 0x5F, 0x01, 0x6F, 0x01, 0x6F, 0xCB, 0x74, 0xEC, 0x18, 0xEC, 0x18, 
0xEC, 0x18, 0xEC, 0x18, 0xEC, 0x18, 0xCB, 0x74, 0xCB, 0x74, 0x7A, 0x0C, 0xEC, 0x18, 0xFC, 0x9B, 
0xE1, 0x20, 0xE1, 0x20, 0xAA, 0xF1, 0x7A, 0x0C, 0x00, 0x00, 0x00, 0x00, 0x00, 0x00, 0x00, 0x00, 
0x00, 0x00, 0x00, 0x00, 0x00, 0x00, 0x00, 0x00, 0x01, 0x6F, 0x02, 0xBA, 0x3C, 0x5F, 0x75, 0x3F, 
0x75, 0x3F, 0x3C, 0x5F, 0x3C, 0x5F, 0x03, 0x1F, 0x01, 0x6F, 0xEC, 0x18, 0xFC, 0x9B, 0xFC, 0x9B, 
0xFC, 0x9B, 0xFC, 0x9B, 0xFC, 0x70, 0xE1, 0x20, 0xCB, 0x74, 0x7A, 0x0C, 0xFC, 0x9B, 0xFC, 0x9B, 
0xFC, 0x9B, 0xAA, 0xF1, 0xCB, 0x74, 0xCB, 0x74, 0x7A, 0x0C, 0x00, 0x00, 0x00, 0x00, 0x00, 0x00, 
0x00, 0x00, 0x00, 0x00, 0x00, 0x00, 0x01, 0x6F, 0x75, 0x3F, 0x02, 0xBA, 0x02, 0xBA, 0x3C, 0x5F, 
0x3C, 0x5F, 0x3C, 0x5F, 0x3C, 0x5F, 0x03, 0x1F, 0x01, 0x6F, 0xEC, 0x18, 0xFC, 0x9B, 0xFC, 0x9B, 
0xFC, 0x9B, 0xFC, 0x9B, 0xE1, 0x20, 0xE1, 0x20, 0xCB, 0x74, 0x7A, 0x0C, 0xFC, 0x9B, 0xFC, 0x9B, 
0xAA, 0xF1, 0xEC, 0x18, 0xEC, 0x18, 0xCB, 0x74, 0x8B, 0x69, 0x8B, 0x69, 0x00, 0x00, 0x00, 0x00, 
0x00, 0x00, 0x00, 0x00, 0x01, 0x6F, 0x75, 0x3F, 0x75, 0x3F, 0x75, 0x3F, 0x02, 0xBA, 0x02, 0xBA, 
0x3C, 0x5F, 0x3C, 0x5F, 0x03, 0x1F, 0x03, 0x1F, 0x01, 0x6F, 0xEC, 0x18, 0x3C, 0x5F, 0x3C, 0x5F, 
0x3C, 0x5F, 0x3C, 0x5F, 0xFC, 0x9B, 0xEC, 0x18, 0xEC, 0x18, 0xCB, 0x74, 0x7A, 0x0C, 0xAA, 0xF1, 
0xFC, 0x9B, 0xFC, 0x9B, 0xFC, 0x9B, 0xEC, 0x18, 0x8B, 0x69, 0x8B, 0x69, 0x00, 0x00, 0x00, 0x00, 
0x00, 0x00, 0x00, 0x00, 0x01, 0x6F, 0x75, 0x3F, 0x75, 0x3F, 0x75, 0x3F, 0x3C, 0x5F, 0x02, 0xBA, 
0x02, 0xBA, 0x3C, 0x5F, 0x03, 0x1F, 0x03, 0x1F, 0x01, 0x6F, 0xEC, 0x18, 0x3C, 0x5F, 0x07, 0xFF, 
0x07, 0xFF, 0x3C, 0x5F, 0xFC, 0x9B, 0xEC, 0x18, 0xEC, 0x18, 0xCB, 0x74, 0x7A, 0x0C, 0xFC, 0x9B, 
0xFC, 0x9B, 0xFC, 0x9B, 0xFC, 0x9B, 0xEC, 0x18, 0x8B, 0x69, 0x6A, 0x65, 0x00, 0x00, 0x00, 0x00, 
0x00, 0x00, 0x00, 0x00, 0x01, 0x6F, 0x75, 0x3F, 0x75, 0x3F, 0x75, 0x3F, 0x3C, 0x5F, 0x3C, 0x5F, 
0x02, 0xBA, 0x02, 0xBA, 0x03, 0x1F, 0x03, 0x1F, 0x01, 0x6F, 0xEC, 0x18, 0xFC, 0x9B, 0xFC, 0x9B, 
0xFC, 0x9B, 0xFC, 0x9B, 0xFC, 0x9B, 0xEC, 0x18, 0xEC, 0x18, 0xCB, 0x74, 0x7A, 0x0C, 0xFC, 0x9B, 
0xB6, 0xF1, 0xB6, 0xF1, 0x75, 0xC8, 0x4B, 0xC5, 0x6A, 0x65, 0x6A, 0x65, 0x00, 0x00, 0x00, 0x00, 
0x00, 0x00, 0x00, 0x00, 0x01, 0x6F, 0x75, 0x3F, 0x75, 0x3F, 0x75, 0x3F, 0x3C, 0x5F, 0x3C, 0x5F, 
0x3C, 0x5F, 0x02, 0xBA, 0x03, 0x1F, 0x03, 0x1F, 0x01, 0x6F, 0xEC, 0x18, 0xFC, 0x9B, 0xFC, 0x9B, 
0xFC, 0x9B, 0xFC, 0x9B, 0xFC, 0x9B, 0xE1, 0x20, 0xEC, 0x18, 0xCB, 0x74, 0x7A, 0x0C, 0xB6, 0xF1, 
0xB6, 0xF1, 0x75, 0xC8, 0x64, 0xE6, 0x4B, 0xC5, 0x6A, 0x65, 0x6A, 0x65, 0x00, 0x00, 0x00, 0x00, 
0x00, 0x00, 0x00, 0x00, 0x01, 0x6F, 0x75, 0x3F, 0x75, 0x3F, 0x75, 0x3F, 0x3C, 0x5F, 0x3C, 0x5F, 
0x3C, 0x5F, 0x03, 0x1F, 0x02, 0xBA, 0x03, 0x1F, 0x01, 0x6F, 0xEC, 0x18, 0xFC, 0x9B, 0xFC, 0x9B, 
0xFC, 0x9B, 0xFC, 0x9B, 0xEC, 0x18, 0xE1, 0x20, 0xEC, 0x18, 0xCB, 0x74, 0xAA, 0xF1, 0xB6, 0xF1, 
0x75, 0xC8, 0x75, 0xC8, 0x64, 0xE6, 0x4B, 0xC5, 0x6A, 0x65, 0x6A, 0x65, 0x00, 0x00, 0x00, 0x00, 
0x00, 0x00, 0x00, 0x00, 0x01, 0x6F, 0x75, 0x3F, 0x75, 0x3F, 0x75, 0x3F, 0x3C, 0x5F, 0x3C, 0x5F, 
0x3C, 0x5F, 0x03, 0x1F, 0x02, 0xBA, 0x03, 0x1F, 0x01, 0x6F, 0xEC, 0x18, 0xEC, 0x18, 0xFC, 0x9B, 
0xFC, 0x9B, 0xEC, 0x18, 0xEC, 0x18, 0xE1, 0x20, 0xEC, 0x18, 0xCB, 0x74, 0xAA, 0xF1, 0x75, 0xC8, 
0x75, 0xC8, 0x75, 0xC8, 0x64, 0xE6, 0x4B, 0xC5, 0xAA, 0xF1, 0x00, 0x00, 0x00, 0x00, 0x00, 0x00, 
0x00, 0x00, 0x00, 0x00, 0x01, 0x6F, 0x3C, 0x5F, 0x75, 0x3F, 0x75, 0x3F, 0x3C, 0x5F, 0x3C, 0x5F, 
0x3C, 0x5F, 0x03, 0x1F, 0x02, 0xBA, 0x03, 0x1F, 0x01, 0x6F, 0xEC, 0x18, 0xEC, 0x18, 0xEC, 0x18, 
0xEC, 0x18, 0xEC, 0x18, 0xEC, 0x18, 0xE1, 0x20, 0xEC, 0x18, 0xCB, 0x74, 0xAA, 0xF1, 0x64, 0xE6, 
0x64, 0xE6, 0x64, 0xE6, 0x64, 0xE6, 0x4B, 0xC5, 0xAA, 0xF1, 0x00, 0x00, 0x00, 0x00, 0x00, 0x00, 
0x00, 0x00, 0x00, 0x00, 0x01, 0x6F, 0x3C, 0x5F, 0x3C, 0x5F, 0x3C, 0x5F, 0x3C, 0x5F, 0x3C, 0x5F, 
0x3C, 0x5F, 0x03, 0x1F, 0x02, 0xBA, 0x03, 0x1F, 0x01, 0x6F, 0xCB, 0x74, 0xEC, 0x18, 0xEC, 0x18, 
0xEC, 0x18, 0xEC, 0x18, 0xEC, 0x18, 0xE1, 0x20, 0xEC, 0x18, 0xAA, 0xF1, 0xAA, 0xF1, 0x64, 0xE6, 
0x64, 0xE6, 0x64, 0xE6, 0x64, 0xE6, 0x4B, 0xC5, 0x8B, 0x69, 0x8B, 0x69, 0x00, 0x00, 0x00, 0x00, 
0x00, 0x00, 0x00, 0x00, 0x01, 0x6F, 0x02, 0xBA, 0x3C, 0x5F, 0x3C, 0x5F, 0x3C, 0x5F, 0x3C, 0x5F, 
0x3C, 0x5F, 0x03, 0x1F, 0x02, 0xBA, 0x02, 0xBA, 0x01, 0x6F, 0xCB, 0x74, 0xCB, 0x74, 0xEC, 0x18, 
0xEC, 0x18, 0xEC, 0x18, 0xEC, 0x18, 0xE1, 0x20, 0xCB, 0x74, 0xAA, 0xF1, 0xAA, 0xF1, 0xCB, 0x74, 
0x4B, 0xC5, 0x4B, 0xC5, 0x4B, 0xC5, 0x4B, 0xC5, 0x8B, 0x69, 0x8B, 0x69, 0x00, 0x00, 0x00, 0x00, 
0x00, 0x00, 0x00, 0x00, 0x01, 0x6F, 0x02, 0xBA, 0x02, 0xBA, 0x3C, 0x5F, 0x3C, 0x5F, 0x3C, 0x5F, 
0x3C, 0x5F, 0x03, 0x1F, 0x03, 0x1F, 0x02, 0xBA, 0x01, 0x6F, 0xCB, 0x74, 0xCB, 0x74, 0xCB, 0x74, 
0xCB, 0x74, 0xCB, 0x74, 0xCB, 0x74, 0xCB, 0x74, 0xCB, 0x74, 0xAA, 0xF1, 0x7A, 0x0C, 0xAA, 0xF1, 
0x4B, 0xC5, 0x4B, 0xC5, 0x4B, 0xC5, 0x4B, 0xC5, 0x8B, 0x69, 0x6A, 0x65, 0x00, 0x00, 0x00, 0x00, 
0x00, 0x00, 0x01, 0x6F, 0x75, 0x3F, 0x75, 0x3F, 0x02, 0xBA, 0x02, 0xBA, 0x3C, 0x5F, 0x3C, 0x5F, 
0x03, 0x1F, 0x03, 0x1F, 0x03, 0x1F, 0x02, 0xBA, 0x01, 0x6F, 0xCB, 0x74, 0x3C, 0x5F, 0x07, 0xFF, 
0x07, 0xFF, 0x3C, 0x5F, 0xCB, 0x74, 0xCB, 0x74, 0xCB, 0x74, 0xAA, 0xF1, 0x7A, 0x0C, 0xAA, 0xF1, 
0xCB, 0x74, 0xCB, 0x74, 0xCB, 0x74, 0xCB, 0x74, 0x6A, 0x65, 0x6A, 0x65, 0x00, 0x00, 0x00, 0x00, 
0x00, 0x00, 0x01, 0x6F, 0x75, 0x3F, 0x75, 0x3F, 0x3C, 0x5F, 0x02, 0xBA, 0x03, 0x1F, 0x03, 0x1F, 
0x03, 0x1F, 0x03, 0x1F, 0x03, 0x1F, 0x02, 0xBA, 0x01, 0x6F, 0xCB, 0x74, 0x3C, 0x5F, 0x3C, 0x5F, 
0x3C, 0x5F, 0x3C, 0x5F, 0xCB, 0x74, 0xCB, 0x74, 0xCB, 0x74, 0xAA, 0xF1, 0x7A, 0x0C, 0x7A, 0x0C, 
0xAA, 0xF1, 0xAA, 0xF1, 0xAA, 0xF1, 0xAA, 0xF1, 0x6A, 0x65, 0x6A, 0x65, 0x00, 0x00, 0x00, 0x00, 
0x00, 0x00, 0x01, 0x6F, 0x3C, 0x5F, 0x3C, 0x5F, 0x3C, 0x5F, 0x02, 0xBA, 0x02, 0xBA, 0x03, 0x1F, 
0x03, 0x1F, 0x03, 0x1F, 0x03, 0x1F, 0x02, 0xBA, 0x01, 0x6F, 0xAA, 0xF1, 0xCB, 0x74, 0xCB, 0x74, 
0xCB, 0x74, 0xCB, 0x74, 0xFC, 0x70, 0xE1, 0x20, 0xAA, 0xF1, 0x7A, 0x0C, 0xAA, 0xF1, 0xAA, 0xF1, 
0x7A, 0x0C, 0xAA, 0xF1, 0xAA, 0xF1, 0x7A, 0x0C, 0x6A, 0x65, 0x6A, 0x65, 0x00, 0x00, 0x00, 0x00, 
0x00, 0x00, 0x01, 0x6F, 0x3C, 0x5F, 0x3C, 0x5F, 0x3C, 0x5F, 0x3C, 0x5F, 0x02, 0xBA, 0x03, 0x1F, 
0x03, 0x1F, 0x03, 0x1F, 0x03, 0x1F, 0x02, 0xBA, 0x01, 0x6F, 0xAA, 0xF1, 0xAA, 0xF1, 0xAA, 0xF1, 
0xAA, 0xF1, 0xAA, 0xF1, 0xE1, 0x20, 0xE1, 0x20, 0xAA, 0xF1, 0x7A, 0x0C, 0x92, 0x8F, 0xAA, 0xF1, 
0xAA, 0xF1, 0x7A, 0x0C, 0xAA, 0xF1, 0xAA, 0xF1, 0xAA, 0xF1, 0x00, 0x00, 0x00, 0x00, 0x00, 0x00, 
0x01, 0x6F, 0x3C, 0x5F, 0x3C, 0x5F, 0x3C, 0x5F, 0x3C, 0x5F, 0x03, 0x1F, 0x02, 0xBA, 0x02, 0xBA, 
0x03, 0x1F, 0x03, 0x1F, 0x03, 0x1F, 0x02, 0xBA, 0x01, 0x6F, 0x92, 0x8F, 0xAA, 0xF1, 0xAA, 0xF1, 
0xAA, 0xF1, 0xAA, 0xF1, 0xAA, 0xF1, 0xAA, 0xF1, 0x92, 0x8F, 0x7A, 0x0C, 0x92, 0x8F, 0x92, 0x8F, 
0xFC, 0x70, 0xE1, 0x20, 0x92, 0x8F, 0x7A, 0x0C, 0xCB, 0x74, 0x7A, 0x0C, 0x00, 0x00, 0x00, 0x00, 
0x01, 0x6F, 0x3C, 0x5F, 0x3C, 0x5F, 0x03, 0x1F, 0x03, 0x1F, 0x03, 0x1F, 0x03, 0x1F, 0x02, 0xBA, 
0x03, 0x1F, 0x03, 0x1F, 0x02, 0xBA, 0x02, 0xBA, 0x01, 0x6F, 0x92, 0x8F, 0x92, 0x8F, 0x92, 0x8F, 
0x92, 0x8F, 0x92, 0x8F, 0x92, 0x8F, 0x92, 0x8F, 0x7A, 0x0C, 0x7A, 0x0C, 0x92, 0x8F, 0x92, 0x8F, 
0xE1, 0x20, 0xE1, 0x20, 0x7A, 0x0C, 0xEC, 0x18, 0xCB, 0x74, 0x7A, 0x0C, 0x00, 0x00, 0x00, 0x00, 
0x00, 0x00, 0x01, 0x6F, 0x03, 0x1F, 0x03, 0x1F, 0x03, 0x1F, 0x03, 0x1F, 0x03, 0x1F, 0x02, 0xBA, 
0x02, 0xBA, 0x02, 0xBA, 0x02, 0xBA, 0x02, 0xBA, 0x02, 0xBA, 0x01, 0x6F, 0x92, 0x8F, 0x92, 0x8F, 
0x92, 0x8F, 0x92, 0x8F, 0x92, 0x8F, 0x7A, 0x0C, 0x00, 0x00, 0x00, 0x00, 0x7A, 0x0C, 0x92, 0x8F, 
0x92, 0x8F, 0x7A, 0x0C, 0x7A, 0x0C, 0xCB, 0x74, 0xCB, 0x74, 0x7A, 0x0C, 0x00, 0x00, 0x00, 0x00, 
0x00, 0x00, 0x00, 0x00, 0x01, 0x6F, 0x01, 0x6F, 0x01, 0x6F, 0x01, 0x6F, 0x01, 0x6F, 0x01, 0x6F, 
0x02, 0xBA, 0x02, 0xBA, 0x02, 0xBA, 0x02, 0xBA, 0x02, 0xBA, 0x01, 0x6F, 0x7A, 0x0C, 0x7A, 0x0C, 
0x7A, 0x0C, 0x7A, 0x0C, 0x7A, 0x0C, 0x00, 0x00, 0x00, 0x00, 0x00, 0x00, 0x00, 0x00, 0x7A, 0x0C, 
0x7A, 0x0C, 0x00, 0x00, 0x7A, 0x0C, 0xAA, 0xF1, 0xAA, 0xF1, 0x7A, 0x0C, 0x00, 0x00, 0x00, 0x00, 
0x00, 0x00, 0x00, 0x00, 0x00, 0x00, 0x00, 0x00, 0x00, 0x00, 0x00, 0x00, 0x00, 0x00, 0x00, 0x00, 
0x01, 0x6F, 0x02, 0xBA, 0x02, 0xBA, 0x02, 0xBA, 0x02, 0xBA, 0x01, 0x6F, 0x00, 0x00, 0x00, 0x00, 
0x00, 0x00, 0x00, 0x00, 0x00, 0x00, 0x00, 0x00, 0x00, 0x00, 0x00, 0x00, 0x00, 0x00, 0x00, 0x00, 
0x00, 0x00, 0x00, 0x00, 0x7A, 0x0C, 0xAA, 0xF1, 0x92, 0x8F, 0x7A, 0x0C, 0x00, 0x00, 0x00, 0x00, 
0x00, 0x00, 0x00, 0x00, 0x00, 0x00, 0x00, 0x00, 0x00, 0x00, 0x00, 0x00, 0x00, 0x00, 0x00, 0x00, 
0x00, 0x00, 0x01, 0x6F, 0x01, 0x6F, 0x01, 0x6F, 0x01, 0x6F, 0x00, 0x00, 0x00, 0x00, 0x00, 0x00, 
0x00, 0x00, 0x00, 0x00, 0x00, 0x00, 0x00, 0x00, 0x00, 0x00, 0x00, 0x00, 0x00, 0x00, 0x00, 0x00, 
0x00, 0x00, 0x00, 0x00, 0x00, 0x00, 0x7A, 0x0C, 0x92, 0x8F, 0x7A, 0x0C, 0x00, 0x00, 0x00, 0x00, 
0x00, 0x00, 0x00, 0x00, 0x00, 0x00, 0x00, 0x00, 0x00, 0x00, 0x00, 0x00, 0x00, 0x00, 0x00, 0x00, 
0x00, 0x00, 0x00, 0x00, 0x00, 0x00, 0x00, 0x00, 0x00, 0x00, 0x00, 0x00, 0x00, 0x00, 0x00, 0x00, 
0x00, 0x00, 0x00, 0x00, 0x00, 0x00, 0x00, 0x00, 0x00, 0x00, 0x00, 0x00, 0x00, 0x00, 0x00, 0x00, 
0x00, 0x00, 0x00, 0x00, 0x00, 0x00, 0x00, 0x00, 0x7A, 0x0C, 0x00, 0x00, 0x00, 0x00, 0x00, 0x00, 
0x00, 0x00, 0x00, 0x00, 0x00, 0x00, 0x00, 0x00, 0x00, 0x00, 0x00, 0x00, 0x00, 0x00, 0x00, 0x00, 
0x00, 0x00, 0x00, 0x00, 0x00, 0x00, 0x00, 0x00, 0x00, 0x00, 0x00, 0x00, 0x00, 0x00, 0x00, 0x00, 
0x00, 0x00, 0x00, 0x00, 0x00, 0x00, 0x00, 0x00, 0x00, 0x00, 0x00, 0x00, 0x00, 0x00, 0x00, 0x00, 
0x00, 0x00, 0x00, 0x00, 0x00, 0x00, 0x00, 0x00, 0x00, 0x00, 0x00, 0x00, 0x00, 0x00, 0x00, 0x00
}
,
{
0x00, 0x00, 0x00, 0x00, 0x00, 0x00, 0x00, 0x00, 0x00, 0x00, 0x00, 0x00, 0x00, 0x00, 0x00, 0x00, 
0x00, 0x00, 0x00, 0x00, 0x00, 0x00, 0x00, 0x00, 0x00, 0x00, 0x00, 0x00, 0x00, 0x00, 0x00, 0x00, 
0x00, 0x00, 0x00, 0x00, 0x00, 0x00, 0x00, 0x00, 0x00, 0x00, 0x00, 0x00, 0x00, 0x00, 0x00, 0x00, 
0x00, 0x00, 0x00, 0x00, 0x00, 0x00, 0x00, 0x00, 0x00, 0x00, 0x00, 0x00, 0x00, 0x00, 0x00, 0x00, 
0x00, 0x00, 0x00, 0x00, 0x00, 0x00, 0x00, 0x00, 0x00, 0x00, 0x00, 0x00, 0x00, 0x00, 0x00, 0x00, 
0x00, 0x00, 0x00, 0x00, 0x00, 0x00, 0x00, 0x00, 0x00, 0x00, 0x00, 0x00, 0x00, 0x00, 0x00, 0x00, 
0x00, 0x00, 0x00, 0x00, 0x00, 0x00, 0x00, 0x00, 0x00, 0x00, 0x00, 0x00, 0x00, 0x00, 0x00, 0x00, 
0x00, 0x00, 0x00, 0x00, 0x00, 0x00, 0x00, 0x00, 0x00, 0x00, 0x00, 0x00, 0x00, 0x00, 0x00, 0x00, 
0x00, 0x00, 0x00, 0x00, 0x00, 0x00, 0x00, 0x00, 0x00, 0x00, 0x00, 0x00, 0x00, 0x00, 0x00, 0x00, 
0x00, 0x00, 0x00, 0x00, 0x00, 0x00, 0x00, 0x00, 0x00, 0x00, 0x00, 0x00, 0x00, 0x00, 0x00, 0x00, 
0x00, 0x00, 0x00, 0x00, 0x00, 0x00, 0x00, 0x00, 0x00, 0x00, 0x00, 0x00, 0x00, 0x00, 0x00, 0x00, 
0x00, 0x00, 0x00, 0x00, 0x00, 0x00, 0x00, 0x00, 0x00, 0x00, 0x00, 0x00, 0x00, 0x00, 0x00, 0x00, 
0x00, 0x00, 0x00, 0x00, 0x00, 0x00, 0x00, 0x00, 0x00, 0x00, 0x00, 0x00, 0x00, 0x00, 0x00, 0x00, 
0x00, 0x00, 0x00, 0x00, 0x00, 0x00, 0x00, 0x00, 0x00, 0x00, 0x00, 0x00, 0x00, 0x00, 0x00, 0x00, 
0x00, 0x00, 0x00, 0x00, 0x00, 0x00, 0x00, 0x00, 0x00, 0x00, 0x00, 0x00, 0x00, 0x00, 0x00, 0x00, 
0x00, 0x00, 0x00, 0x00, 0x00, 0x00, 0x00, 0x00, 0x00, 0x00, 0x00, 0x00, 0x00, 0x00, 0x00, 0x00, 
0x00, 0x00, 0x00, 0x00, 0x00, 0x00, 0x00, 0x00, 0x00, 0x00, 0x00, 0x00, 0x00, 0x00, 0x00, 0x00, 
0x00, 0x00, 0x00, 0x00, 0x00, 0x00, 0x00, 0x00, 0x00, 0x00, 0x00, 0x00, 0x7A, 0x0C, 0x7A, 0x0C, 
0x7A, 0x0C, 0x7A, 0x0C, 0x7A, 0x0C, 0x7A, 0x0C, 0x00, 0x00, 0x00, 0x00, 0x00, 0x00, 0x00, 0x00, 
0x7A, 0x0C, 0x7A, 0x0C, 0x00, 0x00, 0x00, 0x00, 0x00, 0x00, 0x00, 0x00, 0x00, 0x00, 0x00, 0x00, 
0x00, 0x00, 0x00, 0x00, 0x00, 0x00, 0x00, 0x00, 0x00, 0x00, 0x00, 0x00, 0x00, 0x00, 0x00, 0x00, 
0x01, 0x6F, 0x01, 0x6F, 0x01, 0x6F, 0x01, 0x6F, 0x01, 0x6F, 0x7A, 0x0C, 0x92, 0x8F, 0x92, 0x8F, 
0xAA, 0xF1, 0xAA, 0xF1, 0xAA, 0xF1, 0xAA, 0xF1, 0x7A, 0x0C, 0x00, 0x00, 0x00, 0x00, 0x7A, 0x0C, 
0xCB, 0x74, 0xCB, 0x74, 0x7A, 0x0C, 0x00, 0x00, 0x00, 0x00, 0x00, 0x00, 0x00, 0x00, 0x00, 0x00, 
0x00, 0x00, 0x00, 0x00, 0x00, 0x00, 0x00, 0x00, 0x00, 0x00, 0x00, 0x00, 0x00, 0x00, 0x01, 0x6F, 
0x75, 0x3F, 0x75, 0x3F, 0x3C, 0x5F, 0x3C, 0x5F, 0x01, 0x6F, 0x92, 0x8F, 0x92, 0x8F, 0xCB, 0x74, 
0xCB, 0x74, 0xCB, 0x74, 0xCB, 0x74, 0xCB, 0x74, 0xCB, 0x74, 0x7A, 0x0C, 0x7A, 0x0C, 0xCB, 0x74, 
0xFC, 0x70, 0xE1, 0x20, 0xAA, 0xF1, 0x7A, 0x0C, 0x00, 0x00, 0x00, 0x00, 0x00, 0x00, 0x00, 0x00, 
0x00, 0x00, 0x00, 0x00, 0x00, 0x00, 0x00, 0x00, 0x00, 0x00, 0x00, 0x00, 0x01, 0x6F, 0x75, 0x3F, 
0x75, 0x3F, 0x75, 0x3F, 0x3C, 0x5F, 0x3C, 0x5F, 0x01, 0x6F, 0x01, 0x6F, 0xCB, 0x74, 0xEC, 0x18, 
0xEC, 0x18, 0xEC, 0x18, 0xEC, 0x18, 0xEC, 0x18, 0xCB, 0x74, 0xCB, 0x74, 0x7A, 0x0C, 0xEC, 0x18, 
0xE1, 0x20, 0xE1, 0x20, 0xAA, 0xF1, 0xAA, 0xF1, 0x7A, 0x0C, 0x00, 0x00, 0x00, 0x00, 0x00, 0x00, 
0x00, 0x00, 0x00, 0x00, 0x00, 0x00, 0x00, 0x00, 0x00, 0x00, 0x01, 0x6F, 0x02, 0xBA, 0x3C, 0x5F, 
0x75, 0x3F, 0x75, 0x3F, 0x3C, 0x5F, 0x3C, 0x5F, 0x03, 0x1F, 0x01, 0x6F, 0xEC, 0x18, 0xFC, 0x9B, 
0xFC, 0x9B, 0xFC, 0x9B, 0xFC, 0x9B, 0xFC, 0x70, 0xE1, 0x20, 0xCB, 0x74, 0x7A, 0x0C, 0xFC, 0x9B, 
0xFC, 0x9B, 0xAA, 0xF1, 0xEC, 0x18, 0xCB, 0x74, 0xCB, 0x74, 0x7A, 0x0C, 0x00, 0x00, 0x00, 0x00, 
0x00, 0x00, 0x00, 0x00, 0x00, 0x00, 0x00, 0x00, 0x01, 0x6F, 0x75, 0x3F, 0x02, 0xBA, 0x02, 0xBA, 
0x3C, 0x5F, 0x3C, 0x5F, 0x3C, 0x5F, 0x3C, 0x5F, 0x03, 0x1F, 0x01, 0x6F, 0xEC, 0x18, 0xFC, 0x9B, 
0xFC, 0x9B, 0xFC, 0x9B, 0xFC, 0x9B, 0xE1, 0x20, 0xE1, 0x20, 0xCB, 0x74, 0x7A, 0x0C, 0xFC, 0x9B, 
0xFC, 0x9B, 0xAA, 0xF1, 0xEC, 0x18, 0xEC, 0x18, 0xCB, 0x74, 0xCB, 0x74, 0x8B, 0x69, 0x8B, 0x69, 
0x00, 0x00, 0x00, 0x00, 0x00, 0x00, 0x01, 0x6F, 0x75, 0x3F, 0x75, 0x3F, 0x75, 0x3F, 0x02, 0xBA, 
0x02, 0xBA, 0x3C, 0x5F, 0x3C, 0x5F, 0x03, 0x1F, 0x03, 0x1F, 0x01, 0x6F, 0xEC, 0x18, 0x3C, 0x5F, 
0x3C, 0x5F, 0x3C, 0x5F, 0x3C, 0x5F, 0xFC, 0x9B, 0xEC, 0x18, 0xEC, 0x18, 0xCB, 0x74, 0x7A, 0x0C, 
0xAA, 0xF1, 0xFC, 0x9B, 0xFC, 0x9B, 0xFC, 0x9B, 0xEC, 0x18, 0xCB, 0x74, 0x8B, 0x69, 0x8B, 0x69, 
0x00, 0x00, 0x00, 0x00, 0x00, 0x00, 0x01, 0x6F, 0x75, 0x3F, 0x75, 0x3F, 0x75, 0x3F, 0x3C, 0x5F, 
0x02, 0xBA, 0x02, 0xBA, 0x3C, 0x5F, 0x03, 0x1F, 0x03, 0x1F, 0x01, 0x6F, 0xEC, 0x18, 0x3C, 0x5F, 
0x07, 0xFF, 0x07, 0xFF, 0x3C, 0x5F, 0xFC, 0x9B, 0xEC, 0x18, 0xEC, 0x18, 0xCB, 0x74, 0x7A, 0x0C, 
0xFC, 0x9B, 0xFC, 0x9B, 0xFC, 0x9B, 0xFC, 0x9B, 0xEC, 0x18, 0xCB, 0x74, 0x8B, 0x69, 0x6A, 0x65, 
0x00, 0x00, 0x00, 0x00, 0x00, 0x00, 0x01, 0x6F, 0x75, 0x3F, 0x75, 0x3F, 0x75, 0x3F, 0x3C, 0x5F, 
0x3C, 0x5F, 0x02, 0xBA, 0x02, 0xBA, 0x03, 0x1F, 0x03, 0x1F, 0x01, 0x6F, 0xEC, 0x18, 0xFC, 0x9B, 
0xFC, 0x9B, 0xFC, 0x9B, 0xFC, 0x9B, 0xFC, 0x9B, 0xEC, 0x18, 0xEC, 0x18, 0xCB, 0x74, 0x7A, 0x0C, 
0xFC, 0x9B, 0xB6, 0xF1, 0xB6, 0xF1, 0x75, 0xC8, 0x4B, 0xC5, 0xCB, 0x74, 0x6A, 0x65, 0x6A, 0x65, 
0x00, 0x00, 0x00, 0x00, 0x00, 0x00, 0x01, 0x6F, 0x75, 0x3F, 0x75, 0x3F, 0x75, 0x3F, 0x3C, 0x5F, 
0x3C, 0x5F, 0x3C, 0x5F, 0x02, 0xBA, 0x03, 0x1F, 0x03, 0x1F, 0x01, 0x6F, 0xEC, 0x18, 0xFC, 0x9B, 
0xFC, 0x9B, 0xFC, 0x9B, 0xFC, 0x9B, 0xFC, 0x9B, 0xE1, 0x20, 0xEC, 0x18, 0xCB, 0x74, 0x7A, 0x0C, 
0xB6, 0xF1, 0xB6, 0xF1, 0x75, 0xC8, 0x64, 0xE6, 0x4B, 0xC5, 0xCB, 0x74, 0x6A, 0x65, 0x6A, 0x65, 
0x00, 0x00, 0x00, 0x00, 0x00, 0x00, 0x01, 0x6F, 0x75, 0x3F, 0x75, 0x3F, 0x75, 0x3F, 0x3C, 0x5F, 
0x3C, 0x5F, 0x3C, 0x5F, 0x03, 0x1F, 0x02, 0xBA, 0x03, 0x1F, 0x01, 0x6F, 0xEC, 0x18, 0xFC, 0x9B, 
0xFC, 0x9B, 0xFC, 0x9B, 0xFC, 0x9B, 0xEC, 0x18, 0xE1, 0x20, 0xEC, 0x18, 0xCB, 0x74, 0xAA, 0xF1, 
0xB6, 0xF1, 0x75, 0xC8, 0x75, 0xC8, 0x64, 0xE6, 0x4B, 0xC5, 0xCB, 0x74, 0x6A, 0x65, 0x6A, 0x65, 
0x00, 0x00, 0x00, 0x00, 0x00, 0x00, 0x01, 0x6F, 0x75, 0x3F, 0x75, 0x3F, 0x75, 0x3F, 0x3C, 0x5F, 
0x3C, 0x5F, 0x3C, 0x5F, 0x03, 0x1F, 0x02, 0xBA, 0x03, 0x1F, 0x01, 0x6F, 0xEC, 0x18, 0xEC, 0x18, 
0xFC, 0x9B, 0xFC, 0x9B, 0xEC, 0x18, 0xEC, 0x18, 0xE1, 0x20, 0xEC, 0x18, 0xCB, 0x74, 0xAA, 0xF1, 
0x75, 0xC8, 0x75, 0xC8, 0x75, 0xC8, 0x64, 0xE6, 0x4B, 0xC5, 0xAA, 0xF1, 0x00, 0x00, 0x00, 0x00, 
0x00, 0x00, 0x00, 0x00, 0x00, 0x00, 0x01, 0x6F, 0x3C, 0x5F, 0x75, 0x3F, 0x75, 0x3F, 0x3C, 0x5F, 
0x3C, 0x5F, 0x3C, 0x5F, 0x03, 0x1F, 0x02, 0xBA, 0x03, 0x1F, 0x01, 0x6F, 0xEC, 0x18, 0xEC, 0x18, 
0xEC, 0x18, 0xEC, 0x18, 0xEC, 0x18, 0xEC, 0x18, 0xE1, 0x20, 0xEC, 0x18, 0xCB, 0x74, 0xAA, 0xF1, 
0x64, 0xE6, 0x64, 0xE6, 0x64, 0xE6, 0x64, 0xE6, 0x4B, 0xC5, 0xAA, 0xF1, 0x00, 0x00, 0x00, 0x00, 
0x00, 0x00, 0x00, 0x00, 0x00, 0x00, 0x01, 0x6F, 0x3C, 0x5F, 0x3C, 0x5F, 0x3C, 0x5F, 0x3C, 0x5F, 
0x3C, 0x5F, 0x3C, 0x5F, 0x03, 0x1F, 0x02, 0xBA, 0x03, 0x1F, 0x01, 0x6F, 0xCB, 0x74, 0xEC, 0x18, 
0xEC, 0x18, 0xEC, 0x18, 0xEC, 0x18, 0xEC, 0x18, 0xE1, 0x20, 0xEC, 0x18, 0xAA, 0xF1, 0xAA, 0xF1, 
0x64, 0xE6, 0x64, 0xE6, 0x64, 0xE6, 0x64, 0xE6, 0x4B, 0xC5, 0x8B, 0x69, 0x8B, 0x69, 0x00, 0x00, 
0x00, 0x00, 0x00, 0x00, 0x00, 0x00, 0x01, 0x6F, 0x02, 0xBA, 0x3C, 0x5F, 0x3C, 0x5F, 0x3C, 0x5F, 
0x3C, 0x5F, 0x3C, 0x5F, 0x03, 0x1F, 0x02, 0xBA, 0x02, 0xBA, 0x01, 0x6F, 0xCB, 0x74, 0xCB, 0x74, 
0xEC, 0x18, 0xEC, 0x18, 0xEC, 0x18, 0xEC, 0x18, 0xE1, 0x20, 0xCB, 0x74, 0xAA, 0xF1, 0xAA, 0xF1, 
0xCB, 0x74, 0x4B, 0xC5, 0x4B, 0xC5, 0x4B, 0xC5, 0x4B, 0xC5, 0x8B, 0x69, 0x8B, 0x69, 0x00, 0x00, 
0x00, 0x00, 0x00, 0x00, 0x00, 0x00, 0x01, 0x6F, 0x02, 0xBA, 0x02, 0xBA, 0x3C, 0x5F, 0x3C, 0x5F, 
0x3C, 0x5F, 0x3C, 0x5F, 0x03, 0x1F, 0x03, 0x1F, 0x02, 0xBA, 0x01, 0x6F, 0xCB, 0x74, 0xCB, 0x74, 
0xCB, 0x74, 0xCB, 0x74, 0xCB, 0x74, 0xCB, 0x74, 0xCB, 0x74, 0xCB, 0x74, 0xAA, 0xF1, 0x7A, 0x0C, 
0xAA, 0xF1, 0x4B, 0xC5, 0x4B, 0xC5, 0x4B, 0xC5, 0x4B, 0xC5, 0x8B, 0x69, 0x6A, 0x65, 0x00, 0x00, 
0x00, 0x00, 0x00, 0x00, 0x01, 0x6F, 0x75, 0x3F, 0x75, 0x3F, 0x02, 0xBA, 0x02, 0xBA, 0x3C, 0x5F, 
0x3C, 0x5F, 0x03, 0x1F, 0x03, 0x1F, 0x03, 0x1F, 0x02, 0xBA, 0x01, 0x6F, 0xCB, 0x74, 0x3C, 0x5F, 
0x07, 0xFF, 0x07, 0xFF, 0x3C, 0x5F, 0xCB, 0x74, 0xCB, 0x74, 0xCB, 0x74, 0xAA, 0xF1, 0x7A, 0x0C, 
0xAA, 0xF1, 0xCB, 0x74, 0xCB, 0x74, 0xCB, 0x74, 0xCB, 0x74, 0x6A, 0x65, 0x6A, 0x65, 0x00, 0x00, 
0x00, 0x00, 0x00, 0x00, 0x01, 0x6F, 0x75, 0x3F, 0x75, 0x3F, 0x3C, 0x5F, 0x02, 0xBA, 0x03, 0x1F, 
0x03, 0x1F, 0x03, 0x1F, 0x03, 0x1F, 0x03, 0x1F, 0x02, 0xBA, 0x01, 0x6F, 0xCB, 0x74, 0x3C, 0x5F, 
0x3C, 0x5F, 0x3C, 0x5F, 0x3C, 0x5F, 0xCB, 0x74, 0xCB, 0x74, 0xCB, 0x74, 0xAA, 0xF1, 0x7A, 0x0C, 
0x7A, 0x0C, 0x7A, 0x0C, 0xAA, 0xF1, 0xAA, 0xF1, 0xAA, 0xF1, 0x6A, 0x65, 0x6A, 0x65, 0x00, 0x00, 
0x00, 0x00, 0x00, 0x00, 0x01, 0x6F, 0x3C, 0x5F, 0x3C, 0x5F, 0x3C, 0x5F, 0x02, 0xBA, 0x02, 0xBA, 
0x03, 0x1F, 0x03, 0x1F, 0x03, 0x1F, 0x03, 0x1F, 0x02, 0xBA, 0x01, 0x6F, 0xAA, 0xF1, 0xCB, 0x74, 
0xCB, 0x74, 0xCB, 0x74, 0xCB, 0x74, 0xFC, 0x70, 0xE1, 0x20, 0xAA, 0xF1, 0x7A, 0x0C, 0xAA, 0xF1, 
0xAA, 0xF1, 0xAA, 0xF1, 0xFC, 0x70, 0xE1, 0x20, 0x7A, 0x0C, 0x6A, 0x65, 0x6A, 0x65, 0x00, 0x00, 
0x00, 0x00, 0x00, 0x00, 0x01, 0x6F, 0x3C, 0x5F, 0x3C, 0x5F, 0x3C, 0x5F, 0x3C, 0x5F, 0x02, 0xBA, 
0x03, 0x1F, 0x03, 0x1F, 0x03, 0x1F, 0x03, 0x1F, 0x02, 0xBA, 0x01, 0x6F, 0xAA, 0xF1, 0xAA, 0xF1, 
0xAA, 0xF1, 0xAA, 0xF1, 0xAA, 0xF1, 0xE1, 0x20, 0xE1, 0x20, 0xAA, 0xF1, 0x7A, 0x0C, 0x92, 0x8F, 
0xAA, 0xF1, 0xAA, 0xF1, 0xE1, 0x20, 0xE1, 0x20, 0xAA, 0xF1, 0xAA, 0xF1, 0x00, 0x00, 0x00, 0x00, 
0x00, 0x00, 0x01, 0x6F, 0x3C, 0x5F, 0x3C, 0x5F, 0x3C, 0x5F, 0x3C, 0x5F, 0x03, 0x1F, 0x02, 0xBA, 
0x02, 0xBA, 0x03, 0x1F, 0x03, 0x1F, 0x03, 0x1F, 0x02, 0xBA, 0x01, 0x6F, 0x92, 0x8F, 0xAA, 0xF1, 
0xAA, 0xF1, 0xAA, 0xF1, 0xAA, 0xF1, 0xAA, 0xF1, 0xAA, 0xF1, 0x92, 0x8F, 0x7A, 0x0C, 0x7A, 0x0C, 
0x7A, 0x0C, 0xAA, 0xF1, 0xAA, 0xF1, 0x92, 0x8F, 0x7A, 0x0C, 0xCB, 0x74, 0x7A, 0x0C, 0x00, 0x00, 
0x00, 0x00, 0x01, 0x6F, 0x3C, 0x5F, 0x3C, 0x5F, 0x03, 0x1F, 0x03, 0x1F, 0x03, 0x1F, 0x03, 0x1F, 
0x02, 0xBA, 0x03, 0x1F, 0x03, 0x1F, 0x02, 0xBA, 0x02, 0xBA, 0x01, 0x6F, 0x92, 0x8F, 0x92, 0x8F, 
0x92, 0x8F, 0x92, 0x8F, 0x92, 0x8F, 0x92, 0x8F, 0x92, 0x8F, 0x7A, 0x0C, 0x00, 0x00, 0x00, 0x00, 
0x7A, 0x0C, 0x7A, 0x0C, 0x7A, 0x0C, 0x7A, 0x0C, 0xEC, 0x18, 0xCB, 0x74, 0x7A, 0x0C, 0x00, 0x00, 
0x00, 0x00, 0x00, 0x00, 0x01, 0x6F, 0x03, 0x1F, 0x03, 0x1F, 0x03, 0x1F, 0x03, 0x1F, 0x03, 0x1F, 
0x02, 0xBA, 0x02, 0xBA, 0x02, 0xBA, 0x02, 0xBA, 0x02, 0xBA, 0x02, 0xBA, 0x01, 0x6F, 0x92, 0x8F, 
0x92, 0x8F, 0x92, 0x8F, 0x92, 0x8F, 0x92, 0x8F, 0x7A, 0x0C, 0x00, 0x00, 0x00, 0x00, 0x00, 0x00, 
0x00, 0x00, 0x00, 0x00, 0x00, 0x00, 0x7A, 0x0C, 0xCB, 0x74, 0xCB, 0x74, 0x7A, 0x0C, 0x00, 0x00, 
0x00, 0x00, 0x00, 0x00, 0x00, 0x00, 0x01, 0x6F, 0x01, 0x6F, 0x01, 0x6F, 0x01, 0x6F, 0x01, 0x6F, 
0x01, 0x6F, 0x02, 0xBA, 0x02, 0xBA, 0x02, 0xBA, 0x02, 0xBA, 0x02, 0xBA, 0x01, 0x6F, 0x7A, 0x0C, 
0x7A, 0x0C, 0x7A, 0x0C, 0x7A, 0x0C, 0x7A, 0x0C, 0x00, 0x00, 0x00, 0x00, 0x00, 0x00, 0x00, 0x00, 
0x00, 0x00, 0x00, 0x00, 0x00, 0x00, 0x7A, 0x0C, 0xAA, 0xF1, 0xAA, 0xF1, 0x7A, 0x0C, 0x00, 0x00, 
0x00, 0x00, 0x00, 0x00, 0x00, 0x00, 0x00, 0x00, 0x00, 0x00, 0x00, 0x00, 0x00, 0x00, 0x00, 0x00, 
0x00, 0x00, 0x01, 0x6F, 0x02, 0xBA, 0x02, 0xBA, 0x02, 0xBA, 0x02, 0xBA, 0x01, 0x6F, 0x00, 0x00, 
0x00, 0x00, 0x00, 0x00, 0x00, 0x00, 0x00, 0x00, 0x00, 0x00, 0x00, 0x00, 0x00, 0x00, 0x00, 0x00, 
0x00, 0x00, 0x00, 0x00, 0x00, 0x00, 0x7A, 0x0C, 0xAA, 0xF1, 0x7A, 0x0C, 0x00, 0x00, 0x00, 0x00, 
0x00, 0x00, 0x00, 0x00, 0x00, 0x00, 0x00, 0x00, 0x00, 0x00, 0x00, 0x00, 0x00, 0x00, 0x00, 0x00, 
0x00, 0x00, 0x00, 0x00, 0x01, 0x6F, 0x01, 0x6F, 0x01, 0x6F, 0x01, 0x6F, 0x00, 0x00, 0x00, 0x00, 
0x00, 0x00, 0x00, 0x00, 0x00, 0x00, 0x00, 0x00, 0x00, 0x00, 0x00, 0x00, 0x00, 0x00, 0x00, 0x00, 
0x00, 0x00, 0x00, 0x00, 0x7A, 0x0C, 0xAA, 0xF1, 0x7A, 0x0C, 0x00, 0x00, 0x00, 0x00, 0x00, 0x00, 
0x00, 0x00, 0x00, 0x00, 0x00, 0x00, 0x00, 0x00, 0x00, 0x00, 0x00, 0x00, 0x00, 0x00, 0x00, 0x00, 
0x00, 0x00, 0x00, 0x00, 0x00, 0x00, 0x00, 0x00, 0x00, 0x00, 0x00, 0x00, 0x00, 0x00, 0x00, 0x00, 
0x00, 0x00, 0x00, 0x00, 0x00, 0x00, 0x00, 0x00, 0x00, 0x00, 0x00, 0x00, 0x00, 0x00, 0x00, 0x00, 
0x00, 0x00, 0x00, 0x00, 0x7A, 0x0C, 0x7A, 0x0C, 0x00, 0x00, 0x00, 0x00, 0x00, 0x00, 0x00, 0x00, 
0x00, 0x00, 0x00, 0x00, 0x00, 0x00, 0x00, 0x00, 0x00, 0x00, 0x00, 0x00, 0x00, 0x00, 0x00, 0x00, 
0x00, 0x00, 0x00, 0x00, 0x00, 0x00, 0x00, 0x00, 0x00, 0x00, 0x00, 0x00, 0x00, 0x00, 0x00, 0x00, 
0x00, 0x00, 0x00, 0x00, 0x00, 0x00, 0x00, 0x00, 0x00, 0x00, 0x00, 0x00, 0x00, 0x00, 0x00, 0x00, 
0x00, 0x00, 0x00, 0x00, 0x00, 0x00, 0x00, 0x00, 0x00, 0x00, 0x00, 0x00, 0x00, 0x00, 0x00, 0x00
}
},
{
{
0x00, 0x00, 0x00, 0x00, 0x00, 0x00, 0x00, 0x00, 0x00, 0x00, 0x00, 0x00, 0x00, 0x00, 0x00, 0x00, 
0x00, 0x00, 0x00, 0x00, 0x00, 0x00, 0x00, 0x00, 0x00, 0x00, 0x00, 0x00, 0x00, 0x00, 0x00, 0x00, 
0x00, 0x00, 0x00, 0x00, 0x00, 0x00, 0x00, 0x00, 0x00, 0x00, 0x00, 0x00, 0x00, 0x00, 0x00, 0x00, 
0x00, 0x00, 0x00, 0x00, 0x00, 0x00, 0x00, 0x00, 0x00, 0x00, 0x00, 0x00, 0x00, 0x00, 0x00, 0x00, 
0x00, 0x00, 0x00, 0x00, 0x00, 0x00, 0x00, 0x00, 0x00, 0x00, 0x00, 0x00, 0x00, 0x00, 0x00, 0x00, 
0x00, 0x00, 0x00, 0x00, 0x00, 0x00, 0x00, 0x00, 0x00, 0x00, 0x00, 0x00, 0x00, 0x00, 0x00, 0x00, 
0x00, 0x00, 0x00, 0x00, 0x00, 0x00, 0x00, 0x00, 0x00, 0x00, 0x00, 0x00, 0x00, 0x00, 0x00, 0x00, 
0x00, 0x00, 0x00, 0x00, 0x00, 0x00, 0x00, 0x00, 0x00, 0x00, 0x00, 0x00, 0x00, 0x00, 0x00, 0x00, 
0x00, 0x00, 0x00, 0x00, 0x00, 0x00, 0x00, 0x00, 0x00, 0x00, 0x00, 0x00, 0x00, 0x00, 0x00, 0x00, 
0x00, 0x00, 0x00, 0x00, 0x00, 0x00, 0x00, 0x00, 0x00, 0x00, 0x00, 0x00, 0x00, 0x00, 0x00, 0x00, 
0x00, 0x00, 0x00, 0x00, 0x00, 0x00, 0x00, 0x00, 0x00, 0x00, 0x00, 0x00, 0x00, 0x00, 0x00, 0x00, 
0x00, 0x00, 0x00, 0x00, 0x00, 0x00, 0x00, 0x00, 0x00, 0x00, 0x00, 0x00, 0x00, 0x00, 0x00, 0x00, 
0x00, 0x00, 0x00, 0x00, 0x00, 0x00, 0x00, 0x00, 0x00, 0x00, 0x00, 0x00, 0x00, 0x00, 0x00, 0x00, 
0x00, 0x00, 0x00, 0x00, 0x00, 0x00, 0x00, 0x00, 0x00, 0x00, 0x00, 0x00, 0x00, 0x00, 0x00, 0x00, 
0x00, 0x00, 0x00, 0x00, 0x00, 0x00, 0x00, 0x00, 0x00, 0x00, 0x00, 0x00, 0x00, 0x00, 0x00, 0x00, 
0x00, 0x00, 0x00, 0x00, 0x00, 0x00, 0x00, 0x00, 0x00, 0x00, 0x00, 0x00, 0x00, 0x00, 0x00, 0x00, 
0x00, 0x00, 0x00, 0x00, 0x00, 0x00, 0x00, 0x00, 0x00, 0x00, 0x00, 0x00, 0x00, 0x00, 0x00, 0x00, 
0x00, 0x00, 0x01, 0x6F, 0x01, 0x6F, 0x01, 0x6F, 0x00, 0x00, 0x00, 0x00, 0x00, 0x00, 0x00, 0x00, 
0x00, 0x00, 0x00, 0x00, 0x00, 0x00, 0x00, 0x00, 0x00, 0x00, 0x00, 0x00, 0x00, 0x00, 0x00, 0x00, 
0x00, 0x00, 0x00, 0x00, 0x00, 0x00, 0x00, 0x00, 0x00, 0x00, 0x00, 0x00, 0x00, 0x00, 0x00, 0x00, 
0x00, 0x00, 0x00, 0x00, 0x00, 0x00, 0x00, 0x00, 0x00, 0x00, 0x00, 0x00, 0x00, 0x00, 0x01, 0x6F, 
0x01, 0x6F, 0x3C, 0x5F, 0x03, 0x1F, 0x01, 0x6F, 0xCB, 0x74, 0xCB, 0x74, 0xCB, 0x74, 0xCB, 0x74, 
0xCB, 0x74, 0xCB, 0x74, 0xCB, 0x74, 0xE1, 0x20, 0x00, 0x00, 0x00, 0x00, 0x00, 0x00, 0x00, 0x00, 
0x00, 0x00, 0x00, 0x00, 0x00, 0x00, 0x00, 0x00, 0x00, 0x00, 0x00, 0x00, 0x00, 0x00, 0x00, 0x00, 
0x00, 0x00, 0x00, 0x00, 0x00, 0x00, 0x00, 0x00, 0x00, 0x00, 0x01, 0x6F, 0x01, 0x6F, 0x3C, 0x5F, 
0x3C, 0x5F, 0x3C, 0x5F, 0x03, 0x1F, 0x01, 0x6F, 0xFC, 0x9B, 0xFC, 0x9B, 0xFC, 0x9B, 0xFC, 0x9B, 
0xFC, 0x9B, 0xFC, 0x9B, 0xFC, 0x9B, 0xE1, 0x20, 0xFC, 0x9B, 0x00, 0x00, 0x00, 0x00, 0x00, 0x00, 
0x00, 0x00, 0x00, 0x00, 0x00, 0x00, 0x00, 0x00, 0x00, 0x00, 0x00, 0x00, 0x00, 0x00, 0x00, 0x00, 
0x00, 0x00, 0x00, 0x00, 0x00, 0x00, 0x00, 0x00, 0x01, 0x6F, 0x3C, 0x5F, 0x75, 0x3F, 0x75, 0x3F, 
0x3C, 0x5F, 0x3C, 0x5F, 0x03, 0x1F, 0x01, 0x6F, 0xFC, 0x9B, 0xFC, 0x9B, 0xFC, 0x9B, 0xFC, 0x9B, 
0xFC, 0x9B, 0xFC, 0x9B, 0xFC, 0x9B, 0xE1, 0x20, 0xCB, 0x74, 0xAA, 0xF1, 0x00, 0x00, 0x00, 0x00, 
0x00, 0x00, 0x00, 0x00, 0x00, 0x00, 0x00, 0x00, 0x00, 0x00, 0x00, 0x00, 0x00, 0x00, 0x00, 0x00, 
0x00, 0x00, 0x00, 0x00, 0x00, 0x00, 0x01, 0x6F, 0x3C, 0x5F, 0x75, 0x3F, 0x75, 0x3F, 0x75, 0x3F, 
0x3C, 0x5F, 0x3C, 0x5F, 0x03, 0x1F, 0x01, 0x6F, 0xEC, 0x18, 0xEC, 0x18, 0xEC, 0x18, 0xEC, 0x18, 
0xEC, 0x18, 0xEC, 0x18, 0xEC, 0x18, 0xE1, 0x20, 0xCB, 0x74, 0xAA, 0xF1, 0x7A, 0x0C, 0x00, 0x00, 
0x00, 0x00, 0x00, 0x00, 0x00, 0x00, 0x00, 0x00, 0x00, 0x00, 0x00, 0x00, 0x00, 0x00, 0x00, 0x00, 
0x00, 0x00, 0x00, 0x00, 0x00, 0x00, 0x01, 0x6F, 0x3C, 0x5F, 0x75, 0x3F, 0x75, 0x3F, 0x75, 0x3F, 
0x3C, 0x5F, 0x3C, 0x5F, 0x03, 0x1F, 0x01, 0x6F, 0xEC, 0x18, 0xEC, 0x18, 0xEC, 0x18, 0xEC, 0x18, 
0xEC, 0x18, 0xEC, 0x18, 0xEC, 0x18, 0xE1, 0x20, 0xCB, 0x74, 0xAA, 0xF1, 0x7A, 0x0C, 0xAA, 0xF1, 
0xB6, 0xF1, 0xB6, 0xF1, 0xB6, 0xF1, 0x00, 0x00, 0x00, 0x00, 0x00, 0x00, 0x00, 0x00, 0x00, 0x00, 
0x00, 0x00, 0x00, 0x00, 0x00, 0x00, 0x01, 0x6F, 0x75, 0x3F, 0x75, 0x3F, 0x75, 0x3F, 0x75, 0x3F, 
0x3C, 0x5F, 0x3C, 0x5F, 0x03, 0x1F, 0x01, 0x6F, 0xCB, 0x74, 0xCB, 0x74, 0xCB, 0x74, 0xCB, 0x74, 
0xCB, 0x74, 0xCB, 0x74, 0xCB, 0x74, 0xCB, 0x74, 0xCB, 0x74, 0xAA, 0xF1, 0x7A, 0x0C, 0x92, 0x8F, 
0x75, 0xC8, 0x75, 0xC8, 0x75, 0xC8, 0x75, 0xC8, 0x00, 0x00, 0x00, 0x00, 0x00, 0x00, 0x00, 0x00, 
0x00, 0x00, 0x00, 0x00, 0x01, 0x6F, 0x03, 0x1F, 0x75, 0x3F, 0x75, 0x3F, 0x75, 0x3F, 0x3C, 0x5F, 
0x3C, 0x5F, 0x3C, 0x5F, 0x03, 0x1F, 0x01, 0x6F, 0xCB, 0x74, 0xCB, 0x74, 0x3C, 0x5F, 0x07, 0xFF, 
0x07, 0xFF, 0x3C, 0x5F, 0xCB, 0x74, 0xCB, 0x74, 0xAA, 0xF1, 0xAA, 0xF1, 0x7A, 0x0C, 0x92, 0x8F, 
0x64, 0xE6, 0x75, 0xC8, 0x75, 0xC8, 0x75, 0xC8, 0x7A, 0x0C, 0x00, 0x00, 0x00, 0x00, 0x00, 0x00, 
0x00, 0x00, 0x01, 0x6F, 0x03, 0x1F, 0x03, 0x1F, 0x75, 0x3F, 0x75, 0x3F, 0x3C, 0x5F, 0x3C, 0x5F, 
0x3C, 0x5F, 0x3C, 0x5F, 0x03, 0x1F, 0x01, 0x6F, 0xCB, 0x74, 0xCB, 0x74, 0x3C, 0x5F, 0x3C, 0x5F, 
0x3C, 0x5F, 0x3C, 0x5F, 0xCB, 0x74, 0xAA, 0xF1, 0xAA, 0xF1, 0xAA, 0xF1, 0x7A, 0x0C, 0x92, 0x8F, 
0x64, 0xE6, 0x64, 0xE6, 0x64, 0xE6, 0x75, 0xC8, 0x8B, 0x69, 0x8B, 0x69, 0x00, 0x00, 0x00, 0x00, 
0x00, 0x00, 0x01, 0x6F, 0x03, 0x1F, 0x03, 0x1F, 0x3C, 0x5F, 0x3C, 0x5F, 0x3C, 0x5F, 0x3C, 0x5F, 
0x3C, 0x5F, 0x3C, 0x5F, 0x03, 0x1F, 0x01, 0x6F, 0xAA, 0xF1, 0xCB, 0x74, 0xCB, 0x74, 0xCB, 0x74, 
0xCB, 0x74, 0xCB, 0x74, 0xCB, 0x74, 0xAA, 0xF1, 0xAA, 0xF1, 0xAA, 0xF1, 0x7A, 0x0C, 0x92, 0x8F, 
0x92, 0x8F, 0x92, 0x8F, 0x64, 0xE6, 0x64, 0xE6, 0x8B, 0x69, 0x8B, 0x69, 0x00, 0x00, 0x00, 0x00, 
0x00, 0x00, 0x01, 0x6F, 0x03, 0x1F, 0x03, 0x1F, 0x03, 0x1F, 0x3C, 0x5F, 0x3C, 0x5F, 0x3C, 0x5F, 
0x3C, 0x5F, 0x3C, 0x5F, 0x03, 0x1F, 0x01, 0x6F, 0xAA, 0xF1, 0xCB, 0x74, 0xCB, 0x74, 0xCB, 0x74, 
0xCB, 0x74, 0xCB, 0x74, 0xFC, 0x70, 0xE1, 0x20, 0xAA, 0xF1, 0xAA, 0xF1, 0x7A, 0x0C, 0x92, 0x8F, 
0x92, 0x8F, 0x92, 0x8F, 0x64, 0xE6, 0x64, 0xE6, 0x8B, 0x69, 0x8B, 0x69, 0x00, 0x00, 0x00, 0x00, 
0x00, 0x00, 0x01, 0x6F, 0x3C, 0x5F, 0x3C, 0x5F, 0x03, 0x1F, 0x03, 0x1F, 0x3C, 0x5F, 0x3C, 0x5F, 
0x3C, 0x5F, 0x03, 0x1F, 0x03, 0x1F, 0x01, 0x6F, 0xAA, 0xF1, 0xAA, 0xF1, 0xAA, 0xF1, 0xAA, 0xF1, 
0xAA, 0xF1, 0xAA, 0xF1, 0xE1, 0x20, 0xE1, 0x20, 0xAA, 0xF1, 0xAA, 0xF1, 0x7A, 0x0C, 0x92, 0x8F, 
0x92, 0x8F, 0x92, 0x8F, 0x4B, 0xC5, 0x4B, 0xC5, 0x8B, 0x69, 0x8B, 0x69, 0x00, 0x00, 0x00, 0x00, 
0x00, 0x00, 0x01, 0x6F, 0x75, 0x3F, 0x75, 0x3F, 0x3C, 0x5F, 0x03, 0x1F, 0x3C, 0x5F, 0x03, 0x1F, 
0x03, 0x1F, 0x03, 0x1F, 0x03, 0x1F, 0x01, 0x6F, 0xAA, 0xF1, 0xAA, 0xF1, 0xAA, 0xF1, 0xAA, 0xF1, 
0xAA, 0xF1, 0xAA, 0xF1, 0xAA, 0xF1, 0xAA, 0xF1, 0x92, 0x8F, 0x92, 0x8F, 0x7A, 0x0C, 0x92, 0x8F, 
0x92, 0x8F, 0x92, 0x8F, 0x92, 0x8F, 0x92, 0x8F, 0x6A, 0x65, 0x8B, 0x69, 0x00, 0x00, 0x00, 0x00, 
0x00, 0x00, 0x01, 0x6F, 0x75, 0x3F, 0x75, 0x3F, 0x75, 0x3F, 0x3C, 0x5F, 0x03, 0x1F, 0x03, 0x1F, 
0x03, 0x1F, 0x02, 0xBA, 0x02, 0xBA, 0x01, 0x6F, 0xAA, 0xF1, 0xAA, 0xF1, 0xAA, 0xF1, 0xAA, 0xF1, 
0xAA, 0xF1, 0xAA, 0xF1, 0xAA, 0xF1, 0x92, 0x8F, 0x92, 0x8F, 0x92, 0x8F, 0x7A, 0x0C, 0x92, 0x8F, 
0x92, 0x8F, 0x92, 0x8F, 0x92, 0x8F, 0x92, 0x8F, 0x6A, 0x65, 0x6A, 0x65, 0x00, 0x00, 0x00, 0x00, 
0x00, 0x00, 0x01, 0x6F, 0x75, 0x3F, 0x75, 0x3F, 0x75, 0x3F, 0x3C, 0x5F, 0x03, 0x1F, 0x03, 0x1F, 
0x02, 0xBA, 0x02, 0xBA, 0x02, 0xBA, 0x01, 0x6F, 0x92, 0x8F, 0xAA, 0xF1, 0xAA, 0xF1, 0xAA, 0xF1, 
0x92, 0x8F, 0x92, 0x8F, 0x92, 0x8F, 0x92, 0x8F, 0x92, 0x8F, 0x7A, 0x0C, 0x92, 0x8F, 0x92, 0x8F, 
0x92, 0x8F, 0x92, 0x8F, 0x92, 0x8F, 0x92, 0x8F, 0x6A, 0x65, 0x6A, 0x65, 0x00, 0x00, 0x00, 0x00, 
0x00, 0x00, 0x01, 0x6F, 0x3C, 0x5F, 0x75, 0x3F, 0x75, 0x3F, 0x3C, 0x5F, 0x3C, 0x5F, 0x03, 0x1F, 
0x02, 0xBA, 0x02, 0xBA, 0x02, 0xBA, 0x01, 0x6F, 0x92, 0x8F, 0x92, 0x8F, 0x92, 0x8F, 0x92, 0x8F, 
0x92, 0x8F, 0x92, 0x8F, 0x92, 0x8F, 0x92, 0x8F, 0x92, 0x8F, 0x7A, 0x0C, 0x92, 0x8F, 0x92, 0x8F, 
0x92, 0x8F, 0x92, 0x8F, 0x92, 0x8F, 0x92, 0x8F, 0x6A, 0x65, 0x6A, 0x65, 0x00, 0x00, 0x00, 0x00, 
0x00, 0x00, 0x01, 0x6F, 0x3C, 0x5F, 0x3C, 0x5F, 0x75, 0x3F, 0x3C, 0x5F, 0x3C, 0x5F, 0x03, 0x1F, 
0x02, 0xBA, 0x02, 0xBA, 0x02, 0xBA, 0x01, 0x6F, 0x01, 0x6F, 0x92, 0x8F, 0x92, 0x8F, 0x92, 0x8F, 
0x92, 0x8F, 0x92, 0x8F, 0x92, 0x8F, 0x92, 0x8F, 0x92, 0x8F, 0x7A, 0x0C, 0x92, 0x8F, 0x92, 0x8F, 
0xFC, 0x70, 0xE1, 0x20, 0x92, 0x8F, 0x7A, 0x0C, 0x00, 0x00, 0x00, 0x00, 0x00, 0x00, 0x00, 0x00, 
0x00, 0x00, 0x01, 0x6F, 0x3C, 0x5F, 0x3C, 0x5F, 0x3C, 0x5F, 0x3C, 0x5F, 0x3C, 0x5F, 0x3C, 0x5F, 
0x03, 0x1F, 0x02, 0xBA, 0x02, 0xBA, 0x01, 0x6F, 0x01, 0x6F, 0x92, 0x8F, 0x92, 0x8F, 0x92, 0x8F, 
0x92, 0x8F, 0x92, 0x8F, 0x92, 0x8F, 0x92, 0x8F, 0x92, 0x8F, 0x7A, 0x0C, 0x92, 0x8F, 0x92, 0x8F, 
0xE1, 0x20, 0xE1, 0x20, 0x92, 0x8F, 0x7A, 0x0C, 0x00, 0x00, 0x00, 0x00, 0x00, 0x00, 0x00, 0x00, 
0x00, 0x00, 0x00, 0x00, 0x01, 0x6F, 0x03, 0x1F, 0x3C, 0x5F, 0x3C, 0x5F, 0x3C, 0x5F, 0x3C, 0x5F, 
0x03, 0x1F, 0x03, 0x1F, 0x02, 0xBA, 0x01, 0x6F, 0x01, 0x6F, 0x01, 0x6F, 0x92, 0x8F, 0x92, 0x8F, 
0x92, 0x8F, 0x92, 0x8F, 0x92, 0x8F, 0x92, 0x8F, 0x92, 0x8F, 0x7A, 0x0C, 0x92, 0x8F, 0x92, 0x8F, 
0x92, 0x8F, 0x92, 0x8F, 0x92, 0x8F, 0x7A, 0x0C, 0x00, 0x00, 0x00, 0x00, 0x00, 0x00, 0x00, 0x00, 
0x00, 0x00, 0x00, 0x00, 0x01, 0x6F, 0x03, 0x1F, 0x03, 0x1F, 0x3C, 0x5F, 0x3C, 0x5F, 0x3C, 0x5F, 
0x3C, 0x5F, 0x03, 0x1F, 0x02, 0xBA, 0x01, 0x6F, 0x01, 0x6F, 0x01, 0x6F, 0x92, 0x8F, 0x92, 0x8F, 
0x92, 0x8F, 0x92, 0x8F, 0x92, 0x8F, 0x92, 0x8F, 0x92, 0x8F, 0x7A, 0x0C, 0x7A, 0x0C, 0x7A, 0x0C, 
0x7A, 0x0C, 0x92, 0x8F, 0x92, 0x8F, 0x7A, 0x0C, 0x00, 0x00, 0x00, 0x00, 0x00, 0x00, 0x00, 0x00, 
0x00, 0x00, 0x01, 0x6F, 0x75, 0x3F, 0x03, 0x1F, 0x03, 0x1F, 0x03, 0x1F, 0x03, 0x1F, 0x3C, 0x5F, 
0x3C, 0x5F, 0x3C, 0x5F, 0x03, 0x1F, 0x01, 0x6F, 0x01, 0x6F, 0x01, 0x6F, 0x01, 0x6F, 0x92, 0x8F, 
0x92, 0x8F, 0x92, 0x8F, 0x92, 0x8F, 0x92, 0x8F, 0x92, 0x8F, 0x7A, 0x0C, 0x00, 0x00, 0x00, 0x00, 
0x7A, 0x0C, 0x92, 0x8F, 0x92, 0x8F, 0x7A, 0x0C, 0x00, 0x00, 0x00, 0x00, 0x00, 0x00, 0x00, 0x00, 
0x00, 0x00, 0x01, 0x6F, 0x75, 0x3F, 0x3C, 0x5F, 0x03, 0x1F, 0x03, 0x1F, 0x03, 0x1F, 0x03, 0x1F, 
0x3C, 0x5F, 0x3C, 0x5F, 0x03, 0x1F, 0x03, 0x1F, 0x01, 0x6F, 0x01, 0x6F, 0x01, 0x6F, 0x01, 0x6F, 
0x92, 0x8F, 0x92, 0x8F, 0x92, 0x8F, 0x92, 0x8F, 0x7A, 0x0C, 0x00, 0x00, 0x00, 0x00, 0x00, 0x00, 
0x7A, 0x0C, 0x92, 0x8F, 0x92, 0x8F, 0x7A, 0x0C, 0x00, 0x00, 0x00, 0x00, 0x00, 0x00, 0x00, 0x00, 
0x00, 0x00, 0x01, 0x6F, 0x75, 0x3F, 0x3C, 0x5F, 0x03, 0x1F, 0x02, 0xBA, 0x02, 0xBA, 0x03, 0x1F, 
0x03, 0x1F, 0x3C, 0x5F, 0x3C, 0x5F, 0x03, 0x1F, 0x01, 0x6F, 0x01, 0x6F, 0x01, 0x6F, 0x01, 0x6F, 
0x92, 0x8F, 0x92, 0x8F, 0x92, 0x8F, 0x7A, 0x0C, 0x00, 0x00, 0x00, 0x00, 0x00, 0x00, 0x00, 0x00, 
0x7A, 0x0C, 0x92, 0x8F, 0x92, 0x8F, 0x7A, 0x0C, 0x00, 0x00, 0x00, 0x00, 0x00, 0x00, 0x00, 0x00, 
0x01, 0x6F, 0x3C, 0x5F, 0x3C, 0x5F, 0x03, 0x1F, 0x03, 0x1F, 0x02, 0xBA, 0x02, 0xBA, 0x02, 0xBA, 
0x03, 0x1F, 0x03, 0x1F, 0x3C, 0x5F, 0x03, 0x1F, 0x03, 0x1F, 0x01, 0x6F, 0x01, 0x6F, 0x01, 0x6F, 
0x7A, 0x0C, 0x7A, 0x0C, 0x7A, 0x0C, 0x00, 0x00, 0x00, 0x00, 0x00, 0x00, 0x00, 0x00, 0x00, 0x00, 
0x00, 0x00, 0x7A, 0x0C, 0x92, 0x8F, 0x7A, 0x0C, 0x00, 0x00, 0x00, 0x00, 0x00, 0x00, 0x00, 0x00, 
0x01, 0x6F, 0x03, 0x1F, 0x03, 0x1F, 0x03, 0x1F, 0x03, 0x1F, 0x02, 0xBA, 0x02, 0xBA, 0x02, 0xBA, 
0x02, 0xBA, 0x03, 0x1F, 0x3C, 0x5F, 0x3C, 0x5F, 0x03, 0x1F, 0x01, 0x6F, 0x01, 0x6F, 0x01, 0x6F, 
0x00, 0x00, 0x00, 0x00, 0x00, 0x00, 0x00, 0x00, 0x00, 0x00, 0x00, 0x00, 0x00, 0x00, 0x00, 0x00, 
0x00, 0x00, 0x7A, 0x0C, 0x92, 0x8F, 0x7A, 0x0C, 0x00, 0x00, 0x00, 0x00, 0x00, 0x00, 0x00, 0x00, 
0x00, 0x00, 0x01, 0x6F, 0x03, 0x1F, 0x03, 0x1F, 0x03, 0x1F, 0x02, 0xBA, 0x01, 0x6F, 0x01, 0x6F, 
0x01, 0x6F, 0x02, 0xBA, 0x3C, 0x5F, 0x3C, 0x5F, 0x03, 0x1F, 0x01, 0x6F, 0x01, 0x6F, 0x00, 0x00, 
0x00, 0x00, 0x00, 0x00, 0x00, 0x00, 0x00, 0x00, 0x00, 0x00, 0x00, 0x00, 0x00, 0x00, 0x00, 0x00, 
0x00, 0x00, 0x7A, 0x0C, 0x92, 0x8F, 0x7A, 0x0C, 0x00, 0x00, 0x00, 0x00, 0x00, 0x00, 0x00, 0x00, 
0x00, 0x00, 0x00, 0x00, 0x01, 0x6F, 0x01, 0x6F, 0x01, 0x6F, 0x01, 0x6F, 0x00, 0x00, 0x00, 0x00, 
0x00, 0x00, 0x01, 0x6F, 0x01, 0x6F, 0x01, 0x6F, 0x01, 0x6F, 0x00, 0x00, 0x00, 0x00, 0x00, 0x00, 
0x00, 0x00, 0x00, 0x00, 0x00, 0x00, 0x00, 0x00, 0x00, 0x00, 0x00, 0x00, 0x00, 0x00, 0x00, 0x00, 
0x00, 0x00, 0x7A, 0x0C, 0x92, 0x8F, 0x7A, 0x0C, 0x00, 0x00, 0x00, 0x00, 0x00, 0x00, 0x00, 0x00, 
0x00, 0x00, 0x00, 0x00, 0x00, 0x00, 0x00, 0x00, 0x00, 0x00, 0x00, 0x00, 0x00, 0x00, 0x00, 0x00, 
0x00, 0x00, 0x00, 0x00, 0x00, 0x00, 0x00, 0x00, 0x00, 0x00, 0x00, 0x00, 0x00, 0x00, 0x00, 0x00, 
0x00, 0x00, 0x00, 0x00, 0x00, 0x00, 0x00, 0x00, 0x00, 0x00, 0x00, 0x00, 0x00, 0x00, 0x00, 0x00, 
0x00, 0x00, 0x00, 0x00, 0x7A, 0x0C, 0x7A, 0x0C, 0x00, 0x00, 0x00, 0x00, 0x00, 0x00, 0x00, 0x00
}
,
{
0x00, 0x00, 0x00, 0x00, 0x00, 0x00, 0x00, 0x00, 0x00, 0x00, 0x00, 0x00, 0x00, 0x00, 0x00, 0x00, 
0x00, 0x00, 0x00, 0x00, 0x00, 0x00, 0x00, 0x00, 0x00, 0x00, 0x00, 0x00, 0x00, 0x00, 0x00, 0x00, 
0x00, 0x00, 0x00, 0x00, 0x00, 0x00, 0x00, 0x00, 0x00, 0x00, 0x00, 0x00, 0x00, 0x00, 0x00, 0x00, 
0x00, 0x00, 0x00, 0x00, 0x00, 0x00, 0x00, 0x00, 0x00, 0x00, 0x00, 0x00, 0x00, 0x00, 0x00, 0x00, 
0x00, 0x00, 0x00, 0x00, 0x00, 0x00, 0x00, 0x00, 0x00, 0x00, 0x00, 0x00, 0x00, 0x00, 0x00, 0x00, 
0x00, 0x00, 0x00, 0x00, 0x00, 0x00, 0x00, 0x00, 0x00, 0x00, 0x00, 0x00, 0x00, 0x00, 0x00, 0x00, 
0x00, 0x00, 0x00, 0x00, 0x00, 0x00, 0x00, 0x00, 0x00, 0x00, 0x00, 0x00, 0x00, 0x00, 0x00, 0x00, 
0x00, 0x00, 0x00, 0x00, 0x00, 0x00, 0x00, 0x00, 0x00, 0x00, 0x00, 0x00, 0x00, 0x00, 0x00, 0x00, 
0x00, 0x00, 0x00, 0x00, 0x00, 0x00, 0x00, 0x00, 0x00, 0x00, 0x00, 0x00, 0x00, 0x00, 0x00, 0x00, 
0x00, 0x00, 0x00, 0x00, 0x00, 0x00, 0x00, 0x00, 0x00, 0x00, 0x00, 0x00, 0x00, 0x00, 0x00, 0x00, 
0x00, 0x00, 0x00, 0x00, 0x00, 0x00, 0x00, 0x00, 0x00, 0x00, 0x00, 0x00, 0x00, 0x00, 0x00, 0x00, 
0x00, 0x00, 0x00, 0x00, 0x00, 0x00, 0x00, 0x00, 0x00, 0x00, 0x00, 0x00, 0x00, 0x00, 0x00, 0x00, 
0x00, 0x00, 0x00, 0x00, 0x00, 0x00, 0x00, 0x00, 0x00, 0x00, 0x00, 0x00, 0x00, 0x00, 0x00, 0x00, 
0x00, 0x00, 0x00, 0x00, 0x00, 0x00, 0x00, 0x00, 0x00, 0x00, 0x00, 0x00, 0x00, 0x00, 0x00, 0x00, 
0x00, 0x00, 0x00, 0x00, 0x00, 0x00, 0x00, 0x00, 0x00, 0x00, 0x00, 0x00, 0x00, 0x00, 0x00, 0x00, 
0x00, 0x00, 0x00, 0x00, 0x00, 0x00, 0x00, 0x00, 0x00, 0x00, 0x00, 0x00, 0x00, 0x00, 0x00, 0x00, 
0x00, 0x00, 0x00, 0x00, 0x00, 0x00, 0x00, 0x00, 0x00, 0x00, 0x00, 0x00, 0x00, 0x00, 0x00, 0x00, 
0x00, 0x00, 0x00, 0x00, 0x01, 0x6F, 0x01, 0x6F, 0x01, 0x6F, 0x00, 0x00, 0x00, 0x00, 0x00, 0x00, 
0x00, 0x00, 0x00, 0x00, 0x00, 0x00, 0x00, 0x00, 0x00, 0x00, 0x00, 0x00, 0x00, 0x00, 0x00, 0x00, 
0x00, 0x00, 0x00, 0x00, 0x00, 0x00, 0x00, 0x00, 0x00, 0x00, 0x00, 0x00, 0x00, 0x00, 0x00, 0x00, 
0x00, 0x00, 0x00, 0x00, 0x00, 0x00, 0x00, 0x00, 0x00, 0x00, 0x00, 0x00, 0x00, 0x00, 0x00, 0x00, 
0x01, 0x6F, 0x01, 0x6F, 0x3C, 0x5F, 0x03, 0x1F, 0x01, 0x6F, 0xCB, 0x74, 0xCB, 0x74, 0xCB, 0x74, 
0xCB, 0x74, 0xCB, 0x74, 0xCB, 0x74, 0xCB, 0x74, 0xE1, 0x20, 0x00, 0x00, 0x00, 0x00, 0x00, 0x00, 
0x00, 0x00, 0x00, 0x00, 0x00, 0x00, 0x00, 0x00, 0x00, 0x00, 0x00, 0x00, 0x00, 0x00, 0x00, 0x00, 
0x00, 0x00, 0x00, 0x00, 0x00, 0x00, 0x00, 0x00, 0x00, 0x00, 0x00, 0x00, 0x01, 0x6F, 0x01, 0x6F, 
0x3C, 0x5F, 0x3C, 0x5F, 0x3C, 0x5F, 0x03, 0x1F, 0x01, 0x6F, 0xFC, 0x9B, 0xFC, 0x9B, 0xFC, 0x9B, 
0xFC, 0x9B, 0xFC, 0x9B, 0xFC, 0x9B, 0xFC, 0x9B, 0xE1, 0x20, 0xFC, 0x9B, 0x00, 0x00, 0x00, 0x00, 
0x00, 0x00, 0x00, 0x00, 0x00, 0x00, 0x00, 0x00, 0x00, 0x00, 0x00, 0x00, 0x00, 0x00, 0x00, 0x00, 
0x00, 0x00, 0x00, 0x00, 0x00, 0x00, 0x00, 0x00, 0x00, 0x00, 0x01, 0x6F, 0x3C, 0x5F, 0x75, 0x3F, 
0x75, 0x3F, 0x3C, 0x5F, 0x3C, 0x5F, 0x03, 0x1F, 0x01, 0x6F, 0xFC, 0x9B, 0xFC, 0x9B, 0xFC, 0x9B, 
0xFC, 0x9B, 0xFC, 0x9B, 0xFC, 0x9B, 0xFC, 0x9B, 0xE1, 0x20, 0xCB, 0x74, 0xAA, 0xF1, 0x00, 0x00, 
0x00, 0x00, 0x00, 0x00, 0x00, 0x00, 0x00, 0x00, 0x00, 0x00, 0x00, 0x00, 0x00, 0x00, 0x00, 0x00, 
0x00, 0x00, 0x00, 0x00, 0x00, 0x00, 0x00, 0x00, 0x01, 0x6F, 0x3C, 0x5F, 0x75, 0x3F, 0x75, 0x3F, 
0x75, 0x3F, 0x3C, 0x5F, 0x3C, 0x5F, 0x03, 0x1F, 0x01, 0x6F, 0xEC, 0x18, 0xEC, 0x18, 0xEC, 0x18, 
0xEC, 0x18, 0xEC, 0x18, 0xEC, 0x18, 0xEC, 0x18, 0xE1, 0x20, 0xCB, 0x74, 0xAA, 0xF1, 0x7A, 0x0C, 
0x00, 0x00, 0x00, 0x00, 0x00, 0x00, 0x00, 0x00, 0x00, 0x00, 0x00, 0x00, 0x00, 0x00, 0x00, 0x00, 
0x00, 0x00, 0x00, 0x00, 0x00, 0x00, 0x00, 0x00, 0x01, 0x6F, 0x3C, 0x5F, 0x75, 0x3F, 0x75, 0x3F, 
0x75, 0x3F, 0x3C, 0x5F, 0x3C, 0x5F, 0x03, 0x1F, 0x01, 0x6F, 0xEC, 0x18, 0xEC, 0x18, 0xEC, 0x18, 
0xEC, 0x18, 0xEC, 0x18, 0xEC, 0x18, 0xEC, 0x18, 0xE1, 0x20, 0xCB, 0x74, 0xAA, 0xF1, 0x7A, 0x0C, 
0xAA, 0xF1, 0xB6, 0xF1, 0xB6, 0xF1, 0xB6, 0xF1, 0x00, 0x00, 0x8B, 0x69, 0x8B, 0x69, 0x00, 0x00, 
0x00, 0x00, 0x00, 0x00, 0x00, 0x00, 0x00, 0x00, 0x01, 0x6F, 0x75, 0x3F, 0x75, 0x3F, 0x75, 0x3F, 
0x75, 0x3F, 0x3C, 0x5F, 0x3C, 0x5F, 0x03, 0x1F, 0x01, 0x6F, 0xCB, 0x74, 0xCB, 0x74, 0xCB, 0x74, 
0xCB, 0x74, 0xCB, 0x74, 0xCB, 0x74, 0xCB, 0x74, 0xCB, 0x74, 0xCB, 0x74, 0xAA, 0xF1, 0x7A, 0x0C, 
0x92, 0x8F, 0x75, 0xC8, 0x75, 0xC8, 0x75, 0xC8, 0x75, 0xC8, 0x8B, 0x69, 0x8B, 0x69, 0x00, 0x00, 
0x00, 0x00, 0x00, 0x00, 0x00, 0x00, 0x01, 0x6F, 0x03, 0x1F, 0x75, 0x3F, 0x75, 0x3F, 0x75, 0x3F, 
0x3C, 0x5F, 0x3C, 0x5F, 0x3C, 0x5F, 0x03, 0x1F, 0x01, 0x6F, 0xCB, 0x74, 0xCB, 0x74, 0x3C, 0x5F, 
0x07, 0xFF, 0x07, 0xFF, 0x3C, 0x5F, 0xCB, 0x74, 0xCB, 0x74, 0xAA, 0xF1, 0xAA, 0xF1, 0x7A, 0x0C, 
0x92, 0x8F, 0x64, 0xE6, 0x64, 0xE6, 0x75, 0xC8, 0x75, 0xC8, 0x8B, 0x69, 0x8B, 0x69, 0x00, 0x00, 
0x00, 0x00, 0x00, 0x00, 0x01, 0x6F, 0x03, 0x1F, 0x03, 0x1F, 0x75, 0x3F, 0x75, 0x3F, 0x3C, 0x5F, 
0x3C, 0x5F, 0x3C, 0x5F, 0x3C, 0x5F, 0x03, 0x1F, 0x01, 0x6F, 0xCB, 0x74, 0xCB, 0x74, 0x3C, 0x5F, 
0x3C, 0x5F, 0x3C, 0x5F, 0x3C, 0x5F, 0xCB, 0x74, 0xAA, 0xF1, 0xAA, 0xF1, 0xAA, 0xF1, 0x7A, 0x0C, 
0x92, 0x8F, 0x64, 0xE6, 0x64, 0xE6, 0x64, 0xE6, 0x64, 0xE6, 0x8B, 0x69, 0x8B, 0x69, 0x00, 0x00, 
0x00, 0x00, 0x00, 0x00, 0x01, 0x6F, 0x03, 0x1F, 0x03, 0x1F, 0x3C, 0x5F, 0x3C, 0x5F, 0x3C, 0x5F, 
0x3C, 0x5F, 0x3C, 0x5F, 0x3C, 0x5F, 0x03, 0x1F, 0x01, 0x6F, 0xAA, 0xF1, 0xCB, 0x74, 0xCB, 0x74, 
0xCB, 0x74, 0xCB, 0x74, 0xCB, 0x74, 0xCB, 0x74, 0xAA, 0xF1, 0xAA, 0xF1, 0xAA, 0xF1, 0x7A, 0x0C, 
0x92, 0x8F, 0x92, 0x8F, 0x92, 0x8F, 0x64, 0xE6, 0x64, 0xE6, 0x6A, 0x65, 0x6A, 0x65, 0x00, 0x00, 
0x00, 0x00, 0x00, 0x00, 0x01, 0x6F, 0x03, 0x1F, 0x03, 0x1F, 0x03, 0x1F, 0x3C, 0x5F, 0x3C, 0x5F, 
0x3C, 0x5F, 0x3C, 0x5F, 0x3C, 0x5F, 0x03, 0x1F, 0x01, 0x6F, 0xAA, 0xF1, 0xCB, 0x74, 0xCB, 0x74, 
0xCB, 0x74, 0xCB, 0x74, 0xCB, 0x74, 0xFC, 0x70, 0xE1, 0x20, 0xAA, 0xF1, 0xAA, 0xF1, 0x7A, 0x0C, 
0x92, 0x8F, 0x92, 0x8F, 0x92, 0x8F, 0x64, 0xE6, 0x64, 0xE6, 0x6A, 0x65, 0x6A, 0x65, 0x00, 0x00, 
0x00, 0x00, 0x00, 0x00, 0x01, 0x6F, 0x3C, 0x5F, 0x3C, 0x5F, 0x03, 0x1F, 0x03, 0x1F, 0x3C, 0x5F, 
0x3C, 0x5F, 0x3C, 0x5F, 0x03, 0x1F, 0x03, 0x1F, 0x01, 0x6F, 0xAA, 0xF1, 0xAA, 0xF1, 0xAA, 0xF1, 
0xAA, 0xF1, 0xAA, 0xF1, 0xAA, 0xF1, 0xE1, 0x20, 0xE1, 0x20, 0xAA, 0xF1, 0xAA, 0xF1, 0x7A, 0x0C, 
0x92, 0x8F, 0x92, 0x8F, 0x92, 0x8F, 0x4B, 0xC5, 0x4B, 0xC5, 0x6A, 0x65, 0x6A, 0x65, 0x00, 0x00, 
0x00, 0x00, 0x00, 0x00, 0x01, 0x6F, 0x75, 0x3F, 0x75, 0x3F, 0x3C, 0x5F, 0x03, 0x1F, 0x3C, 0x5F, 
0x03, 0x1F, 0x03, 0x1F, 0x03, 0x1F, 0x03, 0x1F, 0x01, 0x6F, 0xAA, 0xF1, 0xAA, 0xF1, 0xAA, 0xF1, 
0xAA, 0xF1, 0xAA, 0xF1, 0xAA, 0xF1, 0xAA, 0xF1, 0xAA, 0xF1, 0x92, 0x8F, 0x92, 0x8F, 0x7A, 0x0C, 
0x92, 0x8F, 0x92, 0x8F, 0x92, 0x8F, 0x92, 0x8F, 0x92, 0x8F, 0x7A, 0x0C, 0x00, 0x00, 0x00, 0x00, 
0x00, 0x00, 0x00, 0x00, 0x01, 0x6F, 0x75, 0x3F, 0x75, 0x3F, 0x75, 0x3F, 0x3C, 0x5F, 0x03, 0x1F, 
0x03, 0x1F, 0x03, 0x1F, 0x02, 0xBA, 0x02, 0xBA, 0x01, 0x6F, 0xAA, 0xF1, 0xAA, 0xF1, 0xAA, 0xF1, 
0xAA, 0xF1, 0xAA, 0xF1, 0xAA, 0xF1, 0xAA, 0xF1, 0x92, 0x8F, 0x92, 0x8F, 0x92, 0x8F, 0x7A, 0x0C, 
0x92, 0x8F, 0x92, 0x8F, 0x92, 0x8F, 0x92, 0x8F, 0x92, 0x8F, 0x7A, 0x0C, 0x00, 0x00, 0x00, 0x00, 
0x00, 0x00, 0x00, 0x00, 0x01, 0x6F, 0x75, 0x3F, 0x75, 0x3F, 0x75, 0x3F, 0x3C, 0x5F, 0x03, 0x1F, 
0x03, 0x1F, 0x02, 0xBA, 0x02, 0xBA, 0x02, 0xBA, 0x01, 0x6F, 0x92, 0x8F, 0xAA, 0xF1, 0xAA, 0xF1, 
0xAA, 0xF1, 0x92, 0x8F, 0x92, 0x8F, 0x92, 0x8F, 0x92, 0x8F, 0x92, 0x8F, 0x7A, 0x0C, 0x92, 0x8F, 
0x92, 0x8F, 0xFC, 0x70, 0xE1, 0x20, 0x92, 0x8F, 0x92, 0x8F, 0x7A, 0x0C, 0x00, 0x00, 0x00, 0x00, 
0x00, 0x00, 0x00, 0x00, 0x01, 0x6F, 0x3C, 0x5F, 0x75, 0x3F, 0x75, 0x3F, 0x3C, 0x5F, 0x3C, 0x5F, 
0x03, 0x1F, 0x02, 0xBA, 0x02, 0xBA, 0x02, 0xBA, 0x01, 0x6F, 0x92, 0x8F, 0x92, 0x8F, 0x92, 0x8F, 
0x92, 0x8F, 0x92, 0x8F, 0x92, 0x8F, 0x92, 0x8F, 0x92, 0x8F, 0x92, 0x8F, 0x7A, 0x0C, 0x92, 0x8F, 
0x92, 0x8F, 0xE1, 0x20, 0xE1, 0x20, 0x92, 0x8F, 0x92, 0x8F, 0x8B, 0x69, 0x8B, 0x69, 0x00, 0x00, 
0x00, 0x00, 0x00, 0x00, 0x01, 0x6F, 0x3C, 0x5F, 0x3C, 0x5F, 0x75, 0x3F, 0x3C, 0x5F, 0x3C, 0x5F, 
0x03, 0x1F, 0x02, 0xBA, 0x02, 0xBA, 0x02, 0xBA, 0x01, 0x6F, 0x01, 0x6F, 0x92, 0x8F, 0x92, 0x8F, 
0x92, 0x8F, 0x92, 0x8F, 0x92, 0x8F, 0x92, 0x8F, 0x92, 0x8F, 0x92, 0x8F, 0x7A, 0x0C, 0x92, 0x8F, 
0x92, 0x8F, 0x92, 0x8F, 0x92, 0x8F, 0x92, 0x8F, 0x7A, 0x0C, 0x6A, 0x65, 0x6A, 0x65, 0x00, 0x00, 
0x00, 0x00, 0x00, 0x00, 0x01, 0x6F, 0x3C, 0x5F, 0x3C, 0x5F, 0x3C, 0x5F, 0x3C, 0x5F, 0x3C, 0x5F, 
0x3C, 0x5F, 0x03, 0x1F, 0x02, 0xBA, 0x02, 0xBA, 0x01, 0x6F, 0x01, 0x6F, 0x92, 0x8F, 0x92, 0x8F, 
0x92, 0x8F, 0x92, 0x8F, 0x92, 0x8F, 0x92, 0x8F, 0x92, 0x8F, 0x92, 0x8F, 0x7A, 0x0C, 0x92, 0x8F, 
0x92, 0x8F, 0x92, 0x8F, 0x92, 0x8F, 0x92, 0x8F, 0x7A, 0x0C, 0x6A, 0x65, 0x6A, 0x65, 0x00, 0x00, 
0x00, 0x00, 0x00, 0x00, 0x00, 0x00, 0x01, 0x6F, 0x03, 0x1F, 0x3C, 0x5F, 0x3C, 0x5F, 0x3C, 0x5F, 
0x3C, 0x5F, 0x03, 0x1F, 0x03, 0x1F, 0x02, 0xBA, 0x01, 0x6F, 0x01, 0x6F, 0x01, 0x6F, 0x92, 0x8F, 
0x92, 0x8F, 0x92, 0x8F, 0x92, 0x8F, 0x92, 0x8F, 0x92, 0x8F, 0x92, 0x8F, 0x7A, 0x0C, 0x92, 0x8F, 
0x92, 0x8F, 0x92, 0x8F, 0x92, 0x8F, 0x92, 0x8F, 0x7A, 0x0C, 0x6A, 0x65, 0x00, 0x00, 0x00, 0x00, 
0x00, 0x00, 0x00, 0x00, 0x00, 0x00, 0x01, 0x6F, 0x03, 0x1F, 0x03, 0x1F, 0x3C, 0x5F, 0x3C, 0x5F, 
0x3C, 0x5F, 0x3C, 0x5F, 0x03, 0x1F, 0x02, 0xBA, 0x01, 0x6F, 0x01, 0x6F, 0x01, 0x6F, 0x92, 0x8F, 
0x92, 0x8F, 0x92, 0x8F, 0x92, 0x8F, 0x92, 0x8F, 0x92, 0x8F, 0x92, 0x8F, 0x7A, 0x0C, 0x7A, 0x0C, 
0x7A, 0x0C, 0x7A, 0x0C, 0x92, 0x8F, 0x92, 0x8F, 0x7A, 0x0C, 0x00, 0x00, 0x00, 0x00, 0x00, 0x00, 
0x00, 0x00, 0x00, 0x00, 0x01, 0x6F, 0x75, 0x3F, 0x03, 0x1F, 0x03, 0x1F, 0x03, 0x1F, 0x03, 0x1F, 
0x3C, 0x5F, 0x3C, 0x5F, 0x3C, 0x5F, 0x03, 0x1F, 0x01, 0x6F, 0x01, 0x6F, 0x01, 0x6F, 0x01, 0x6F, 
0x92, 0x8F, 0x92, 0x8F, 0x92, 0x8F, 0x92, 0x8F, 0x92, 0x8F, 0x92, 0x8F, 0x7A, 0x0C, 0x00, 0x00, 
0x00, 0x00, 0x7A, 0x0C, 0x92, 0x8F, 0x92, 0x8F, 0x7A, 0x0C, 0x00, 0x00, 0x00, 0x00, 0x00, 0x00, 
0x00, 0x00, 0x00, 0x00, 0x01, 0x6F, 0x75, 0x3F, 0x3C, 0x5F, 0x03, 0x1F, 0x03, 0x1F, 0x03, 0x1F, 
0x03, 0x1F, 0x3C, 0x5F, 0x3C, 0x5F, 0x03, 0x1F, 0x03, 0x1F, 0x01, 0x6F, 0x01, 0x6F, 0x01, 0x6F, 
0x01, 0x6F, 0x92, 0x8F, 0x92, 0x8F, 0x92, 0x8F, 0x92, 0x8F, 0x7A, 0x0C, 0x00, 0x00, 0x00, 0x00, 
0x00, 0x00, 0x7A, 0x0C, 0x92, 0x8F, 0x92, 0x8F, 0x7A, 0x0C, 0x00, 0x00, 0x00, 0x00, 0x00, 0x00, 
0x00, 0x00, 0x00, 0x00, 0x01, 0x6F, 0x75, 0x3F, 0x3C, 0x5F, 0x03, 0x1F, 0x02, 0xBA, 0x02, 0xBA, 
0x03, 0x1F, 0x03, 0x1F, 0x3C, 0x5F, 0x3C, 0x5F, 0x03, 0x1F, 0x01, 0x6F, 0x01, 0x6F, 0x01, 0x6F, 
0x01, 0x6F, 0x92, 0x8F, 0x92, 0x8F, 0x92, 0x8F, 0x7A, 0x0C, 0x00, 0x00, 0x00, 0x00, 0x00, 0x00, 
0x00, 0x00, 0x7A, 0x0C, 0x92, 0x8F, 0x7A, 0x0C, 0x00, 0x00, 0x00, 0x00, 0x00, 0x00, 0x00, 0x00, 
0x00, 0x00, 0x01, 0x6F, 0x3C, 0x5F, 0x3C, 0x5F, 0x03, 0x1F, 0x03, 0x1F, 0x02, 0xBA, 0x02, 0xBA, 
0x02, 0xBA, 0x03, 0x1F, 0x03, 0x1F, 0x3C, 0x5F, 0x03, 0x1F, 0x03, 0x1F, 0x01, 0x6F, 0x01, 0x6F, 
0x01, 0x6F, 0x7A, 0x0C, 0x7A, 0x0C, 0x7A, 0x0C, 0x00, 0x00, 0x00, 0x00, 0x00, 0x00, 0x00, 0x00, 
0x7A, 0x0C, 0x92, 0x8F, 0x92, 0x8F, 0x7A, 0x0C, 0x00, 0x00, 0x00, 0x00, 0x00, 0x00, 0x00, 0x00, 
0x00, 0x00, 0x01, 0x6F, 0x03, 0x1F, 0x03, 0x1F, 0x03, 0x1F, 0x03, 0x1F, 0x02, 0xBA, 0x02, 0xBA, 
0x02, 0xBA, 0x02, 0xBA, 0x03, 0x1F, 0x3C, 0x5F, 0x3C, 0x5F, 0x03, 0x1F, 0x01, 0x6F, 0x01, 0x6F, 
0x01, 0x6F, 0x00, 0x00, 0x00, 0x00, 0x00, 0x00, 0x00, 0x00, 0x00, 0x00, 0x00, 0x00, 0x00, 0x00, 
0x7A, 0x0C, 0x92, 0x8F, 0x92, 0x8F, 0x7A, 0x0C, 0x00, 0x00, 0x00, 0x00, 0x00, 0x00, 0x00, 0x00, 
0x00, 0x00, 0x00, 0x00, 0x01, 0x6F, 0x03, 0x1F, 0x03, 0x1F, 0x03, 0x1F, 0x02, 0xBA, 0x01, 0x6F, 
0x01, 0x6F, 0x01, 0x6F, 0x02, 0xBA, 0x3C, 0x5F, 0x3C, 0x5F, 0x03, 0x1F, 0x01, 0x6F, 0x01, 0x6F, 
0x00, 0x00, 0x00, 0x00, 0x00, 0x00, 0x00, 0x00, 0x00, 0x00, 0x00, 0x00, 0x00, 0x00, 0x00, 0x00, 
0x7A, 0x0C, 0x92, 0x8F, 0x92, 0x8F, 0x7A, 0x0C, 0x00, 0x00, 0x00, 0x00, 0x00, 0x00, 0x00, 0x00, 
0x00, 0x00, 0x00, 0x00, 0x00, 0x00, 0x01, 0x6F, 0x01, 0x6F, 0x01, 0x6F, 0x01, 0x6F, 0x00, 0x00, 
0x00, 0x00, 0x00, 0x00, 0x01, 0x6F, 0x01, 0x6F, 0x01, 0x6F, 0x01, 0x6F, 0x00, 0x00, 0x00, 0x00, 
0x00, 0x00, 0x00, 0x00, 0x00, 0x00, 0x00, 0x00, 0x00, 0x00, 0x00, 0x00, 0x00, 0x00, 0x7A, 0x0C, 
0x92, 0x8F, 0x92, 0x8F, 0x7A, 0x0C, 0x00, 0x00, 0x00, 0x00, 0x00, 0x00, 0x00, 0x00, 0x00, 0x00, 
0x00, 0x00, 0x00, 0x00, 0x00, 0x00, 0x00, 0x00, 0x00, 0x00, 0x00, 0x00, 0x00, 0x00, 0x00, 0x00, 
0x00, 0x00, 0x00, 0x00, 0x00, 0x00, 0x00, 0x00, 0x00, 0x00, 0x00, 0x00, 0x00, 0x00, 0x00, 0x00, 
0x00, 0x00, 0x00, 0x00, 0x00, 0x00, 0x00, 0x00, 0x00, 0x00, 0x00, 0x00, 0x00, 0x00, 0x7A, 0x0C, 
0x7A, 0x0C, 0x7A, 0x0C, 0x00, 0x00, 0x00, 0x00, 0x00, 0x00, 0x00, 0x00, 0x00, 0x00, 0x00, 0x00
}
,
{
0x00, 0x00, 0x00, 0x00, 0x00, 0x00, 0x00, 0x00, 0x00, 0x00, 0x00, 0x00, 0x00, 0x00, 0x00, 0x00, 
0x00, 0x00, 0x00, 0x00, 0x00, 0x00, 0x00, 0x00, 0x00, 0x00, 0x00, 0x00, 0x00, 0x00, 0x00, 0x00, 
0x00, 0x00, 0x00, 0x00, 0x00, 0x00, 0x00, 0x00, 0x00, 0x00, 0x00, 0x00, 0x00, 0x00, 0x00, 0x00, 
0x00, 0x00, 0x00, 0x00, 0x00, 0x00, 0x00, 0x00, 0x00, 0x00, 0x00, 0x00, 0x00, 0x00, 0x00, 0x00, 
0x00, 0x00, 0x00, 0x00, 0x00, 0x00, 0x00, 0x00, 0x00, 0x00, 0x00, 0x00, 0x00, 0x00, 0x00, 0x00, 
0x00, 0x00, 0x00, 0x00, 0x00, 0x00, 0x00, 0x00, 0x00, 0x00, 0x00, 0x00, 0x00, 0x00, 0x00, 0x00, 
0x00, 0x00, 0x00, 0x00, 0x00, 0x00, 0x00, 0x00, 0x00, 0x00, 0x00, 0x00, 0x00, 0x00, 0x00, 0x00, 
0x00, 0x00, 0x00, 0x00, 0x00, 0x00, 0x00, 0x00, 0x00, 0x00, 0x00, 0x00, 0x00, 0x00, 0x00, 0x00, 
0x00, 0x00, 0x00, 0x00, 0x00, 0x00, 0x00, 0x00, 0x00, 0x00, 0x00, 0x00, 0x00, 0x00, 0x00, 0x00, 
0x00, 0x00, 0x00, 0x00, 0x00, 0x00, 0x00, 0x00, 0x00, 0x00, 0x00, 0x00, 0x00, 0x00, 0x00, 0x00, 
0x00, 0x00, 0x00, 0x00, 0x00, 0x00, 0x00, 0x00, 0x00, 0x00, 0x00, 0x00, 0x00, 0x00, 0x00, 0x00, 
0x00, 0x00, 0x00, 0x00, 0x00, 0x00, 0x00, 0x00, 0x00, 0x00, 0x00, 0x00, 0x00, 0x00, 0x00, 0x00, 
0x00, 0x00, 0x00, 0x00, 0x00, 0x00, 0x00, 0x00, 0x00, 0x00, 0x00, 0x00, 0x00, 0x00, 0x00, 0x00, 
0x00, 0x00, 0x00, 0x00, 0x00, 0x00, 0x00, 0x00, 0x00, 0x00, 0x00, 0x00, 0x00, 0x00, 0x00, 0x00, 
0x00, 0x00, 0x00, 0x00, 0x00, 0x00, 0x00, 0x00, 0x00, 0x00, 0x00, 0x00, 0x00, 0x00, 0x00, 0x00, 
0x00, 0x00, 0x00, 0x00, 0x00, 0x00, 0x00, 0x00, 0x00, 0x00, 0x00, 0x00, 0x00, 0x00, 0x00, 0x00, 
0x00, 0x00, 0x00, 0x00, 0x00, 0x00, 0x00, 0x00, 0x00, 0x00, 0x00, 0x00, 0x00, 0x00, 0x00, 0x00, 
0x00, 0x00, 0x01, 0x6F, 0x01, 0x6F, 0x01, 0x6F, 0x00, 0x00, 0x00, 0x00, 0x00, 0x00, 0x00, 0x00, 
0x00, 0x00, 0x00, 0x00, 0x00, 0x00, 0x00, 0x00, 0x00, 0x00, 0x00, 0x00, 0x00, 0x00, 0x00, 0x00, 
0x00, 0x00, 0x00, 0x00, 0x00, 0x00, 0x00, 0x00, 0x00, 0x00, 0x00, 0x00, 0x00, 0x00, 0x00, 0x00, 
0x00, 0x00, 0x00, 0x00, 0x00, 0x00, 0x00, 0x00, 0x00, 0x00, 0x00, 0x00, 0x00, 0x00, 0x01, 0x6F, 
0x01, 0x6F, 0x3C, 0x5F, 0x03, 0x1F, 0x01, 0x6F, 0xCB, 0x74, 0xCB, 0x74, 0xCB, 0x74, 0xCB, 0x74, 
0xCB, 0x74, 0xCB, 0x74, 0xCB, 0x74, 0xE1, 0x20, 0x00, 0x00, 0x00, 0x00, 0x00, 0x00, 0x00, 0x00, 
0x00, 0x00, 0x00, 0x00, 0x00, 0x00, 0x00, 0x00, 0x00, 0x00, 0x00, 0x00, 0x00, 0x00, 0x00, 0x00, 
0x00, 0x00, 0x00, 0x00, 0x00, 0x00, 0x00, 0x00, 0x00, 0x00, 0x01, 0x6F, 0x01, 0x6F, 0x3C, 0x5F, 
0x3C, 0x5F, 0x3C, 0x5F, 0x03, 0x1F, 0x01, 0x6F, 0xFC, 0x9B, 0xFC, 0x9B, 0xFC, 0x9B, 0xFC, 0x9B, 
0xFC, 0x9B, 0xFC, 0x9B, 0xFC, 0x9B, 0xE1, 0x20, 0xFC, 0x9B, 0x00, 0x00, 0x00, 0x00, 0x00, 0x00, 
0x00, 0x00, 0x00, 0x00, 0x00, 0x00, 0x00, 0x00, 0x00, 0x00, 0x00, 0x00, 0x00, 0x00, 0x00, 0x00, 
0x00, 0x00, 0x00, 0x00, 0x00, 0x00, 0x00, 0x00, 0x01, 0x6F, 0x3C, 0x5F, 0x75, 0x3F, 0x75, 0x3F, 
0x3C, 0x5F, 0x3C, 0x5F, 0x03, 0x1F, 0x01, 0x6F, 0xFC, 0x9B, 0xFC, 0x9B, 0xFC, 0x9B, 0xFC, 0x9B, 
0xFC, 0x9B, 0xFC, 0x9B, 0xFC, 0x9B, 0xE1, 0x20, 0xCB, 0x74, 0xAA, 0xF1, 0x00, 0x00, 0x00, 0x00, 
0x00, 0x00, 0x00, 0x00, 0x00, 0x00, 0x00, 0x00, 0x00, 0x00, 0x00, 0x00, 0x00, 0x00, 0x00, 0x00, 
0x00, 0x00, 0x00, 0x00, 0x00, 0x00, 0x01, 0x6F, 0x3C, 0x5F, 0x75, 0x3F, 0x75, 0x3F, 0x75, 0x3F, 
0x3C, 0x5F, 0x3C, 0x5F, 0x03, 0x1F, 0x01, 0x6F, 0xEC, 0x18, 0xEC, 0x18, 0xEC, 0x18, 0xEC, 0x18, 
0xEC, 0x18, 0xEC, 0x18, 0xEC, 0x18, 0xE1, 0x20, 0xCB, 0x74, 0xAA, 0xF1, 0x7A, 0x0C, 0x00, 0x00, 
0x00, 0x00, 0x00, 0x00, 0x00, 0x00, 0x00, 0x00, 0x00, 0x00, 0x00, 0x00, 0x00, 0x00, 0x00, 0x00, 
0x00, 0x00, 0x00, 0x00, 0x00, 0x00, 0x01, 0x6F, 0x3C, 0x5F, 0x75, 0x3F, 0x75, 0x3F, 0x75, 0x3F, 
0x3C, 0x5F, 0x3C, 0x5F, 0x03, 0x1F, 0x01, 0x6F, 0xEC, 0x18, 0xEC, 0x18, 0xEC, 0x18, 0xEC, 0x18, 
0xEC, 0x18, 0xEC, 0x18, 0xEC, 0x18, 0xE1, 0x20, 0xCB, 0x74, 0xAA, 0xF1, 0x7A, 0x0C, 0xAA, 0xF1, 
0xB6, 0xF1, 0xB6, 0xF1, 0xB6, 0xF1, 0x00, 0x00, 0x00, 0x00, 0x00, 0x00, 0x00, 0x00, 0x00, 0x00, 
0x00, 0x00, 0x00, 0x00, 0x00, 0x00, 0x01, 0x6F, 0x75, 0x3F, 0x75, 0x3F, 0x75, 0x3F, 0x75, 0x3F, 
0x3C, 0x5F, 0x3C, 0x5F, 0x03, 0x1F, 0x01, 0x6F, 0xCB, 0x74, 0xCB, 0x74, 0xCB, 0x74, 0xCB, 0x74, 
0xCB, 0x74, 0xCB, 0x74, 0xCB, 0x74, 0xCB, 0x74, 0xCB, 0x74, 0xAA, 0xF1, 0x7A, 0x0C, 0x92, 0x8F, 
0x75, 0xC8, 0x75, 0xC8, 0x75, 0xC8, 0x75, 0xC8, 0x00, 0x00, 0x00, 0x00, 0x00, 0x00, 0x00, 0x00, 
0x00, 0x00, 0x00, 0x00, 0x01, 0x6F, 0x03, 0x1F, 0x75, 0x3F, 0x75, 0x3F, 0x75, 0x3F, 0x3C, 0x5F, 
0x3C, 0x5F, 0x3C, 0x5F, 0x03, 0x1F, 0x01, 0x6F, 0xCB, 0x74, 0xCB, 0x74, 0x3C, 0x5F, 0x07, 0xFF, 
0x07, 0xFF, 0x3C, 0x5F, 0xCB, 0x74, 0xCB, 0x74, 0xAA, 0xF1, 0xAA, 0xF1, 0x7A, 0x0C, 0x92, 0x8F, 
0x64, 0xE6, 0x75, 0xC8, 0x75, 0xC8, 0x75, 0xC8, 0x7A, 0x0C, 0x00, 0x00, 0x00, 0x00, 0x00, 0x00, 
0x00, 0x00, 0x01, 0x6F, 0x03, 0x1F, 0x03, 0x1F, 0x75, 0x3F, 0x75, 0x3F, 0x3C, 0x5F, 0x3C, 0x5F, 
0x3C, 0x5F, 0x3C, 0x5F, 0x03, 0x1F, 0x01, 0x6F, 0xCB, 0x74, 0xCB, 0x74, 0x3C, 0x5F, 0x3C, 0x5F, 
0x3C, 0x5F, 0x3C, 0x5F, 0xCB, 0x74, 0xAA, 0xF1, 0xAA, 0xF1, 0xAA, 0xF1, 0x7A, 0x0C, 0x92, 0x8F, 
0x64, 0xE6, 0x64, 0xE6, 0x64, 0xE6, 0x75, 0xC8, 0x8B, 0x69, 0x8B, 0x69, 0x00, 0x00, 0x00, 0x00, 
0x00, 0x00, 0x01, 0x6F, 0x03, 0x1F, 0x03, 0x1F, 0x3C, 0x5F, 0x3C, 0x5F, 0x3C, 0x5F, 0x3C, 0x5F, 
0x3C, 0x5F, 0x3C, 0x5F, 0x03, 0x1F, 0x01, 0x6F, 0xAA, 0xF1, 0xCB, 0x74, 0xCB, 0x74, 0xCB, 0x74, 
0xCB, 0x74, 0xCB, 0x74, 0xCB, 0x74, 0xAA, 0xF1, 0xAA, 0xF1, 0xAA, 0xF1, 0x7A, 0x0C, 0x92, 0x8F, 
0x92, 0x8F, 0x92, 0x8F, 0x64, 0xE6, 0x64, 0xE6, 0x8B, 0x69, 0x8B, 0x69, 0x00, 0x00, 0x00, 0x00, 
0x00, 0x00, 0x01, 0x6F, 0x03, 0x1F, 0x03, 0x1F, 0x03, 0x1F, 0x3C, 0x5F, 0x3C, 0x5F, 0x3C, 0x5F, 
0x3C, 0x5F, 0x3C, 0x5F, 0x03, 0x1F, 0x01, 0x6F, 0xAA, 0xF1, 0xCB, 0x74, 0xCB, 0x74, 0xCB, 0x74, 
0xCB, 0x74, 0xCB, 0x74, 0xFC, 0x70, 0xE1, 0x20, 0xAA, 0xF1, 0xAA, 0xF1, 0x7A, 0x0C, 0x92, 0x8F, 
0x92, 0x8F, 0x92, 0x8F, 0x64, 0xE6, 0x64, 0xE6, 0x8B, 0x69, 0x8B, 0x69, 0x00, 0x00, 0x00, 0x00, 
0x00, 0x00, 0x01, 0x6F, 0x3C, 0x5F, 0x3C, 0x5F, 0x03, 0x1F, 0x03, 0x1F, 0x3C, 0x5F, 0x3C, 0x5F, 
0x3C, 0x5F, 0x03, 0x1F, 0x03, 0x1F, 0x01, 0x6F, 0xAA, 0xF1, 0xAA, 0xF1, 0xAA, 0xF1, 0xAA, 0xF1, 
0xAA, 0xF1, 0xAA, 0xF1, 0xE1, 0x20, 0xE1, 0x20, 0xAA, 0xF1, 0xAA, 0xF1, 0x7A, 0x0C, 0x92, 0x8F, 
0x92, 0x8F, 0x92, 0x8F, 0x4B, 0xC5, 0x4B, 0xC5, 0x8B, 0x69, 0x8B, 0x69, 0x00, 0x00, 0x00, 0x00, 
0x00, 0x00, 0x01, 0x6F, 0x75, 0x3F, 0x75, 0x3F, 0x3C, 0x5F, 0x03, 0x1F, 0x3C, 0x5F, 0x03, 0x1F, 
0x03, 0x1F, 0x03, 0x1F, 0x03, 0x1F, 0x01, 0x6F, 0xAA, 0xF1, 0xAA, 0xF1, 0xAA, 0xF1, 0xAA, 0xF1, 
0xAA, 0xF1, 0xAA, 0xF1, 0xAA, 0xF1, 0xAA, 0xF1, 0x92, 0x8F, 0x92, 0x8F, 0x7A, 0x0C, 0x92, 0x8F, 
0x92, 0x8F, 0x92, 0x8F, 0x92, 0x8F, 0x92, 0x8F, 0x6A, 0x65, 0x8B, 0x69, 0x00, 0x00, 0x00, 0x00, 
0x00, 0x00, 0x01, 0x6F, 0x75, 0x3F, 0x75, 0x3F, 0x75, 0x3F, 0x3C, 0x5F, 0x03, 0x1F, 0x03, 0x1F, 
0x03, 0x1F, 0x02, 0xBA, 0x02, 0xBA, 0x01, 0x6F, 0xAA, 0xF1, 0xAA, 0xF1, 0xAA, 0xF1, 0xAA, 0xF1, 
0xAA, 0xF1, 0xAA, 0xF1, 0xAA, 0xF1, 0x92, 0x8F, 0x92, 0x8F, 0x92, 0x8F, 0x7A, 0x0C, 0x92, 0x8F, 
0x92, 0x8F, 0x92, 0x8F, 0x92, 0x8F, 0x92, 0x8F, 0x6A, 0x65, 0x6A, 0x65, 0x00, 0x00, 0x00, 0x00, 
0x00, 0x00, 0x01, 0x6F, 0x75, 0x3F, 0x75, 0x3F, 0x75, 0x3F, 0x3C, 0x5F, 0x03, 0x1F, 0x03, 0x1F, 
0x02, 0xBA, 0x02, 0xBA, 0x02, 0xBA, 0x01, 0x6F, 0x92, 0x8F, 0xAA, 0xF1, 0xAA, 0xF1, 0xAA, 0xF1, 
0x92, 0x8F, 0x92, 0x8F, 0x92, 0x8F, 0x92, 0x8F, 0x92, 0x8F, 0x7A, 0x0C, 0x92, 0x8F, 0x92, 0x8F, 
0x92, 0x8F, 0x92, 0x8F, 0x92, 0x8F, 0x92, 0x8F, 0x6A, 0x65, 0x6A, 0x65, 0x00, 0x00, 0x00, 0x00, 
0x00, 0x00, 0x01, 0x6F, 0x3C, 0x5F, 0x75, 0x3F, 0x75, 0x3F, 0x3C, 0x5F, 0x3C, 0x5F, 0x03, 0x1F, 
0x02, 0xBA, 0x02, 0xBA, 0x02, 0xBA, 0x01, 0x6F, 0x92, 0x8F, 0x92, 0x8F, 0x92, 0x8F, 0x92, 0x8F, 
0x92, 0x8F, 0x92, 0x8F, 0x92, 0x8F, 0x92, 0x8F, 0x92, 0x8F, 0x7A, 0x0C, 0x92, 0x8F, 0x92, 0x8F, 
0x92, 0x8F, 0x92, 0x8F, 0x92, 0x8F, 0x92, 0x8F, 0x6A, 0x65, 0x6A, 0x65, 0x00, 0x00, 0x00, 0x00, 
0x00, 0x00, 0x01, 0x6F, 0x3C, 0x5F, 0x3C, 0x5F, 0x75, 0x3F, 0x3C, 0x5F, 0x3C, 0x5F, 0x03, 0x1F, 
0x02, 0xBA, 0x02, 0xBA, 0x02, 0xBA, 0x01, 0x6F, 0x01, 0x6F, 0x92, 0x8F, 0x92, 0x8F, 0x92, 0x8F, 
0x92, 0x8F, 0x92, 0x8F, 0x92, 0x8F, 0x92, 0x8F, 0x92, 0x8F, 0x7A, 0x0C, 0x92, 0x8F, 0x92, 0x8F, 
0xFC, 0x70, 0xE1, 0x20, 0x92, 0x8F, 0x7A, 0x0C, 0x00, 0x00, 0x00, 0x00, 0x00, 0x00, 0x00, 0x00, 
0x00, 0x00, 0x01, 0x6F, 0x3C, 0x5F, 0x3C, 0x5F, 0x3C, 0x5F, 0x3C, 0x5F, 0x3C, 0x5F, 0x3C, 0x5F, 
0x03, 0x1F, 0x02, 0xBA, 0x02, 0xBA, 0x01, 0x6F, 0x01, 0x6F, 0x92, 0x8F, 0x92, 0x8F, 0x92, 0x8F, 
0x92, 0x8F, 0x92, 0x8F, 0x92, 0x8F, 0x92, 0x8F, 0x92, 0x8F, 0x7A, 0x0C, 0x92, 0x8F, 0x92, 0x8F, 
0xE1, 0x20, 0xE1, 0x20, 0x92, 0x8F, 0x7A, 0x0C, 0x00, 0x00, 0x00, 0x00, 0x00, 0x00, 0x00, 0x00, 
0x00, 0x00, 0x00, 0x00, 0x01, 0x6F, 0x03, 0x1F, 0x3C, 0x5F, 0x3C, 0x5F, 0x3C, 0x5F, 0x3C, 0x5F, 
0x03, 0x1F, 0x03, 0x1F, 0x02, 0xBA, 0x01, 0x6F, 0x01, 0x6F, 0x01, 0x6F, 0x92, 0x8F, 0x92, 0x8F, 
0x92, 0x8F, 0x92, 0x8F, 0x92, 0x8F, 0x92, 0x8F, 0x92, 0x8F, 0x7A, 0x0C, 0x92, 0x8F, 0x92, 0x8F, 
0x92, 0x8F, 0x92, 0x8F, 0x92, 0x8F, 0x7A, 0x0C, 0x00, 0x00, 0x00, 0x00, 0x00, 0x00, 0x00, 0x00, 
0x00, 0x00, 0x00, 0x00, 0x01, 0x6F, 0x03, 0x1F, 0x03, 0x1F, 0x3C, 0x5F, 0x3C, 0x5F, 0x3C, 0x5F, 
0x3C, 0x5F, 0x03, 0x1F, 0x02, 0xBA, 0x01, 0x6F, 0x01, 0x6F, 0x01, 0x6F, 0x92, 0x8F, 0x92, 0x8F, 
0x92, 0x8F, 0x92, 0x8F, 0x92, 0x8F, 0x92, 0x8F, 0x92, 0x8F, 0x7A, 0x0C, 0x7A, 0x0C, 0x7A, 0x0C, 
0x7A, 0x0C, 0x92, 0x8F, 0x92, 0x8F, 0x7A, 0x0C, 0x00, 0x00, 0x00, 0x00, 0x00, 0x00, 0x00, 0x00, 
0x00, 0x00, 0x01, 0x6F, 0x75, 0x3F, 0x03, 0x1F, 0x03, 0x1F, 0x03, 0x1F, 0x03, 0x1F, 0x3C, 0x5F, 
0x3C, 0x5F, 0x3C, 0x5F, 0x03, 0x1F, 0x01, 0x6F, 0x01, 0x6F, 0x01, 0x6F, 0x01, 0x6F, 0x92, 0x8F, 
0x92, 0x8F, 0x92, 0x8F, 0x92, 0x8F, 0x92, 0x8F, 0x92, 0x8F, 0x7A, 0x0C, 0x00, 0x00, 0x00, 0x00, 
0x7A, 0x0C, 0x92, 0x8F, 0x92, 0x8F, 0x7A, 0x0C, 0x00, 0x00, 0x00, 0x00, 0x00, 0x00, 0x00, 0x00, 
0x00, 0x00, 0x01, 0x6F, 0x75, 0x3F, 0x3C, 0x5F, 0x03, 0x1F, 0x03, 0x1F, 0x03, 0x1F, 0x03, 0x1F, 
0x3C, 0x5F, 0x3C, 0x5F, 0x03, 0x1F, 0x03, 0x1F, 0x01, 0x6F, 0x01, 0x6F, 0x01, 0x6F, 0x01, 0x6F, 
0x92, 0x8F, 0x92, 0x8F, 0x92, 0x8F, 0x92, 0x8F, 0x7A, 0x0C, 0x00, 0x00, 0x00, 0x00, 0x00, 0x00, 
0x7A, 0x0C, 0x92, 0x8F, 0x92, 0x8F, 0x7A, 0x0C, 0x00, 0x00, 0x00, 0x00, 0x00, 0x00, 0x00, 0x00, 
0x00, 0x00, 0x01, 0x6F, 0x75, 0x3F, 0x3C, 0x5F, 0x03, 0x1F, 0x02, 0xBA, 0x02, 0xBA, 0x03, 0x1F, 
0x03, 0x1F, 0x3C, 0x5F, 0x3C, 0x5F, 0x03, 0x1F, 0x01, 0x6F, 0x01, 0x6F, 0x01, 0x6F, 0x01, 0x6F, 
0x92, 0x8F, 0x92, 0x8F, 0x92, 0x8F, 0x7A, 0x0C, 0x00, 0x00, 0x00, 0x00, 0x00, 0x00, 0x00, 0x00, 
0x7A, 0x0C, 0x92, 0x8F, 0x92, 0x8F, 0x7A, 0x0C, 0x00, 0x00, 0x00, 0x00, 0x00, 0x00, 0x00, 0x00, 
0x01, 0x6F, 0x3C, 0x5F, 0x3C, 0x5F, 0x03, 0x1F, 0x03, 0x1F, 0x02, 0xBA, 0x02, 0xBA, 0x02, 0xBA, 
0x03, 0x1F, 0x03, 0x1F, 0x3C, 0x5F, 0x03, 0x1F, 0x03, 0x1F, 0x01, 0x6F, 0x01, 0x6F, 0x01, 0x6F, 
0x7A, 0x0C, 0x7A, 0x0C, 0x7A, 0x0C, 0x00, 0x00, 0x00, 0x00, 0x00, 0x00, 0x00, 0x00, 0x00, 0x00, 
0x00, 0x00, 0x7A, 0x0C, 0x92, 0x8F, 0x7A, 0x0C, 0x00, 0x00, 0x00, 0x00, 0x00, 0x00, 0x00, 0x00, 
0x01, 0x6F, 0x03, 0x1F, 0x03, 0x1F, 0x03, 0x1F, 0x03, 0x1F, 0x02, 0xBA, 0x02, 0xBA, 0x02, 0xBA, 
0x02, 0xBA, 0x03, 0x1F, 0x3C, 0x5F, 0x3C, 0x5F, 0x03, 0x1F, 0x01, 0x6F, 0x01, 0x6F, 0x01, 0x6F, 
0x00, 0x00, 0x00, 0x00, 0x00, 0x00, 0x00, 0x00, 0x00, 0x00, 0x00, 0x00, 0x00, 0x00, 0x00, 0x00, 
0x00, 0x00, 0x7A, 0x0C, 0x92, 0x8F, 0x7A, 0x0C, 0x00, 0x00, 0x00, 0x00, 0x00, 0x00, 0x00, 0x00, 
0x00, 0x00, 0x01, 0x6F, 0x03, 0x1F, 0x03, 0x1F, 0x03, 0x1F, 0x02, 0xBA, 0x01, 0x6F, 0x01, 0x6F, 
0x01, 0x6F, 0x02, 0xBA, 0x3C, 0x5F, 0x3C, 0x5F, 0x03, 0x1F, 0x01, 0x6F, 0x01, 0x6F, 0x00, 0x00, 
0x00, 0x00, 0x00, 0x00, 0x00, 0x00, 0x00, 0x00, 0x00, 0x00, 0x00, 0x00, 0x00, 0x00, 0x00, 0x00, 
0x00, 0x00, 0x7A, 0x0C, 0x92, 0x8F, 0x7A, 0x0C, 0x00, 0x00, 0x00, 0x00, 0x00, 0x00, 0x00, 0x00, 
0x00, 0x00, 0x00, 0x00, 0x01, 0x6F, 0x01, 0x6F, 0x01, 0x6F, 0x01, 0x6F, 0x00, 0x00, 0x00, 0x00, 
0x00, 0x00, 0x01, 0x6F, 0x01, 0x6F, 0x01, 0x6F, 0x01, 0x6F, 0x00, 0x00, 0x00, 0x00, 0x00, 0x00, 
0x00, 0x00, 0x00, 0x00, 0x00, 0x00, 0x00, 0x00, 0x00, 0x00, 0x00, 0x00, 0x00, 0x00, 0x00, 0x00, 
0x00, 0x00, 0x7A, 0x0C, 0x92, 0x8F, 0x7A, 0x0C, 0x00, 0x00, 0x00, 0x00, 0x00, 0x00, 0x00, 0x00, 
0x00, 0x00, 0x00, 0x00, 0x00, 0x00, 0x00, 0x00, 0x00, 0x00, 0x00, 0x00, 0x00, 0x00, 0x00, 0x00, 
0x00, 0x00, 0x00, 0x00, 0x00, 0x00, 0x00, 0x00, 0x00, 0x00, 0x00, 0x00, 0x00, 0x00, 0x00, 0x00, 
0x00, 0x00, 0x00, 0x00, 0x00, 0x00, 0x00, 0x00, 0x00, 0x00, 0x00, 0x00, 0x00, 0x00, 0x00, 0x00, 
0x00, 0x00, 0x00, 0x00, 0x7A, 0x0C, 0x7A, 0x0C, 0x00, 0x00, 0x00, 0x00, 0x00, 0x00, 0x00, 0x00
}
,
{
0x00, 0x00, 0x00, 0x00, 0x00, 0x00, 0x00, 0x00, 0x00, 0x00, 0x00, 0x00, 0x00, 0x00, 0x00, 0x00, 
0x00, 0x00, 0x00, 0x00, 0x00, 0x00, 0x00, 0x00, 0x00, 0x00, 0x00, 0x00, 0x00, 0x00, 0x00, 0x00, 
0x00, 0x00, 0x00, 0x00, 0x00, 0x00, 0x00, 0x00, 0x00, 0x00, 0x00, 0x00, 0x00, 0x00, 0x00, 0x00, 
0x00, 0x00, 0x00, 0x00, 0x00, 0x00, 0x00, 0x00, 0x00, 0x00, 0x00, 0x00, 0x00, 0x00, 0x00, 0x00, 
0x00, 0x00, 0x00, 0x00, 0x00, 0x00, 0x00, 0x00, 0x00, 0x00, 0x00, 0x00, 0x00, 0x00, 0x00, 0x00, 
0x00, 0x00, 0x00, 0x00, 0x00, 0x00, 0x00, 0x00, 0x00, 0x00, 0x00, 0x00, 0x00, 0x00, 0x00, 0x00, 
0x00, 0x00, 0x00, 0x00, 0x00, 0x00, 0x00, 0x00, 0x00, 0x00, 0x00, 0x00, 0x00, 0x00, 0x00, 0x00, 
0x00, 0x00, 0x00, 0x00, 0x00, 0x00, 0x00, 0x00, 0x00, 0x00, 0x00, 0x00, 0x00, 0x00, 0x00, 0x00, 
0x00, 0x00, 0x00, 0x00, 0x00, 0x00, 0x00, 0x00, 0x00, 0x00, 0x00, 0x00, 0x00, 0x00, 0x00, 0x00, 
0x00, 0x00, 0x00, 0x00, 0x00, 0x00, 0x00, 0x00, 0x00, 0x00, 0x00, 0x00, 0x00, 0x00, 0x00, 0x00, 
0x00, 0x00, 0x00, 0x00, 0x00, 0x00, 0x00, 0x00, 0x00, 0x00, 0x00, 0x00, 0x00, 0x00, 0x00, 0x00, 
0x00, 0x00, 0x00, 0x00, 0x00, 0x00, 0x00, 0x00, 0x00, 0x00, 0x00, 0x00, 0x00, 0x00, 0x00, 0x00, 
0x00, 0x00, 0x00, 0x00, 0x00, 0x00, 0x00, 0x00, 0x00, 0x00, 0x00, 0x00, 0x00, 0x00, 0x00, 0x00, 
0x00, 0x00, 0x00, 0x00, 0x00, 0x00, 0x00, 0x00, 0x00, 0x00, 0x00, 0x00, 0x00, 0x00, 0x00, 0x00, 
0x00, 0x00, 0x00, 0x00, 0x00, 0x00, 0x00, 0x00, 0x00, 0x00, 0x00, 0x00, 0x00, 0x00, 0x00, 0x00, 
0x00, 0x00, 0x00, 0x00, 0x00, 0x00, 0x00, 0x00, 0x00, 0x00, 0x00, 0x00, 0x00, 0x00, 0x00, 0x00, 
0x00, 0x00, 0x00, 0x00, 0x00, 0x00, 0x00, 0x00, 0x00, 0x00, 0x00, 0x00, 0x00, 0x00, 0x00, 0x00, 
0x00, 0x00, 0x00, 0x00, 0x01, 0x6F, 0x01, 0x6F, 0x01, 0x6F, 0x00, 0x00, 0x00, 0x00, 0x00, 0x00, 
0x00, 0x00, 0x00, 0x00, 0x00, 0x00, 0x00, 0x00, 0x00, 0x00, 0x00, 0x00, 0x00, 0x00, 0x00, 0x00, 
0x00, 0x00, 0x00, 0x00, 0x00, 0x00, 0x00, 0x00, 0x00, 0x00, 0x00, 0x00, 0x00, 0x00, 0x00, 0x00, 
0x00, 0x00, 0x00, 0x00, 0x00, 0x00, 0x00, 0x00, 0x00, 0x00, 0x00, 0x00, 0x00, 0x00, 0x00, 0x00, 
0x01, 0x6F, 0x01, 0x6F, 0x3C, 0x5F, 0x03, 0x1F, 0x01, 0x6F, 0xCB, 0x74, 0xCB, 0x74, 0xCB, 0x74, 
0xCB, 0x74, 0xCB, 0x74, 0xCB, 0x74, 0xCB, 0x74, 0xE1, 0x20, 0x00, 0x00, 0x00, 0x00, 0x00, 0x00, 
0x00, 0x00, 0x00, 0x00, 0x00, 0x00, 0x00, 0x00, 0x00, 0x00, 0x00, 0x00, 0x00, 0x00, 0x00, 0x00, 
0x00, 0x00, 0x00, 0x00, 0x00, 0x00, 0x00, 0x00, 0x00, 0x00, 0x00, 0x00, 0x01, 0x6F, 0x01, 0x6F, 
0x3C, 0x5F, 0x3C, 0x5F, 0x3C, 0x5F, 0x03, 0x1F, 0x01, 0x6F, 0xFC, 0x9B, 0xFC, 0x9B, 0xFC, 0x9B, 
0xFC, 0x9B, 0xFC, 0x9B, 0xFC, 0x9B, 0xFC, 0x9B, 0xE1, 0x20, 0xFC, 0x9B, 0x00, 0x00, 0x00, 0x00, 
0x00, 0x00, 0x00, 0x00, 0x00, 0x00, 0x00, 0x00, 0x00, 0x00, 0x00, 0x00, 0x00, 0x00, 0x00, 0x00, 
0x00, 0x00, 0x00, 0x00, 0x00, 0x00, 0x00, 0x00, 0x00, 0x00, 0x01, 0x6F, 0x3C, 0x5F, 0x75, 0x3F, 
0x75, 0x3F, 0x3C, 0x5F, 0x3C, 0x5F, 0x03, 0x1F, 0x01, 0x6F, 0xFC, 0x9B, 0xFC, 0x9B, 0xFC, 0x9B, 
0xFC, 0x9B, 0xFC, 0x9B, 0xFC, 0x9B, 0xFC, 0x9B, 0xE1, 0x20, 0xCB, 0x74, 0xAA, 0xF1, 0x00, 0x00, 
0x00, 0x00, 0x00, 0x00, 0x00, 0x00, 0x00, 0x00, 0x00, 0x00, 0x00, 0x00, 0x00, 0x00, 0x00, 0x00, 
0x00, 0x00, 0x00, 0x00, 0x00, 0x00, 0x00, 0x00, 0x01, 0x6F, 0x3C, 0x5F, 0x75, 0x3F, 0x75, 0x3F, 
0x75, 0x3F, 0x3C, 0x5F, 0x3C, 0x5F, 0x03, 0x1F, 0x01, 0x6F, 0xEC, 0x18, 0xEC, 0x18, 0xEC, 0x18, 
0xEC, 0x18, 0xEC, 0x18, 0xEC, 0x18, 0xEC, 0x18, 0xE1, 0x20, 0xCB, 0x74, 0xAA, 0xF1, 0x7A, 0x0C, 
0x00, 0x00, 0x00, 0x00, 0x00, 0x00, 0x00, 0x00, 0x00, 0x00, 0x00, 0x00, 0x00, 0x00, 0x00, 0x00, 
0x00, 0x00, 0x00, 0x00, 0x00, 0x00, 0x00, 0x00, 0x01, 0x6F, 0x3C, 0x5F, 0x75, 0x3F, 0x75, 0x3F, 
0x75, 0x3F, 0x3C, 0x5F, 0x3C, 0x5F, 0x03, 0x1F, 0x01, 0x6F, 0xEC, 0x18, 0xEC, 0x18, 0xEC, 0x18, 
0xEC, 0x18, 0xEC, 0x18, 0xEC, 0x18, 0xEC, 0x18, 0xE1, 0x20, 0xCB, 0x74, 0xAA, 0xF1, 0x7A, 0x0C, 
0xAA, 0xF1, 0xB6, 0xF1, 0xB6, 0xF1, 0xB6, 0xF1, 0x00, 0x00, 0x8B, 0x69, 0x8B, 0x69, 0x00, 0x00, 
0x00, 0x00, 0x00, 0x00, 0x00, 0x00, 0x00, 0x00, 0x01, 0x6F, 0x75, 0x3F, 0x75, 0x3F, 0x75, 0x3F, 
0x75, 0x3F, 0x3C, 0x5F, 0x3C, 0x5F, 0x03, 0x1F, 0x01, 0x6F, 0xCB, 0x74, 0xCB, 0x74, 0xCB, 0x74, 
0xCB, 0x74, 0xCB, 0x74, 0xCB, 0x74, 0xCB, 0x74, 0xCB, 0x74, 0xCB, 0x74, 0xAA, 0xF1, 0x7A, 0x0C, 
0x92, 0x8F, 0x75, 0xC8, 0x75, 0xC8, 0x75, 0xC8, 0x75, 0xC8, 0x8B, 0x69, 0x8B, 0x69, 0x00, 0x00, 
0x00, 0x00, 0x00, 0x00, 0x00, 0x00, 0x01, 0x6F, 0x03, 0x1F, 0x75, 0x3F, 0x75, 0x3F, 0x75, 0x3F, 
0x3C, 0x5F, 0x3C, 0x5F, 0x3C, 0x5F, 0x03, 0x1F, 0x01, 0x6F, 0xCB, 0x74, 0xCB, 0x74, 0x3C, 0x5F, 
0x07, 0xFF, 0x07, 0xFF, 0x3C, 0x5F, 0xCB, 0x74, 0xCB, 0x74, 0xAA, 0xF1, 0xAA, 0xF1, 0x7A, 0x0C, 
0x92, 0x8F, 0x64, 0xE6, 0x64, 0xE6, 0x75, 0xC8, 0x75, 0xC8, 0x8B, 0x69, 0x8B, 0x69, 0x00, 0x00, 
0x00, 0x00, 0x00, 0x00, 0x01, 0x6F, 0x03, 0x1F, 0x03, 0x1F, 0x75, 0x3F, 0x75, 0x3F, 0x3C, 0x5F, 
0x3C, 0x5F, 0x3C, 0x5F, 0x3C, 0x5F, 0x03, 0x1F, 0x01, 0x6F, 0xCB, 0x74, 0xCB, 0x74, 0x3C, 0x5F, 
0x3C, 0x5F, 0x3C, 0x5F, 0x3C, 0x5F, 0xCB, 0x74, 0xAA, 0xF1, 0xAA, 0xF1, 0xAA, 0xF1, 0x7A, 0x0C, 
0x92, 0x8F, 0x64, 0xE6, 0x64, 0xE6, 0x64, 0xE6, 0x64, 0xE6, 0x8B, 0x69, 0x8B, 0x69, 0x00, 0x00, 
0x00, 0x00, 0x00, 0x00, 0x01, 0x6F, 0x03, 0x1F, 0x03, 0x1F, 0x3C, 0x5F, 0x3C, 0x5F, 0x3C, 0x5F, 
0x3C, 0x5F, 0x3C, 0x5F, 0x3C, 0x5F, 0x03, 0x1F, 0x01, 0x6F, 0xAA, 0xF1, 0xCB, 0x74, 0xCB, 0x74, 
0xCB, 0x74, 0xCB, 0x74, 0xCB, 0x74, 0xCB, 0x74, 0xAA, 0xF1, 0xAA, 0xF1, 0xAA, 0xF1, 0x7A, 0x0C, 
0x92, 0x8F, 0x92, 0x8F, 0x92, 0x8F, 0x64, 0xE6, 0x64, 0xE6, 0x6A, 0x65, 0x6A, 0x65, 0x00, 0x00, 
0x00, 0x00, 0x00, 0x00, 0x01, 0x6F, 0x03, 0x1F, 0x03, 0x1F, 0x03, 0x1F, 0x3C, 0x5F, 0x3C, 0x5F, 
0x3C, 0x5F, 0x3C, 0x5F, 0x3C, 0x5F, 0x03, 0x1F, 0x01, 0x6F, 0xAA, 0xF1, 0xCB, 0x74, 0xCB, 0x74, 
0xCB, 0x74, 0xCB, 0x74, 0xCB, 0x74, 0xFC, 0x70, 0xE1, 0x20, 0xAA, 0xF1, 0xAA, 0xF1, 0x7A, 0x0C, 
0x92, 0x8F, 0x92, 0x8F, 0x92, 0x8F, 0x64, 0xE6, 0x64, 0xE6, 0x6A, 0x65, 0x6A, 0x65, 0x00, 0x00, 
0x00, 0x00, 0x00, 0x00, 0x01, 0x6F, 0x3C, 0x5F, 0x3C, 0x5F, 0x03, 0x1F, 0x03, 0x1F, 0x3C, 0x5F, 
0x3C, 0x5F, 0x3C, 0x5F, 0x03, 0x1F, 0x03, 0x1F, 0x01, 0x6F, 0xAA, 0xF1, 0xAA, 0xF1, 0xAA, 0xF1, 
0xAA, 0xF1, 0xAA, 0xF1, 0xAA, 0xF1, 0xE1, 0x20, 0xE1, 0x20, 0xAA, 0xF1, 0xAA, 0xF1, 0x7A, 0x0C, 
0x92, 0x8F, 0x92, 0x8F, 0x92, 0x8F, 0x4B, 0xC5, 0x4B, 0xC5, 0x6A, 0x65, 0x6A, 0x65, 0x00, 0x00, 
0x00, 0x00, 0x00, 0x00, 0x01, 0x6F, 0x75, 0x3F, 0x75, 0x3F, 0x3C, 0x5F, 0x03, 0x1F, 0x3C, 0x5F, 
0x03, 0x1F, 0x03, 0x1F, 0x03, 0x1F, 0x03, 0x1F, 0x01, 0x6F, 0xAA, 0xF1, 0xAA, 0xF1, 0xAA, 0xF1, 
0xAA, 0xF1, 0xAA, 0xF1, 0xAA, 0xF1, 0xAA, 0xF1, 0xAA, 0xF1, 0x92, 0x8F, 0x92, 0x8F, 0x7A, 0x0C, 
0x92, 0x8F, 0x92, 0x8F, 0x92, 0x8F, 0x92, 0x8F, 0x92, 0x8F, 0x7A, 0x0C, 0x00, 0x00, 0x00, 0x00, 
0x00, 0x00, 0x00, 0x00, 0x01, 0x6F, 0x75, 0x3F, 0x75, 0x3F, 0x75, 0x3F, 0x3C, 0x5F, 0x03, 0x1F, 
0x03, 0x1F, 0x03, 0x1F, 0x02, 0xBA, 0x02, 0xBA, 0x01, 0x6F, 0xAA, 0xF1, 0xAA, 0xF1, 0xAA, 0xF1, 
0xAA, 0xF1, 0xAA, 0xF1, 0xAA, 0xF1, 0xAA, 0xF1, 0x92, 0x8F, 0x92, 0x8F, 0x92, 0x8F, 0x7A, 0x0C, 
0x92, 0x8F, 0x92, 0x8F, 0x92, 0x8F, 0x92, 0x8F, 0x92, 0x8F, 0x7A, 0x0C, 0x00, 0x00, 0x00, 0x00, 
0x00, 0x00, 0x00, 0x00, 0x01, 0x6F, 0x75, 0x3F, 0x75, 0x3F, 0x75, 0x3F, 0x3C, 0x5F, 0x03, 0x1F, 
0x03, 0x1F, 0x02, 0xBA, 0x02, 0xBA, 0x02, 0xBA, 0x01, 0x6F, 0x92, 0x8F, 0xAA, 0xF1, 0xAA, 0xF1, 
0xAA, 0xF1, 0x92, 0x8F, 0x92, 0x8F, 0x92, 0x8F, 0x92, 0x8F, 0x92, 0x8F, 0x7A, 0x0C, 0x92, 0x8F, 
0x92, 0x8F, 0xFC, 0x70, 0xE1, 0x20, 0x92, 0x8F, 0x92, 0x8F, 0x7A, 0x0C, 0x00, 0x00, 0x00, 0x00, 
0x00, 0x00, 0x00, 0x00, 0x01, 0x6F, 0x3C, 0x5F, 0x75, 0x3F, 0x75, 0x3F, 0x3C, 0x5F, 0x3C, 0x5F, 
0x03, 0x1F, 0x02, 0xBA, 0x02, 0xBA, 0x02, 0xBA, 0x01, 0x6F, 0x92, 0x8F, 0x92, 0x8F, 0x92, 0x8F, 
0x92, 0x8F, 0x92, 0x8F, 0x92, 0x8F, 0x92, 0x8F, 0x92, 0x8F, 0x92, 0x8F, 0x7A, 0x0C, 0x92, 0x8F, 
0x92, 0x8F, 0xE1, 0x20, 0xE1, 0x20, 0x92, 0x8F, 0x92, 0x8F, 0x8B, 0x69, 0x8B, 0x69, 0x00, 0x00, 
0x00, 0x00, 0x00, 0x00, 0x01, 0x6F, 0x3C, 0x5F, 0x3C, 0x5F, 0x75, 0x3F, 0x3C, 0x5F, 0x3C, 0x5F, 
0x03, 0x1F, 0x02, 0xBA, 0x02, 0xBA, 0x02, 0xBA, 0x01, 0x6F, 0x01, 0x6F, 0x92, 0x8F, 0x92, 0x8F, 
0x92, 0x8F, 0x92, 0x8F, 0x92, 0x8F, 0x92, 0x8F, 0x92, 0x8F, 0x92, 0x8F, 0x7A, 0x0C, 0x92, 0x8F, 
0x92, 0x8F, 0x92, 0x8F, 0x92, 0x8F, 0x92, 0x8F, 0x7A, 0x0C, 0x6A, 0x65, 0x6A, 0x65, 0x00, 0x00, 
0x00, 0x00, 0x00, 0x00, 0x01, 0x6F, 0x3C, 0x5F, 0x3C, 0x5F, 0x3C, 0x5F, 0x3C, 0x5F, 0x3C, 0x5F, 
0x3C, 0x5F, 0x03, 0x1F, 0x02, 0xBA, 0x02, 0xBA, 0x01, 0x6F, 0x01, 0x6F, 0x92, 0x8F, 0x92, 0x8F, 
0x92, 0x8F, 0x92, 0x8F, 0x92, 0x8F, 0x92, 0x8F, 0x92, 0x8F, 0x92, 0x8F, 0x7A, 0x0C, 0x92, 0x8F, 
0x92, 0x8F, 0x92, 0x8F, 0x92, 0x8F, 0x92, 0x8F, 0x7A, 0x0C, 0x6A, 0x65, 0x6A, 0x65, 0x00, 0x00, 
0x00, 0x00, 0x00, 0x00, 0x00, 0x00, 0x01, 0x6F, 0x03, 0x1F, 0x3C, 0x5F, 0x3C, 0x5F, 0x3C, 0x5F, 
0x3C, 0x5F, 0x03, 0x1F, 0x03, 0x1F, 0x02, 0xBA, 0x01, 0x6F, 0x01, 0x6F, 0x01, 0x6F, 0x92, 0x8F, 
0x92, 0x8F, 0x92, 0x8F, 0x92, 0x8F, 0x92, 0x8F, 0x92, 0x8F, 0x92, 0x8F, 0x7A, 0x0C, 0x92, 0x8F, 
0x92, 0x8F, 0x92, 0x8F, 0x92, 0x8F, 0x92, 0x8F, 0x7A, 0x0C, 0x6A, 0x65, 0x00, 0x00, 0x00, 0x00, 
0x00, 0x00, 0x00, 0x00, 0x00, 0x00, 0x01, 0x6F, 0x03, 0x1F, 0x03, 0x1F, 0x3C, 0x5F, 0x3C, 0x5F, 
0x3C, 0x5F, 0x3C, 0x5F, 0x03, 0x1F, 0x02, 0xBA, 0x01, 0x6F, 0x01, 0x6F, 0x01, 0x6F, 0x92, 0x8F, 
0x92, 0x8F, 0x92, 0x8F, 0x92, 0x8F, 0x92, 0x8F, 0x92, 0x8F, 0x92, 0x8F, 0x7A, 0x0C, 0x7A, 0x0C, 
0x7A, 0x0C, 0x7A, 0x0C, 0x92, 0x8F, 0x92, 0x8F, 0x7A, 0x0C, 0x00, 0x00, 0x00, 0x00, 0x00, 0x00, 
0x00, 0x00, 0x00, 0x00, 0x01, 0x6F, 0x75, 0x3F, 0x03, 0x1F, 0x03, 0x1F, 0x03, 0x1F, 0x03, 0x1F, 
0x3C, 0x5F, 0x3C, 0x5F, 0x3C, 0x5F, 0x03, 0x1F, 0x01, 0x6F, 0x01, 0x6F, 0x01, 0x6F, 0x01, 0x6F, 
0x92, 0x8F, 0x92, 0x8F, 0x92, 0x8F, 0x92, 0x8F, 0x92, 0x8F, 0x92, 0x8F, 0x7A, 0x0C, 0x00, 0x00, 
0x00, 0x00, 0x7A, 0x0C, 0x92, 0x8F, 0x92, 0x8F, 0x7A, 0x0C, 0x00, 0x00, 0x00, 0x00, 0x00, 0x00, 
0x00, 0x00, 0x00, 0x00, 0x01, 0x6F, 0x75, 0x3F, 0x3C, 0x5F, 0x03, 0x1F, 0x03, 0x1F, 0x03, 0x1F, 
0x03, 0x1F, 0x3C, 0x5F, 0x3C, 0x5F, 0x03, 0x1F, 0x03, 0x1F, 0x01, 0x6F, 0x01, 0x6F, 0x01, 0x6F, 
0x01, 0x6F, 0x92, 0x8F, 0x92, 0x8F, 0x92, 0x8F, 0x92, 0x8F, 0x7A, 0x0C, 0x00, 0x00, 0x00, 0x00, 
0x00, 0x00, 0x7A, 0x0C, 0x92, 0x8F, 0x92, 0x8F, 0x7A, 0x0C, 0x00, 0x00, 0x00, 0x00, 0x00, 0x00, 
0x00, 0x00, 0x00, 0x00, 0x01, 0x6F, 0x75, 0x3F, 0x3C, 0x5F, 0x03, 0x1F, 0x02, 0xBA, 0x02, 0xBA, 
0x03, 0x1F, 0x03, 0x1F, 0x3C, 0x5F, 0x3C, 0x5F, 0x03, 0x1F, 0x01, 0x6F, 0x01, 0x6F, 0x01, 0x6F, 
0x01, 0x6F, 0x92, 0x8F, 0x92, 0x8F, 0x92, 0x8F, 0x7A, 0x0C, 0x00, 0x00, 0x00, 0x00, 0x00, 0x00, 
0x00, 0x00, 0x7A, 0x0C, 0x92, 0x8F, 0x7A, 0x0C, 0x00, 0x00, 0x00, 0x00, 0x00, 0x00, 0x00, 0x00, 
0x00, 0x00, 0x01, 0x6F, 0x3C, 0x5F, 0x3C, 0x5F, 0x03, 0x1F, 0x03, 0x1F, 0x02, 0xBA, 0x02, 0xBA, 
0x02, 0xBA, 0x03, 0x1F, 0x03, 0x1F, 0x3C, 0x5F, 0x03, 0x1F, 0x03, 0x1F, 0x01, 0x6F, 0x01, 0x6F, 
0x01, 0x6F, 0x7A, 0x0C, 0x7A, 0x0C, 0x7A, 0x0C, 0x00, 0x00, 0x00, 0x00, 0x00, 0x00, 0x00, 0x00, 
0x7A, 0x0C, 0x92, 0x8F, 0x92, 0x8F, 0x7A, 0x0C, 0x00, 0x00, 0x00, 0x00, 0x00, 0x00, 0x00, 0x00, 
0x00, 0x00, 0x01, 0x6F, 0x03, 0x1F, 0x03, 0x1F, 0x03, 0x1F, 0x03, 0x1F, 0x02, 0xBA, 0x02, 0xBA, 
0x02, 0xBA, 0x02, 0xBA, 0x03, 0x1F, 0x3C, 0x5F, 0x3C, 0x5F, 0x03, 0x1F, 0x01, 0x6F, 0x01, 0x6F, 
0x01, 0x6F, 0x00, 0x00, 0x00, 0x00, 0x00, 0x00, 0x00, 0x00, 0x00, 0x00, 0x00, 0x00, 0x00, 0x00, 
0x7A, 0x0C, 0x92, 0x8F, 0x92, 0x8F, 0x7A, 0x0C, 0x00, 0x00, 0x00, 0x00, 0x00, 0x00, 0x00, 0x00, 
0x00, 0x00, 0x00, 0x00, 0x01, 0x6F, 0x03, 0x1F, 0x03, 0x1F, 0x03, 0x1F, 0x02, 0xBA, 0x01, 0x6F, 
0x01, 0x6F, 0x01, 0x6F, 0x02, 0xBA, 0x3C, 0x5F, 0x3C, 0x5F, 0x03, 0x1F, 0x01, 0x6F, 0x01, 0x6F, 
0x00, 0x00, 0x00, 0x00, 0x00, 0x00, 0x00, 0x00, 0x00, 0x00, 0x00, 0x00, 0x00, 0x00, 0x00, 0x00, 
0x7A, 0x0C, 0x92, 0x8F, 0x92, 0x8F, 0x7A, 0x0C, 0x00, 0x00, 0x00, 0x00, 0x00, 0x00, 0x00, 0x00, 
0x00, 0x00, 0x00, 0x00, 0x00, 0x00, 0x01, 0x6F, 0x01, 0x6F, 0x01, 0x6F, 0x01, 0x6F, 0x00, 0x00, 
0x00, 0x00, 0x00, 0x00, 0x01, 0x6F, 0x01, 0x6F, 0x01, 0x6F, 0x01, 0x6F, 0x00, 0x00, 0x00, 0x00, 
0x00, 0x00, 0x00, 0x00, 0x00, 0x00, 0x00, 0x00, 0x00, 0x00, 0x00, 0x00, 0x00, 0x00, 0x7A, 0x0C, 
0x92, 0x8F, 0x92, 0x8F, 0x7A, 0x0C, 0x00, 0x00, 0x00, 0x00, 0x00, 0x00, 0x00, 0x00, 0x00, 0x00, 
0x00, 0x00, 0x00, 0x00, 0x00, 0x00, 0x00, 0x00, 0x00, 0x00, 0x00, 0x00, 0x00, 0x00, 0x00, 0x00, 
0x00, 0x00, 0x00, 0x00, 0x00, 0x00, 0x00, 0x00, 0x00, 0x00, 0x00, 0x00, 0x00, 0x00, 0x00, 0x00, 
0x00, 0x00, 0x00, 0x00, 0x00, 0x00, 0x00, 0x00, 0x00, 0x00, 0x00, 0x00, 0x00, 0x00, 0x7A, 0x0C, 
0x7A, 0x0C, 0x7A, 0x0C, 0x00, 0x00, 0x00, 0x00, 0x00, 0x00, 0x00, 0x00, 0x00, 0x00, 0x00, 0x00
}
},
{
{
0x00, 0x00, 0x00, 0x00, 0x00, 0x00, 0x00, 0x00, 0x00, 0x00, 0x00, 0x00, 0x00, 0x00, 0x00, 0x00, 
0x00, 0x00, 0x00, 0x00, 0x00, 0x00, 0x00, 0x00, 0x00, 0x00, 0x00, 0x00, 0x00, 0x00, 0x00, 0x00, 
0x00, 0x00, 0x00, 0x00, 0x00, 0x00, 0x00, 0x00, 0x00, 0x00, 0x00, 0x00, 0x00, 0x00, 0x00, 0x00, 
0x00, 0x00, 0x00, 0x00, 0x7A, 0x0C, 0x7A, 0x0C, 0x00, 0x00, 0x00, 0x00, 0x00, 0x00, 0x00, 0x00, 
0x00, 0x00, 0x00, 0x00, 0x01, 0x6F, 0x01, 0x6F, 0x01, 0x6F, 0x01, 0x6F, 0x00, 0x00, 0x00, 0x00, 
0x00, 0x00, 0x01, 0x6F, 0x01, 0x6F, 0x01, 0x6F, 0x01, 0x6F, 0x00, 0x00, 0x00, 0x00, 0x00, 0x00, 
0x00, 0x00, 0x00, 0x00, 0x00, 0x00, 0x00, 0x00, 0x00, 0x00, 0x00, 0x00, 0x00, 0x00, 0x00, 0x00, 
0x00, 0x00, 0x7A, 0x0C, 0x92, 0x8F, 0x7A, 0x0C, 0x00, 0x00, 0x00, 0x00, 0x00, 0x00, 0x00, 0x00, 
0x00, 0x00, 0x01, 0x6F, 0x03, 0x1F, 0x03, 0x1F, 0x03, 0x1F, 0x02, 0xBA, 0x01, 0x6F, 0x01, 0x6F, 
0x01, 0x6F, 0x02, 0xBA, 0x3C, 0x5F, 0x3C, 0x5F, 0x03, 0x1F, 0x01, 0x6F, 0x01, 0x6F, 0x00, 0x00, 
0x00, 0x00, 0x00, 0x00, 0x00, 0x00, 0x00, 0x00, 0x00, 0x00, 0x00, 0x00, 0x00, 0x00, 0x00, 0x00, 
0x00, 0x00, 0x7A, 0x0C, 0x92, 0x8F, 0x7A, 0x0C, 0x00, 0x00, 0x00, 0x00, 0x00, 0x00, 0x00, 0x00, 
0x01, 0x6F, 0x03, 0x1F, 0x03, 0x1F, 0x03, 0x1F, 0x03, 0x1F, 0x02, 0xBA, 0x02, 0xBA, 0x02, 0xBA, 
0x02, 0xBA, 0x03, 0x1F, 0x3C, 0x5F, 0x3C, 0x5F, 0x03, 0x1F, 0x01, 0x6F, 0x01, 0x6F, 0x01, 0x6F, 
0x00, 0x00, 0x00, 0x00, 0x00, 0x00, 0x00, 0x00, 0x00, 0x00, 0x00, 0x00, 0x00, 0x00, 0x00, 0x00, 
0x00, 0x00, 0x7A, 0x0C, 0x92, 0x8F, 0x7A, 0x0C, 0x00, 0x00, 0x00, 0x00, 0x00, 0x00, 0x00, 0x00, 
0x01, 0x6F, 0x3C, 0x5F, 0x3C, 0x5F, 0x03, 0x1F, 0x03, 0x1F, 0x02, 0xBA, 0x02, 0xBA, 0x02, 0xBA, 
0x03, 0x1F, 0x03, 0x1F, 0x3C, 0x5F, 0x03, 0x1F, 0x03, 0x1F, 0x01, 0x6F, 0x01, 0x6F, 0x01, 0x6F, 
0x7A, 0x0C, 0x7A, 0x0C, 0x7A, 0x0C, 0x00, 0x00, 0x00, 0x00, 0x00, 0x00, 0x00, 0x00, 0x00, 0x00, 
0x00, 0x00, 0x7A, 0x0C, 0x92, 0x8F, 0x7A, 0x0C, 0x00, 0x00, 0x00, 0x00, 0x00, 0x00, 0x00, 0x00, 
0x00, 0x00, 0x01, 0x6F, 0x75, 0x3F, 0x3C, 0x5F, 0x03, 0x1F, 0x02, 0xBA, 0x02, 0xBA, 0x03, 0x1F, 
0x03, 0x1F, 0x3C, 0x5F, 0x3C, 0x5F, 0x03, 0x1F, 0x01, 0x6F, 0x01, 0x6F, 0x01, 0x6F, 0x01, 0x6F, 
0x92, 0x8F, 0x92, 0x8F, 0x92, 0x8F, 0x7A, 0x0C, 0x00, 0x00, 0x00, 0x00, 0x00, 0x00, 0x00, 0x00, 
0x7A, 0x0C, 0x92, 0x8F, 0x92, 0x8F, 0x7A, 0x0C, 0x00, 0x00, 0x00, 0x00, 0x00, 0x00, 0x00, 0x00, 
0x00, 0x00, 0x01, 0x6F, 0x75, 0x3F, 0x3C, 0x5F, 0x03, 0x1F, 0x03, 0x1F, 0x03, 0x1F, 0x03, 0x1F, 
0x3C, 0x5F, 0x3C, 0x5F, 0x03, 0x1F, 0x03, 0x1F, 0x01, 0x6F, 0x01, 0x6F, 0x01, 0x6F, 0x01, 0x6F, 
0x92, 0x8F, 0x92, 0x8F, 0x92, 0x8F, 0x92, 0x8F, 0x7A, 0x0C, 0x00, 0x00, 0x00, 0x00, 0x00, 0x00, 
0x7A, 0x0C, 0x92, 0x8F, 0x92, 0x8F, 0x7A, 0x0C, 0x00, 0x00, 0x00, 0x00, 0x00, 0x00, 0x00, 0x00, 
0x00, 0x00, 0x01, 0x6F, 0x75, 0x3F, 0x03, 0x1F, 0x03, 0x1F, 0x03, 0x1F, 0x03, 0x1F, 0x3C, 0x5F, 
0x3C, 0x5F, 0x3C, 0x5F, 0x03, 0x1F, 0x01, 0x6F, 0x01, 0x6F, 0x01, 0x6F, 0x01, 0x6F, 0x92, 0x8F, 
0x92, 0x8F, 0x92, 0x8F, 0x92, 0x8F, 0x92, 0x8F, 0x92, 0x8F, 0x7A, 0x0C, 0x00, 0x00, 0x00, 0x00, 
0x7A, 0x0C, 0x92, 0x8F, 0x92, 0x8F, 0x7A, 0x0C, 0x00, 0x00, 0x00, 0x00, 0x00, 0x00, 0x00, 0x00, 
0x00, 0x00, 0x00, 0x00, 0x01, 0x6F, 0x03, 0x1F, 0x03, 0x1F, 0x3C, 0x5F, 0x3C, 0x5F, 0x3C, 0x5F, 
0x3C, 0x5F, 0x03, 0x1F, 0x02, 0xBA, 0x01, 0x6F, 0x01, 0x6F, 0x01, 0x6F, 0x92, 0x8F, 0x92, 0x8F, 
0x92, 0x8F, 0x92, 0x8F, 0x92, 0x8F, 0x92, 0x8F, 0x92, 0x8F, 0x7A, 0x0C, 0x7A, 0x0C, 0x7A, 0x0C, 
0x7A, 0x0C, 0x92, 0x8F, 0x92, 0x8F, 0x7A, 0x0C, 0x00, 0x00, 0x00, 0x00, 0x00, 0x00, 0x00, 0x00, 
0x00, 0x00, 0x00, 0x00, 0x01, 0x6F, 0x03, 0x1F, 0x3C, 0x5F, 0x3C, 0x5F, 0x3C, 0x5F, 0x3C, 0x5F, 
0x03, 0x1F, 0x03, 0x1F, 0x02, 0xBA, 0x01, 0x6F, 0x01, 0x6F, 0x01, 0x6F, 0x92, 0x8F, 0x92, 0x8F, 
0x92, 0x8F, 0x92, 0x8F, 0x92, 0x8F, 0x92, 0x8F, 0x92, 0x8F, 0x7A, 0x0C, 0x92, 0x8F, 0x92, 0x8F, 
0x92, 0x8F, 0x92, 0x8F, 0x92, 0x8F, 0x7A, 0x0C, 0x00, 0x00, 0x00, 0x00, 0x00, 0x00, 0x00, 0x00, 
0x00, 0x00, 0x01, 0x6F, 0x3C, 0x5F, 0x3C, 0x5F, 0x3C, 0x5F, 0x3C, 0x5F, 0x3C, 0x5F, 0x3C, 0x5F, 
0x03, 0x1F, 0x02, 0xBA, 0x02, 0xBA, 0x01, 0x6F, 0x01, 0x6F, 0x92, 0x8F, 0x92, 0x8F, 0x92, 0x8F, 
0x92, 0x8F, 0x92, 0x8F, 0x92, 0x8F, 0x92, 0x8F, 0x92, 0x8F, 0x7A, 0x0C, 0x92, 0x8F, 0x92, 0x8F, 
0xFC, 0x70, 0xE1, 0x20, 0x92, 0x8F, 0x7A, 0x0C, 0x00, 0x00, 0x00, 0x00, 0x00, 0x00, 0x00, 0x00, 
0x00, 0x00, 0x01, 0x6F, 0x3C, 0x5F, 0x3C, 0x5F, 0x75, 0x3F, 0x3C, 0x5F, 0x3C, 0x5F, 0x03, 0x1F, 
0x02, 0xBA, 0x02, 0xBA, 0x02, 0xBA, 0x01, 0x6F, 0x01, 0x6F, 0x92, 0x8F, 0x92, 0x8F, 0x92, 0x8F, 
0x92, 0x8F, 0x92, 0x8F, 0x92, 0x8F, 0x92, 0x8F, 0x92, 0x8F, 0x7A, 0x0C, 0x92, 0x8F, 0x92, 0x8F, 
0xE1, 0x20, 0xE1, 0x20, 0x92, 0x8F, 0x7A, 0x0C, 0x00, 0x00, 0x00, 0x00, 0x00, 0x00, 0x00, 0x00, 
0x00, 0x00, 0x01, 0x6F, 0x3C, 0x5F, 0x75, 0x3F, 0x75, 0x3F, 0x3C, 0x5F, 0x3C, 0x5F, 0x03, 0x1F, 
0x02, 0xBA, 0x02, 0xBA, 0x02, 0xBA, 0x01, 0x6F, 0x92, 0x8F, 0x92, 0x8F, 0x92, 0x8F, 0x92, 0x8F, 
0x92, 0x8F, 0x92, 0x8F, 0x92, 0x8F, 0x92, 0x8F, 0x92, 0x8F, 0x7A, 0x0C, 0x92, 0x8F, 0x92, 0x8F, 
0x92, 0x8F, 0x92, 0x8F, 0x92, 0x8F, 0x92, 0x8F, 0x6A, 0x65, 0x6A, 0x65, 0x00, 0x00, 0x00, 0x00, 
0x00, 0x00, 0x01, 0x6F, 0x75, 0x3F, 0x75, 0x3F, 0x75, 0x3F, 0x3C, 0x5F, 0x03, 0x1F, 0x03, 0x1F, 
0x02, 0xBA, 0x02, 0xBA, 0x02, 0xBA, 0x01, 0x6F, 0x92, 0x8F, 0xAA, 0xF1, 0xAA, 0xF1, 0xAA, 0xF1, 
0x92, 0x8F, 0x92, 0x8F, 0x92, 0x8F, 0x92, 0x8F, 0x92, 0x8F, 0x7A, 0x0C, 0x92, 0x8F, 0x92, 0x8F, 
0x92, 0x8F, 0x92, 0x8F, 0x92, 0x8F, 0x92, 0x8F, 0x6A, 0x65, 0x6A, 0x65, 0x00, 0x00, 0x00, 0x00, 
0x00, 0x00, 0x01, 0x6F, 0x75, 0x3F, 0x75, 0x3F, 0x75, 0x3F, 0x3C, 0x5F, 0x03, 0x1F, 0x03, 0x1F, 
0x03, 0x1F, 0x02, 0xBA, 0x02, 0xBA, 0x01, 0x6F, 0xAA, 0xF1, 0xAA, 0xF1, 0xAA, 0xF1, 0xAA, 0xF1, 
0xAA, 0xF1, 0xAA, 0xF1, 0xAA, 0xF1, 0x92, 0x8F, 0x92, 0x8F, 0x92, 0x8F, 0x7A, 0x0C, 0x92, 0x8F, 
0x92, 0x8F, 0x92, 0x8F, 0x92, 0x8F, 0x92, 0x8F, 0x6A, 0x65, 0x6A, 0x65, 0x00, 0x00, 0x00, 0x00, 
0x00, 0x00, 0x01, 0x6F, 0x75, 0x3F, 0x75, 0x3F, 0x3C, 0x5F, 0x03, 0x1F, 0x3C, 0x5F, 0x03, 0x1F, 
0x03, 0x1F, 0x03, 0x1F, 0x03, 0x1F, 0x01, 0x6F, 0xAA, 0xF1, 0xAA, 0xF1, 0xAA, 0xF1, 0xAA, 0xF1, 
0xAA, 0xF1, 0xAA, 0xF1, 0xAA, 0xF1, 0xAA, 0xF1, 0x92, 0x8F, 0x92, 0x8F, 0x7A, 0x0C, 0x92, 0x8F, 
0x92, 0x8F, 0x92, 0x8F, 0x92, 0x8F, 0x92, 0x8F, 0x6A, 0x65, 0x8B, 0x69, 0x00, 0x00, 0x00, 0x00, 
0x00, 0x00, 0x01, 0x6F, 0x3C, 0x5F, 0x3C, 0x5F, 0x03, 0x1F, 0x03, 0x1F, 0x3C, 0x5F, 0x3C, 0x5F, 
0x3C, 0x5F, 0x03, 0x1F, 0x03, 0x1F, 0x01, 0x6F, 0xAA, 0xF1, 0xAA, 0xF1, 0xAA, 0xF1, 0xAA, 0xF1, 
0xAA, 0xF1, 0xAA, 0xF1, 0xFC, 0x70, 0xE1, 0x20, 0xAA, 0xF1, 0xAA, 0xF1, 0x7A, 0x0C, 0x92, 0x8F, 
0x92, 0x8F, 0x92, 0x8F, 0x4B, 0xC5, 0x4B, 0xC5, 0x8B, 0x69, 0x8B, 0x69, 0x00, 0x00, 0x00, 0x00, 
0x00, 0x00, 0x01, 0x6F, 0x03, 0x1F, 0x03, 0x1F, 0x03, 0x1F, 0x3C, 0x5F, 0x3C, 0x5F, 0x3C, 0x5F, 
0x3C, 0x5F, 0x3C, 0x5F, 0x03, 0x1F, 0x01, 0x6F, 0xAA, 0xF1, 0xCB, 0x74, 0xCB, 0x74, 0xCB, 0x74, 
0xCB, 0x74, 0xCB, 0x74, 0xE1, 0x20, 0xE1, 0x20, 0xAA, 0xF1, 0xAA, 0xF1, 0x7A, 0x0C, 0x92, 0x8F, 
0x92, 0x8F, 0x92, 0x8F, 0x64, 0xE6, 0x64, 0xE6, 0x8B, 0x69, 0x8B, 0x69, 0x00, 0x00, 0x00, 0x00, 
0x00, 0x00, 0x01, 0x6F, 0x03, 0x1F, 0x03, 0x1F, 0x3C, 0x5F, 0x3C, 0x5F, 0x3C, 0x5F, 0x3C, 0x5F, 
0x3C, 0x5F, 0x3C, 0x5F, 0x03, 0x1F, 0x01, 0x6F, 0xAA, 0xF1, 0xCB, 0x74, 0xCB, 0x74, 0xCB, 0x74, 
0xCB, 0x74, 0xCB, 0x74, 0xCB, 0x74, 0xAA, 0xF1, 0xAA, 0xF1, 0xAA, 0xF1, 0x7A, 0x0C, 0x92, 0x8F, 
0x92, 0x8F, 0x92, 0x8F, 0x64, 0xE6, 0x64, 0xE6, 0x8B, 0x69, 0x8B, 0x69, 0x00, 0x00, 0x00, 0x00, 
0x00, 0x00, 0x01, 0x6F, 0x03, 0x1F, 0x03, 0x1F, 0x75, 0x3F, 0x75, 0x3F, 0x3C, 0x5F, 0x3C, 0x5F, 
0x3C, 0x5F, 0x3C, 0x5F, 0x03, 0x1F, 0x01, 0x6F, 0xCB, 0x74, 0xCB, 0x74, 0x3C, 0x5F, 0x3C, 0x5F, 
0x3C, 0x5F, 0x3C, 0x5F, 0xCB, 0x74, 0xAA, 0xF1, 0xAA, 0xF1, 0xAA, 0xF1, 0x7A, 0x0C, 0x92, 0x8F, 
0x64, 0xE6, 0x64, 0xE6, 0x64, 0xE6, 0x75, 0xC8, 0x8B, 0x69, 0x8B, 0x69, 0x00, 0x00, 0x00, 0x00, 
0x00, 0x00, 0x00, 0x00, 0x01, 0x6F, 0x03, 0x1F, 0x75, 0x3F, 0x75, 0x3F, 0x75, 0x3F, 0x3C, 0x5F, 
0x3C, 0x5F, 0x3C, 0x5F, 0x03, 0x1F, 0x01, 0x6F, 0xCB, 0x74, 0xCB, 0x74, 0x3C, 0x5F, 0x07, 0xFF, 
0x07, 0xFF, 0x3C, 0x5F, 0xCB, 0x74, 0xCB, 0x74, 0xAA, 0xF1, 0xAA, 0xF1, 0x7A, 0x0C, 0x92, 0x8F, 
0x64, 0xE6, 0x75, 0xC8, 0x75, 0xC8, 0x75, 0xC8, 0x7A, 0x0C, 0x00, 0x00, 0x00, 0x00, 0x00, 0x00, 
0x00, 0x00, 0x00, 0x00, 0x00, 0x00, 0x01, 0x6F, 0x75, 0x3F, 0x75, 0x3F, 0x75, 0x3F, 0x75, 0x3F, 
0x3C, 0x5F, 0x3C, 0x5F, 0x03, 0x1F, 0x01, 0x6F, 0xCB, 0x74, 0xCB, 0x74, 0xCB, 0x74, 0xCB, 0x74, 
0xCB, 0x74, 0xCB, 0x74, 0xCB, 0x74, 0xCB, 0x74, 0xCB, 0x74, 0xAA, 0xF1, 0x7A, 0x0C, 0x92, 0x8F, 
0x75, 0xC8, 0x75, 0xC8, 0x75, 0xC8, 0x75, 0xC8, 0x00, 0x00, 0x00, 0x00, 0x00, 0x00, 0x00, 0x00, 
0x00, 0x00, 0x00, 0x00, 0x00, 0x00, 0x01, 0x6F, 0x3C, 0x5F, 0x75, 0x3F, 0x75, 0x3F, 0x75, 0x3F, 
0x3C, 0x5F, 0x3C, 0x5F, 0x03, 0x1F, 0x01, 0x6F, 0xEC, 0x18, 0xEC, 0x18, 0xEC, 0x18, 0xEC, 0x18, 
0xEC, 0x18, 0xEC, 0x18, 0xEC, 0x18, 0xE1, 0x20, 0xCB, 0x74, 0xAA, 0xF1, 0x7A, 0x0C, 0xAA, 0xF1, 
0xB6, 0xF1, 0xB6, 0xF1, 0xB6, 0xF1, 0x00, 0x00, 0x00, 0x00, 0x00, 0x00, 0x00, 0x00, 0x00, 0x00, 
0x00, 0x00, 0x00, 0x00, 0x00, 0x00, 0x01, 0x6F, 0x3C, 0x5F, 0x75, 0x3F, 0x75, 0x3F, 0x75, 0x3F, 
0x3C, 0x5F, 0x3C, 0x5F, 0x03, 0x1F, 0x01, 0x6F, 0xEC, 0x18, 0xEC, 0x18, 0xEC, 0x18, 0xEC, 0x18, 
0xEC, 0x18, 0xEC, 0x18, 0xEC, 0x18, 0xE1, 0x20, 0xCB, 0x74, 0xAA, 0xF1, 0x7A, 0x0C, 0x00, 0x00, 
0x00, 0x00, 0x00, 0x00, 0x00, 0x00, 0x00, 0x00, 0x00, 0x00, 0x00, 0x00, 0x00, 0x00, 0x00, 0x00, 
0x00, 0x00, 0x00, 0x00, 0x00, 0x00, 0x00, 0x00, 0x01, 0x6F, 0x3C, 0x5F, 0x75, 0x3F, 0x75, 0x3F, 
0x3C, 0x5F, 0x3C, 0x5F, 0x03, 0x1F, 0x01, 0x6F, 0xFC, 0x9B, 0xFC, 0x9B, 0xFC, 0x9B, 0xFC, 0x9B, 
0xFC, 0x9B, 0xFC, 0x9B, 0xFC, 0x9B, 0xE1, 0x20, 0xCB, 0x74, 0xAA, 0xF1, 0x00, 0x00, 0x00, 0x00, 
0x00, 0x00, 0x00, 0x00, 0x00, 0x00, 0x00, 0x00, 0x00, 0x00, 0x00, 0x00, 0x00, 0x00, 0x00, 0x00, 
0x00, 0x00, 0x00, 0x00, 0x00, 0x00, 0x00, 0x00, 0x00, 0x00, 0x01, 0x6F, 0x01, 0x6F, 0x3C, 0x5F, 
0x3C, 0x5F, 0x3C, 0x5F, 0x03, 0x1F, 0x01, 0x6F, 0xFC, 0x9B, 0xFC, 0x9B, 0xFC, 0x9B, 0xFC, 0x9B, 
0xFC, 0x9B, 0xFC, 0x9B, 0xFC, 0x9B, 0xE1, 0x20, 0xFC, 0x9B, 0x00, 0x00, 0x00, 0x00, 0x00, 0x00, 
0x00, 0x00, 0x00, 0x00, 0x00, 0x00, 0x00, 0x00, 0x00, 0x00, 0x00, 0x00, 0x00, 0x00, 0x00, 0x00, 
0x00, 0x00, 0x00, 0x00, 0x00, 0x00, 0x00, 0x00, 0x00, 0x00, 0x00, 0x00, 0x00, 0x00, 0x01, 0x6F, 
0x01, 0x6F, 0x3C, 0x5F, 0x03, 0x1F, 0x01, 0x6F, 0xCB, 0x74, 0xCB, 0x74, 0xCB, 0x74, 0xCB, 0x74, 
0xCB, 0x74, 0xCB, 0x74, 0xCB, 0x74, 0xE1, 0x20, 0x00, 0x00, 0x00, 0x00, 0x00, 0x00, 0x00, 0x00, 
0x00, 0x00, 0x00, 0x00, 0x00, 0x00, 0x00, 0x00, 0x00, 0x00, 0x00, 0x00, 0x00, 0x00, 0x00, 0x00, 
0x00, 0x00, 0x00, 0x00, 0x00, 0x00, 0x00, 0x00, 0x00, 0x00, 0x00, 0x00, 0x00, 0x00, 0x00, 0x00, 
0x00, 0x00, 0x01, 0x6F, 0x01, 0x6F, 0x01, 0x6F, 0x00, 0x00, 0x00, 0x00, 0x00, 0x00, 0x00, 0x00, 
0x00, 0x00, 0x00, 0x00, 0x00, 0x00, 0x00, 0x00, 0x00, 0x00, 0x00, 0x00, 0x00, 0x00, 0x00, 0x00, 
0x00, 0x00, 0x00, 0x00, 0x00, 0x00, 0x00, 0x00, 0x00, 0x00, 0x00, 0x00, 0x00, 0x00, 0x00, 0x00, 
0x00, 0x00, 0x00, 0x00, 0x00, 0x00, 0x00, 0x00, 0x00, 0x00, 0x00, 0x00, 0x00, 0x00, 0x00, 0x00, 
0x00, 0x00, 0x00, 0x00, 0x00, 0x00, 0x00, 0x00, 0x00, 0x00, 0x00, 0x00, 0x00, 0x00, 0x00, 0x00, 
0x00, 0x00, 0x00, 0x00, 0x00, 0x00, 0x00, 0x00, 0x00, 0x00, 0x00, 0x00, 0x00, 0x00, 0x00, 0x00, 
0x00, 0x00, 0x00, 0x00, 0x00, 0x00, 0x00, 0x00, 0x00, 0x00, 0x00, 0x00, 0x00, 0x00, 0x00, 0x00, 
0x00, 0x00, 0x00, 0x00, 0x00, 0x00, 0x00, 0x00, 0x00, 0x00, 0x00, 0x00, 0x00, 0x00, 0x00, 0x00, 
0x00, 0x00, 0x00, 0x00, 0x00, 0x00, 0x00, 0x00, 0x00, 0x00, 0x00, 0x00, 0x00, 0x00, 0x00, 0x00, 
0x00, 0x00, 0x00, 0x00, 0x00, 0x00, 0x00, 0x00, 0x00, 0x00, 0x00, 0x00, 0x00, 0x00, 0x00, 0x00, 
0x00, 0x00, 0x00, 0x00, 0x00, 0x00, 0x00, 0x00, 0x00, 0x00, 0x00, 0x00, 0x00, 0x00, 0x00, 0x00, 
0x00, 0x00, 0x00, 0x00, 0x00, 0x00, 0x00, 0x00, 0x00, 0x00, 0x00, 0x00, 0x00, 0x00, 0x00, 0x00, 
0x00, 0x00, 0x00, 0x00, 0x00, 0x00, 0x00, 0x00, 0x00, 0x00, 0x00, 0x00, 0x00, 0x00, 0x00, 0x00, 
0x00, 0x00, 0x00, 0x00, 0x00, 0x00, 0x00, 0x00, 0x00, 0x00, 0x00, 0x00, 0x00, 0x00, 0x00, 0x00, 
0x00, 0x00, 0x00, 0x00, 0x00, 0x00, 0x00, 0x00, 0x00, 0x00, 0x00, 0x00, 0x00, 0x00, 0x00, 0x00, 
0x00, 0x00, 0x00, 0x00, 0x00, 0x00, 0x00, 0x00, 0x00, 0x00, 0x00, 0x00, 0x00, 0x00, 0x00, 0x00, 
0x00, 0x00, 0x00, 0x00, 0x00, 0x00, 0x00, 0x00, 0x00, 0x00, 0x00, 0x00, 0x00, 0x00, 0x00, 0x00, 
0x00, 0x00, 0x00, 0x00, 0x00, 0x00, 0x00, 0x00, 0x00, 0x00, 0x00, 0x00, 0x00, 0x00, 0x00, 0x00, 
0x00, 0x00, 0x00, 0x00, 0x00, 0x00, 0x00, 0x00, 0x00, 0x00, 0x00, 0x00, 0x00, 0x00, 0x00, 0x00
}
,
{
0x00, 0x00, 0x00, 0x00, 0x00, 0x00, 0x00, 0x00, 0x00, 0x00, 0x00, 0x00, 0x00, 0x00, 0x00, 0x00, 
0x00, 0x00, 0x00, 0x00, 0x00, 0x00, 0x00, 0x00, 0x00, 0x00, 0x00, 0x00, 0x00, 0x00, 0x00, 0x00, 
0x00, 0x00, 0x00, 0x00, 0x00, 0x00, 0x00, 0x00, 0x00, 0x00, 0x00, 0x00, 0x00, 0x00, 0x7A, 0x0C, 
0x7A, 0x0C, 0x7A, 0x0C, 0x00, 0x00, 0x00, 0x00, 0x00, 0x00, 0x00, 0x00, 0x00, 0x00, 0x00, 0x00, 
0x00, 0x00, 0x00, 0x00, 0x00, 0x00, 0x01, 0x6F, 0x01, 0x6F, 0x01, 0x6F, 0x01, 0x6F, 0x00, 0x00, 
0x00, 0x00, 0x00, 0x00, 0x01, 0x6F, 0x01, 0x6F, 0x01, 0x6F, 0x01, 0x6F, 0x00, 0x00, 0x00, 0x00, 
0x00, 0x00, 0x00, 0x00, 0x00, 0x00, 0x00, 0x00, 0x00, 0x00, 0x00, 0x00, 0x00, 0x00, 0x7A, 0x0C, 
0x92, 0x8F, 0x92, 0x8F, 0x7A, 0x0C, 0x00, 0x00, 0x00, 0x00, 0x00, 0x00, 0x00, 0x00, 0x00, 0x00, 
0x00, 0x00, 0x00, 0x00, 0x01, 0x6F, 0x03, 0x1F, 0x03, 0x1F, 0x03, 0x1F, 0x02, 0xBA, 0x01, 0x6F, 
0x01, 0x6F, 0x01, 0x6F, 0x02, 0xBA, 0x3C, 0x5F, 0x3C, 0x5F, 0x03, 0x1F, 0x01, 0x6F, 0x01, 0x6F, 
0x00, 0x00, 0x00, 0x00, 0x00, 0x00, 0x00, 0x00, 0x00, 0x00, 0x00, 0x00, 0x00, 0x00, 0x00, 0x00, 
0x7A, 0x0C, 0x92, 0x8F, 0x92, 0x8F, 0x7A, 0x0C, 0x00, 0x00, 0x00, 0x00, 0x00, 0x00, 0x00, 0x00, 
0x00, 0x00, 0x01, 0x6F, 0x03, 0x1F, 0x03, 0x1F, 0x03, 0x1F, 0x03, 0x1F, 0x02, 0xBA, 0x02, 0xBA, 
0x02, 0xBA, 0x02, 0xBA, 0x03, 0x1F, 0x3C, 0x5F, 0x3C, 0x5F, 0x03, 0x1F, 0x01, 0x6F, 0x01, 0x6F, 
0x01, 0x6F, 0x00, 0x00, 0x00, 0x00, 0x00, 0x00, 0x00, 0x00, 0x00, 0x00, 0x00, 0x00, 0x00, 0x00, 
0x7A, 0x0C, 0x92, 0x8F, 0x92, 0x8F, 0x7A, 0x0C, 0x00, 0x00, 0x00, 0x00, 0x00, 0x00, 0x00, 0x00, 
0x00, 0x00, 0x01, 0x6F, 0x3C, 0x5F, 0x3C, 0x5F, 0x03, 0x1F, 0x03, 0x1F, 0x02, 0xBA, 0x02, 0xBA, 
0x02, 0xBA, 0x03, 0x1F, 0x03, 0x1F, 0x3C, 0x5F, 0x03, 0x1F, 0x03, 0x1F, 0x01, 0x6F, 0x01, 0x6F, 
0x01, 0x6F, 0x7A, 0x0C, 0x7A, 0x0C, 0x7A, 0x0C, 0x00, 0x00, 0x00, 0x00, 0x00, 0x00, 0x00, 0x00, 
0x7A, 0x0C, 0x92, 0x8F, 0x92, 0x8F, 0x7A, 0x0C, 0x00, 0x00, 0x00, 0x00, 0x00, 0x00, 0x00, 0x00, 
0x00, 0x00, 0x00, 0x00, 0x01, 0x6F, 0x75, 0x3F, 0x3C, 0x5F, 0x03, 0x1F, 0x02, 0xBA, 0x02, 0xBA, 
0x03, 0x1F, 0x03, 0x1F, 0x3C, 0x5F, 0x3C, 0x5F, 0x03, 0x1F, 0x01, 0x6F, 0x01, 0x6F, 0x01, 0x6F, 
0x01, 0x6F, 0x92, 0x8F, 0x92, 0x8F, 0x92, 0x8F, 0x7A, 0x0C, 0x00, 0x00, 0x00, 0x00, 0x00, 0x00, 
0x00, 0x00, 0x7A, 0x0C, 0x92, 0x8F, 0x7A, 0x0C, 0x00, 0x00, 0x00, 0x00, 0x00, 0x00, 0x00, 0x00, 
0x00, 0x00, 0x00, 0x00, 0x01, 0x6F, 0x75, 0x3F, 0x3C, 0x5F, 0x03, 0x1F, 0x03, 0x1F, 0x03, 0x1F, 
0x03, 0x1F, 0x3C, 0x5F, 0x3C, 0x5F, 0x03, 0x1F, 0x03, 0x1F, 0x01, 0x6F, 0x01, 0x6F, 0x01, 0x6F, 
0x01, 0x6F, 0x92, 0x8F, 0x92, 0x8F, 0x92, 0x8F, 0x92, 0x8F, 0x7A, 0x0C, 0x00, 0x00, 0x00, 0x00, 
0x00, 0x00, 0x7A, 0x0C, 0x92, 0x8F, 0x92, 0x8F, 0x7A, 0x0C, 0x00, 0x00, 0x00, 0x00, 0x00, 0x00, 
0x00, 0x00, 0x00, 0x00, 0x01, 0x6F, 0x75, 0x3F, 0x03, 0x1F, 0x03, 0x1F, 0x03, 0x1F, 0x03, 0x1F, 
0x3C, 0x5F, 0x3C, 0x5F, 0x3C, 0x5F, 0x03, 0x1F, 0x01, 0x6F, 0x01, 0x6F, 0x01, 0x6F, 0x01, 0x6F, 
0x92, 0x8F, 0x92, 0x8F, 0x92, 0x8F, 0x92, 0x8F, 0x92, 0x8F, 0x92, 0x8F, 0x7A, 0x0C, 0x00, 0x00, 
0x00, 0x00, 0x7A, 0x0C, 0x92, 0x8F, 0x92, 0x8F, 0x7A, 0x0C, 0x00, 0x00, 0x00, 0x00, 0x00, 0x00, 
0x00, 0x00, 0x00, 0x00, 0x00, 0x00, 0x01, 0x6F, 0x03, 0x1F, 0x03, 0x1F, 0x3C, 0x5F, 0x3C, 0x5F, 
0x3C, 0x5F, 0x3C, 0x5F, 0x03, 0x1F, 0x02, 0xBA, 0x01, 0x6F, 0x01, 0x6F, 0x01, 0x6F, 0x92, 0x8F, 
0x92, 0x8F, 0x92, 0x8F, 0x92, 0x8F, 0x92, 0x8F, 0x92, 0x8F, 0x92, 0x8F, 0x7A, 0x0C, 0x7A, 0x0C, 
0x7A, 0x0C, 0x7A, 0x0C, 0x92, 0x8F, 0x92, 0x8F, 0x7A, 0x0C, 0x00, 0x00, 0x00, 0x00, 0x00, 0x00, 
0x00, 0x00, 0x00, 0x00, 0x00, 0x00, 0x01, 0x6F, 0x03, 0x1F, 0x3C, 0x5F, 0x3C, 0x5F, 0x3C, 0x5F, 
0x3C, 0x5F, 0x03, 0x1F, 0x03, 0x1F, 0x02, 0xBA, 0x01, 0x6F, 0x01, 0x6F, 0x01, 0x6F, 0x92, 0x8F, 
0x92, 0x8F, 0x92, 0x8F, 0x92, 0x8F, 0x92, 0x8F, 0x92, 0x8F, 0x92, 0x8F, 0x7A, 0x0C, 0x92, 0x8F, 
0x92, 0x8F, 0x92, 0x8F, 0x92, 0x8F, 0x92, 0x8F, 0x7A, 0x0C, 0x6A, 0x65, 0x00, 0x00, 0x00, 0x00, 
0x00, 0x00, 0x00, 0x00, 0x01, 0x6F, 0x3C, 0x5F, 0x3C, 0x5F, 0x3C, 0x5F, 0x3C, 0x5F, 0x3C, 0x5F, 
0x3C, 0x5F, 0x03, 0x1F, 0x02, 0xBA, 0x02, 0xBA, 0x01, 0x6F, 0x01, 0x6F, 0x92, 0x8F, 0x92, 0x8F, 
0x92, 0x8F, 0x92, 0x8F, 0x92, 0x8F, 0x92, 0x8F, 0x92, 0x8F, 0x92, 0x8F, 0x7A, 0x0C, 0x92, 0x8F, 
0x92, 0x8F, 0x92, 0x8F, 0x92, 0x8F, 0x92, 0x8F, 0x7A, 0x0C, 0x6A, 0x65, 0x6A, 0x65, 0x00, 0x00, 
0x00, 0x00, 0x00, 0x00, 0x01, 0x6F, 0x3C, 0x5F, 0x3C, 0x5F, 0x75, 0x3F, 0x3C, 0x5F, 0x3C, 0x5F, 
0x03, 0x1F, 0x02, 0xBA, 0x02, 0xBA, 0x02, 0xBA, 0x01, 0x6F, 0x01, 0x6F, 0x92, 0x8F, 0x92, 0x8F, 
0x92, 0x8F, 0x92, 0x8F, 0x92, 0x8F, 0x92, 0x8F, 0x92, 0x8F, 0x92, 0x8F, 0x7A, 0x0C, 0x92, 0x8F, 
0x92, 0x8F, 0x92, 0x8F, 0x92, 0x8F, 0x92, 0x8F, 0x7A, 0x0C, 0x6A, 0x65, 0x6A, 0x65, 0x00, 0x00, 
0x00, 0x00, 0x00, 0x00, 0x01, 0x6F, 0x3C, 0x5F, 0x75, 0x3F, 0x75, 0x3F, 0x3C, 0x5F, 0x3C, 0x5F, 
0x03, 0x1F, 0x02, 0xBA, 0x02, 0xBA, 0x02, 0xBA, 0x01, 0x6F, 0x92, 0x8F, 0x92, 0x8F, 0x92, 0x8F, 
0x92, 0x8F, 0x92, 0x8F, 0x92, 0x8F, 0x92, 0x8F, 0x92, 0x8F, 0x92, 0x8F, 0x7A, 0x0C, 0x92, 0x8F, 
0x92, 0x8F, 0xFC, 0x70, 0xE1, 0x20, 0x92, 0x8F, 0x92, 0x8F, 0x8B, 0x69, 0x8B, 0x69, 0x00, 0x00, 
0x00, 0x00, 0x00, 0x00, 0x01, 0x6F, 0x75, 0x3F, 0x75, 0x3F, 0x75, 0x3F, 0x3C, 0x5F, 0x03, 0x1F, 
0x03, 0x1F, 0x02, 0xBA, 0x02, 0xBA, 0x02, 0xBA, 0x01, 0x6F, 0x92, 0x8F, 0xAA, 0xF1, 0xAA, 0xF1, 
0xAA, 0xF1, 0x92, 0x8F, 0x92, 0x8F, 0x92, 0x8F, 0x92, 0x8F, 0x92, 0x8F, 0x7A, 0x0C, 0x92, 0x8F, 
0x92, 0x8F, 0xE1, 0x20, 0xE1, 0x20, 0x92, 0x8F, 0x92, 0x8F, 0x7A, 0x0C, 0x00, 0x00, 0x00, 0x00, 
0x00, 0x00, 0x00, 0x00, 0x01, 0x6F, 0x75, 0x3F, 0x75, 0x3F, 0x75, 0x3F, 0x3C, 0x5F, 0x03, 0x1F, 
0x03, 0x1F, 0x03, 0x1F, 0x02, 0xBA, 0x02, 0xBA, 0x01, 0x6F, 0xAA, 0xF1, 0xAA, 0xF1, 0xAA, 0xF1, 
0xAA, 0xF1, 0xAA, 0xF1, 0xAA, 0xF1, 0xAA, 0xF1, 0x92, 0x8F, 0x92, 0x8F, 0x92, 0x8F, 0x7A, 0x0C, 
0x92, 0x8F, 0x92, 0x8F, 0x92, 0x8F, 0x92, 0x8F, 0x92, 0x8F, 0x7A, 0x0C, 0x00, 0x00, 0x00, 0x00, 
0x00, 0x00, 0x00, 0x00, 0x01, 0x6F, 0x75, 0x3F, 0x75, 0x3F, 0x3C, 0x5F, 0x03, 0x1F, 0x3C, 0x5F, 
0x03, 0x1F, 0x03, 0x1F, 0x03, 0x1F, 0x03, 0x1F, 0x01, 0x6F, 0xAA, 0xF1, 0xAA, 0xF1, 0xAA, 0xF1, 
0xAA, 0xF1, 0xAA, 0xF1, 0xAA, 0xF1, 0xAA, 0xF1, 0xAA, 0xF1, 0x92, 0x8F, 0x92, 0x8F, 0x7A, 0x0C, 
0x92, 0x8F, 0x92, 0x8F, 0x92, 0x8F, 0x92, 0x8F, 0x92, 0x8F, 0x7A, 0x0C, 0x00, 0x00, 0x00, 0x00, 
0x00, 0x00, 0x00, 0x00, 0x01, 0x6F, 0x3C, 0x5F, 0x3C, 0x5F, 0x03, 0x1F, 0x03, 0x1F, 0x3C, 0x5F, 
0x3C, 0x5F, 0x3C, 0x5F, 0x03, 0x1F, 0x03, 0x1F, 0x01, 0x6F, 0xAA, 0xF1, 0xAA, 0xF1, 0xAA, 0xF1, 
0xAA, 0xF1, 0xAA, 0xF1, 0xAA, 0xF1, 0xFC, 0x70, 0xE1, 0x20, 0xAA, 0xF1, 0xAA, 0xF1, 0x7A, 0x0C, 
0x92, 0x8F, 0x92, 0x8F, 0x92, 0x8F, 0x4B, 0xC5, 0x4B, 0xC5, 0x6A, 0x65, 0x6A, 0x65, 0x00, 0x00, 
0x00, 0x00, 0x00, 0x00, 0x01, 0x6F, 0x03, 0x1F, 0x03, 0x1F, 0x03, 0x1F, 0x3C, 0x5F, 0x3C, 0x5F, 
0x3C, 0x5F, 0x3C, 0x5F, 0x3C, 0x5F, 0x03, 0x1F, 0x01, 0x6F, 0xAA, 0xF1, 0xCB, 0x74, 0xCB, 0x74, 
0xCB, 0x74, 0xCB, 0x74, 0xCB, 0x74, 0xE1, 0x20, 0xE1, 0x20, 0xAA, 0xF1, 0xAA, 0xF1, 0x7A, 0x0C, 
0x92, 0x8F, 0x92, 0x8F, 0x92, 0x8F, 0x64, 0xE6, 0x64, 0xE6, 0x6A, 0x65, 0x6A, 0x65, 0x00, 0x00, 
0x00, 0x00, 0x00, 0x00, 0x01, 0x6F, 0x03, 0x1F, 0x03, 0x1F, 0x3C, 0x5F, 0x3C, 0x5F, 0x3C, 0x5F, 
0x3C, 0x5F, 0x3C, 0x5F, 0x3C, 0x5F, 0x03, 0x1F, 0x01, 0x6F, 0xAA, 0xF1, 0xCB, 0x74, 0xCB, 0x74, 
0xCB, 0x74, 0xCB, 0x74, 0xCB, 0x74, 0xCB, 0x74, 0xAA, 0xF1, 0xAA, 0xF1, 0xAA, 0xF1, 0x7A, 0x0C, 
0x92, 0x8F, 0x92, 0x8F, 0x92, 0x8F, 0x64, 0xE6, 0x64, 0xE6, 0x6A, 0x65, 0x6A, 0x65, 0x00, 0x00, 
0x00, 0x00, 0x00, 0x00, 0x01, 0x6F, 0x03, 0x1F, 0x03, 0x1F, 0x75, 0x3F, 0x75, 0x3F, 0x3C, 0x5F, 
0x3C, 0x5F, 0x3C, 0x5F, 0x3C, 0x5F, 0x03, 0x1F, 0x01, 0x6F, 0xCB, 0x74, 0xCB, 0x74, 0x3C, 0x5F, 
0x3C, 0x5F, 0x3C, 0x5F, 0x3C, 0x5F, 0xCB, 0x74, 0xAA, 0xF1, 0xAA, 0xF1, 0xAA, 0xF1, 0x7A, 0x0C, 
0x92, 0x8F, 0x64, 0xE6, 0x64, 0xE6, 0x64, 0xE6, 0x64, 0xE6, 0x8B, 0x69, 0x8B, 0x69, 0x00, 0x00, 
0x00, 0x00, 0x00, 0x00, 0x00, 0x00, 0x01, 0x6F, 0x03, 0x1F, 0x75, 0x3F, 0x75, 0x3F, 0x75, 0x3F, 
0x3C, 0x5F, 0x3C, 0x5F, 0x3C, 0x5F, 0x03, 0x1F, 0x01, 0x6F, 0xCB, 0x74, 0xCB, 0x74, 0x3C, 0x5F, 
0x07, 0xFF, 0x07, 0xFF, 0x3C, 0x5F, 0xCB, 0x74, 0xCB, 0x74, 0xAA, 0xF1, 0xAA, 0xF1, 0x7A, 0x0C, 
0x92, 0x8F, 0x64, 0xE6, 0x64, 0xE6, 0x75, 0xC8, 0x75, 0xC8, 0x8B, 0x69, 0x8B, 0x69, 0x00, 0x00, 
0x00, 0x00, 0x00, 0x00, 0x00, 0x00, 0x00, 0x00, 0x01, 0x6F, 0x75, 0x3F, 0x75, 0x3F, 0x75, 0x3F, 
0x75, 0x3F, 0x3C, 0x5F, 0x3C, 0x5F, 0x03, 0x1F, 0x01, 0x6F, 0xCB, 0x74, 0xCB, 0x74, 0xCB, 0x74, 
0xCB, 0x74, 0xCB, 0x74, 0xCB, 0x74, 0xCB, 0x74, 0xCB, 0x74, 0xCB, 0x74, 0xAA, 0xF1, 0x7A, 0x0C, 
0x92, 0x8F, 0x75, 0xC8, 0x75, 0xC8, 0x75, 0xC8, 0x75, 0xC8, 0x8B, 0x69, 0x8B, 0x69, 0x00, 0x00, 
0x00, 0x00, 0x00, 0x00, 0x00, 0x00, 0x00, 0x00, 0x01, 0x6F, 0x3C, 0x5F, 0x75, 0x3F, 0x75, 0x3F, 
0x75, 0x3F, 0x3C, 0x5F, 0x3C, 0x5F, 0x03, 0x1F, 0x01, 0x6F, 0xEC, 0x18, 0xEC, 0x18, 0xEC, 0x18, 
0xEC, 0x18, 0xEC, 0x18, 0xEC, 0x18, 0xEC, 0x18, 0xE1, 0x20, 0xCB, 0x74, 0xAA, 0xF1, 0x7A, 0x0C, 
0xAA, 0xF1, 0xB6, 0xF1, 0xB6, 0xF1, 0xB6, 0xF1, 0x00, 0x00, 0x8B, 0x69, 0x8B, 0x69, 0x00, 0x00, 
0x00, 0x00, 0x00, 0x00, 0x00, 0x00, 0x00, 0x00, 0x01, 0x6F, 0x3C, 0x5F, 0x75, 0x3F, 0x75, 0x3F, 
0x75, 0x3F, 0x3C, 0x5F, 0x3C, 0x5F, 0x03, 0x1F, 0x01, 0x6F, 0xEC, 0x18, 0xEC, 0x18, 0xEC, 0x18, 
0xEC, 0x18, 0xEC, 0x18, 0xEC, 0x18, 0xEC, 0x18, 0xE1, 0x20, 0xCB, 0x74, 0xAA, 0xF1, 0x7A, 0x0C, 
0x00, 0x00, 0x00, 0x00, 0x00, 0x00, 0x00, 0x00, 0x00, 0x00, 0x00, 0x00, 0x00, 0x00, 0x00, 0x00, 
0x00, 0x00, 0x00, 0x00, 0x00, 0x00, 0x00, 0x00, 0x00, 0x00, 0x01, 0x6F, 0x3C, 0x5F, 0x75, 0x3F, 
0x75, 0x3F, 0x3C, 0x5F, 0x3C, 0x5F, 0x03, 0x1F, 0x01, 0x6F, 0xFC, 0x9B, 0xFC, 0x9B, 0xFC, 0x9B, 
0xFC, 0x9B, 0xFC, 0x9B, 0xFC, 0x9B, 0xFC, 0x9B, 0xE1, 0x20, 0xCB, 0x74, 0xAA, 0xF1, 0x00, 0x00, 
0x00, 0x00, 0x00, 0x00, 0x00, 0x00, 0x00, 0x00, 0x00, 0x00, 0x00, 0x00, 0x00, 0x00, 0x00, 0x00, 
0x00, 0x00, 0x00, 0x00, 0x00, 0x00, 0x00, 0x00, 0x00, 0x00, 0x00, 0x00, 0x01, 0x6F, 0x01, 0x6F, 
0x3C, 0x5F, 0x3C, 0x5F, 0x3C, 0x5F, 0x03, 0x1F, 0x01, 0x6F, 0xFC, 0x9B, 0xFC, 0x9B, 0xFC, 0x9B, 
0xFC, 0x9B, 0xFC, 0x9B, 0xFC, 0x9B, 0xFC, 0x9B, 0xE1, 0x20, 0xFC, 0x9B, 0x00, 0x00, 0x00, 0x00, 
0x00, 0x00, 0x00, 0x00, 0x00, 0x00, 0x00, 0x00, 0x00, 0x00, 0x00, 0x00, 0x00, 0x00, 0x00, 0x00, 
0x00, 0x00, 0x00, 0x00, 0x00, 0x00, 0x00, 0x00, 0x00, 0x00, 0x00, 0x00, 0x00, 0x00, 0x00, 0x00, 
0x01, 0x6F, 0x01, 0x6F, 0x3C, 0x5F, 0x03, 0x1F, 0x01, 0x6F, 0xCB, 0x74, 0xCB, 0x74, 0xCB, 0x74, 
0xCB, 0x74, 0xCB, 0x74, 0xCB, 0x74, 0xCB, 0x74, 0xE1, 0x20, 0x00, 0x00, 0x00, 0x00, 0x00, 0x00, 
0x00, 0x00, 0x00, 0x00, 0x00, 0x00, 0x00, 0x00, 0x00, 0x00, 0x00, 0x00, 0x00, 0x00, 0x00, 0x00, 
0x00, 0x00, 0x00, 0x00, 0x00, 0x00, 0x00, 0x00, 0x00, 0x00, 0x00, 0x00, 0x00, 0x00, 0x00, 0x00, 
0x00, 0x00, 0x00, 0x00, 0x01, 0x6F, 0x01, 0x6F, 0x01, 0x6F, 0x00, 0x00, 0x00, 0x00, 0x00, 0x00, 
0x00, 0x00, 0x00, 0x00, 0x00, 0x00, 0x00, 0x00, 0x00, 0x00, 0x00, 0x00, 0x00, 0x00, 0x00, 0x00, 
0x00, 0x00, 0x00, 0x00, 0x00, 0x00, 0x00, 0x00, 0x00, 0x00, 0x00, 0x00, 0x00, 0x00, 0x00, 0x00, 
0x00, 0x00, 0x00, 0x00, 0x00, 0x00, 0x00, 0x00, 0x00, 0x00, 0x00, 0x00, 0x00, 0x00, 0x00, 0x00, 
0x00, 0x00, 0x00, 0x00, 0x00, 0x00, 0x00, 0x00, 0x00, 0x00, 0x00, 0x00, 0x00, 0x00, 0x00, 0x00, 
0x00, 0x00, 0x00, 0x00, 0x00, 0x00, 0x00, 0x00, 0x00, 0x00, 0x00, 0x00, 0x00, 0x00, 0x00, 0x00, 
0x00, 0x00, 0x00, 0x00, 0x00, 0x00, 0x00, 0x00, 0x00, 0x00, 0x00, 0x00, 0x00, 0x00, 0x00, 0x00, 
0x00, 0x00, 0x00, 0x00, 0x00, 0x00, 0x00, 0x00, 0x00, 0x00, 0x00, 0x00, 0x00, 0x00, 0x00, 0x00, 
0x00, 0x00, 0x00, 0x00, 0x00, 0x00, 0x00, 0x00, 0x00, 0x00, 0x00, 0x00, 0x00, 0x00, 0x00, 0x00, 
0x00, 0x00, 0x00, 0x00, 0x00, 0x00, 0x00, 0x00, 0x00, 0x00, 0x00, 0x00, 0x00, 0x00, 0x00, 0x00, 
0x00, 0x00, 0x00, 0x00, 0x00, 0x00, 0x00, 0x00, 0x00, 0x00, 0x00, 0x00, 0x00, 0x00, 0x00, 0x00, 
0x00, 0x00, 0x00, 0x00, 0x00, 0x00, 0x00, 0x00, 0x00, 0x00, 0x00, 0x00, 0x00, 0x00, 0x00, 0x00, 
0x00, 0x00, 0x00, 0x00, 0x00, 0x00, 0x00, 0x00, 0x00, 0x00, 0x00, 0x00, 0x00, 0x00, 0x00, 0x00, 
0x00, 0x00, 0x00, 0x00, 0x00, 0x00, 0x00, 0x00, 0x00, 0x00, 0x00, 0x00, 0x00, 0x00, 0x00, 0x00, 
0x00, 0x00, 0x00, 0x00, 0x00, 0x00, 0x00, 0x00, 0x00, 0x00, 0x00, 0x00, 0x00, 0x00, 0x00, 0x00, 
0x00, 0x00, 0x00, 0x00, 0x00, 0x00, 0x00, 0x00, 0x00, 0x00, 0x00, 0x00, 0x00, 0x00, 0x00, 0x00, 
0x00, 0x00, 0x00, 0x00, 0x00, 0x00, 0x00, 0x00, 0x00, 0x00, 0x00, 0x00, 0x00, 0x00, 0x00, 0x00, 
0x00, 0x00, 0x00, 0x00, 0x00, 0x00, 0x00, 0x00, 0x00, 0x00, 0x00, 0x00, 0x00, 0x00, 0x00, 0x00, 
0x00, 0x00, 0x00, 0x00, 0x00, 0x00, 0x00, 0x00, 0x00, 0x00, 0x00, 0x00, 0x00, 0x00, 0x00, 0x00
}
,
{
0x00, 0x00, 0x00, 0x00, 0x00, 0x00, 0x00, 0x00, 0x00, 0x00, 0x00, 0x00, 0x00, 0x00, 0x00, 0x00, 
0x00, 0x00, 0x00, 0x00, 0x00, 0x00, 0x00, 0x00, 0x00, 0x00, 0x00, 0x00, 0x00, 0x00, 0x00, 0x00, 
0x00, 0x00, 0x00, 0x00, 0x00, 0x00, 0x00, 0x00, 0x00, 0x00, 0x00, 0x00, 0x00, 0x00, 0x00, 0x00, 
0x00, 0x00, 0x00, 0x00, 0x7A, 0x0C, 0x7A, 0x0C, 0x00, 0x00, 0x00, 0x00, 0x00, 0x00, 0x00, 0x00, 
0x00, 0x00, 0x00, 0x00, 0x01, 0x6F, 0x01, 0x6F, 0x01, 0x6F, 0x01, 0x6F, 0x00, 0x00, 0x00, 0x00, 
0x00, 0x00, 0x01, 0x6F, 0x01, 0x6F, 0x01, 0x6F, 0x01, 0x6F, 0x00, 0x00, 0x00, 0x00, 0x00, 0x00, 
0x00, 0x00, 0x00, 0x00, 0x00, 0x00, 0x00, 0x00, 0x00, 0x00, 0x00, 0x00, 0x00, 0x00, 0x00, 0x00, 
0x00, 0x00, 0x7A, 0x0C, 0x92, 0x8F, 0x7A, 0x0C, 0x00, 0x00, 0x00, 0x00, 0x00, 0x00, 0x00, 0x00, 
0x00, 0x00, 0x01, 0x6F, 0x03, 0x1F, 0x03, 0x1F, 0x03, 0x1F, 0x02, 0xBA, 0x01, 0x6F, 0x01, 0x6F, 
0x01, 0x6F, 0x02, 0xBA, 0x3C, 0x5F, 0x3C, 0x5F, 0x03, 0x1F, 0x01, 0x6F, 0x01, 0x6F, 0x00, 0x00, 
0x00, 0x00, 0x00, 0x00, 0x00, 0x00, 0x00, 0x00, 0x00, 0x00, 0x00, 0x00, 0x00, 0x00, 0x00, 0x00, 
0x00, 0x00, 0x7A, 0x0C, 0x92, 0x8F, 0x7A, 0x0C, 0x00, 0x00, 0x00, 0x00, 0x00, 0x00, 0x00, 0x00, 
0x01, 0x6F, 0x03, 0x1F, 0x03, 0x1F, 0x03, 0x1F, 0x03, 0x1F, 0x02, 0xBA, 0x02, 0xBA, 0x02, 0xBA, 
0x02, 0xBA, 0x03, 0x1F, 0x3C, 0x5F, 0x3C, 0x5F, 0x03, 0x1F, 0x01, 0x6F, 0x01, 0x6F, 0x01, 0x6F, 
0x00, 0x00, 0x00, 0x00, 0x00, 0x00, 0x00, 0x00, 0x00, 0x00, 0x00, 0x00, 0x00, 0x00, 0x00, 0x00, 
0x00, 0x00, 0x7A, 0x0C, 0x92, 0x8F, 0x7A, 0x0C, 0x00, 0x00, 0x00, 0x00, 0x00, 0x00, 0x00, 0x00, 
0x01, 0x6F, 0x3C, 0x5F, 0x3C, 0x5F, 0x03, 0x1F, 0x03, 0x1F, 0x02, 0xBA, 0x02, 0xBA, 0x02, 0xBA, 
0x03, 0x1F, 0x03, 0x1F, 0x3C, 0x5F, 0x03, 0x1F, 0x03, 0x1F, 0x01, 0x6F, 0x01, 0x6F, 0x01, 0x6F, 
0x7A, 0x0C, 0x7A, 0x0C, 0x7A, 0x0C, 0x00, 0x00, 0x00, 0x00, 0x00, 0x00, 0x00, 0x00, 0x00, 0x00, 
0x00, 0x00, 0x7A, 0x0C, 0x92, 0x8F, 0x7A, 0x0C, 0x00, 0x00, 0x00, 0x00, 0x00, 0x00, 0x00, 0x00, 
0x00, 0x00, 0x01, 0x6F, 0x75, 0x3F, 0x3C, 0x5F, 0x03, 0x1F, 0x02, 0xBA, 0x02, 0xBA, 0x03, 0x1F, 
0x03, 0x1F, 0x3C, 0x5F, 0x3C, 0x5F, 0x03, 0x1F, 0x01, 0x6F, 0x01, 0x6F, 0x01, 0x6F, 0x01, 0x6F, 
0x92, 0x8F, 0x92, 0x8F, 0x92, 0x8F, 0x7A, 0x0C, 0x00, 0x00, 0x00, 0x00, 0x00, 0x00, 0x00, 0x00, 
0x7A, 0x0C, 0x92, 0x8F, 0x92, 0x8F, 0x7A, 0x0C, 0x00, 0x00, 0x00, 0x00, 0x00, 0x00, 0x00, 0x00, 
0x00, 0x00, 0x01, 0x6F, 0x75, 0x3F, 0x3C, 0x5F, 0x03, 0x1F, 0x03, 0x1F, 0x03, 0x1F, 0x03, 0x1F, 
0x3C, 0x5F, 0x3C, 0x5F, 0x03, 0x1F, 0x03, 0x1F, 0x01, 0x6F, 0x01, 0x6F, 0x01, 0x6F, 0x01, 0x6F, 
0x92, 0x8F, 0x92, 0x8F, 0x92, 0x8F, 0x92, 0x8F, 0x7A, 0x0C, 0x00, 0x00, 0x00, 0x00, 0x00, 0x00, 
0x7A, 0x0C, 0x92, 0x8F, 0x92, 0x8F, 0x7A, 0x0C, 0x00, 0x00, 0x00, 0x00, 0x00, 0x00, 0x00, 0x00, 
0x00, 0x00, 0x01, 0x6F, 0x75, 0x3F, 0x03, 0x1F, 0x03, 0x1F, 0x03, 0x1F, 0x03, 0x1F, 0x3C, 0x5F, 
0x3C, 0x5F, 0x3C, 0x5F, 0x03, 0x1F, 0x01, 0x6F, 0x01, 0x6F, 0x01, 0x6F, 0x01, 0x6F, 0x92, 0x8F, 
0x92, 0x8F, 0x92, 0x8F, 0x92, 0x8F, 0x92, 0x8F, 0x92, 0x8F, 0x7A, 0x0C, 0x00, 0x00, 0x00, 0x00, 
0x7A, 0x0C, 0x92, 0x8F, 0x92, 0x8F, 0x7A, 0x0C, 0x00, 0x00, 0x00, 0x00, 0x00, 0x00, 0x00, 0x00, 
0x00, 0x00, 0x00, 0x00, 0x01, 0x6F, 0x03, 0x1F, 0x03, 0x1F, 0x3C, 0x5F, 0x3C, 0x5F, 0x3C, 0x5F, 
0x3C, 0x5F, 0x03, 0x1F, 0x02, 0xBA, 0x01, 0x6F, 0x01, 0x6F, 0x01, 0x6F, 0x92, 0x8F, 0x92, 0x8F, 
0x92, 0x8F, 0x92, 0x8F, 0x92, 0x8F, 0x92, 0x8F, 0x92, 0x8F, 0x7A, 0x0C, 0x7A, 0x0C, 0x7A, 0x0C, 
0x7A, 0x0C, 0x92, 0x8F, 0x92, 0x8F, 0x7A, 0x0C, 0x00, 0x00, 0x00, 0x00, 0x00, 0x00, 0x00, 0x00, 
0x00, 0x00, 0x00, 0x00, 0x01, 0x6F, 0x03, 0x1F, 0x3C, 0x5F, 0x3C, 0x5F, 0x3C, 0x5F, 0x3C, 0x5F, 
0x03, 0x1F, 0x03, 0x1F, 0x02, 0xBA, 0x01, 0x6F, 0x01, 0x6F, 0x01, 0x6F, 0x92, 0x8F, 0x92, 0x8F, 
0x92, 0x8F, 0x92, 0x8F, 0x92, 0x8F, 0x92, 0x8F, 0x92, 0x8F, 0x7A, 0x0C, 0x92, 0x8F, 0x92, 0x8F, 
0x92, 0x8F, 0x92, 0x8F, 0x92, 0x8F, 0x7A, 0x0C, 0x00, 0x00, 0x00, 0x00, 0x00, 0x00, 0x00, 0x00, 
0x00, 0x00, 0x01, 0x6F, 0x3C, 0x5F, 0x3C, 0x5F, 0x3C, 0x5F, 0x3C, 0x5F, 0x3C, 0x5F, 0x3C, 0x5F, 
0x03, 0x1F, 0x02, 0xBA, 0x02, 0xBA, 0x01, 0x6F, 0x01, 0x6F, 0x92, 0x8F, 0x92, 0x8F, 0x92, 0x8F, 
0x92, 0x8F, 0x92, 0x8F, 0x92, 0x8F, 0x92, 0x8F, 0x92, 0x8F, 0x7A, 0x0C, 0x92, 0x8F, 0x92, 0x8F, 
0xFC, 0x70, 0xE1, 0x20, 0x92, 0x8F, 0x7A, 0x0C, 0x00, 0x00, 0x00, 0x00, 0x00, 0x00, 0x00, 0x00, 
0x00, 0x00, 0x01, 0x6F, 0x3C, 0x5F, 0x3C, 0x5F, 0x75, 0x3F, 0x3C, 0x5F, 0x3C, 0x5F, 0x03, 0x1F, 
0x02, 0xBA, 0x02, 0xBA, 0x02, 0xBA, 0x01, 0x6F, 0x01, 0x6F, 0x92, 0x8F, 0x92, 0x8F, 0x92, 0x8F, 
0x92, 0x8F, 0x92, 0x8F, 0x92, 0x8F, 0x92, 0x8F, 0x92, 0x8F, 0x7A, 0x0C, 0x92, 0x8F, 0x92, 0x8F, 
0xE1, 0x20, 0xE1, 0x20, 0x92, 0x8F, 0x7A, 0x0C, 0x00, 0x00, 0x00, 0x00, 0x00, 0x00, 0x00, 0x00, 
0x00, 0x00, 0x01, 0x6F, 0x3C, 0x5F, 0x75, 0x3F, 0x75, 0x3F, 0x3C, 0x5F, 0x3C, 0x5F, 0x03, 0x1F, 
0x02, 0xBA, 0x02, 0xBA, 0x02, 0xBA, 0x01, 0x6F, 0x92, 0x8F, 0x92, 0x8F, 0x92, 0x8F, 0x92, 0x8F, 
0x92, 0x8F, 0x92, 0x8F, 0x92, 0x8F, 0x92, 0x8F, 0x92, 0x8F, 0x7A, 0x0C, 0x92, 0x8F, 0x92, 0x8F, 
0x92, 0x8F, 0x92, 0x8F, 0x92, 0x8F, 0x92, 0x8F, 0x6A, 0x65, 0x6A, 0x65, 0x00, 0x00, 0x00, 0x00, 
0x00, 0x00, 0x01, 0x6F, 0x75, 0x3F, 0x75, 0x3F, 0x75, 0x3F, 0x3C, 0x5F, 0x03, 0x1F, 0x03, 0x1F, 
0x02, 0xBA, 0x02, 0xBA, 0x02, 0xBA, 0x01, 0x6F, 0x92, 0x8F, 0xAA, 0xF1, 0xAA, 0xF1, 0xAA, 0xF1, 
0x92, 0x8F, 0x92, 0x8F, 0x92, 0x8F, 0x92, 0x8F, 0x92, 0x8F, 0x7A, 0x0C, 0x92, 0x8F, 0x92, 0x8F, 
0x92, 0x8F, 0x92, 0x8F, 0x92, 0x8F, 0x92, 0x8F, 0x6A, 0x65, 0x6A, 0x65, 0x00, 0x00, 0x00, 0x00, 
0x00, 0x00, 0x01, 0x6F, 0x75, 0x3F, 0x75, 0x3F, 0x75, 0x3F, 0x3C, 0x5F, 0x03, 0x1F, 0x03, 0x1F, 
0x03, 0x1F, 0x02, 0xBA, 0x02, 0xBA, 0x01, 0x6F, 0xAA, 0xF1, 0xAA, 0xF1, 0xAA, 0xF1, 0xAA, 0xF1, 
0xAA, 0xF1, 0xAA, 0xF1, 0xAA, 0xF1, 0x92, 0x8F, 0x92, 0x8F, 0x92, 0x8F, 0x7A, 0x0C, 0x92, 0x8F, 
0x92, 0x8F, 0x92, 0x8F, 0x92, 0x8F, 0x92, 0x8F, 0x6A, 0x65, 0x6A, 0x65, 0x00, 0x00, 0x00, 0x00, 
0x00, 0x00, 0x01, 0x6F, 0x75, 0x3F, 0x75, 0x3F, 0x3C, 0x5F, 0x03, 0x1F, 0x3C, 0x5F, 0x03, 0x1F, 
0x03, 0x1F, 0x03, 0x1F, 0x03, 0x1F, 0x01, 0x6F, 0xAA, 0xF1, 0xAA, 0xF1, 0xAA, 0xF1, 0xAA, 0xF1, 
0xAA, 0xF1, 0xAA, 0xF1, 0xAA, 0xF1, 0xAA, 0xF1, 0x92, 0x8F, 0x92, 0x8F, 0x7A, 0x0C, 0x92, 0x8F, 
0x92, 0x8F, 0x92, 0x8F, 0x92, 0x8F, 0x92, 0x8F, 0x6A, 0x65, 0x8B, 0x69, 0x00, 0x00, 0x00, 0x00, 
0x00, 0x00, 0x01, 0x6F, 0x3C, 0x5F, 0x3C, 0x5F, 0x03, 0x1F, 0x03, 0x1F, 0x3C, 0x5F, 0x3C, 0x5F, 
0x3C, 0x5F, 0x03, 0x1F, 0x03, 0x1F, 0x01, 0x6F, 0xAA, 0xF1, 0xAA, 0xF1, 0xAA, 0xF1, 0xAA, 0xF1, 
0xAA, 0xF1, 0xAA, 0xF1, 0xFC, 0x70, 0xE1, 0x20, 0xAA, 0xF1, 0xAA, 0xF1, 0x7A, 0x0C, 0x92, 0x8F, 
0x92, 0x8F, 0x92, 0x8F, 0x4B, 0xC5, 0x4B, 0xC5, 0x8B, 0x69, 0x8B, 0x69, 0x00, 0x00, 0x00, 0x00, 
0x00, 0x00, 0x01, 0x6F, 0x03, 0x1F, 0x03, 0x1F, 0x03, 0x1F, 0x3C, 0x5F, 0x3C, 0x5F, 0x3C, 0x5F, 
0x3C, 0x5F, 0x3C, 0x5F, 0x03, 0x1F, 0x01, 0x6F, 0xAA, 0xF1, 0xCB, 0x74, 0xCB, 0x74, 0xCB, 0x74, 
0xCB, 0x74, 0xCB, 0x74, 0xE1, 0x20, 0xE1, 0x20, 0xAA, 0xF1, 0xAA, 0xF1, 0x7A, 0x0C, 0x92, 0x8F, 
0x92, 0x8F, 0x92, 0x8F, 0x64, 0xE6, 0x64, 0xE6, 0x8B, 0x69, 0x8B, 0x69, 0x00, 0x00, 0x00, 0x00, 
0x00, 0x00, 0x01, 0x6F, 0x03, 0x1F, 0x03, 0x1F, 0x3C, 0x5F, 0x3C, 0x5F, 0x3C, 0x5F, 0x3C, 0x5F, 
0x3C, 0x5F, 0x3C, 0x5F, 0x03, 0x1F, 0x01, 0x6F, 0xAA, 0xF1, 0xCB, 0x74, 0xCB, 0x74, 0xCB, 0x74, 
0xCB, 0x74, 0xCB, 0x74, 0xCB, 0x74, 0xAA, 0xF1, 0xAA, 0xF1, 0xAA, 0xF1, 0x7A, 0x0C, 0x92, 0x8F, 
0x92, 0x8F, 0x92, 0x8F, 0x64, 0xE6, 0x64, 0xE6, 0x8B, 0x69, 0x8B, 0x69, 0x00, 0x00, 0x00, 0x00, 
0x00, 0x00, 0x01, 0x6F, 0x03, 0x1F, 0x03, 0x1F, 0x75, 0x3F, 0x75, 0x3F, 0x3C, 0x5F, 0x3C, 0x5F, 
0x3C, 0x5F, 0x3C, 0x5F, 0x03, 0x1F, 0x01, 0x6F, 0xCB, 0x74, 0xCB, 0x74, 0x3C, 0x5F, 0x3C, 0x5F, 
0x3C, 0x5F, 0x3C, 0x5F, 0xCB, 0x74, 0xAA, 0xF1, 0xAA, 0xF1, 0xAA, 0xF1, 0x7A, 0x0C, 0x92, 0x8F, 
0x64, 0xE6, 0x64, 0xE6, 0x64, 0xE6, 0x75, 0xC8, 0x8B, 0x69, 0x8B, 0x69, 0x00, 0x00, 0x00, 0x00, 
0x00, 0x00, 0x00, 0x00, 0x01, 0x6F, 0x03, 0x1F, 0x75, 0x3F, 0x75, 0x3F, 0x75, 0x3F, 0x3C, 0x5F, 
0x3C, 0x5F, 0x3C, 0x5F, 0x03, 0x1F, 0x01, 0x6F, 0xCB, 0x74, 0xCB, 0x74, 0x3C, 0x5F, 0x07, 0xFF, 
0x07, 0xFF, 0x3C, 0x5F, 0xCB, 0x74, 0xCB, 0x74, 0xAA, 0xF1, 0xAA, 0xF1, 0x7A, 0x0C, 0x92, 0x8F, 
0x64, 0xE6, 0x75, 0xC8, 0x75, 0xC8, 0x75, 0xC8, 0x7A, 0x0C, 0x00, 0x00, 0x00, 0x00, 0x00, 0x00, 
0x00, 0x00, 0x00, 0x00, 0x00, 0x00, 0x01, 0x6F, 0x75, 0x3F, 0x75, 0x3F, 0x75, 0x3F, 0x75, 0x3F, 
0x3C, 0x5F, 0x3C, 0x5F, 0x03, 0x1F, 0x01, 0x6F, 0xCB, 0x74, 0xCB, 0x74, 0xCB, 0x74, 0xCB, 0x74, 
0xCB, 0x74, 0xCB, 0x74, 0xCB, 0x74, 0xCB, 0x74, 0xCB, 0x74, 0xAA, 0xF1, 0x7A, 0x0C, 0x92, 0x8F, 
0x75, 0xC8, 0x75, 0xC8, 0x75, 0xC8, 0x75, 0xC8, 0x00, 0x00, 0x00, 0x00, 0x00, 0x00, 0x00, 0x00, 
0x00, 0x00, 0x00, 0x00, 0x00, 0x00, 0x01, 0x6F, 0x3C, 0x5F, 0x75, 0x3F, 0x75, 0x3F, 0x75, 0x3F, 
0x3C, 0x5F, 0x3C, 0x5F, 0x03, 0x1F, 0x01, 0x6F, 0xEC, 0x18, 0xEC, 0x18, 0xEC, 0x18, 0xEC, 0x18, 
0xEC, 0x18, 0xEC, 0x18, 0xEC, 0x18, 0xE1, 0x20, 0xCB, 0x74, 0xAA, 0xF1, 0x7A, 0x0C, 0xAA, 0xF1, 
0xB6, 0xF1, 0xB6, 0xF1, 0xB6, 0xF1, 0x00, 0x00, 0x00, 0x00, 0x00, 0x00, 0x00, 0x00, 0x00, 0x00, 
0x00, 0x00, 0x00, 0x00, 0x00, 0x00, 0x01, 0x6F, 0x3C, 0x5F, 0x75, 0x3F, 0x75, 0x3F, 0x75, 0x3F, 
0x3C, 0x5F, 0x3C, 0x5F, 0x03, 0x1F, 0x01, 0x6F, 0xEC, 0x18, 0xEC, 0x18, 0xEC, 0x18, 0xEC, 0x18, 
0xEC, 0x18, 0xEC, 0x18, 0xEC, 0x18, 0xE1, 0x20, 0xCB, 0x74, 0xAA, 0xF1, 0x7A, 0x0C, 0x00, 0x00, 
0x00, 0x00, 0x00, 0x00, 0x00, 0x00, 0x00, 0x00, 0x00, 0x00, 0x00, 0x00, 0x00, 0x00, 0x00, 0x00, 
0x00, 0x00, 0x00, 0x00, 0x00, 0x00, 0x00, 0x00, 0x01, 0x6F, 0x3C, 0x5F, 0x75, 0x3F, 0x75, 0x3F, 
0x3C, 0x5F, 0x3C, 0x5F, 0x03, 0x1F, 0x01, 0x6F, 0xFC, 0x9B, 0xFC, 0x9B, 0xFC, 0x9B, 0xFC, 0x9B, 
0xFC, 0x9B, 0xFC, 0x9B, 0xFC, 0x9B, 0xE1, 0x20, 0xCB, 0x74, 0xAA, 0xF1, 0x00, 0x00, 0x00, 0x00, 
0x00, 0x00, 0x00, 0x00, 0x00, 0x00, 0x00, 0x00, 0x00, 0x00, 0x00, 0x00, 0x00, 0x00, 0x00, 0x00, 
0x00, 0x00, 0x00, 0x00, 0x00, 0x00, 0x00, 0x00, 0x00, 0x00, 0x01, 0x6F, 0x01, 0x6F, 0x3C, 0x5F, 
0x3C, 0x5F, 0x3C, 0x5F, 0x03, 0x1F, 0x01, 0x6F, 0xFC, 0x9B, 0xFC, 0x9B, 0xFC, 0x9B, 0xFC, 0x9B, 
0xFC, 0x9B, 0xFC, 0x9B, 0xFC, 0x9B, 0xE1, 0x20, 0xFC, 0x9B, 0x00, 0x00, 0x00, 0x00, 0x00, 0x00, 
0x00, 0x00, 0x00, 0x00, 0x00, 0x00, 0x00, 0x00, 0x00, 0x00, 0x00, 0x00, 0x00, 0x00, 0x00, 0x00, 
0x00, 0x00, 0x00, 0x00, 0x00, 0x00, 0x00, 0x00, 0x00, 0x00, 0x00, 0x00, 0x00, 0x00, 0x01, 0x6F, 
0x01, 0x6F, 0x3C, 0x5F, 0x03, 0x1F, 0x01, 0x6F, 0xCB, 0x74, 0xCB, 0x74, 0xCB, 0x74, 0xCB, 0x74, 
0xCB, 0x74, 0xCB, 0x74, 0xCB, 0x74, 0xE1, 0x20, 0x00, 0x00, 0x00, 0x00, 0x00, 0x00, 0x00, 0x00, 
0x00, 0x00, 0x00, 0x00, 0x00, 0x00, 0x00, 0x00, 0x00, 0x00, 0x00, 0x00, 0x00, 0x00, 0x00, 0x00, 
0x00, 0x00, 0x00, 0x00, 0x00, 0x00, 0x00, 0x00, 0x00, 0x00, 0x00, 0x00, 0x00, 0x00, 0x00, 0x00, 
0x00, 0x00, 0x01, 0x6F, 0x01, 0x6F, 0x01, 0x6F, 0x00, 0x00, 0x00, 0x00, 0x00, 0x00, 0x00, 0x00, 
0x00, 0x00, 0x00, 0x00, 0x00, 0x00, 0x00, 0x00, 0x00, 0x00, 0x00, 0x00, 0x00, 0x00, 0x00, 0x00, 
0x00, 0x00, 0x00, 0x00, 0x00, 0x00, 0x00, 0x00, 0x00, 0x00, 0x00, 0x00, 0x00, 0x00, 0x00, 0x00, 
0x00, 0x00, 0x00, 0x00, 0x00, 0x00, 0x00, 0x00, 0x00, 0x00, 0x00, 0x00, 0x00, 0x00, 0x00, 0x00, 
0x00, 0x00, 0x00, 0x00, 0x00, 0x00, 0x00, 0x00, 0x00, 0x00, 0x00, 0x00, 0x00, 0x00, 0x00, 0x00, 
0x00, 0x00, 0x00, 0x00, 0x00, 0x00, 0x00, 0x00, 0x00, 0x00, 0x00, 0x00, 0x00, 0x00, 0x00, 0x00, 
0x00, 0x00, 0x00, 0x00, 0x00, 0x00, 0x00, 0x00, 0x00, 0x00, 0x00, 0x00, 0x00, 0x00, 0x00, 0x00, 
0x00, 0x00, 0x00, 0x00, 0x00, 0x00, 0x00, 0x00, 0x00, 0x00, 0x00, 0x00, 0x00, 0x00, 0x00, 0x00, 
0x00, 0x00, 0x00, 0x00, 0x00, 0x00, 0x00, 0x00, 0x00, 0x00, 0x00, 0x00, 0x00, 0x00, 0x00, 0x00, 
0x00, 0x00, 0x00, 0x00, 0x00, 0x00, 0x00, 0x00, 0x00, 0x00, 0x00, 0x00, 0x00, 0x00, 0x00, 0x00, 
0x00, 0x00, 0x00, 0x00, 0x00, 0x00, 0x00, 0x00, 0x00, 0x00, 0x00, 0x00, 0x00, 0x00, 0x00, 0x00, 
0x00, 0x00, 0x00, 0x00, 0x00, 0x00, 0x00, 0x00, 0x00, 0x00, 0x00, 0x00, 0x00, 0x00, 0x00, 0x00, 
0x00, 0x00, 0x00, 0x00, 0x00, 0x00, 0x00, 0x00, 0x00, 0x00, 0x00, 0x00, 0x00, 0x00, 0x00, 0x00, 
0x00, 0x00, 0x00, 0x00, 0x00, 0x00, 0x00, 0x00, 0x00, 0x00, 0x00, 0x00, 0x00, 0x00, 0x00, 0x00, 
0x00, 0x00, 0x00, 0x00, 0x00, 0x00, 0x00, 0x00, 0x00, 0x00, 0x00, 0x00, 0x00, 0x00, 0x00, 0x00, 
0x00, 0x00, 0x00, 0x00, 0x00, 0x00, 0x00, 0x00, 0x00, 0x00, 0x00, 0x00, 0x00, 0x00, 0x00, 0x00, 
0x00, 0x00, 0x00, 0x00, 0x00, 0x00, 0x00, 0x00, 0x00, 0x00, 0x00, 0x00, 0x00, 0x00, 0x00, 0x00, 
0x00, 0x00, 0x00, 0x00, 0x00, 0x00, 0x00, 0x00, 0x00, 0x00, 0x00, 0x00, 0x00, 0x00, 0x00, 0x00, 
0x00, 0x00, 0x00, 0x00, 0x00, 0x00, 0x00, 0x00, 0x00, 0x00, 0x00, 0x00, 0x00, 0x00, 0x00, 0x00
}
,
{
0x00, 0x00, 0x00, 0x00, 0x00, 0x00, 0x00, 0x00, 0x00, 0x00, 0x00, 0x00, 0x00, 0x00, 0x00, 0x00, 
0x00, 0x00, 0x00, 0x00, 0x00, 0x00, 0x00, 0x00, 0x00, 0x00, 0x00, 0x00, 0x00, 0x00, 0x00, 0x00, 
0x00, 0x00, 0x00, 0x00, 0x00, 0x00, 0x00, 0x00, 0x00, 0x00, 0x00, 0x00, 0x00, 0x00, 0x7A, 0x0C, 
0x7A, 0x0C, 0x7A, 0x0C, 0x00, 0x00, 0x00, 0x00, 0x00, 0x00, 0x00, 0x00, 0x00, 0x00, 0x00, 0x00, 
0x00, 0x00, 0x00, 0x00, 0x00, 0x00, 0x01, 0x6F, 0x01, 0x6F, 0x01, 0x6F, 0x01, 0x6F, 0x00, 0x00, 
0x00, 0x00, 0x00, 0x00, 0x01, 0x6F, 0x01, 0x6F, 0x01, 0x6F, 0x01, 0x6F, 0x00, 0x00, 0x00, 0x00, 
0x00, 0x00, 0x00, 0x00, 0x00, 0x00, 0x00, 0x00, 0x00, 0x00, 0x00, 0x00, 0x00, 0x00, 0x7A, 0x0C, 
0x92, 0x8F, 0x92, 0x8F, 0x7A, 0x0C, 0x00, 0x00, 0x00, 0x00, 0x00, 0x00, 0x00, 0x00, 0x00, 0x00, 
0x00, 0x00, 0x00, 0x00, 0x01, 0x6F, 0x03, 0x1F, 0x03, 0x1F, 0x03, 0x1F, 0x02, 0xBA, 0x01, 0x6F, 
0x01, 0x6F, 0x01, 0x6F, 0x02, 0xBA, 0x3C, 0x5F, 0x3C, 0x5F, 0x03, 0x1F, 0x01, 0x6F, 0x01, 0x6F, 
0x00, 0x00, 0x00, 0x00, 0x00, 0x00, 0x00, 0x00, 0x00, 0x00, 0x00, 0x00, 0x00, 0x00, 0x00, 0x00, 
0x7A, 0x0C, 0x92, 0x8F, 0x92, 0x8F, 0x7A, 0x0C, 0x00, 0x00, 0x00, 0x00, 0x00, 0x00, 0x00, 0x00, 
0x00, 0x00, 0x01, 0x6F, 0x03, 0x1F, 0x03, 0x1F, 0x03, 0x1F, 0x03, 0x1F, 0x02, 0xBA, 0x02, 0xBA, 
0x02, 0xBA, 0x02, 0xBA, 0x03, 0x1F, 0x3C, 0x5F, 0x3C, 0x5F, 0x03, 0x1F, 0x01, 0x6F, 0x01, 0x6F, 
0x01, 0x6F, 0x00, 0x00, 0x00, 0x00, 0x00, 0x00, 0x00, 0x00, 0x00, 0x00, 0x00, 0x00, 0x00, 0x00, 
0x7A, 0x0C, 0x92, 0x8F, 0x92, 0x8F, 0x7A, 0x0C, 0x00, 0x00, 0x00, 0x00, 0x00, 0x00, 0x00, 0x00, 
0x00, 0x00, 0x01, 0x6F, 0x3C, 0x5F, 0x3C, 0x5F, 0x03, 0x1F, 0x03, 0x1F, 0x02, 0xBA, 0x02, 0xBA, 
0x02, 0xBA, 0x03, 0x1F, 0x03, 0x1F, 0x3C, 0x5F, 0x03, 0x1F, 0x03, 0x1F, 0x01, 0x6F, 0x01, 0x6F, 
0x01, 0x6F, 0x7A, 0x0C, 0x7A, 0x0C, 0x7A, 0x0C, 0x00, 0x00, 0x00, 0x00, 0x00, 0x00, 0x00, 0x00, 
0x7A, 0x0C, 0x92, 0x8F, 0x92, 0x8F, 0x7A, 0x0C, 0x00, 0x00, 0x00, 0x00, 0x00, 0x00, 0x00, 0x00, 
0x00, 0x00, 0x00, 0x00, 0x01, 0x6F, 0x75, 0x3F, 0x3C, 0x5F, 0x03, 0x1F, 0x02, 0xBA, 0x02, 0xBA, 
0x03, 0x1F, 0x03, 0x1F, 0x3C, 0x5F, 0x3C, 0x5F, 0x03, 0x1F, 0x01, 0x6F, 0x01, 0x6F, 0x01, 0x6F, 
0x01, 0x6F, 0x92, 0x8F, 0x92, 0x8F, 0x92, 0x8F, 0x7A, 0x0C, 0x00, 0x00, 0x00, 0x00, 0x00, 0x00, 
0x00, 0x00, 0x7A, 0x0C, 0x92, 0x8F, 0x7A, 0x0C, 0x00, 0x00, 0x00, 0x00, 0x00, 0x00, 0x00, 0x00, 
0x00, 0x00, 0x00, 0x00, 0x01, 0x6F, 0x75, 0x3F, 0x3C, 0x5F, 0x03, 0x1F, 0x03, 0x1F, 0x03, 0x1F, 
0x03, 0x1F, 0x3C, 0x5F, 0x3C, 0x5F, 0x03, 0x1F, 0x03, 0x1F, 0x01, 0x6F, 0x01, 0x6F, 0x01, 0x6F, 
0x01, 0x6F, 0x92, 0x8F, 0x92, 0x8F, 0x92, 0x8F, 0x92, 0x8F, 0x7A, 0x0C, 0x00, 0x00, 0x00, 0x00, 
0x00, 0x00, 0x7A, 0x0C, 0x92, 0x8F, 0x92, 0x8F, 0x7A, 0x0C, 0x00, 0x00, 0x00, 0x00, 0x00, 0x00, 
0x00, 0x00, 0x00, 0x00, 0x01, 0x6F, 0x75, 0x3F, 0x03, 0x1F, 0x03, 0x1F, 0x03, 0x1F, 0x03, 0x1F, 
0x3C, 0x5F, 0x3C, 0x5F, 0x3C, 0x5F, 0x03, 0x1F, 0x01, 0x6F, 0x01, 0x6F, 0x01, 0x6F, 0x01, 0x6F, 
0x92, 0x8F, 0x92, 0x8F, 0x92, 0x8F, 0x92, 0x8F, 0x92, 0x8F, 0x92, 0x8F, 0x7A, 0x0C, 0x00, 0x00, 
0x00, 0x00, 0x7A, 0x0C, 0x92, 0x8F, 0x92, 0x8F, 0x7A, 0x0C, 0x00, 0x00, 0x00, 0x00, 0x00, 0x00, 
0x00, 0x00, 0x00, 0x00, 0x00, 0x00, 0x01, 0x6F, 0x03, 0x1F, 0x03, 0x1F, 0x3C, 0x5F, 0x3C, 0x5F, 
0x3C, 0x5F, 0x3C, 0x5F, 0x03, 0x1F, 0x02, 0xBA, 0x01, 0x6F, 0x01, 0x6F, 0x01, 0x6F, 0x92, 0x8F, 
0x92, 0x8F, 0x92, 0x8F, 0x92, 0x8F, 0x92, 0x8F, 0x92, 0x8F, 0x92, 0x8F, 0x7A, 0x0C, 0x7A, 0x0C, 
0x7A, 0x0C, 0x7A, 0x0C, 0x92, 0x8F, 0x92, 0x8F, 0x7A, 0x0C, 0x00, 0x00, 0x00, 0x00, 0x00, 0x00, 
0x00, 0x00, 0x00, 0x00, 0x00, 0x00, 0x01, 0x6F, 0x03, 0x1F, 0x3C, 0x5F, 0x3C, 0x5F, 0x3C, 0x5F, 
0x3C, 0x5F, 0x03, 0x1F, 0x03, 0x1F, 0x02, 0xBA, 0x01, 0x6F, 0x01, 0x6F, 0x01, 0x6F, 0x92, 0x8F, 
0x92, 0x8F, 0x92, 0x8F, 0x92, 0x8F, 0x92, 0x8F, 0x92, 0x8F, 0x92, 0x8F, 0x7A, 0x0C, 0x92, 0x8F, 
0x92, 0x8F, 0x92, 0x8F, 0x92, 0x8F, 0x92, 0x8F, 0x7A, 0x0C, 0x6A, 0x65, 0x00, 0x00, 0x00, 0x00, 
0x00, 0x00, 0x00, 0x00, 0x01, 0x6F, 0x3C, 0x5F, 0x3C, 0x5F, 0x3C, 0x5F, 0x3C, 0x5F, 0x3C, 0x5F, 
0x3C, 0x5F, 0x03, 0x1F, 0x02, 0xBA, 0x02, 0xBA, 0x01, 0x6F, 0x01, 0x6F, 0x92, 0x8F, 0x92, 0x8F, 
0x92, 0x8F, 0x92, 0x8F, 0x92, 0x8F, 0x92, 0x8F, 0x92, 0x8F, 0x92, 0x8F, 0x7A, 0x0C, 0x92, 0x8F, 
0x92, 0x8F, 0x92, 0x8F, 0x92, 0x8F, 0x92, 0x8F, 0x7A, 0x0C, 0x6A, 0x65, 0x6A, 0x65, 0x00, 0x00, 
0x00, 0x00, 0x00, 0x00, 0x01, 0x6F, 0x3C, 0x5F, 0x3C, 0x5F, 0x75, 0x3F, 0x3C, 0x5F, 0x3C, 0x5F, 
0x03, 0x1F, 0x02, 0xBA, 0x02, 0xBA, 0x02, 0xBA, 0x01, 0x6F, 0x01, 0x6F, 0x92, 0x8F, 0x92, 0x8F, 
0x92, 0x8F, 0x92, 0x8F, 0x92, 0x8F, 0x92, 0x8F, 0x92, 0x8F, 0x92, 0x8F, 0x7A, 0x0C, 0x92, 0x8F, 
0x92, 0x8F, 0x92, 0x8F, 0x92, 0x8F, 0x92, 0x8F, 0x7A, 0x0C, 0x6A, 0x65, 0x6A, 0x65, 0x00, 0x00, 
0x00, 0x00, 0x00, 0x00, 0x01, 0x6F, 0x3C, 0x5F, 0x75, 0x3F, 0x75, 0x3F, 0x3C, 0x5F, 0x3C, 0x5F, 
0x03, 0x1F, 0x02, 0xBA, 0x02, 0xBA, 0x02, 0xBA, 0x01, 0x6F, 0x92, 0x8F, 0x92, 0x8F, 0x92, 0x8F, 
0x92, 0x8F, 0x92, 0x8F, 0x92, 0x8F, 0x92, 0x8F, 0x92, 0x8F, 0x92, 0x8F, 0x7A, 0x0C, 0x92, 0x8F, 
0x92, 0x8F, 0xFC, 0x70, 0xE1, 0x20, 0x92, 0x8F, 0x92, 0x8F, 0x8B, 0x69, 0x8B, 0x69, 0x00, 0x00, 
0x00, 0x00, 0x00, 0x00, 0x01, 0x6F, 0x75, 0x3F, 0x75, 0x3F, 0x75, 0x3F, 0x3C, 0x5F, 0x03, 0x1F, 
0x03, 0x1F, 0x02, 0xBA, 0x02, 0xBA, 0x02, 0xBA, 0x01, 0x6F, 0x92, 0x8F, 0xAA, 0xF1, 0xAA, 0xF1, 
0xAA, 0xF1, 0x92, 0x8F, 0x92, 0x8F, 0x92, 0x8F, 0x92, 0x8F, 0x92, 0x8F, 0x7A, 0x0C, 0x92, 0x8F, 
0x92, 0x8F, 0xE1, 0x20, 0xE1, 0x20, 0x92, 0x8F, 0x92, 0x8F, 0x7A, 0x0C, 0x00, 0x00, 0x00, 0x00, 
0x00, 0x00, 0x00, 0x00, 0x01, 0x6F, 0x75, 0x3F, 0x75, 0x3F, 0x75, 0x3F, 0x3C, 0x5F, 0x03, 0x1F, 
0x03, 0x1F, 0x03, 0x1F, 0x02, 0xBA, 0x02, 0xBA, 0x01, 0x6F, 0xAA, 0xF1, 0xAA, 0xF1, 0xAA, 0xF1, 
0xAA, 0xF1, 0xAA, 0xF1, 0xAA, 0xF1, 0xAA, 0xF1, 0x92, 0x8F, 0x92, 0x8F, 0x92, 0x8F, 0x7A, 0x0C, 
0x92, 0x8F, 0x92, 0x8F, 0x92, 0x8F, 0x92, 0x8F, 0x92, 0x8F, 0x7A, 0x0C, 0x00, 0x00, 0x00, 0x00, 
0x00, 0x00, 0x00, 0x00, 0x01, 0x6F, 0x75, 0x3F, 0x75, 0x3F, 0x3C, 0x5F, 0x03, 0x1F, 0x3C, 0x5F, 
0x03, 0x1F, 0x03, 0x1F, 0x03, 0x1F, 0x03, 0x1F, 0x01, 0x6F, 0xAA, 0xF1, 0xAA, 0xF1, 0xAA, 0xF1, 
0xAA, 0xF1, 0xAA, 0xF1, 0xAA, 0xF1, 0xAA, 0xF1, 0xAA, 0xF1, 0x92, 0x8F, 0x92, 0x8F, 0x7A, 0x0C, 
0x92, 0x8F, 0x92, 0x8F, 0x92, 0x8F, 0x92, 0x8F, 0x92, 0x8F, 0x7A, 0x0C, 0x00, 0x00, 0x00, 0x00, 
0x00, 0x00, 0x00, 0x00, 0x01, 0x6F, 0x3C, 0x5F, 0x3C, 0x5F, 0x03, 0x1F, 0x03, 0x1F, 0x3C, 0x5F, 
0x3C, 0x5F, 0x3C, 0x5F, 0x03, 0x1F, 0x03, 0x1F, 0x01, 0x6F, 0xAA, 0xF1, 0xAA, 0xF1, 0xAA, 0xF1, 
0xAA, 0xF1, 0xAA, 0xF1, 0xAA, 0xF1, 0xFC, 0x70, 0xE1, 0x20, 0xAA, 0xF1, 0xAA, 0xF1, 0x7A, 0x0C, 
0x92, 0x8F, 0x92, 0x8F, 0x92, 0x8F, 0x4B, 0xC5, 0x4B, 0xC5, 0x6A, 0x65, 0x6A, 0x65, 0x00, 0x00, 
0x00, 0x00, 0x00, 0x00, 0x01, 0x6F, 0x03, 0x1F, 0x03, 0x1F, 0x03, 0x1F, 0x3C, 0x5F, 0x3C, 0x5F, 
0x3C, 0x5F, 0x3C, 0x5F, 0x3C, 0x5F, 0x03, 0x1F, 0x01, 0x6F, 0xAA, 0xF1, 0xCB, 0x74, 0xCB, 0x74, 
0xCB, 0x74, 0xCB, 0x74, 0xCB, 0x74, 0xE1, 0x20, 0xE1, 0x20, 0xAA, 0xF1, 0xAA, 0xF1, 0x7A, 0x0C, 
0x92, 0x8F, 0x92, 0x8F, 0x92, 0x8F, 0x64, 0xE6, 0x64, 0xE6, 0x6A, 0x65, 0x6A, 0x65, 0x00, 0x00, 
0x00, 0x00, 0x00, 0x00, 0x01, 0x6F, 0x03, 0x1F, 0x03, 0x1F, 0x3C, 0x5F, 0x3C, 0x5F, 0x3C, 0x5F, 
0x3C, 0x5F, 0x3C, 0x5F, 0x3C, 0x5F, 0x03, 0x1F, 0x01, 0x6F, 0xAA, 0xF1, 0xCB, 0x74, 0xCB, 0x74, 
0xCB, 0x74, 0xCB, 0x74, 0xCB, 0x74, 0xCB, 0x74, 0xAA, 0xF1, 0xAA, 0xF1, 0xAA, 0xF1, 0x7A, 0x0C, 
0x92, 0x8F, 0x92, 0x8F, 0x92, 0x8F, 0x64, 0xE6, 0x64, 0xE6, 0x6A, 0x65, 0x6A, 0x65, 0x00, 0x00, 
0x00, 0x00, 0x00, 0x00, 0x01, 0x6F, 0x03, 0x1F, 0x03, 0x1F, 0x75, 0x3F, 0x75, 0x3F, 0x3C, 0x5F, 
0x3C, 0x5F, 0x3C, 0x5F, 0x3C, 0x5F, 0x03, 0x1F, 0x01, 0x6F, 0xCB, 0x74, 0xCB, 0x74, 0x3C, 0x5F, 
0x3C, 0x5F, 0x3C, 0x5F, 0x3C, 0x5F, 0xCB, 0x74, 0xAA, 0xF1, 0xAA, 0xF1, 0xAA, 0xF1, 0x7A, 0x0C, 
0x92, 0x8F, 0x64, 0xE6, 0x64, 0xE6, 0x64, 0xE6, 0x64, 0xE6, 0x8B, 0x69, 0x8B, 0x69, 0x00, 0x00, 
0x00, 0x00, 0x00, 0x00, 0x00, 0x00, 0x01, 0x6F, 0x03, 0x1F, 0x75, 0x3F, 0x75, 0x3F, 0x75, 0x3F, 
0x3C, 0x5F, 0x3C, 0x5F, 0x3C, 0x5F, 0x03, 0x1F, 0x01, 0x6F, 0xCB, 0x74, 0xCB, 0x74, 0x3C, 0x5F, 
0x07, 0xFF, 0x07, 0xFF, 0x3C, 0x5F, 0xCB, 0x74, 0xCB, 0x74, 0xAA, 0xF1, 0xAA, 0xF1, 0x7A, 0x0C, 
0x92, 0x8F, 0x64, 0xE6, 0x64, 0xE6, 0x75, 0xC8, 0x75, 0xC8, 0x8B, 0x69, 0x8B, 0x69, 0x00, 0x00, 
0x00, 0x00, 0x00, 0x00, 0x00, 0x00, 0x00, 0x00, 0x01, 0x6F, 0x75, 0x3F, 0x75, 0x3F, 0x75, 0x3F, 
0x75, 0x3F, 0x3C, 0x5F, 0x3C, 0x5F, 0x03, 0x1F, 0x01, 0x6F, 0xCB, 0x74, 0xCB, 0x74, 0xCB, 0x74, 
0xCB, 0x74, 0xCB, 0x74, 0xCB, 0x74, 0xCB, 0x74, 0xCB, 0x74, 0xCB, 0x74, 0xAA, 0xF1, 0x7A, 0x0C, 
0x92, 0x8F, 0x75, 0xC8, 0x75, 0xC8, 0x75, 0xC8, 0x75, 0xC8, 0x8B, 0x69, 0x8B, 0x69, 0x00, 0x00, 
0x00, 0x00, 0x00, 0x00, 0x00, 0x00, 0x00, 0x00, 0x01, 0x6F, 0x3C, 0x5F, 0x75, 0x3F, 0x75, 0x3F, 
0x75, 0x3F, 0x3C, 0x5F, 0x3C, 0x5F, 0x03, 0x1F, 0x01, 0x6F, 0xEC, 0x18, 0xEC, 0x18, 0xEC, 0x18, 
0xEC, 0x18, 0xEC, 0x18, 0xEC, 0x18, 0xEC, 0x18, 0xE1, 0x20, 0xCB, 0x74, 0xAA, 0xF1, 0x7A, 0x0C, 
0xAA, 0xF1, 0xB6, 0xF1, 0xB6, 0xF1, 0xB6, 0xF1, 0x00, 0x00, 0x8B, 0x69, 0x8B, 0x69, 0x00, 0x00, 
0x00, 0x00, 0x00, 0x00, 0x00, 0x00, 0x00, 0x00, 0x01, 0x6F, 0x3C, 0x5F, 0x75, 0x3F, 0x75, 0x3F, 
0x75, 0x3F, 0x3C, 0x5F, 0x3C, 0x5F, 0x03, 0x1F, 0x01, 0x6F, 0xEC, 0x18, 0xEC, 0x18, 0xEC, 0x18, 
0xEC, 0x18, 0xEC, 0x18, 0xEC, 0x18, 0xEC, 0x18, 0xE1, 0x20, 0xCB, 0x74, 0xAA, 0xF1, 0x7A, 0x0C, 
0x00, 0x00, 0x00, 0x00, 0x00, 0x00, 0x00, 0x00, 0x00, 0x00, 0x00, 0x00, 0x00, 0x00, 0x00, 0x00, 
0x00, 0x00, 0x00, 0x00, 0x00, 0x00, 0x00, 0x00, 0x00, 0x00, 0x01, 0x6F, 0x3C, 0x5F, 0x75, 0x3F, 
0x75, 0x3F, 0x3C, 0x5F, 0x3C, 0x5F, 0x03, 0x1F, 0x01, 0x6F, 0xFC, 0x9B, 0xFC, 0x9B, 0xFC, 0x9B, 
0xFC, 0x9B, 0xFC, 0x9B, 0xFC, 0x9B, 0xFC, 0x9B, 0xE1, 0x20, 0xCB, 0x74, 0xAA, 0xF1, 0x00, 0x00, 
0x00, 0x00, 0x00, 0x00, 0x00, 0x00, 0x00, 0x00, 0x00, 0x00, 0x00, 0x00, 0x00, 0x00, 0x00, 0x00, 
0x00, 0x00, 0x00, 0x00, 0x00, 0x00, 0x00, 0x00, 0x00, 0x00, 0x00, 0x00, 0x01, 0x6F, 0x01, 0x6F, 
0x3C, 0x5F, 0x3C, 0x5F, 0x3C, 0x5F, 0x03, 0x1F, 0x01, 0x6F, 0xFC, 0x9B, 0xFC, 0x9B, 0xFC, 0x9B, 
0xFC, 0x9B, 0xFC, 0x9B, 0xFC, 0x9B, 0xFC, 0x9B, 0xE1, 0x20, 0xFC, 0x9B, 0x00, 0x00, 0x00, 0x00, 
0x00, 0x00, 0x00, 0x00, 0x00, 0x00, 0x00, 0x00, 0x00, 0x00, 0x00, 0x00, 0x00, 0x00, 0x00, 0x00, 
0x00, 0x00, 0x00, 0x00, 0x00, 0x00, 0x00, 0x00, 0x00, 0x00, 0x00, 0x00, 0x00, 0x00, 0x00, 0x00, 
0x01, 0x6F, 0x01, 0x6F, 0x3C, 0x5F, 0x03, 0x1F, 0x01, 0x6F, 0xCB, 0x74, 0xCB, 0x74, 0xCB, 0x74, 
0xCB, 0x74, 0xCB, 0x74, 0xCB, 0x74, 0xCB, 0x74, 0xE1, 0x20, 0x00, 0x00, 0x00, 0x00, 0x00, 0x00, 
0x00, 0x00, 0x00, 0x00, 0x00, 0x00, 0x00, 0x00, 0x00, 0x00, 0x00, 0x00, 0x00, 0x00, 0x00, 0x00, 
0x00, 0x00, 0x00, 0x00, 0x00, 0x00, 0x00, 0x00, 0x00, 0x00, 0x00, 0x00, 0x00, 0x00, 0x00, 0x00, 
0x00, 0x00, 0x00, 0x00, 0x01, 0x6F, 0x01, 0x6F, 0x01, 0x6F, 0x00, 0x00, 0x00, 0x00, 0x00, 0x00, 
0x00, 0x00, 0x00, 0x00, 0x00, 0x00, 0x00, 0x00, 0x00, 0x00, 0x00, 0x00, 0x00, 0x00, 0x00, 0x00, 
0x00, 0x00, 0x00, 0x00, 0x00, 0x00, 0x00, 0x00, 0x00, 0x00, 0x00, 0x00, 0x00, 0x00, 0x00, 0x00, 
0x00, 0x00, 0x00, 0x00, 0x00, 0x00, 0x00, 0x00, 0x00, 0x00, 0x00, 0x00, 0x00, 0x00, 0x00, 0x00, 
0x00, 0x00, 0x00, 0x00, 0x00, 0x00, 0x00, 0x00, 0x00, 0x00, 0x00, 0x00, 0x00, 0x00, 0x00, 0x00, 
0x00, 0x00, 0x00, 0x00, 0x00, 0x00, 0x00, 0x00, 0x00, 0x00, 0x00, 0x00, 0x00, 0x00, 0x00, 0x00, 
0x00, 0x00, 0x00, 0x00, 0x00, 0x00, 0x00, 0x00, 0x00, 0x00, 0x00, 0x00, 0x00, 0x00, 0x00, 0x00, 
0x00, 0x00, 0x00, 0x00, 0x00, 0x00, 0x00, 0x00, 0x00, 0x00, 0x00, 0x00, 0x00, 0x00, 0x00, 0x00, 
0x00, 0x00, 0x00, 0x00, 0x00, 0x00, 0x00, 0x00, 0x00, 0x00, 0x00, 0x00, 0x00, 0x00, 0x00, 0x00, 
0x00, 0x00, 0x00, 0x00, 0x00, 0x00, 0x00, 0x00, 0x00, 0x00, 0x00, 0x00, 0x00, 0x00, 0x00, 0x00, 
0x00, 0x00, 0x00, 0x00, 0x00, 0x00, 0x00, 0x00, 0x00, 0x00, 0x00, 0x00, 0x00, 0x00, 0x00, 0x00, 
0x00, 0x00, 0x00, 0x00, 0x00, 0x00, 0x00, 0x00, 0x00, 0x00, 0x00, 0x00, 0x00, 0x00, 0x00, 0x00, 
0x00, 0x00, 0x00, 0x00, 0x00, 0x00, 0x00, 0x00, 0x00, 0x00, 0x00, 0x00, 0x00, 0x00, 0x00, 0x00, 
0x00, 0x00, 0x00, 0x00, 0x00, 0x00, 0x00, 0x00, 0x00, 0x00, 0x00, 0x00, 0x00, 0x00, 0x00, 0x00, 
0x00, 0x00, 0x00, 0x00, 0x00, 0x00, 0x00, 0x00, 0x00, 0x00, 0x00, 0x00, 0x00, 0x00, 0x00, 0x00, 
0x00, 0x00, 0x00, 0x00, 0x00, 0x00, 0x00, 0x00, 0x00, 0x00, 0x00, 0x00, 0x00, 0x00, 0x00, 0x00, 
0x00, 0x00, 0x00, 0x00, 0x00, 0x00, 0x00, 0x00, 0x00, 0x00, 0x00, 0x00, 0x00, 0x00, 0x00, 0x00, 
0x00, 0x00, 0x00, 0x00, 0x00, 0x00, 0x00, 0x00, 0x00, 0x00, 0x00, 0x00, 0x00, 0x00, 0x00, 0x00, 
0x00, 0x00, 0x00, 0x00, 0x00, 0x00, 0x00, 0x00, 0x00, 0x00, 0x00, 0x00, 0x00, 0x00, 0x00, 0x00
}
},
{
{
0x00, 0x00, 0x00, 0x00, 0x00, 0x00, 0x00, 0x00, 0x00, 0x00, 0x00, 0x00, 0x00, 0x00, 0x00, 0x00, 
0x00, 0x00, 0x00, 0x00, 0x00, 0x00, 0x00, 0x00, 0x00, 0x00, 0x00, 0x00, 0x00, 0x00, 0x00, 0x00, 
0x00, 0x00, 0x00, 0x00, 0x00, 0x00, 0x00, 0x00, 0x00, 0x00, 0x00, 0x00, 0x00, 0x00, 0x00, 0x00, 
0x00, 0x00, 0x00, 0x00, 0x00, 0x00, 0x00, 0x00, 0x00, 0x00, 0x00, 0x00, 0x00, 0x00, 0x00, 0x00, 
0x00, 0x00, 0x00, 0x00, 0x00, 0x00, 0x00, 0x00, 0x00, 0x00, 0x00, 0x00, 0x00, 0x00, 0x00, 0x00, 
0x00, 0x00, 0x00, 0x00, 0x00, 0x00, 0x00, 0x00, 0x00, 0x00, 0x00, 0x00, 0x00, 0x00, 0x00, 0x00, 
0x00, 0x00, 0x00, 0x00, 0x00, 0x00, 0x00, 0x00, 0x00, 0x00, 0x00, 0x00, 0x00, 0x00, 0x00, 0x00, 
0x00, 0x00, 0x00, 0x00, 0x00, 0x00, 0x00, 0x00, 0x7A, 0x0C, 0x00, 0x00, 0x00, 0x00, 0x00, 0x00, 
0x00, 0x00, 0x00, 0x00, 0x00, 0x00, 0x00, 0x00, 0x00, 0x00, 0x00, 0x00, 0x00, 0x00, 0x00, 0x00, 
0x00, 0x00, 0x01, 0x6F, 0x01, 0x6F, 0x01, 0x6F, 0x01, 0x6F, 0x00, 0x00, 0x00, 0x00, 0x00, 0x00, 
0x00, 0x00, 0x00, 0x00, 0x00, 0x00, 0x00, 0x00, 0x00, 0x00, 0x00, 0x00, 0x00, 0x00, 0x00, 0x00, 
0x00, 0x00, 0x00, 0x00, 0x00, 0x00, 0x7A, 0x0C, 0x92, 0x8F, 0x7A, 0x0C, 0x00, 0x00, 0x00, 0x00, 
0x00, 0x00, 0x00, 0x00, 0x00, 0x00, 0x00, 0x00, 0x00, 0x00, 0x00, 0x00, 0x00, 0x00, 0x00, 0x00, 
0x01, 0x6F, 0x02, 0xBA, 0x3C, 0x5F, 0x03, 0x1F, 0x02, 0xBA, 0x01, 0x6F, 0x00, 0x00, 0x00, 0x00, 
0x00, 0x00, 0x00, 0x00, 0x00, 0x00, 0x00, 0x00, 0x00, 0x00, 0x00, 0x00, 0x00, 0x00, 0x00, 0x00, 
0x00, 0x00, 0x00, 0x00, 0x7A, 0x0C, 0xAA, 0xF1, 0x92, 0x8F, 0x7A, 0x0C, 0x00, 0x00, 0x00, 0x00, 
0x00, 0x00, 0x00, 0x00, 0x01, 0x6F, 0x01, 0x6F, 0x01, 0x6F, 0x01, 0x6F, 0x01, 0x6F, 0x01, 0x6F, 
0x02, 0xBA, 0x75, 0x3F, 0x3C, 0x5F, 0x03, 0x1F, 0x02, 0xBA, 0x01, 0x6F, 0x01, 0x6F, 0x7A, 0x0C, 
0x7A, 0x0C, 0x7A, 0x0C, 0x7A, 0x0C, 0x00, 0x00, 0x00, 0x00, 0x00, 0x00, 0x00, 0x00, 0x7A, 0x0C, 
0x7A, 0x0C, 0x00, 0x00, 0x7A, 0x0C, 0xAA, 0xF1, 0xAA, 0xF1, 0x7A, 0x0C, 0x00, 0x00, 0x00, 0x00, 
0x00, 0x00, 0x01, 0x6F, 0x75, 0x3F, 0x75, 0x3F, 0x3C, 0x5F, 0x3C, 0x5F, 0x03, 0x1F, 0x02, 0xBA, 
0x75, 0x3F, 0x75, 0x3F, 0x3C, 0x5F, 0x03, 0x1F, 0x02, 0xBA, 0x3C, 0x5F, 0x02, 0xBA, 0x01, 0x6F, 
0xAA, 0xF1, 0xAA, 0xF1, 0xAA, 0xF1, 0x7A, 0x0C, 0x00, 0x00, 0x00, 0x00, 0x7A, 0x0C, 0xCB, 0x74, 
0xCB, 0x74, 0x7A, 0x0C, 0x7A, 0x0C, 0xCB, 0x74, 0xAA, 0xF1, 0x7A, 0x0C, 0x00, 0x00, 0x00, 0x00, 
0x01, 0x6F, 0x75, 0x3F, 0x75, 0x3F, 0x75, 0x3F, 0x3C, 0x5F, 0x3C, 0x5F, 0x03, 0x1F, 0x02, 0xBA, 
0x75, 0x3F, 0x75, 0x3F, 0x3C, 0x5F, 0x03, 0x1F, 0x02, 0xBA, 0x3C, 0x5F, 0x02, 0xBA, 0x02, 0xBA, 
0x01, 0x6F, 0xCB, 0x74, 0xCB, 0x74, 0xCB, 0x74, 0x7A, 0x0C, 0x7A, 0x0C, 0xCB, 0x74, 0xEC, 0x18, 
0xFC, 0x9B, 0xEC, 0x18, 0x7A, 0x0C, 0xCB, 0x74, 0xAA, 0xF1, 0x7A, 0x0C, 0x00, 0x00, 0x00, 0x00, 
0x01, 0x6F, 0x3C, 0x5F, 0x75, 0x3F, 0x75, 0x3F, 0x3C, 0x5F, 0x3C, 0x5F, 0x02, 0xBA, 0x02, 0xBA, 
0x75, 0x3F, 0x3C, 0x5F, 0x3C, 0x5F, 0x03, 0x1F, 0x02, 0xBA, 0x3C, 0x5F, 0x03, 0x1F, 0x02, 0xBA, 
0x01, 0x6F, 0xEC, 0x18, 0xEC, 0x18, 0xCB, 0x74, 0xCB, 0x74, 0x7A, 0x0C, 0xEC, 0x18, 0xFC, 0x9B, 
0xFC, 0x9B, 0xEC, 0x18, 0x7A, 0x0C, 0xEC, 0x18, 0xAA, 0xF1, 0x7A, 0x0C, 0x00, 0x00, 0x00, 0x00, 
0x00, 0x00, 0x01, 0x6F, 0x3C, 0x5F, 0x3C, 0x5F, 0x3C, 0x5F, 0x3C, 0x5F, 0x02, 0xBA, 0x75, 0x3F, 
0x75, 0x3F, 0x3C, 0x5F, 0x3C, 0x5F, 0x02, 0xBA, 0x02, 0xBA, 0x3C, 0x5F, 0x03, 0x1F, 0x02, 0xBA, 
0x01, 0x6F, 0xFC, 0x9B, 0xEC, 0x18, 0xEC, 0x18, 0xCB, 0x74, 0x7A, 0x0C, 0xFC, 0x9B, 0xFC, 0x9B, 
0xFC, 0x9B, 0xEC, 0x18, 0x7A, 0x0C, 0xEC, 0x18, 0xAA, 0xF1, 0x7A, 0x0C, 0x00, 0x00, 0x00, 0x00, 
0x00, 0x00, 0x01, 0x6F, 0x3C, 0x5F, 0x3C, 0x5F, 0x3C, 0x5F, 0x02, 0xBA, 0x02, 0xBA, 0x75, 0x3F, 
0x75, 0x3F, 0x3C, 0x5F, 0x3C, 0x5F, 0x02, 0xBA, 0x3C, 0x5F, 0x3C, 0x5F, 0x03, 0x1F, 0x03, 0x1F, 
0x02, 0xBA, 0x01, 0x6F, 0xFC, 0x9B, 0xEC, 0x18, 0xCB, 0x74, 0x7A, 0x0C, 0xFC, 0x9B, 0xFC, 0x9B, 
0xFC, 0x9B, 0x7A, 0x0C, 0xFC, 0x9B, 0xCB, 0x74, 0xAA, 0xF1, 0x7A, 0x0C, 0x00, 0x00, 0x00, 0x00, 
0x00, 0x00, 0x01, 0x6F, 0x3C, 0x5F, 0x03, 0x1F, 0x03, 0x1F, 0x02, 0xBA, 0x75, 0x3F, 0x75, 0x3F, 
0x3C, 0x5F, 0x3C, 0x5F, 0x03, 0x1F, 0x02, 0xBA, 0x3C, 0x5F, 0x3C, 0x5F, 0x03, 0x1F, 0x03, 0x1F, 
0x02, 0xBA, 0x01, 0x6F, 0xFC, 0x9B, 0xEC, 0x18, 0xEC, 0x18, 0xCB, 0x74, 0x7A, 0x0C, 0xFC, 0x9B, 
0xFC, 0x9B, 0x7A, 0x0C, 0xCB, 0x74, 0xCB, 0x74, 0x7A, 0x0C, 0x6A, 0x65, 0x00, 0x00, 0x00, 0x00, 
0x00, 0x00, 0x01, 0x6F, 0x03, 0x1F, 0x03, 0x1F, 0x02, 0xBA, 0x02, 0xBA, 0x75, 0x3F, 0x75, 0x3F, 
0x3C, 0x5F, 0x3C, 0x5F, 0x03, 0x1F, 0x02, 0xBA, 0x3C, 0x5F, 0x3C, 0x5F, 0x03, 0x1F, 0x03, 0x1F, 
0x02, 0xBA, 0x01, 0x6F, 0xFC, 0x9B, 0xEC, 0x18, 0xEC, 0x18, 0xCB, 0x74, 0x7A, 0x0C, 0xFC, 0x9B, 
0xFC, 0x9B, 0x7A, 0x0C, 0xCB, 0x74, 0xCB, 0x74, 0x7A, 0x0C, 0x6A, 0x65, 0x00, 0x00, 0x00, 0x00, 
0x00, 0x00, 0x00, 0x00, 0x01, 0x6F, 0x02, 0xBA, 0x02, 0xBA, 0x75, 0x3F, 0x75, 0x3F, 0x3C, 0x5F, 
0x3C, 0x5F, 0x3C, 0x5F, 0x03, 0x1F, 0x02, 0xBA, 0x3C, 0x5F, 0x3C, 0x5F, 0x03, 0x1F, 0x03, 0x1F, 
0x02, 0xBA, 0x01, 0x6F, 0xFC, 0x9B, 0xEC, 0x18, 0xEC, 0x18, 0xCB, 0x74, 0x7A, 0x0C, 0xFC, 0x9B, 
0xCB, 0x74, 0x7A, 0x0C, 0xCB, 0x74, 0xCB, 0x74, 0x7A, 0x0C, 0x6A, 0x65, 0x00, 0x00, 0x00, 0x00, 
0x00, 0x00, 0x00, 0x00, 0x01, 0x6F, 0x02, 0xBA, 0x75, 0x3F, 0x75, 0x3F, 0x3C, 0x5F, 0x3C, 0x5F, 
0x3C, 0x5F, 0x03, 0x1F, 0x02, 0xBA, 0x02, 0xBA, 0x3C, 0x5F, 0x3C, 0x5F, 0x03, 0x1F, 0x03, 0x1F, 
0x02, 0xBA, 0x01, 0x6F, 0xFC, 0x9B, 0xEC, 0x18, 0xEC, 0x18, 0xCB, 0x74, 0x7A, 0x0C, 0xCB, 0x74, 
0xCB, 0x74, 0x7A, 0x0C, 0xCB, 0x74, 0xCB, 0x74, 0x7A, 0x0C, 0x8B, 0x69, 0x00, 0x00, 0x00, 0x00, 
0x00, 0x00, 0x00, 0x00, 0x01, 0x6F, 0x75, 0x3F, 0x75, 0x3F, 0x3C, 0x5F, 0x3C, 0x5F, 0x3C, 0x5F, 
0x03, 0x1F, 0x03, 0x1F, 0x02, 0xBA, 0x03, 0x1F, 0x3C, 0x5F, 0x3C, 0x5F, 0x03, 0x1F, 0x02, 0xBA, 
0x02, 0xBA, 0x01, 0x6F, 0xEC, 0x18, 0xEC, 0x18, 0xEC, 0x18, 0xCB, 0x74, 0xAA, 0xF1, 0xCB, 0x74, 
0x7A, 0x0C, 0xCB, 0x74, 0xCB, 0x74, 0xCB, 0x74, 0x7A, 0x0C, 0x6A, 0x65, 0x00, 0x00, 0x00, 0x00, 
0x00, 0x00, 0x00, 0x00, 0x01, 0x6F, 0x75, 0x3F, 0x75, 0x3F, 0x3C, 0x5F, 0x3C, 0x5F, 0x3C, 0x5F, 
0x03, 0x1F, 0x03, 0x1F, 0x02, 0xBA, 0x3C, 0x5F, 0x3C, 0x5F, 0x03, 0x1F, 0x03, 0x1F, 0x02, 0xBA, 
0x02, 0xBA, 0x01, 0x6F, 0xEC, 0x18, 0xEC, 0x18, 0xEC, 0x18, 0xCB, 0x74, 0xAA, 0xF1, 0xCB, 0x74, 
0x7A, 0x0C, 0xCB, 0x74, 0xCB, 0x74, 0xCB, 0x74, 0x7A, 0x0C, 0x00, 0x00, 0x00, 0x00, 0x00, 0x00, 
0x00, 0x00, 0x00, 0x00, 0x01, 0x6F, 0x3C, 0x5F, 0x3C, 0x5F, 0x3C, 0x5F, 0x3C, 0x5F, 0x3C, 0x5F, 
0x03, 0x1F, 0x03, 0x1F, 0x02, 0xBA, 0x3C, 0x5F, 0x3C, 0x5F, 0x03, 0x1F, 0x03, 0x1F, 0x02, 0xBA, 
0x02, 0xBA, 0x01, 0x6F, 0xEC, 0x18, 0xEC, 0x18, 0xEC, 0x18, 0xCB, 0x74, 0xAA, 0xF1, 0xCB, 0x74, 
0xCB, 0x74, 0xCB, 0x74, 0xCB, 0x74, 0xCB, 0x74, 0x7A, 0x0C, 0x00, 0x00, 0x00, 0x00, 0x00, 0x00, 
0x00, 0x00, 0x00, 0x00, 0x01, 0x6F, 0x3C, 0x5F, 0x3C, 0x5F, 0x3C, 0x5F, 0x03, 0x1F, 0x03, 0x1F, 
0x03, 0x1F, 0x03, 0x1F, 0x02, 0xBA, 0x3C, 0x5F, 0x3C, 0x5F, 0x03, 0x1F, 0x03, 0x1F, 0x02, 0xBA, 
0x02, 0xBA, 0x01, 0x6F, 0xEC, 0x18, 0xEC, 0x18, 0xEC, 0x18, 0xAA, 0xF1, 0xAA, 0xF1, 0xCB, 0x74, 
0xCB, 0x74, 0xCB, 0x74, 0xCB, 0x74, 0xCB, 0x74, 0x7A, 0x0C, 0x6A, 0x65, 0x00, 0x00, 0x00, 0x00, 
0x00, 0x00, 0x00, 0x00, 0x01, 0x6F, 0x3C, 0x5F, 0x3C, 0x5F, 0x3C, 0x5F, 0x03, 0x1F, 0x03, 0x1F, 
0x03, 0x1F, 0x02, 0xBA, 0x75, 0x3F, 0x3C, 0x5F, 0x3C, 0x5F, 0x03, 0x1F, 0x02, 0xBA, 0x02, 0xBA, 
0x02, 0xBA, 0x01, 0x6F, 0xEC, 0x18, 0xEC, 0x18, 0xCB, 0x74, 0xAA, 0xF1, 0xAA, 0xF1, 0xCB, 0x74, 
0xCB, 0x74, 0xCB, 0x74, 0xCB, 0x74, 0xCB, 0x74, 0x7A, 0x0C, 0x6A, 0x65, 0x00, 0x00, 0x00, 0x00, 
0x00, 0x00, 0x00, 0x00, 0x01, 0x6F, 0x03, 0x1F, 0x3C, 0x5F, 0x03, 0x1F, 0x03, 0x1F, 0x03, 0x1F, 
0x02, 0xBA, 0x02, 0xBA, 0x75, 0x3F, 0x03, 0x1F, 0x03, 0x1F, 0x03, 0x1F, 0x02, 0xBA, 0x02, 0xBA, 
0x02, 0xBA, 0x01, 0x6F, 0xCB, 0x74, 0xCB, 0x74, 0xCB, 0x74, 0xAA, 0xF1, 0x7A, 0x0C, 0xAA, 0xF1, 
0xCB, 0x74, 0xCB, 0x74, 0xCB, 0x74, 0xCB, 0x74, 0x7A, 0x0C, 0x6A, 0x65, 0x00, 0x00, 0x00, 0x00, 
0x00, 0x00, 0x00, 0x00, 0x01, 0x6F, 0x03, 0x1F, 0x3C, 0x5F, 0x03, 0x1F, 0x03, 0x1F, 0x02, 0xBA, 
0x02, 0xBA, 0x75, 0x3F, 0x3C, 0x5F, 0x03, 0x1F, 0x03, 0x1F, 0x03, 0x1F, 0x02, 0xBA, 0x02, 0xBA, 
0x02, 0xBA, 0x01, 0x6F, 0xCB, 0x74, 0xCB, 0x74, 0xCB, 0x74, 0xAA, 0xF1, 0x7A, 0x0C, 0xAA, 0xF1, 
0xCB, 0x74, 0xCB, 0x74, 0xCB, 0x74, 0xCB, 0x74, 0x7A, 0x0C, 0x6A, 0x65, 0x00, 0x00, 0x00, 0x00, 
0x00, 0x00, 0x00, 0x00, 0x01, 0x6F, 0x03, 0x1F, 0x03, 0x1F, 0x03, 0x1F, 0x02, 0xBA, 0x02, 0xBA, 
0x3C, 0x5F, 0x3C, 0x5F, 0x3C, 0x5F, 0x03, 0x1F, 0x03, 0x1F, 0x02, 0xBA, 0x02, 0xBA, 0x02, 0xBA, 
0x01, 0x6F, 0xCB, 0x74, 0xCB, 0x74, 0xCB, 0x74, 0xCB, 0x74, 0xAA, 0xF1, 0x7A, 0x0C, 0xAA, 0xF1, 
0xAA, 0xF1, 0xCB, 0x74, 0xCB, 0x74, 0xCB, 0x74, 0x7A, 0x0C, 0x8B, 0x69, 0x00, 0x00, 0x00, 0x00, 
0x00, 0x00, 0x00, 0x00, 0x00, 0x00, 0x01, 0x6F, 0x03, 0x1F, 0x02, 0xBA, 0x02, 0xBA, 0x3C, 0x5F, 
0x3C, 0x5F, 0x3C, 0x5F, 0x03, 0x1F, 0x03, 0x1F, 0x02, 0xBA, 0x02, 0xBA, 0x02, 0xBA, 0x02, 0xBA, 
0x01, 0x6F, 0xCB, 0x74, 0xCB, 0x74, 0xCB, 0x74, 0xAA, 0xF1, 0x7A, 0x0C, 0xAA, 0xF1, 0xAA, 0xF1, 
0xAA, 0xF1, 0xAA, 0xF1, 0x7A, 0x0C, 0xEC, 0x18, 0x7A, 0x0C, 0x6A, 0x65, 0x00, 0x00, 0x00, 0x00, 
0x00, 0x00, 0x00, 0x00, 0x00, 0x00, 0x00, 0x00, 0x01, 0x6F, 0x02, 0xBA, 0x3C, 0x5F, 0x3C, 0x5F, 
0x3C, 0x5F, 0x3C, 0x5F, 0x03, 0x1F, 0x03, 0x1F, 0x02, 0xBA, 0x02, 0xBA, 0x02, 0xBA, 0x01, 0x6F, 
0xAA, 0xF1, 0xAA, 0xF1, 0xAA, 0xF1, 0xAA, 0xF1, 0xAA, 0xF1, 0x7A, 0x0C, 0x92, 0x8F, 0xAA, 0xF1, 
0xAA, 0xF1, 0xCB, 0x74, 0x7A, 0x0C, 0xCB, 0x74, 0x7A, 0x0C, 0x00, 0x00, 0x00, 0x00, 0x00, 0x00, 
0x00, 0x00, 0x00, 0x00, 0x00, 0x00, 0x00, 0x00, 0x00, 0x00, 0x01, 0x6F, 0x3C, 0x5F, 0x3C, 0x5F, 
0x03, 0x1F, 0x03, 0x1F, 0x03, 0x1F, 0x02, 0xBA, 0x02, 0xBA, 0x02, 0xBA, 0x02, 0xBA, 0x01, 0x6F, 
0xAA, 0xF1, 0xAA, 0xF1, 0xAA, 0xF1, 0xAA, 0xF1, 0x92, 0x8F, 0x7A, 0x0C, 0x92, 0x8F, 0x92, 0x8F, 
0xCB, 0x74, 0xCB, 0x74, 0x7A, 0x0C, 0x7A, 0x0C, 0x00, 0x00, 0x00, 0x00, 0x00, 0x00, 0x00, 0x00, 
0x00, 0x00, 0x00, 0x00, 0x00, 0x00, 0x00, 0x00, 0x00, 0x00, 0x00, 0x00, 0x01, 0x6F, 0x03, 0x1F, 
0x03, 0x1F, 0x03, 0x1F, 0x02, 0xBA, 0x02, 0xBA, 0x02, 0xBA, 0x02, 0xBA, 0x01, 0x6F, 0x92, 0x8F, 
0x92, 0x8F, 0x92, 0x8F, 0x92, 0x8F, 0x92, 0x8F, 0x7A, 0x0C, 0x7A, 0x0C, 0x92, 0x8F, 0x92, 0x8F, 
0xCB, 0x74, 0xCB, 0x74, 0x7A, 0x0C, 0x00, 0x00, 0x00, 0x00, 0x00, 0x00, 0x00, 0x00, 0x00, 0x00, 
0x00, 0x00, 0x00, 0x00, 0x00, 0x00, 0x00, 0x00, 0x00, 0x00, 0x00, 0x00, 0x00, 0x00, 0x01, 0x6F, 
0x01, 0x6F, 0x01, 0x6F, 0x01, 0x6F, 0x01, 0x6F, 0x01, 0x6F, 0x01, 0x6F, 0x92, 0x8F, 0x92, 0x8F, 
0x92, 0x8F, 0x92, 0x8F, 0x92, 0x8F, 0x7A, 0x0C, 0x00, 0x00, 0x00, 0x00, 0x7A, 0x0C, 0x92, 0x8F, 
0x92, 0x8F, 0x7A, 0x0C, 0x00, 0x00, 0x00, 0x00, 0x00, 0x00, 0x00, 0x00, 0x00, 0x00, 0x00, 0x00, 
0x00, 0x00, 0x00, 0x00, 0x00, 0x00, 0x00, 0x00, 0x00, 0x00, 0x00, 0x00, 0x00, 0x00, 0x00, 0x00, 
0x00, 0x00, 0x00, 0x00, 0x00, 0x00, 0x00, 0x00, 0x00, 0x00, 0x7A, 0x0C, 0x7A, 0x0C, 0x7A, 0x0C, 
0x7A, 0x0C, 0x7A, 0x0C, 0x7A, 0x0C, 0x00, 0x00, 0x00, 0x00, 0x00, 0x00, 0x00, 0x00, 0x7A, 0x0C, 
0x7A, 0x0C, 0x00, 0x00, 0x00, 0x00, 0x00, 0x00, 0x00, 0x00, 0x00, 0x00, 0x00, 0x00, 0x00, 0x00, 
0x00, 0x00, 0x00, 0x00, 0x00, 0x00, 0x00, 0x00, 0x00, 0x00, 0x00, 0x00, 0x00, 0x00, 0x00, 0x00, 
0x00, 0x00, 0x00, 0x00, 0x00, 0x00, 0x00, 0x00, 0x00, 0x00, 0x00, 0x00, 0x00, 0x00, 0x00, 0x00, 
0x00, 0x00, 0x00, 0x00, 0x00, 0x00, 0x00, 0x00, 0x00, 0x00, 0x00, 0x00, 0x00, 0x00, 0x00, 0x00, 
0x00, 0x00, 0x00, 0x00, 0x00, 0x00, 0x00, 0x00, 0x00, 0x00, 0x00, 0x00, 0x00, 0x00, 0x00, 0x00, 
0x00, 0x00, 0x00, 0x00, 0x00, 0x00, 0x00, 0x00, 0x00, 0x00, 0x00, 0x00, 0x00, 0x00, 0x00, 0x00, 
0x00, 0x00, 0x00, 0x00, 0x00, 0x00, 0x00, 0x00, 0x00, 0x00, 0x00, 0x00, 0x00, 0x00, 0x00, 0x00, 
0x00, 0x00, 0x00, 0x00, 0x00, 0x00, 0x00, 0x00, 0x00, 0x00, 0x00, 0x00, 0x00, 0x00, 0x00, 0x00, 
0x00, 0x00, 0x00, 0x00, 0x00, 0x00, 0x00, 0x00, 0x00, 0x00, 0x00, 0x00, 0x00, 0x00, 0x00, 0x00, 
0x00, 0x00, 0x00, 0x00, 0x00, 0x00, 0x00, 0x00, 0x00, 0x00, 0x00, 0x00, 0x00, 0x00, 0x00, 0x00, 
0x00, 0x00, 0x00, 0x00, 0x00, 0x00, 0x00, 0x00, 0x00, 0x00, 0x00, 0x00, 0x00, 0x00, 0x00, 0x00, 
0x00, 0x00, 0x00, 0x00, 0x00, 0x00, 0x00, 0x00, 0x00, 0x00, 0x00, 0x00, 0x00, 0x00, 0x00, 0x00, 
0x00, 0x00, 0x00, 0x00, 0x00, 0x00, 0x00, 0x00, 0x00, 0x00, 0x00, 0x00, 0x00, 0x00, 0x00, 0x00, 
0x00, 0x00, 0x00, 0x00, 0x00, 0x00, 0x00, 0x00, 0x00, 0x00, 0x00, 0x00, 0x00, 0x00, 0x00, 0x00, 
0x00, 0x00, 0x00, 0x00, 0x00, 0x00, 0x00, 0x00, 0x00, 0x00, 0x00, 0x00, 0x00, 0x00, 0x00, 0x00, 
0x00, 0x00, 0x00, 0x00, 0x00, 0x00, 0x00, 0x00, 0x00, 0x00, 0x00, 0x00, 0x00, 0x00, 0x00, 0x00, 
0x00, 0x00, 0x00, 0x00, 0x00, 0x00, 0x00, 0x00, 0x00, 0x00, 0x00, 0x00, 0x00, 0x00, 0x00, 0x00
}
,
{
0x00, 0x00, 0x00, 0x00, 0x00, 0x00, 0x00, 0x00, 0x00, 0x00, 0x00, 0x00, 0x00, 0x00, 0x00, 0x00, 
0x00, 0x00, 0x00, 0x00, 0x00, 0x00, 0x00, 0x00, 0x00, 0x00, 0x00, 0x00, 0x00, 0x00, 0x00, 0x00, 
0x00, 0x00, 0x00, 0x00, 0x00, 0x00, 0x00, 0x00, 0x00, 0x00, 0x00, 0x00, 0x00, 0x00, 0x00, 0x00, 
0x00, 0x00, 0x00, 0x00, 0x00, 0x00, 0x00, 0x00, 0x00, 0x00, 0x00, 0x00, 0x00, 0x00, 0x00, 0x00, 
0x00, 0x00, 0x00, 0x00, 0x00, 0x00, 0x00, 0x00, 0x00, 0x00, 0x00, 0x00, 0x00, 0x00, 0x00, 0x00, 
0x00, 0x00, 0x00, 0x00, 0x00, 0x00, 0x00, 0x00, 0x00, 0x00, 0x00, 0x00, 0x00, 0x00, 0x00, 0x00, 
0x00, 0x00, 0x00, 0x00, 0x00, 0x00, 0x00, 0x00, 0x00, 0x00, 0x00, 0x00, 0x00, 0x00, 0x00, 0x00, 
0x00, 0x00, 0x00, 0x00, 0x00, 0x00, 0x00, 0x00, 0x00, 0x00, 0x00, 0x00, 0x00, 0x00, 0x00, 0x00, 
0x00, 0x00, 0x00, 0x00, 0x00, 0x00, 0x00, 0x00, 0x00, 0x00, 0x00, 0x00, 0x00, 0x00, 0x00, 0x00, 
0x00, 0x00, 0x00, 0x00, 0x00, 0x00, 0x00, 0x00, 0x00, 0x00, 0x00, 0x00, 0x00, 0x00, 0x00, 0x00, 
0x00, 0x00, 0x00, 0x00, 0x00, 0x00, 0x00, 0x00, 0x00, 0x00, 0x00, 0x00, 0x00, 0x00, 0x00, 0x00, 
0x00, 0x00, 0x00, 0x00, 0x92, 0x8F, 0x92, 0x8F, 0x00, 0x00, 0x00, 0x00, 0x00, 0x00, 0x00, 0x00, 
0x00, 0x00, 0x00, 0x00, 0x00, 0x00, 0x00, 0x00, 0x00, 0x00, 0x00, 0x00, 0x00, 0x00, 0x00, 0x00, 
0x00, 0x00, 0x00, 0x00, 0x01, 0x6F, 0x01, 0x6F, 0x01, 0x6F, 0x01, 0x6F, 0x00, 0x00, 0x00, 0x00, 
0x00, 0x00, 0x00, 0x00, 0x00, 0x00, 0x00, 0x00, 0x00, 0x00, 0x00, 0x00, 0x00, 0x00, 0x00, 0x00, 
0x00, 0x00, 0x00, 0x00, 0x92, 0x8F, 0xFC, 0x9B, 0x92, 0x8F, 0x00, 0x00, 0x00, 0x00, 0x00, 0x00, 
0x00, 0x00, 0x00, 0x00, 0x00, 0x00, 0x00, 0x00, 0x00, 0x00, 0x00, 0x00, 0x00, 0x00, 0x00, 0x00, 
0x00, 0x00, 0x01, 0x6F, 0x02, 0xBA, 0x3C, 0x5F, 0x03, 0x1F, 0x02, 0xBA, 0x01, 0x6F, 0x00, 0x00, 
0x00, 0x00, 0x00, 0x00, 0x00, 0x00, 0x00, 0x00, 0x00, 0x00, 0x00, 0x00, 0x00, 0x00, 0x00, 0x00, 
0x00, 0x00, 0x00, 0x00, 0x92, 0x8F, 0xFC, 0x9B, 0xFC, 0x9B, 0x92, 0x8F, 0x00, 0x00, 0x00, 0x00, 
0x00, 0x00, 0x00, 0x00, 0x00, 0x00, 0x01, 0x6F, 0x01, 0x6F, 0x01, 0x6F, 0x01, 0x6F, 0x01, 0x6F, 
0x01, 0x6F, 0x02, 0xBA, 0x75, 0x3F, 0x3C, 0x5F, 0x03, 0x1F, 0x02, 0xBA, 0x01, 0x6F, 0x01, 0x6F, 
0x7A, 0x0C, 0x7A, 0x0C, 0x7A, 0x0C, 0x7A, 0x0C, 0x00, 0x00, 0x00, 0x00, 0x00, 0x00, 0x00, 0x00, 
0x7A, 0x0C, 0x7A, 0x0C, 0x00, 0x00, 0x92, 0x8F, 0xFC, 0x9B, 0xAA, 0xF1, 0x92, 0x8F, 0x00, 0x00, 
0x00, 0x00, 0x00, 0x00, 0x01, 0x6F, 0x75, 0x3F, 0x75, 0x3F, 0x3C, 0x5F, 0x3C, 0x5F, 0x03, 0x1F, 
0x02, 0xBA, 0x75, 0x3F, 0x75, 0x3F, 0x3C, 0x5F, 0x03, 0x1F, 0x02, 0xBA, 0x3C, 0x5F, 0x02, 0xBA, 
0x01, 0x6F, 0xAA, 0xF1, 0xAA, 0xF1, 0xAA, 0xF1, 0x7A, 0x0C, 0x00, 0x00, 0x00, 0x00, 0x7A, 0x0C, 
0xCB, 0x74, 0xCB, 0x74, 0x7A, 0x0C, 0x92, 0x8F, 0xCB, 0x74, 0xAA, 0xF1, 0x92, 0x8F, 0x00, 0x00, 
0x00, 0x00, 0x01, 0x6F, 0x75, 0x3F, 0x75, 0x3F, 0x75, 0x3F, 0x3C, 0x5F, 0x3C, 0x5F, 0x03, 0x1F, 
0x02, 0xBA, 0x75, 0x3F, 0x75, 0x3F, 0x3C, 0x5F, 0x03, 0x1F, 0x02, 0xBA, 0x3C, 0x5F, 0x02, 0xBA, 
0x02, 0xBA, 0x01, 0x6F, 0xCB, 0x74, 0xCB, 0x74, 0xCB, 0x74, 0x7A, 0x0C, 0x7A, 0x0C, 0xCB, 0x74, 
0xEC, 0x18, 0xFC, 0x9B, 0xEC, 0x18, 0x92, 0x8F, 0xCB, 0x74, 0xAA, 0xF1, 0x7A, 0x0C, 0x00, 0x00, 
0x00, 0x00, 0x01, 0x6F, 0x3C, 0x5F, 0x75, 0x3F, 0x75, 0x3F, 0x3C, 0x5F, 0x3C, 0x5F, 0x02, 0xBA, 
0x02, 0xBA, 0x75, 0x3F, 0x3C, 0x5F, 0x3C, 0x5F, 0x03, 0x1F, 0x02, 0xBA, 0x3C, 0x5F, 0x03, 0x1F, 
0x02, 0xBA, 0x01, 0x6F, 0xEC, 0x18, 0xEC, 0x18, 0xCB, 0x74, 0xCB, 0x74, 0x7A, 0x0C, 0xEC, 0x18, 
0xFC, 0x9B, 0xFC, 0x9B, 0xEC, 0x18, 0x7A, 0x0C, 0xCB, 0x74, 0xAA, 0xF1, 0x7A, 0x0C, 0x00, 0x00, 
0x00, 0x00, 0x00, 0x00, 0x01, 0x6F, 0x3C, 0x5F, 0x3C, 0x5F, 0x3C, 0x5F, 0x3C, 0x5F, 0x02, 0xBA, 
0x75, 0x3F, 0x75, 0x3F, 0x3C, 0x5F, 0x3C, 0x5F, 0x02, 0xBA, 0x02, 0xBA, 0x3C, 0x5F, 0x03, 0x1F, 
0x02, 0xBA, 0x01, 0x6F, 0xFC, 0x9B, 0xEC, 0x18, 0xEC, 0x18, 0xCB, 0x74, 0x7A, 0x0C, 0xFC, 0x9B, 
0xFC, 0x9B, 0xFC, 0x9B, 0xEC, 0x18, 0x7A, 0x0C, 0xCB, 0x74, 0xAA, 0xF1, 0x7A, 0x0C, 0x00, 0x00, 
0x00, 0x00, 0x00, 0x00, 0x01, 0x6F, 0x3C, 0x5F, 0x3C, 0x5F, 0x3C, 0x5F, 0x02, 0xBA, 0x02, 0xBA, 
0x75, 0x3F, 0x75, 0x3F, 0x3C, 0x5F, 0x3C, 0x5F, 0x02, 0xBA, 0x3C, 0x5F, 0x3C, 0x5F, 0x03, 0x1F, 
0x03, 0x1F, 0x02, 0xBA, 0x01, 0x6F, 0xFC, 0x9B, 0xEC, 0x18, 0xCB, 0x74, 0x7A, 0x0C, 0xFC, 0x9B, 
0xFC, 0x9B, 0xFC, 0x9B, 0x7A, 0x0C, 0xFC, 0x9B, 0xCB, 0x74, 0xAA, 0xF1, 0x7A, 0x0C, 0x00, 0x00, 
0x00, 0x00, 0x00, 0x00, 0x01, 0x6F, 0x3C, 0x5F, 0x03, 0x1F, 0x03, 0x1F, 0x02, 0xBA, 0x75, 0x3F, 
0x75, 0x3F, 0x3C, 0x5F, 0x3C, 0x5F, 0x03, 0x1F, 0x02, 0xBA, 0x3C, 0x5F, 0x3C, 0x5F, 0x03, 0x1F, 
0x03, 0x1F, 0x02, 0xBA, 0x01, 0x6F, 0xFC, 0x9B, 0xEC, 0x18, 0xEC, 0x18, 0xCB, 0x74, 0x7A, 0x0C, 
0xFC, 0x9B, 0xFC, 0x9B, 0x7A, 0x0C, 0xCB, 0x74, 0xCB, 0x74, 0x7A, 0x0C, 0x8B, 0x69, 0x8B, 0x69, 
0x00, 0x00, 0x00, 0x00, 0x01, 0x6F, 0x03, 0x1F, 0x03, 0x1F, 0x02, 0xBA, 0x02, 0xBA, 0x75, 0x3F, 
0x75, 0x3F, 0x3C, 0x5F, 0x3C, 0x5F, 0x03, 0x1F, 0x02, 0xBA, 0x3C, 0x5F, 0x3C, 0x5F, 0x03, 0x1F, 
0x03, 0x1F, 0x02, 0xBA, 0x01, 0x6F, 0xFC, 0x9B, 0xEC, 0x18, 0xEC, 0x18, 0xCB, 0x74, 0x7A, 0x0C, 
0xFC, 0x9B, 0xFC, 0x9B, 0x7A, 0x0C, 0xCB, 0x74, 0xCB, 0x74, 0x7A, 0x0C, 0x8B, 0x69, 0x8B, 0x69, 
0x00, 0x00, 0x00, 0x00, 0x00, 0x00, 0x01, 0x6F, 0x02, 0xBA, 0x02, 0xBA, 0x75, 0x3F, 0x75, 0x3F, 
0x3C, 0x5F, 0x3C, 0x5F, 0x3C, 0x5F, 0x03, 0x1F, 0x02, 0xBA, 0x3C, 0x5F, 0x3C, 0x5F, 0x03, 0x1F, 
0x03, 0x1F, 0x02, 0xBA, 0x01, 0x6F, 0xFC, 0x9B, 0xEC, 0x18, 0xEC, 0x18, 0xCB, 0x74, 0x7A, 0x0C, 
0xFC, 0x9B, 0xCB, 0x74, 0x7A, 0x0C, 0xCB, 0x74, 0xCB, 0x74, 0x7A, 0x0C, 0x8B, 0x69, 0x6A, 0x65, 
0x00, 0x00, 0x00, 0x00, 0x00, 0x00, 0x01, 0x6F, 0x02, 0xBA, 0x75, 0x3F, 0x75, 0x3F, 0x3C, 0x5F, 
0x3C, 0x5F, 0x3C, 0x5F, 0x03, 0x1F, 0x02, 0xBA, 0x02, 0xBA, 0x3C, 0x5F, 0x3C, 0x5F, 0x03, 0x1F, 
0x03, 0x1F, 0x02, 0xBA, 0x01, 0x6F, 0xFC, 0x9B, 0xEC, 0x18, 0xEC, 0x18, 0xCB, 0x74, 0x7A, 0x0C, 
0xCB, 0x74, 0xCB, 0x74, 0x7A, 0x0C, 0xCB, 0x74, 0xCB, 0x74, 0x7A, 0x0C, 0x6A, 0x65, 0x6A, 0x65, 
0x00, 0x00, 0x00, 0x00, 0x00, 0x00, 0x01, 0x6F, 0x75, 0x3F, 0x75, 0x3F, 0x3C, 0x5F, 0x3C, 0x5F, 
0x3C, 0x5F, 0x03, 0x1F, 0x03, 0x1F, 0x02, 0xBA, 0x03, 0x1F, 0x3C, 0x5F, 0x3C, 0x5F, 0x03, 0x1F, 
0x02, 0xBA, 0x02, 0xBA, 0x01, 0x6F, 0xEC, 0x18, 0xEC, 0x18, 0xEC, 0x18, 0xCB, 0x74, 0xAA, 0xF1, 
0xCB, 0x74, 0x7A, 0x0C, 0xCB, 0x74, 0xCB, 0x74, 0xCB, 0x74, 0x7A, 0x0C, 0x6A, 0x65, 0x6A, 0x65, 
0x00, 0x00, 0x00, 0x00, 0x00, 0x00, 0x01, 0x6F, 0x75, 0x3F, 0x75, 0x3F, 0x3C, 0x5F, 0x3C, 0x5F, 
0x3C, 0x5F, 0x03, 0x1F, 0x03, 0x1F, 0x02, 0xBA, 0x3C, 0x5F, 0x3C, 0x5F, 0x03, 0x1F, 0x03, 0x1F, 
0x02, 0xBA, 0x02, 0xBA, 0x01, 0x6F, 0xEC, 0x18, 0xEC, 0x18, 0xEC, 0x18, 0xCB, 0x74, 0xAA, 0xF1, 
0xCB, 0x74, 0x7A, 0x0C, 0xCB, 0x74, 0xCB, 0x74, 0xCB, 0x74, 0x7A, 0x0C, 0x00, 0x00, 0x00, 0x00, 
0x00, 0x00, 0x00, 0x00, 0x00, 0x00, 0x01, 0x6F, 0x3C, 0x5F, 0x3C, 0x5F, 0x3C, 0x5F, 0x3C, 0x5F, 
0x3C, 0x5F, 0x03, 0x1F, 0x03, 0x1F, 0x02, 0xBA, 0x3C, 0x5F, 0x3C, 0x5F, 0x03, 0x1F, 0x03, 0x1F, 
0x02, 0xBA, 0x02, 0xBA, 0x01, 0x6F, 0xEC, 0x18, 0xEC, 0x18, 0xEC, 0x18, 0xCB, 0x74, 0xAA, 0xF1, 
0xCB, 0x74, 0xCB, 0x74, 0xCB, 0x74, 0xCB, 0x74, 0xCB, 0x74, 0x7A, 0x0C, 0x00, 0x00, 0x00, 0x00, 
0x00, 0x00, 0x00, 0x00, 0x00, 0x00, 0x01, 0x6F, 0x3C, 0x5F, 0x3C, 0x5F, 0x3C, 0x5F, 0x03, 0x1F, 
0x03, 0x1F, 0x03, 0x1F, 0x03, 0x1F, 0x02, 0xBA, 0x3C, 0x5F, 0x3C, 0x5F, 0x03, 0x1F, 0x03, 0x1F, 
0x02, 0xBA, 0x02, 0xBA, 0x01, 0x6F, 0xEC, 0x18, 0xEC, 0x18, 0xEC, 0x18, 0xAA, 0xF1, 0xAA, 0xF1, 
0xCB, 0x74, 0xCB, 0x74, 0xCB, 0x74, 0xCB, 0x74, 0xCB, 0x74, 0x7A, 0x0C, 0x8B, 0x69, 0x00, 0x00, 
0x00, 0x00, 0x00, 0x00, 0x00, 0x00, 0x01, 0x6F, 0x3C, 0x5F, 0x3C, 0x5F, 0x3C, 0x5F, 0x03, 0x1F, 
0x03, 0x1F, 0x03, 0x1F, 0x02, 0xBA, 0x75, 0x3F, 0x3C, 0x5F, 0x3C, 0x5F, 0x03, 0x1F, 0x02, 0xBA, 
0x02, 0xBA, 0x02, 0xBA, 0x01, 0x6F, 0xEC, 0x18, 0xEC, 0x18, 0xCB, 0x74, 0xAA, 0xF1, 0xAA, 0xF1, 
0xCB, 0x74, 0xCB, 0x74, 0xCB, 0x74, 0xCB, 0x74, 0xCB, 0x74, 0x7A, 0x0C, 0x8B, 0x69, 0x00, 0x00, 
0x00, 0x00, 0x00, 0x00, 0x00, 0x00, 0x01, 0x6F, 0x03, 0x1F, 0x3C, 0x5F, 0x03, 0x1F, 0x03, 0x1F, 
0x03, 0x1F, 0x02, 0xBA, 0x02, 0xBA, 0x75, 0x3F, 0x03, 0x1F, 0x03, 0x1F, 0x03, 0x1F, 0x02, 0xBA, 
0x02, 0xBA, 0x02, 0xBA, 0x01, 0x6F, 0xCB, 0x74, 0xCB, 0x74, 0xCB, 0x74, 0xAA, 0xF1, 0x7A, 0x0C, 
0xAA, 0xF1, 0xCB, 0x74, 0xCB, 0x74, 0xCB, 0x74, 0xCB, 0x74, 0x7A, 0x0C, 0x6A, 0x65, 0x00, 0x00, 
0x00, 0x00, 0x00, 0x00, 0x00, 0x00, 0x01, 0x6F, 0x03, 0x1F, 0x3C, 0x5F, 0x03, 0x1F, 0x03, 0x1F, 
0x02, 0xBA, 0x02, 0xBA, 0x75, 0x3F, 0x3C, 0x5F, 0x03, 0x1F, 0x03, 0x1F, 0x03, 0x1F, 0x02, 0xBA, 
0x02, 0xBA, 0x02, 0xBA, 0x01, 0x6F, 0xCB, 0x74, 0xCB, 0x74, 0xCB, 0x74, 0xAA, 0xF1, 0x7A, 0x0C, 
0xAA, 0xF1, 0xCB, 0x74, 0xCB, 0x74, 0xCB, 0x74, 0xCB, 0x74, 0x7A, 0x0C, 0x6A, 0x65, 0x00, 0x00, 
0x00, 0x00, 0x00, 0x00, 0x00, 0x00, 0x01, 0x6F, 0x03, 0x1F, 0x03, 0x1F, 0x03, 0x1F, 0x02, 0xBA, 
0x02, 0xBA, 0x3C, 0x5F, 0x3C, 0x5F, 0x3C, 0x5F, 0x03, 0x1F, 0x03, 0x1F, 0x02, 0xBA, 0x02, 0xBA, 
0x02, 0xBA, 0x01, 0x6F, 0xCB, 0x74, 0xCB, 0x74, 0xCB, 0x74, 0xCB, 0x74, 0xAA, 0xF1, 0x7A, 0x0C, 
0xAA, 0xF1, 0xAA, 0xF1, 0xCB, 0x74, 0xCB, 0x74, 0xCB, 0x74, 0x7A, 0x0C, 0x6A, 0x65, 0x00, 0x00, 
0x00, 0x00, 0x00, 0x00, 0x00, 0x00, 0x00, 0x00, 0x01, 0x6F, 0x03, 0x1F, 0x02, 0xBA, 0x02, 0xBA, 
0x3C, 0x5F, 0x3C, 0x5F, 0x3C, 0x5F, 0x03, 0x1F, 0x03, 0x1F, 0x02, 0xBA, 0x02, 0xBA, 0x02, 0xBA, 
0x02, 0xBA, 0x01, 0x6F, 0xCB, 0x74, 0xCB, 0x74, 0xCB, 0x74, 0xAA, 0xF1, 0x7A, 0x0C, 0xAA, 0xF1, 
0xAA, 0xF1, 0xAA, 0xF1, 0xAA, 0xF1, 0x7A, 0x0C, 0xEC, 0x18, 0x7A, 0x0C, 0x6A, 0x65, 0x00, 0x00, 
0x00, 0x00, 0x00, 0x00, 0x00, 0x00, 0x00, 0x00, 0x00, 0x00, 0x01, 0x6F, 0x02, 0xBA, 0x3C, 0x5F, 
0x3C, 0x5F, 0x3C, 0x5F, 0x3C, 0x5F, 0x03, 0x1F, 0x03, 0x1F, 0x02, 0xBA, 0x02, 0xBA, 0x02, 0xBA, 
0x01, 0x6F, 0xAA, 0xF1, 0xAA, 0xF1, 0xAA, 0xF1, 0xAA, 0xF1, 0xAA, 0xF1, 0x7A, 0x0C, 0x92, 0x8F, 
0xAA, 0xF1, 0xAA, 0xF1, 0xCB, 0x74, 0x7A, 0x0C, 0xCB, 0x74, 0x7A, 0x0C, 0x00, 0x00, 0x00, 0x00, 
0x00, 0x00, 0x00, 0x00, 0x00, 0x00, 0x00, 0x00, 0x00, 0x00, 0x00, 0x00, 0x01, 0x6F, 0x3C, 0x5F, 
0x3C, 0x5F, 0x03, 0x1F, 0x03, 0x1F, 0x03, 0x1F, 0x02, 0xBA, 0x02, 0xBA, 0x02, 0xBA, 0x02, 0xBA, 
0x01, 0x6F, 0xAA, 0xF1, 0xAA, 0xF1, 0xAA, 0xF1, 0xAA, 0xF1, 0x92, 0x8F, 0x7A, 0x0C, 0x92, 0x8F, 
0x92, 0x8F, 0xCB, 0x74, 0xCB, 0x74, 0x7A, 0x0C, 0x7A, 0x0C, 0x00, 0x00, 0x00, 0x00, 0x00, 0x00, 
0x00, 0x00, 0x00, 0x00, 0x00, 0x00, 0x00, 0x00, 0x00, 0x00, 0x00, 0x00, 0x00, 0x00, 0x01, 0x6F, 
0x03, 0x1F, 0x03, 0x1F, 0x03, 0x1F, 0x03, 0x1F, 0x02, 0xBA, 0x02, 0xBA, 0x02, 0xBA, 0x01, 0x6F, 
0x92, 0x8F, 0x92, 0x8F, 0x92, 0x8F, 0x92, 0x8F, 0x92, 0x8F, 0x7A, 0x0C, 0x7A, 0x0C, 0x92, 0x8F, 
0x92, 0x8F, 0xCB, 0x74, 0xCB, 0x74, 0x7A, 0x0C, 0x00, 0x00, 0x00, 0x00, 0x00, 0x00, 0x00, 0x00, 
0x00, 0x00, 0x00, 0x00, 0x00, 0x00, 0x00, 0x00, 0x00, 0x00, 0x00, 0x00, 0x00, 0x00, 0x00, 0x00, 
0x01, 0x6F, 0x01, 0x6F, 0x01, 0x6F, 0x01, 0x6F, 0x01, 0x6F, 0x01, 0x6F, 0x01, 0x6F, 0x92, 0x8F, 
0x92, 0x8F, 0x92, 0x8F, 0x92, 0x8F, 0x92, 0x8F, 0x7A, 0x0C, 0x00, 0x00, 0x00, 0x00, 0x7A, 0x0C, 
0x92, 0x8F, 0x92, 0x8F, 0x7A, 0x0C, 0x00, 0x00, 0x00, 0x00, 0x00, 0x00, 0x00, 0x00, 0x00, 0x00, 
0x00, 0x00, 0x00, 0x00, 0x00, 0x00, 0x00, 0x00, 0x00, 0x00, 0x00, 0x00, 0x00, 0x00, 0x00, 0x00, 
0x00, 0x00, 0x00, 0x00, 0x00, 0x00, 0x00, 0x00, 0x00, 0x00, 0x00, 0x00, 0x7A, 0x0C, 0x7A, 0x0C, 
0x7A, 0x0C, 0x7A, 0x0C, 0x7A, 0x0C, 0x7A, 0x0C, 0x00, 0x00, 0x00, 0x00, 0x00, 0x00, 0x00, 0x00, 
0x00, 0x00, 0x00, 0x00, 0x00, 0x00, 0x00, 0x00, 0x00, 0x00, 0x00, 0x00, 0x00, 0x00, 0x00, 0x00, 
0x00, 0x00, 0x00, 0x00, 0x00, 0x00, 0x00, 0x00, 0x00, 0x00, 0x00, 0x00, 0x00, 0x00, 0x00, 0x00, 
0x00, 0x00, 0x00, 0x00, 0x00, 0x00, 0x00, 0x00, 0x00, 0x00, 0x00, 0x00, 0x00, 0x00, 0x00, 0x00, 
0x00, 0x00, 0x00, 0x00, 0x00, 0x00, 0x00, 0x00, 0x00, 0x00, 0x00, 0x00, 0x00, 0x00, 0x00, 0x00, 
0x00, 0x00, 0x00, 0x00, 0x00, 0x00, 0x00, 0x00, 0x00, 0x00, 0x00, 0x00, 0x00, 0x00, 0x00, 0x00, 
0x00, 0x00, 0x00, 0x00, 0x00, 0x00, 0x00, 0x00, 0x00, 0x00, 0x00, 0x00, 0x00, 0x00, 0x00, 0x00, 
0x00, 0x00, 0x00, 0x00, 0x00, 0x00, 0x00, 0x00, 0x00, 0x00, 0x00, 0x00, 0x00, 0x00, 0x00, 0x00, 
0x00, 0x00, 0x00, 0x00, 0x00, 0x00, 0x00, 0x00, 0x00, 0x00, 0x00, 0x00, 0x00, 0x00, 0x00, 0x00, 
0x00, 0x00, 0x00, 0x00, 0x00, 0x00, 0x00, 0x00, 0x00, 0x00, 0x00, 0x00, 0x00, 0x00, 0x00, 0x00, 
0x00, 0x00, 0x00, 0x00, 0x00, 0x00, 0x00, 0x00, 0x00, 0x00, 0x00, 0x00, 0x00, 0x00, 0x00, 0x00, 
0x00, 0x00, 0x00, 0x00, 0x00, 0x00, 0x00, 0x00, 0x00, 0x00, 0x00, 0x00, 0x00, 0x00, 0x00, 0x00, 
0x00, 0x00, 0x00, 0x00, 0x00, 0x00, 0x00, 0x00, 0x00, 0x00, 0x00, 0x00, 0x00, 0x00, 0x00, 0x00, 
0x00, 0x00, 0x00, 0x00, 0x00, 0x00, 0x00, 0x00, 0x00, 0x00, 0x00, 0x00, 0x00, 0x00, 0x00, 0x00
}
,
{
0x00, 0x00, 0x00, 0x00, 0x00, 0x00, 0x00, 0x00, 0x00, 0x00, 0x00, 0x00, 0x00, 0x00, 0x00, 0x00, 
0x00, 0x00, 0x00, 0x00, 0x00, 0x00, 0x00, 0x00, 0x00, 0x00, 0x00, 0x00, 0x00, 0x00, 0x00, 0x00, 
0x00, 0x00, 0x00, 0x00, 0x00, 0x00, 0x00, 0x00, 0x00, 0x00, 0x00, 0x00, 0x00, 0x00, 0x00, 0x00, 
0x00, 0x00, 0x00, 0x00, 0x00, 0x00, 0x00, 0x00, 0x7A, 0x0C, 0x00, 0x00, 0x00, 0x00, 0x00, 0x00, 
0x00, 0x00, 0x00, 0x00, 0x00, 0x00, 0x00, 0x00, 0x00, 0x00, 0x00, 0x00, 0x00, 0x00, 0x00, 0x00, 
0x00, 0x00, 0x01, 0x6F, 0x01, 0x6F, 0x01, 0x6F, 0x01, 0x6F, 0x00, 0x00, 0x00, 0x00, 0x00, 0x00, 
0x00, 0x00, 0x00, 0x00, 0x00, 0x00, 0x00, 0x00, 0x00, 0x00, 0x00, 0x00, 0x00, 0x00, 0x00, 0x00, 
0x00, 0x00, 0x00, 0x00, 0x00, 0x00, 0x7A, 0x0C, 0x92, 0x8F, 0x7A, 0x0C, 0x00, 0x00, 0x00, 0x00, 
0x00, 0x00, 0x00, 0x00, 0x00, 0x00, 0x00, 0x00, 0x00, 0x00, 0x00, 0x00, 0x00, 0x00, 0x00, 0x00, 
0x01, 0x6F, 0x02, 0xBA, 0x3C, 0x5F, 0x03, 0x1F, 0x02, 0xBA, 0x01, 0x6F, 0x00, 0x00, 0x00, 0x00, 
0x00, 0x00, 0x00, 0x00, 0x00, 0x00, 0x00, 0x00, 0x00, 0x00, 0x00, 0x00, 0x00, 0x00, 0x00, 0x00, 
0x00, 0x00, 0x00, 0x00, 0x7A, 0x0C, 0xAA, 0xF1, 0x92, 0x8F, 0x7A, 0x0C, 0x00, 0x00, 0x00, 0x00, 
0x00, 0x00, 0x00, 0x00, 0x01, 0x6F, 0x01, 0x6F, 0x01, 0x6F, 0x01, 0x6F, 0x01, 0x6F, 0x01, 0x6F, 
0x02, 0xBA, 0x75, 0x3F, 0x3C, 0x5F, 0x03, 0x1F, 0x02, 0xBA, 0x01, 0x6F, 0x01, 0x6F, 0x7A, 0x0C, 
0x7A, 0x0C, 0x7A, 0x0C, 0x7A, 0x0C, 0x00, 0x00, 0x00, 0x00, 0x00, 0x00, 0x00, 0x00, 0x7A, 0x0C, 
0x7A, 0x0C, 0x00, 0x00, 0x7A, 0x0C, 0xAA, 0xF1, 0xAA, 0xF1, 0x7A, 0x0C, 0x00, 0x00, 0x00, 0x00, 
0x00, 0x00, 0x01, 0x6F, 0x75, 0x3F, 0x75, 0x3F, 0x3C, 0x5F, 0x3C, 0x5F, 0x03, 0x1F, 0x02, 0xBA, 
0x75, 0x3F, 0x75, 0x3F, 0x3C, 0x5F, 0x03, 0x1F, 0x02, 0xBA, 0x3C, 0x5F, 0x02, 0xBA, 0x01, 0x6F, 
0xAA, 0xF1, 0xAA, 0xF1, 0xAA, 0xF1, 0x7A, 0x0C, 0x00, 0x00, 0x00, 0x00, 0x7A, 0x0C, 0xCB, 0x74, 
0xCB, 0x74, 0x7A, 0x0C, 0x7A, 0x0C, 0xCB, 0x74, 0xAA, 0xF1, 0x7A, 0x0C, 0x00, 0x00, 0x00, 0x00, 
0x01, 0x6F, 0x75, 0x3F, 0x75, 0x3F, 0x75, 0x3F, 0x3C, 0x5F, 0x3C, 0x5F, 0x03, 0x1F, 0x02, 0xBA, 
0x75, 0x3F, 0x75, 0x3F, 0x3C, 0x5F, 0x03, 0x1F, 0x02, 0xBA, 0x3C, 0x5F, 0x02, 0xBA, 0x02, 0xBA, 
0x01, 0x6F, 0xCB, 0x74, 0xCB, 0x74, 0xCB, 0x74, 0x7A, 0x0C, 0x7A, 0x0C, 0xCB, 0x74, 0xEC, 0x18, 
0xFC, 0x9B, 0xEC, 0x18, 0x7A, 0x0C, 0xCB, 0x74, 0xAA, 0xF1, 0x7A, 0x0C, 0x00, 0x00, 0x00, 0x00, 
0x01, 0x6F, 0x3C, 0x5F, 0x75, 0x3F, 0x75, 0x3F, 0x3C, 0x5F, 0x3C, 0x5F, 0x02, 0xBA, 0x02, 0xBA, 
0x75, 0x3F, 0x3C, 0x5F, 0x3C, 0x5F, 0x03, 0x1F, 0x02, 0xBA, 0x3C, 0x5F, 0x03, 0x1F, 0x02, 0xBA, 
0x01, 0x6F, 0xEC, 0x18, 0xEC, 0x18, 0xCB, 0x74, 0xCB, 0x74, 0x7A, 0x0C, 0xEC, 0x18, 0xFC, 0x9B, 
0xFC, 0x9B, 0xEC, 0x18, 0x7A, 0x0C, 0xEC, 0x18, 0xAA, 0xF1, 0x7A, 0x0C, 0x00, 0x00, 0x00, 0x00, 
0x00, 0x00, 0x01, 0x6F, 0x3C, 0x5F, 0x3C, 0x5F, 0x3C, 0x5F, 0x3C, 0x5F, 0x02, 0xBA, 0x75, 0x3F, 
0x75, 0x3F, 0x3C, 0x5F, 0x3C, 0x5F, 0x02, 0xBA, 0x02, 0xBA, 0x3C, 0x5F, 0x03, 0x1F, 0x02, 0xBA, 
0x01, 0x6F, 0xFC, 0x9B, 0xEC, 0x18, 0xEC, 0x18, 0xCB, 0x74, 0x7A, 0x0C, 0xFC, 0x9B, 0xFC, 0x9B, 
0xFC, 0x9B, 0xEC, 0x18, 0x7A, 0x0C, 0xEC, 0x18, 0xAA, 0xF1, 0x7A, 0x0C, 0x00, 0x00, 0x00, 0x00, 
0x00, 0x00, 0x01, 0x6F, 0x3C, 0x5F, 0x3C, 0x5F, 0x3C, 0x5F, 0x02, 0xBA, 0x02, 0xBA, 0x75, 0x3F, 
0x75, 0x3F, 0x3C, 0x5F, 0x3C, 0x5F, 0x02, 0xBA, 0x3C, 0x5F, 0x3C, 0x5F, 0x03, 0x1F, 0x03, 0x1F, 
0x02, 0xBA, 0x01, 0x6F, 0xFC, 0x9B, 0xEC, 0x18, 0xCB, 0x74, 0x7A, 0x0C, 0xFC, 0x9B, 0xFC, 0x9B, 
0xFC, 0x9B, 0x7A, 0x0C, 0xFC, 0x9B, 0xCB, 0x74, 0xAA, 0xF1, 0x7A, 0x0C, 0x00, 0x00, 0x00, 0x00, 
0x00, 0x00, 0x01, 0x6F, 0x3C, 0x5F, 0x03, 0x1F, 0x03, 0x1F, 0x02, 0xBA, 0x75, 0x3F, 0x75, 0x3F, 
0x3C, 0x5F, 0x3C, 0x5F, 0x03, 0x1F, 0x02, 0xBA, 0x3C, 0x5F, 0x3C, 0x5F, 0x03, 0x1F, 0x03, 0x1F, 
0x02, 0xBA, 0x01, 0x6F, 0xFC, 0x9B, 0xEC, 0x18, 0xEC, 0x18, 0xCB, 0x74, 0x7A, 0x0C, 0xFC, 0x9B, 
0xFC, 0x9B, 0x7A, 0x0C, 0xCB, 0x74, 0xCB, 0x74, 0x7A, 0x0C, 0x6A, 0x65, 0x00, 0x00, 0x00, 0x00, 
0x00, 0x00, 0x01, 0x6F, 0x03, 0x1F, 0x03, 0x1F, 0x02, 0xBA, 0x02, 0xBA, 0x75, 0x3F, 0x75, 0x3F, 
0x3C, 0x5F, 0x3C, 0x5F, 0x03, 0x1F, 0x02, 0xBA, 0x3C, 0x5F, 0x3C, 0x5F, 0x03, 0x1F, 0x03, 0x1F, 
0x02, 0xBA, 0x01, 0x6F, 0xFC, 0x9B, 0xEC, 0x18, 0xEC, 0x18, 0xCB, 0x74, 0x7A, 0x0C, 0xFC, 0x9B, 
0xFC, 0x9B, 0x7A, 0x0C, 0xCB, 0x74, 0xCB, 0x74, 0x7A, 0x0C, 0x6A, 0x65, 0x00, 0x00, 0x00, 0x00, 
0x00, 0x00, 0x00, 0x00, 0x01, 0x6F, 0x02, 0xBA, 0x02, 0xBA, 0x75, 0x3F, 0x75, 0x3F, 0x3C, 0x5F, 
0x3C, 0x5F, 0x3C, 0x5F, 0x03, 0x1F, 0x02, 0xBA, 0x3C, 0x5F, 0x3C, 0x5F, 0x03, 0x1F, 0x03, 0x1F, 
0x02, 0xBA, 0x01, 0x6F, 0xFC, 0x9B, 0xEC, 0x18, 0xEC, 0x18, 0xCB, 0x74, 0x7A, 0x0C, 0xFC, 0x9B, 
0xCB, 0x74, 0x7A, 0x0C, 0xCB, 0x74, 0xCB, 0x74, 0x7A, 0x0C, 0x6A, 0x65, 0x00, 0x00, 0x00, 0x00, 
0x00, 0x00, 0x00, 0x00, 0x01, 0x6F, 0x02, 0xBA, 0x75, 0x3F, 0x75, 0x3F, 0x3C, 0x5F, 0x3C, 0x5F, 
0x3C, 0x5F, 0x03, 0x1F, 0x02, 0xBA, 0x02, 0xBA, 0x3C, 0x5F, 0x3C, 0x5F, 0x03, 0x1F, 0x03, 0x1F, 
0x02, 0xBA, 0x01, 0x6F, 0xFC, 0x9B, 0xEC, 0x18, 0xEC, 0x18, 0xCB, 0x74, 0x7A, 0x0C, 0xCB, 0x74, 
0xCB, 0x74, 0x7A, 0x0C, 0xCB, 0x74, 0xCB, 0x74, 0x7A, 0x0C, 0x8B, 0x69, 0x00, 0x00, 0x00, 0x00, 
0x00, 0x00, 0x00, 0x00, 0x01, 0x6F, 0x75, 0x3F, 0x75, 0x3F, 0x3C, 0x5F, 0x3C, 0x5F, 0x3C, 0x5F, 
0x03, 0x1F, 0x03, 0x1F, 0x02, 0xBA, 0x03, 0x1F, 0x3C, 0x5F, 0x3C, 0x5F, 0x03, 0x1F, 0x02, 0xBA, 
0x02, 0xBA, 0x01, 0x6F, 0xEC, 0x18, 0xEC, 0x18, 0xEC, 0x18, 0xCB, 0x74, 0xAA, 0xF1, 0xCB, 0x74, 
0x7A, 0x0C, 0xCB, 0x74, 0xCB, 0x74, 0xCB, 0x74, 0x7A, 0x0C, 0x6A, 0x65, 0x00, 0x00, 0x00, 0x00, 
0x00, 0x00, 0x00, 0x00, 0x01, 0x6F, 0x75, 0x3F, 0x75, 0x3F, 0x3C, 0x5F, 0x3C, 0x5F, 0x3C, 0x5F, 
0x03, 0x1F, 0x03, 0x1F, 0x02, 0xBA, 0x3C, 0x5F, 0x3C, 0x5F, 0x03, 0x1F, 0x03, 0x1F, 0x02, 0xBA, 
0x02, 0xBA, 0x01, 0x6F, 0xEC, 0x18, 0xEC, 0x18, 0xEC, 0x18, 0xCB, 0x74, 0xAA, 0xF1, 0xCB, 0x74, 
0x7A, 0x0C, 0xCB, 0x74, 0xCB, 0x74, 0xCB, 0x74, 0x7A, 0x0C, 0x00, 0x00, 0x00, 0x00, 0x00, 0x00, 
0x00, 0x00, 0x00, 0x00, 0x01, 0x6F, 0x3C, 0x5F, 0x3C, 0x5F, 0x3C, 0x5F, 0x3C, 0x5F, 0x3C, 0x5F, 
0x03, 0x1F, 0x03, 0x1F, 0x02, 0xBA, 0x3C, 0x5F, 0x3C, 0x5F, 0x03, 0x1F, 0x03, 0x1F, 0x02, 0xBA, 
0x02, 0xBA, 0x01, 0x6F, 0xEC, 0x18, 0xEC, 0x18, 0xEC, 0x18, 0xCB, 0x74, 0xAA, 0xF1, 0xCB, 0x74, 
0xCB, 0x74, 0xCB, 0x74, 0xCB, 0x74, 0xCB, 0x74, 0x7A, 0x0C, 0x00, 0x00, 0x00, 0x00, 0x00, 0x00, 
0x00, 0x00, 0x00, 0x00, 0x01, 0x6F, 0x3C, 0x5F, 0x3C, 0x5F, 0x3C, 0x5F, 0x03, 0x1F, 0x03, 0x1F, 
0x03, 0x1F, 0x03, 0x1F, 0x02, 0xBA, 0x3C, 0x5F, 0x3C, 0x5F, 0x03, 0x1F, 0x03, 0x1F, 0x02, 0xBA, 
0x02, 0xBA, 0x01, 0x6F, 0xEC, 0x18, 0xEC, 0x18, 0xEC, 0x18, 0xAA, 0xF1, 0xAA, 0xF1, 0xCB, 0x74, 
0xCB, 0x74, 0xCB, 0x74, 0xCB, 0x74, 0xCB, 0x74, 0x7A, 0x0C, 0x6A, 0x65, 0x00, 0x00, 0x00, 0x00, 
0x00, 0x00, 0x00, 0x00, 0x01, 0x6F, 0x3C, 0x5F, 0x3C, 0x5F, 0x3C, 0x5F, 0x03, 0x1F, 0x03, 0x1F, 
0x03, 0x1F, 0x02, 0xBA, 0x75, 0x3F, 0x3C, 0x5F, 0x3C, 0x5F, 0x03, 0x1F, 0x02, 0xBA, 0x02, 0xBA, 
0x02, 0xBA, 0x01, 0x6F, 0xEC, 0x18, 0xEC, 0x18, 0xCB, 0x74, 0xAA, 0xF1, 0xAA, 0xF1, 0xCB, 0x74, 
0xCB, 0x74, 0xCB, 0x74, 0xCB, 0x74, 0xCB, 0x74, 0x7A, 0x0C, 0x6A, 0x65, 0x00, 0x00, 0x00, 0x00, 
0x00, 0x00, 0x00, 0x00, 0x01, 0x6F, 0x03, 0x1F, 0x3C, 0x5F, 0x03, 0x1F, 0x03, 0x1F, 0x03, 0x1F, 
0x02, 0xBA, 0x02, 0xBA, 0x75, 0x3F, 0x03, 0x1F, 0x03, 0x1F, 0x03, 0x1F, 0x02, 0xBA, 0x02, 0xBA, 
0x02, 0xBA, 0x01, 0x6F, 0xCB, 0x74, 0xCB, 0x74, 0xCB, 0x74, 0xAA, 0xF1, 0x7A, 0x0C, 0xAA, 0xF1, 
0xCB, 0x74, 0xCB, 0x74, 0xCB, 0x74, 0xCB, 0x74, 0x7A, 0x0C, 0x6A, 0x65, 0x00, 0x00, 0x00, 0x00, 
0x00, 0x00, 0x00, 0x00, 0x01, 0x6F, 0x03, 0x1F, 0x3C, 0x5F, 0x03, 0x1F, 0x03, 0x1F, 0x02, 0xBA, 
0x02, 0xBA, 0x75, 0x3F, 0x3C, 0x5F, 0x03, 0x1F, 0x03, 0x1F, 0x03, 0x1F, 0x02, 0xBA, 0x02, 0xBA, 
0x02, 0xBA, 0x01, 0x6F, 0xCB, 0x74, 0xCB, 0x74, 0xCB, 0x74, 0xAA, 0xF1, 0x7A, 0x0C, 0xAA, 0xF1, 
0xCB, 0x74, 0xCB, 0x74, 0xCB, 0x74, 0xCB, 0x74, 0x7A, 0x0C, 0x6A, 0x65, 0x00, 0x00, 0x00, 0x00, 
0x00, 0x00, 0x00, 0x00, 0x01, 0x6F, 0x03, 0x1F, 0x03, 0x1F, 0x03, 0x1F, 0x02, 0xBA, 0x02, 0xBA, 
0x3C, 0x5F, 0x3C, 0x5F, 0x3C, 0x5F, 0x03, 0x1F, 0x03, 0x1F, 0x02, 0xBA, 0x02, 0xBA, 0x02, 0xBA, 
0x01, 0x6F, 0xCB, 0x74, 0xCB, 0x74, 0xCB, 0x74, 0xCB, 0x74, 0xAA, 0xF1, 0x7A, 0x0C, 0xAA, 0xF1, 
0xAA, 0xF1, 0xCB, 0x74, 0xCB, 0x74, 0xCB, 0x74, 0x7A, 0x0C, 0x8B, 0x69, 0x00, 0x00, 0x00, 0x00, 
0x00, 0x00, 0x00, 0x00, 0x00, 0x00, 0x01, 0x6F, 0x03, 0x1F, 0x02, 0xBA, 0x02, 0xBA, 0x3C, 0x5F, 
0x3C, 0x5F, 0x3C, 0x5F, 0x03, 0x1F, 0x03, 0x1F, 0x02, 0xBA, 0x02, 0xBA, 0x02, 0xBA, 0x02, 0xBA, 
0x01, 0x6F, 0xCB, 0x74, 0xCB, 0x74, 0xCB, 0x74, 0xAA, 0xF1, 0x7A, 0x0C, 0xAA, 0xF1, 0xAA, 0xF1, 
0xAA, 0xF1, 0xAA, 0xF1, 0x7A, 0x0C, 0xEC, 0x18, 0x7A, 0x0C, 0x6A, 0x65, 0x00, 0x00, 0x00, 0x00, 
0x00, 0x00, 0x00, 0x00, 0x00, 0x00, 0x00, 0x00, 0x01, 0x6F, 0x02, 0xBA, 0x3C, 0x5F, 0x3C, 0x5F, 
0x3C, 0x5F, 0x3C, 0x5F, 0x03, 0x1F, 0x03, 0x1F, 0x02, 0xBA, 0x02, 0xBA, 0x02, 0xBA, 0x01, 0x6F, 
0xAA, 0xF1, 0xAA, 0xF1, 0xAA, 0xF1, 0xAA, 0xF1, 0xAA, 0xF1, 0x7A, 0x0C, 0x92, 0x8F, 0xAA, 0xF1, 
0xAA, 0xF1, 0xCB, 0x74, 0x7A, 0x0C, 0xCB, 0x74, 0x7A, 0x0C, 0x00, 0x00, 0x00, 0x00, 0x00, 0x00, 
0x00, 0x00, 0x00, 0x00, 0x00, 0x00, 0x00, 0x00, 0x00, 0x00, 0x01, 0x6F, 0x3C, 0x5F, 0x3C, 0x5F, 
0x03, 0x1F, 0x03, 0x1F, 0x03, 0x1F, 0x02, 0xBA, 0x02, 0xBA, 0x02, 0xBA, 0x02, 0xBA, 0x01, 0x6F, 
0xAA, 0xF1, 0xAA, 0xF1, 0xAA, 0xF1, 0xAA, 0xF1, 0x92, 0x8F, 0x7A, 0x0C, 0x92, 0x8F, 0x92, 0x8F, 
0xCB, 0x74, 0xCB, 0x74, 0x7A, 0x0C, 0x7A, 0x0C, 0x00, 0x00, 0x00, 0x00, 0x00, 0x00, 0x00, 0x00, 
0x00, 0x00, 0x00, 0x00, 0x00, 0x00, 0x00, 0x00, 0x00, 0x00, 0x00, 0x00, 0x01, 0x6F, 0x03, 0x1F, 
0x03, 0x1F, 0x03, 0x1F, 0x02, 0xBA, 0x02, 0xBA, 0x02, 0xBA, 0x02, 0xBA, 0x01, 0x6F, 0x92, 0x8F, 
0x92, 0x8F, 0x92, 0x8F, 0x92, 0x8F, 0x92, 0x8F, 0x7A, 0x0C, 0x7A, 0x0C, 0x92, 0x8F, 0x92, 0x8F, 
0xCB, 0x74, 0xCB, 0x74, 0x7A, 0x0C, 0x00, 0x00, 0x00, 0x00, 0x00, 0x00, 0x00, 0x00, 0x00, 0x00, 
0x00, 0x00, 0x00, 0x00, 0x00, 0x00, 0x00, 0x00, 0x00, 0x00, 0x00, 0x00, 0x00, 0x00, 0x01, 0x6F, 
0x01, 0x6F, 0x01, 0x6F, 0x01, 0x6F, 0x01, 0x6F, 0x01, 0x6F, 0x01, 0x6F, 0x92, 0x8F, 0x92, 0x8F, 
0x92, 0x8F, 0x92, 0x8F, 0x92, 0x8F, 0x7A, 0x0C, 0x00, 0x00, 0x00, 0x00, 0x7A, 0x0C, 0x92, 0x8F, 
0x92, 0x8F, 0x7A, 0x0C, 0x00, 0x00, 0x00, 0x00, 0x00, 0x00, 0x00, 0x00, 0x00, 0x00, 0x00, 0x00, 
0x00, 0x00, 0x00, 0x00, 0x00, 0x00, 0x00, 0x00, 0x00, 0x00, 0x00, 0x00, 0x00, 0x00, 0x00, 0x00, 
0x00, 0x00, 0x00, 0x00, 0x00, 0x00, 0x00, 0x00, 0x00, 0x00, 0x7A, 0x0C, 0x7A, 0x0C, 0x7A, 0x0C, 
0x7A, 0x0C, 0x7A, 0x0C, 0x7A, 0x0C, 0x00, 0x00, 0x00, 0x00, 0x00, 0x00, 0x00, 0x00, 0x7A, 0x0C, 
0x7A, 0x0C, 0x00, 0x00, 0x00, 0x00, 0x00, 0x00, 0x00, 0x00, 0x00, 0x00, 0x00, 0x00, 0x00, 0x00, 
0x00, 0x00, 0x00, 0x00, 0x00, 0x00, 0x00, 0x00, 0x00, 0x00, 0x00, 0x00, 0x00, 0x00, 0x00, 0x00, 
0x00, 0x00, 0x00, 0x00, 0x00, 0x00, 0x00, 0x00, 0x00, 0x00, 0x00, 0x00, 0x00, 0x00, 0x00, 0x00, 
0x00, 0x00, 0x00, 0x00, 0x00, 0x00, 0x00, 0x00, 0x00, 0x00, 0x00, 0x00, 0x00, 0x00, 0x00, 0x00, 
0x00, 0x00, 0x00, 0x00, 0x00, 0x00, 0x00, 0x00, 0x00, 0x00, 0x00, 0x00, 0x00, 0x00, 0x00, 0x00, 
0x00, 0x00, 0x00, 0x00, 0x00, 0x00, 0x00, 0x00, 0x00, 0x00, 0x00, 0x00, 0x00, 0x00, 0x00, 0x00, 
0x00, 0x00, 0x00, 0x00, 0x00, 0x00, 0x00, 0x00, 0x00, 0x00, 0x00, 0x00, 0x00, 0x00, 0x00, 0x00, 
0x00, 0x00, 0x00, 0x00, 0x00, 0x00, 0x00, 0x00, 0x00, 0x00, 0x00, 0x00, 0x00, 0x00, 0x00, 0x00, 
0x00, 0x00, 0x00, 0x00, 0x00, 0x00, 0x00, 0x00, 0x00, 0x00, 0x00, 0x00, 0x00, 0x00, 0x00, 0x00, 
0x00, 0x00, 0x00, 0x00, 0x00, 0x00, 0x00, 0x00, 0x00, 0x00, 0x00, 0x00, 0x00, 0x00, 0x00, 0x00, 
0x00, 0x00, 0x00, 0x00, 0x00, 0x00, 0x00, 0x00, 0x00, 0x00, 0x00, 0x00, 0x00, 0x00, 0x00, 0x00, 
0x00, 0x00, 0x00, 0x00, 0x00, 0x00, 0x00, 0x00, 0x00, 0x00, 0x00, 0x00, 0x00, 0x00, 0x00, 0x00, 
0x00, 0x00, 0x00, 0x00, 0x00, 0x00, 0x00, 0x00, 0x00, 0x00, 0x00, 0x00, 0x00, 0x00, 0x00, 0x00, 
0x00, 0x00, 0x00, 0x00, 0x00, 0x00, 0x00, 0x00, 0x00, 0x00, 0x00, 0x00, 0x00, 0x00, 0x00, 0x00, 
0x00, 0x00, 0x00, 0x00, 0x00, 0x00, 0x00, 0x00, 0x00, 0x00, 0x00, 0x00, 0x00, 0x00, 0x00, 0x00, 
0x00, 0x00, 0x00, 0x00, 0x00, 0x00, 0x00, 0x00, 0x00, 0x00, 0x00, 0x00, 0x00, 0x00, 0x00, 0x00, 
0x00, 0x00, 0x00, 0x00, 0x00, 0x00, 0x00, 0x00, 0x00, 0x00, 0x00, 0x00, 0x00, 0x00, 0x00, 0x00, 
0x00, 0x00, 0x00, 0x00, 0x00, 0x00, 0x00, 0x00, 0x00, 0x00, 0x00, 0x00, 0x00, 0x00, 0x00, 0x00, 
0x00, 0x00, 0x00, 0x00, 0x00, 0x00, 0x00, 0x00, 0x00, 0x00, 0x00, 0x00, 0x00, 0x00, 0x00, 0x00, 
0x00, 0x00, 0x00, 0x00, 0x00, 0x00, 0x00, 0x00, 0x00, 0x00, 0x00, 0x00, 0x00, 0x00, 0x00, 0x00, 
0x00, 0x00, 0x00, 0x00, 0x00, 0x00, 0x00, 0x00, 0x00, 0x00, 0x00, 0x00, 0x00, 0x00, 0x00, 0x00
}
,
{
0x00, 0x00, 0x00, 0x00, 0x00, 0x00, 0x00, 0x00, 0x00, 0x00, 0x00, 0x00, 0x00, 0x00, 0x00, 0x00, 
0x00, 0x00, 0x00, 0x00, 0x00, 0x00, 0x00, 0x00, 0x00, 0x00, 0x00, 0x00, 0x00, 0x00, 0x00, 0x00, 
0x00, 0x00, 0x00, 0x00, 0x00, 0x00, 0x00, 0x00, 0x00, 0x00, 0x00, 0x00, 0x00, 0x00, 0x00, 0x00, 
0x00, 0x00, 0x00, 0x00, 0x00, 0x00, 0x00, 0x00, 0x00, 0x00, 0x00, 0x00, 0x00, 0x00, 0x00, 0x00, 
0x00, 0x00, 0x00, 0x00, 0x00, 0x00, 0x00, 0x00, 0x00, 0x00, 0x00, 0x00, 0x00, 0x00, 0x00, 0x00, 
0x00, 0x00, 0x00, 0x00, 0x00, 0x00, 0x00, 0x00, 0x00, 0x00, 0x00, 0x00, 0x00, 0x00, 0x00, 0x00, 
0x00, 0x00, 0x00, 0x00, 0x00, 0x00, 0x00, 0x00, 0x00, 0x00, 0x00, 0x00, 0x00, 0x00, 0x00, 0x00, 
0x00, 0x00, 0x00, 0x00, 0x00, 0x00, 0x00, 0x00, 0x00, 0x00, 0x00, 0x00, 0x00, 0x00, 0x00, 0x00, 
0x00, 0x00, 0x00, 0x00, 0x00, 0x00, 0x00, 0x00, 0x00, 0x00, 0x00, 0x00, 0x00, 0x00, 0x00, 0x00, 
0x00, 0x00, 0x00, 0x00, 0x00, 0x00, 0x00, 0x00, 0x00, 0x00, 0x00, 0x00, 0x00, 0x00, 0x00, 0x00, 
0x00, 0x00, 0x00, 0x00, 0x00, 0x00, 0x00, 0x00, 0x00, 0x00, 0x00, 0x00, 0x00, 0x00, 0x00, 0x00, 
0x00, 0x00, 0x00, 0x00, 0x92, 0x8F, 0x92, 0x8F, 0x00, 0x00, 0x00, 0x00, 0x00, 0x00, 0x00, 0x00, 
0x00, 0x00, 0x00, 0x00, 0x00, 0x00, 0x00, 0x00, 0x00, 0x00, 0x00, 0x00, 0x00, 0x00, 0x00, 0x00, 
0x00, 0x00, 0x00, 0x00, 0x01, 0x6F, 0x01, 0x6F, 0x01, 0x6F, 0x01, 0x6F, 0x00, 0x00, 0x00, 0x00, 
0x00, 0x00, 0x00, 0x00, 0x00, 0x00, 0x00, 0x00, 0x00, 0x00, 0x00, 0x00, 0x00, 0x00, 0x00, 0x00, 
0x00, 0x00, 0x00, 0x00, 0x92, 0x8F, 0xFC, 0x9B, 0x92, 0x8F, 0x00, 0x00, 0x00, 0x00, 0x00, 0x00, 
0x00, 0x00, 0x00, 0x00, 0x00, 0x00, 0x00, 0x00, 0x00, 0x00, 0x00, 0x00, 0x00, 0x00, 0x00, 0x00, 
0x00, 0x00, 0x01, 0x6F, 0x02, 0xBA, 0x3C, 0x5F, 0x03, 0x1F, 0x02, 0xBA, 0x01, 0x6F, 0x00, 0x00, 
0x00, 0x00, 0x00, 0x00, 0x00, 0x00, 0x00, 0x00, 0x00, 0x00, 0x00, 0x00, 0x00, 0x00, 0x00, 0x00, 
0x00, 0x00, 0x00, 0x00, 0x92, 0x8F, 0xFC, 0x9B, 0xFC, 0x9B, 0x92, 0x8F, 0x00, 0x00, 0x00, 0x00, 
0x00, 0x00, 0x00, 0x00, 0x00, 0x00, 0x01, 0x6F, 0x01, 0x6F, 0x01, 0x6F, 0x01, 0x6F, 0x01, 0x6F, 
0x01, 0x6F, 0x02, 0xBA, 0x75, 0x3F, 0x3C, 0x5F, 0x03, 0x1F, 0x02, 0xBA, 0x01, 0x6F, 0x01, 0x6F, 
0x7A, 0x0C, 0x7A, 0x0C, 0x7A, 0x0C, 0x7A, 0x0C, 0x00, 0x00, 0x00, 0x00, 0x00, 0x00, 0x00, 0x00, 
0x00, 0x00, 0x00, 0x00, 0x00, 0x00, 0x92, 0x8F, 0xFC, 0x9B, 0xAA, 0xF1, 0x92, 0x8F, 0x00, 0x00, 
0x00, 0x00, 0x00, 0x00, 0x01, 0x6F, 0x75, 0x3F, 0x75, 0x3F, 0x3C, 0x5F, 0x3C, 0x5F, 0x03, 0x1F, 
0x02, 0xBA, 0x75, 0x3F, 0x75, 0x3F, 0x3C, 0x5F, 0x03, 0x1F, 0x02, 0xBA, 0x3C, 0x5F, 0x02, 0xBA, 
0x01, 0x6F, 0xAA, 0xF1, 0xAA, 0xF1, 0xAA, 0xF1, 0x7A, 0x0C, 0x00, 0x00, 0x00, 0x00, 0x00, 0x00, 
0x00, 0x00, 0x00, 0x00, 0x00, 0x00, 0x92, 0x8F, 0xCB, 0x74, 0xAA, 0xF1, 0x92, 0x8F, 0x00, 0x00, 
0x00, 0x00, 0x01, 0x6F, 0x75, 0x3F, 0x75, 0x3F, 0x75, 0x3F, 0x3C, 0x5F, 0x3C, 0x5F, 0x03, 0x1F, 
0x02, 0xBA, 0x75, 0x3F, 0x75, 0x3F, 0x3C, 0x5F, 0x03, 0x1F, 0x02, 0xBA, 0x3C, 0x5F, 0x02, 0xBA, 
0x02, 0xBA, 0x01, 0x6F, 0xCB, 0x74, 0xCB, 0x74, 0xCB, 0x74, 0x7A, 0x0C, 0x7A, 0x0C, 0x00, 0x00, 
0x92, 0x8F, 0x92, 0x8F, 0x00, 0x00, 0x92, 0x8F, 0xCB, 0x74, 0xAA, 0xF1, 0x7A, 0x0C, 0x00, 0x00, 
0x00, 0x00, 0x01, 0x6F, 0x3C, 0x5F, 0x75, 0x3F, 0x75, 0x3F, 0x3C, 0x5F, 0x3C, 0x5F, 0x02, 0xBA, 
0x02, 0xBA, 0x75, 0x3F, 0x3C, 0x5F, 0x3C, 0x5F, 0x03, 0x1F, 0x02, 0xBA, 0x3C, 0x5F, 0x03, 0x1F, 
0x02, 0xBA, 0x01, 0x6F, 0xEC, 0x18, 0xEC, 0x18, 0xCB, 0x74, 0xCB, 0x74, 0x7A, 0x0C, 0x92, 0x8F, 
0xFC, 0x9B, 0xFC, 0x9B, 0x92, 0x8F, 0x7A, 0x0C, 0xCB, 0x74, 0xAA, 0xF1, 0x7A, 0x0C, 0x00, 0x00, 
0x00, 0x00, 0x00, 0x00, 0x01, 0x6F, 0x3C, 0x5F, 0x3C, 0x5F, 0x3C, 0x5F, 0x3C, 0x5F, 0x02, 0xBA, 
0x75, 0x3F, 0x75, 0x3F, 0x3C, 0x5F, 0x3C, 0x5F, 0x02, 0xBA, 0x02, 0xBA, 0x3C, 0x5F, 0x03, 0x1F, 
0x02, 0xBA, 0x01, 0x6F, 0xFC, 0x9B, 0xEC, 0x18, 0xEC, 0x18, 0xCB, 0x74, 0x7A, 0x0C, 0xFC, 0x9B, 
0xFC, 0x9B, 0xFC, 0x9B, 0xEC, 0x18, 0x7A, 0x0C, 0xCB, 0x74, 0xAA, 0xF1, 0x7A, 0x0C, 0x00, 0x00, 
0x00, 0x00, 0x00, 0x00, 0x01, 0x6F, 0x3C, 0x5F, 0x3C, 0x5F, 0x3C, 0x5F, 0x02, 0xBA, 0x02, 0xBA, 
0x75, 0x3F, 0x75, 0x3F, 0x3C, 0x5F, 0x3C, 0x5F, 0x02, 0xBA, 0x3C, 0x5F, 0x3C, 0x5F, 0x03, 0x1F, 
0x03, 0x1F, 0x02, 0xBA, 0x01, 0x6F, 0xFC, 0x9B, 0xEC, 0x18, 0xCB, 0x74, 0x7A, 0x0C, 0xFC, 0x9B, 
0xFC, 0x9B, 0xFC, 0x9B, 0x7A, 0x0C, 0xFC, 0x9B, 0xCB, 0x74, 0xAA, 0xF1, 0x7A, 0x0C, 0x00, 0x00, 
0x00, 0x00, 0x00, 0x00, 0x01, 0x6F, 0x3C, 0x5F, 0x03, 0x1F, 0x03, 0x1F, 0x02, 0xBA, 0x75, 0x3F, 
0x75, 0x3F, 0x3C, 0x5F, 0x3C, 0x5F, 0x03, 0x1F, 0x02, 0xBA, 0x3C, 0x5F, 0x3C, 0x5F, 0x03, 0x1F, 
0x03, 0x1F, 0x02, 0xBA, 0x01, 0x6F, 0xFC, 0x9B, 0xEC, 0x18, 0xEC, 0x18, 0xCB, 0x74, 0x7A, 0x0C, 
0xFC, 0x9B, 0xFC, 0x9B, 0x7A, 0x0C, 0xCB, 0x74, 0xCB, 0x74, 0x7A, 0x0C, 0x8B, 0x69, 0x00, 0x00, 
0x00, 0x00, 0x00, 0x00, 0x01, 0x6F, 0x03, 0x1F, 0x03, 0x1F, 0x02, 0xBA, 0x02, 0xBA, 0x75, 0x3F, 
0x75, 0x3F, 0x3C, 0x5F, 0x3C, 0x5F, 0x03, 0x1F, 0x02, 0xBA, 0x3C, 0x5F, 0x3C, 0x5F, 0x03, 0x1F, 
0x03, 0x1F, 0x02, 0xBA, 0x01, 0x6F, 0xFC, 0x9B, 0xEC, 0x18, 0xEC, 0x18, 0xCB, 0x74, 0x7A, 0x0C, 
0xFC, 0x9B, 0xFC, 0x9B, 0x7A, 0x0C, 0xCB, 0x74, 0xCB, 0x74, 0x7A, 0x0C, 0x8B, 0x69, 0x00, 0x00, 
0x00, 0x00, 0x00, 0x00, 0x00, 0x00, 0x01, 0x6F, 0x02, 0xBA, 0x02, 0xBA, 0x75, 0x3F, 0x75, 0x3F, 
0x3C, 0x5F, 0x3C, 0x5F, 0x3C, 0x5F, 0x03, 0x1F, 0x02, 0xBA, 0x3C, 0x5F, 0x3C, 0x5F, 0x03, 0x1F, 
0x03, 0x1F, 0x02, 0xBA, 0x01, 0x6F, 0xFC, 0x9B, 0xEC, 0x18, 0xEC, 0x18, 0xCB, 0x74, 0x7A, 0x0C, 
0xFC, 0x9B, 0xCB, 0x74, 0x7A, 0x0C, 0xCB, 0x74, 0xCB, 0x74, 0x7A, 0x0C, 0x6A, 0x65, 0x00, 0x00, 
0x00, 0x00, 0x00, 0x00, 0x00, 0x00, 0x01, 0x6F, 0x02, 0xBA, 0x75, 0x3F, 0x75, 0x3F, 0x3C, 0x5F, 
0x3C, 0x5F, 0x3C, 0x5F, 0x03, 0x1F, 0x02, 0xBA, 0x02, 0xBA, 0x3C, 0x5F, 0x3C, 0x5F, 0x03, 0x1F, 
0x03, 0x1F, 0x02, 0xBA, 0x01, 0x6F, 0xFC, 0x9B, 0xEC, 0x18, 0xEC, 0x18, 0xCB, 0x74, 0x7A, 0x0C, 
0xCB, 0x74, 0xCB, 0x74, 0x7A, 0x0C, 0xCB, 0x74, 0xCB, 0x74, 0x7A, 0x0C, 0x6A, 0x65, 0x00, 0x00, 
0x00, 0x00, 0x00, 0x00, 0x00, 0x00, 0x01, 0x6F, 0x75, 0x3F, 0x75, 0x3F, 0x3C, 0x5F, 0x3C, 0x5F, 
0x3C, 0x5F, 0x03, 0x1F, 0x03, 0x1F, 0x02, 0xBA, 0x03, 0x1F, 0x3C, 0x5F, 0x3C, 0x5F, 0x03, 0x1F, 
0x02, 0xBA, 0x02, 0xBA, 0x01, 0x6F, 0xEC, 0x18, 0xEC, 0x18, 0xEC, 0x18, 0xCB, 0x74, 0xAA, 0xF1, 
0xCB, 0x74, 0x7A, 0x0C, 0xCB, 0x74, 0xCB, 0x74, 0xCB, 0x74, 0x7A, 0x0C, 0x6A, 0x65, 0x00, 0x00, 
0x00, 0x00, 0x00, 0x00, 0x00, 0x00, 0x01, 0x6F, 0x75, 0x3F, 0x75, 0x3F, 0x3C, 0x5F, 0x3C, 0x5F, 
0x3C, 0x5F, 0x03, 0x1F, 0x03, 0x1F, 0x02, 0xBA, 0x3C, 0x5F, 0x3C, 0x5F, 0x03, 0x1F, 0x03, 0x1F, 
0x02, 0xBA, 0x02, 0xBA, 0x01, 0x6F, 0xEC, 0x18, 0xEC, 0x18, 0xEC, 0x18, 0xCB, 0x74, 0xAA, 0xF1, 
0xCB, 0x74, 0x7A, 0x0C, 0xCB, 0x74, 0xCB, 0x74, 0xCB, 0x74, 0x7A, 0x0C, 0x00, 0x00, 0x00, 0x00, 
0x00, 0x00, 0x00, 0x00, 0x00, 0x00, 0x01, 0x6F, 0x3C, 0x5F, 0x3C, 0x5F, 0x3C, 0x5F, 0x3C, 0x5F, 
0x3C, 0x5F, 0x03, 0x1F, 0x03, 0x1F, 0x02, 0xBA, 0x3C, 0x5F, 0x3C, 0x5F, 0x03, 0x1F, 0x03, 0x1F, 
0x02, 0xBA, 0x02, 0xBA, 0x01, 0x6F, 0xEC, 0x18, 0xEC, 0x18, 0xEC, 0x18, 0xCB, 0x74, 0xAA, 0xF1, 
0xCB, 0x74, 0xCB, 0x74, 0xCB, 0x74, 0xCB, 0x74, 0xCB, 0x74, 0x7A, 0x0C, 0x00, 0x00, 0x00, 0x00, 
0x00, 0x00, 0x00, 0x00, 0x00, 0x00, 0x01, 0x6F, 0x3C, 0x5F, 0x3C, 0x5F, 0x3C, 0x5F, 0x03, 0x1F, 
0x03, 0x1F, 0x03, 0x1F, 0x03, 0x1F, 0x02, 0xBA, 0x3C, 0x5F, 0x3C, 0x5F, 0x03, 0x1F, 0x03, 0x1F, 
0x02, 0xBA, 0x02, 0xBA, 0x01, 0x6F, 0xEC, 0x18, 0xEC, 0x18, 0xEC, 0x18, 0xAA, 0xF1, 0xAA, 0xF1, 
0xCB, 0x74, 0xCB, 0x74, 0xCB, 0x74, 0xCB, 0x74, 0xCB, 0x74, 0x7A, 0x0C, 0x8B, 0x69, 0x8B, 0x69, 
0x00, 0x00, 0x00, 0x00, 0x00, 0x00, 0x01, 0x6F, 0x3C, 0x5F, 0x3C, 0x5F, 0x3C, 0x5F, 0x03, 0x1F, 
0x03, 0x1F, 0x03, 0x1F, 0x02, 0xBA, 0x75, 0x3F, 0x3C, 0x5F, 0x3C, 0x5F, 0x03, 0x1F, 0x02, 0xBA, 
0x02, 0xBA, 0x02, 0xBA, 0x01, 0x6F, 0xEC, 0x18, 0xEC, 0x18, 0xCB, 0x74, 0xAA, 0xF1, 0xAA, 0xF1, 
0xCB, 0x74, 0xCB, 0x74, 0xCB, 0x74, 0xCB, 0x74, 0xCB, 0x74, 0x7A, 0x0C, 0x8B, 0x69, 0x8B, 0x69, 
0x00, 0x00, 0x00, 0x00, 0x00, 0x00, 0x01, 0x6F, 0x03, 0x1F, 0x3C, 0x5F, 0x03, 0x1F, 0x03, 0x1F, 
0x03, 0x1F, 0x02, 0xBA, 0x02, 0xBA, 0x75, 0x3F, 0x03, 0x1F, 0x03, 0x1F, 0x03, 0x1F, 0x02, 0xBA, 
0x02, 0xBA, 0x02, 0xBA, 0x01, 0x6F, 0xCB, 0x74, 0xCB, 0x74, 0xCB, 0x74, 0xAA, 0xF1, 0x7A, 0x0C, 
0xAA, 0xF1, 0xCB, 0x74, 0xCB, 0x74, 0xCB, 0x74, 0xCB, 0x74, 0x7A, 0x0C, 0x8B, 0x69, 0x6A, 0x65, 
0x00, 0x00, 0x00, 0x00, 0x00, 0x00, 0x01, 0x6F, 0x03, 0x1F, 0x3C, 0x5F, 0x03, 0x1F, 0x03, 0x1F, 
0x02, 0xBA, 0x02, 0xBA, 0x75, 0x3F, 0x3C, 0x5F, 0x03, 0x1F, 0x03, 0x1F, 0x03, 0x1F, 0x02, 0xBA, 
0x02, 0xBA, 0x02, 0xBA, 0x01, 0x6F, 0xCB, 0x74, 0xCB, 0x74, 0xCB, 0x74, 0xAA, 0xF1, 0x7A, 0x0C, 
0xAA, 0xF1, 0xCB, 0x74, 0xCB, 0x74, 0xCB, 0x74, 0xCB, 0x74, 0x7A, 0x0C, 0x6A, 0x65, 0x6A, 0x65, 
0x00, 0x00, 0x00, 0x00, 0x00, 0x00, 0x01, 0x6F, 0x03, 0x1F, 0x03, 0x1F, 0x03, 0x1F, 0x02, 0xBA, 
0x02, 0xBA, 0x3C, 0x5F, 0x3C, 0x5F, 0x3C, 0x5F, 0x03, 0x1F, 0x03, 0x1F, 0x02, 0xBA, 0x02, 0xBA, 
0x02, 0xBA, 0x01, 0x6F, 0xCB, 0x74, 0xCB, 0x74, 0xCB, 0x74, 0xCB, 0x74, 0xAA, 0xF1, 0x7A, 0x0C, 
0xAA, 0xF1, 0xAA, 0xF1, 0xCB, 0x74, 0xCB, 0x74, 0xCB, 0x74, 0x7A, 0x0C, 0x6A, 0x65, 0x6A, 0x65, 
0x00, 0x00, 0x00, 0x00, 0x00, 0x00, 0x00, 0x00, 0x01, 0x6F, 0x03, 0x1F, 0x02, 0xBA, 0x02, 0xBA, 
0x3C, 0x5F, 0x3C, 0x5F, 0x3C, 0x5F, 0x03, 0x1F, 0x03, 0x1F, 0x02, 0xBA, 0x02, 0xBA, 0x02, 0xBA, 
0x02, 0xBA, 0x01, 0x6F, 0xCB, 0x74, 0xCB, 0x74, 0xCB, 0x74, 0xAA, 0xF1, 0x7A, 0x0C, 0xAA, 0xF1, 
0xAA, 0xF1, 0xAA, 0xF1, 0xAA, 0xF1, 0x7A, 0x0C, 0xEC, 0x18, 0x7A, 0x0C, 0x6A, 0x65, 0x6A, 0x65, 
0x00, 0x00, 0x00, 0x00, 0x00, 0x00, 0x00, 0x00, 0x00, 0x00, 0x01, 0x6F, 0x02, 0xBA, 0x3C, 0x5F, 
0x3C, 0x5F, 0x3C, 0x5F, 0x3C, 0x5F, 0x03, 0x1F, 0x03, 0x1F, 0x02, 0xBA, 0x02, 0xBA, 0x02, 0xBA, 
0x01, 0x6F, 0xAA, 0xF1, 0xAA, 0xF1, 0xAA, 0xF1, 0xAA, 0xF1, 0xAA, 0xF1, 0x7A, 0x0C, 0x92, 0x8F, 
0xAA, 0xF1, 0xAA, 0xF1, 0xCB, 0x74, 0x7A, 0x0C, 0xCB, 0x74, 0x7A, 0x0C, 0x00, 0x00, 0x00, 0x00, 
0x00, 0x00, 0x00, 0x00, 0x00, 0x00, 0x00, 0x00, 0x00, 0x00, 0x00, 0x00, 0x01, 0x6F, 0x3C, 0x5F, 
0x3C, 0x5F, 0x03, 0x1F, 0x03, 0x1F, 0x03, 0x1F, 0x02, 0xBA, 0x02, 0xBA, 0x02, 0xBA, 0x02, 0xBA, 
0x01, 0x6F, 0xAA, 0xF1, 0xAA, 0xF1, 0xAA, 0xF1, 0xAA, 0xF1, 0x92, 0x8F, 0x7A, 0x0C, 0x92, 0x8F, 
0x92, 0x8F, 0xCB, 0x74, 0xCB, 0x74, 0x7A, 0x0C, 0x7A, 0x0C, 0x00, 0x00, 0x00, 0x00, 0x00, 0x00, 
0x00, 0x00, 0x00, 0x00, 0x00, 0x00, 0x00, 0x00, 0x00, 0x00, 0x00, 0x00, 0x00, 0x00, 0x01, 0x6F, 
0x03, 0x1F, 0x03, 0x1F, 0x03, 0x1F, 0x03, 0x1F, 0x02, 0xBA, 0x02, 0xBA, 0x02, 0xBA, 0x01, 0x6F, 
0x92, 0x8F, 0x92, 0x8F, 0x92, 0x8F, 0x92, 0x8F, 0x92, 0x8F, 0x7A, 0x0C, 0x7A, 0x0C, 0x92, 0x8F, 
0x92, 0x8F, 0xCB, 0x74, 0xCB, 0x74, 0x7A, 0x0C, 0x00, 0x00, 0x00, 0x00, 0x00, 0x00, 0x00, 0x00, 
0x00, 0x00, 0x00, 0x00, 0x00, 0x00, 0x00, 0x00, 0x00, 0x00, 0x00, 0x00, 0x00, 0x00, 0x00, 0x00, 
0x01, 0x6F, 0x01, 0x6F, 0x01, 0x6F, 0x01, 0x6F, 0x01, 0x6F, 0x01, 0x6F, 0x01, 0x6F, 0x92, 0x8F, 
0x92, 0x8F, 0x92, 0x8F, 0x92, 0x8F, 0x92, 0x8F, 0x7A, 0x0C, 0x00, 0x00, 0x00, 0x00, 0x7A, 0x0C, 
0x92, 0x8F, 0x92, 0x8F, 0x7A, 0x0C, 0x00, 0x00, 0x00, 0x00, 0x00, 0x00, 0x00, 0x00, 0x00, 0x00, 
0x00, 0x00, 0x00, 0x00, 0x00, 0x00, 0x00, 0x00, 0x00, 0x00, 0x00, 0x00, 0x00, 0x00, 0x00, 0x00, 
0x00, 0x00, 0x00, 0x00, 0x00, 0x00, 0x00, 0x00, 0x00, 0x00, 0x00, 0x00, 0x7A, 0x0C, 0x7A, 0x0C, 
0x7A, 0x0C, 0x7A, 0x0C, 0x7A, 0x0C, 0x7A, 0x0C, 0x00, 0x00, 0x00, 0x00, 0x00, 0x00, 0x00, 0x00, 
0x00, 0x00, 0x00, 0x00, 0x00, 0x00, 0x00, 0x00, 0x00, 0x00, 0x00, 0x00, 0x00, 0x00, 0x00, 0x00, 
0x00, 0x00, 0x00, 0x00, 0x00, 0x00, 0x00, 0x00, 0x00, 0x00, 0x00, 0x00, 0x00, 0x00, 0x00, 0x00, 
0x00, 0x00, 0x00, 0x00, 0x00, 0x00, 0x00, 0x00, 0x00, 0x00, 0x00, 0x00, 0x00, 0x00, 0x00, 0x00, 
0x00, 0x00, 0x00, 0x00, 0x00, 0x00, 0x00, 0x00, 0x00, 0x00, 0x00, 0x00, 0x00, 0x00, 0x00, 0x00, 
0x00, 0x00, 0x00, 0x00, 0x00, 0x00, 0x00, 0x00, 0x00, 0x00, 0x00, 0x00, 0x00, 0x00, 0x00, 0x00, 
0x00, 0x00, 0x00, 0x00, 0x00, 0x00, 0x00, 0x00, 0x00, 0x00, 0x00, 0x00, 0x00, 0x00, 0x00, 0x00, 
0x00, 0x00, 0x00, 0x00, 0x00, 0x00, 0x00, 0x00, 0x00, 0x00, 0x00, 0x00, 0x00, 0x00, 0x00, 0x00, 
0x00, 0x00, 0x00, 0x00, 0x00, 0x00, 0x00, 0x00, 0x00, 0x00, 0x00, 0x00, 0x00, 0x00, 0x00, 0x00, 
0x00, 0x00, 0x00, 0x00, 0x00, 0x00, 0x00, 0x00, 0x00, 0x00, 0x00, 0x00, 0x00, 0x00, 0x00, 0x00, 
0x00, 0x00, 0x00, 0x00, 0x00, 0x00, 0x00, 0x00, 0x00, 0x00, 0x00, 0x00, 0x00, 0x00, 0x00, 0x00, 
0x00, 0x00, 0x00, 0x00, 0x00, 0x00, 0x00, 0x00, 0x00, 0x00, 0x00, 0x00, 0x00, 0x00, 0x00, 0x00, 
0x00, 0x00, 0x00, 0x00, 0x00, 0x00, 0x00, 0x00, 0x00, 0x00, 0x00, 0x00, 0x00, 0x00, 0x00, 0x00, 
0x00, 0x00, 0x00, 0x00, 0x00, 0x00, 0x00, 0x00, 0x00, 0x00, 0x00, 0x00, 0x00, 0x00, 0x00, 0x00
}
},
{
{
0x00, 0x00, 0x00, 0x00, 0x00, 0x00, 0x00, 0x00, 0x00, 0x00, 0x00, 0x00, 0x00, 0x00, 0x00, 0x00, 
0x00, 0x00, 0x00, 0x00, 0x00, 0x00, 0x00, 0x00, 0x00, 0x00, 0x00, 0x00, 0x00, 0x00, 0x00, 0x00, 
0x00, 0x00, 0x00, 0x00, 0x00, 0x00, 0x00, 0x00, 0x00, 0x00, 0x00, 0x00, 0x00, 0x00, 0x00, 0x00, 
0x00, 0x00, 0x00, 0x00, 0x00, 0x00, 0x00, 0x00, 0x00, 0x00, 0x00, 0x00, 0x00, 0x00, 0x00, 0x00, 
0x00, 0x00, 0x00, 0x00, 0x00, 0x00, 0x00, 0x00, 0x00, 0x00, 0x00, 0x00, 0x00, 0x00, 0x00, 0x00, 
0x00, 0x00, 0x00, 0x00, 0x00, 0x00, 0x00, 0x00, 0x00, 0x00, 0x00, 0x00, 0x00, 0x00, 0x00, 0x00, 
0x00, 0x00, 0x00, 0x00, 0x00, 0x00, 0x00, 0x00, 0x00, 0x00, 0x00, 0x00, 0x00, 0x00, 0x00, 0x00, 
0x00, 0x00, 0x00, 0x00, 0x00, 0x00, 0x00, 0x00, 0x00, 0x00, 0x00, 0x00, 0x00, 0x00, 0x00, 0x00, 
0x00, 0x00, 0x00, 0x00, 0x00, 0x00, 0x00, 0x00, 0x00, 0x00, 0x00, 0x00, 0x00, 0x00, 0x00, 0x00, 
0x00, 0x00, 0x00, 0x00, 0x00, 0x00, 0x00, 0x00, 0x00, 0x00, 0x00, 0x00, 0x00, 0x00, 0x00, 0x00, 
0x00, 0x00, 0x00, 0x00, 0x00, 0x00, 0x00, 0x00, 0x00, 0x00, 0x00, 0x00, 0x00, 0x00, 0x00, 0x00, 
0x00, 0x00, 0x00, 0x00, 0x00, 0x00, 0x00, 0x00, 0x00, 0x00, 0x00, 0x00, 0x00, 0x00, 0x00, 0x00, 
0x00, 0x00, 0x00, 0x00, 0x00, 0x00, 0x00, 0x00, 0x00, 0x00, 0x00, 0x00, 0x00, 0x00, 0x00, 0x00, 
0x00, 0x00, 0x00, 0x00, 0x00, 0x00, 0x00, 0x00, 0x00, 0x00, 0x00, 0x00, 0x00, 0x00, 0x00, 0x00, 
0x00, 0x00, 0x00, 0x00, 0x00, 0x00, 0x00, 0x00, 0x00, 0x00, 0x00, 0x00, 0x00, 0x00, 0x00, 0x00, 
0x00, 0x00, 0x00, 0x00, 0x00, 0x00, 0x00, 0x00, 0x00, 0x00, 0x00, 0x00, 0x00, 0x00, 0x00, 0x00, 
0x00, 0x00, 0x00, 0x00, 0x00, 0x00, 0x00, 0x00, 0x00, 0x00, 0x00, 0x00, 0x00, 0x00, 0x00, 0x00, 
0x00, 0x00, 0x00, 0x00, 0x00, 0x00, 0x00, 0x00, 0x00, 0x00, 0x7A, 0x0C, 0x7A, 0x0C, 0x7A, 0x0C, 
0x7A, 0x0C, 0x7A, 0x0C, 0x7A, 0x0C, 0x00, 0x00, 0x00, 0x00, 0x00, 0x00, 0x00, 0x00, 0x7A, 0x0C, 
0x7A, 0x0C, 0x00, 0x00, 0x00, 0x00, 0x00, 0x00, 0x00, 0x00, 0x00, 0x00, 0x00, 0x00, 0x00, 0x00, 
0x00, 0x00, 0x00, 0x00, 0x00, 0x00, 0x00, 0x00, 0x00, 0x00, 0x00, 0x00, 0x00, 0x00, 0x01, 0x6F, 
0x01, 0x6F, 0x01, 0x6F, 0x01, 0x6F, 0x01, 0x6F, 0x7A, 0x0C, 0x92, 0x8F, 0x92, 0x8F, 0xAA, 0xF1, 
0xAA, 0xF1, 0xAA, 0xF1, 0xAA, 0xF1, 0x7A, 0x0C, 0x00, 0x00, 0x00, 0x00, 0x7A, 0x0C, 0xCB, 0x74, 
0xCB, 0x74, 0x7A, 0x0C, 0x00, 0x00, 0x00, 0x00, 0x00, 0x00, 0x00, 0x00, 0x00, 0x00, 0x00, 0x00, 
0x00, 0x00, 0x00, 0x00, 0x00, 0x00, 0x00, 0x00, 0x00, 0x00, 0x00, 0x00, 0x01, 0x6F, 0x75, 0x3F, 
0x75, 0x3F, 0x3C, 0x5F, 0x3C, 0x5F, 0x01, 0x6F, 0x92, 0x8F, 0x92, 0x8F, 0xCB, 0x74, 0xCB, 0x74, 
0xCB, 0x74, 0xCB, 0x74, 0xCB, 0x74, 0xCB, 0x74, 0x7A, 0x0C, 0x7A, 0x0C, 0xCB, 0x74, 0xEC, 0x18, 
0xFC, 0x70, 0xE1, 0x20, 0x7A, 0x0C, 0x00, 0x00, 0x00, 0x00, 0x00, 0x00, 0x00, 0x00, 0x00, 0x00, 
0x00, 0x00, 0x00, 0x00, 0x00, 0x00, 0x00, 0x00, 0x00, 0x00, 0x01, 0x6F, 0x75, 0x3F, 0x75, 0x3F, 
0x75, 0x3F, 0x3C, 0x5F, 0x3C, 0x5F, 0x01, 0x6F, 0x01, 0x6F, 0xCB, 0x74, 0xEC, 0x18, 0xEC, 0x18, 
0xEC, 0x18, 0xEC, 0x18, 0xEC, 0x18, 0xCB, 0x74, 0xCB, 0x74, 0x7A, 0x0C, 0xEC, 0x18, 0xFC, 0x9B, 
0xE1, 0x20, 0xE1, 0x20, 0xAA, 0xF1, 0x7A, 0x0C, 0x00, 0x00, 0x00, 0x00, 0x00, 0x00, 0x00, 0x00, 
0x00, 0x00, 0x00, 0x00, 0x00, 0x00, 0x00, 0x00, 0x01, 0x6F, 0x02, 0xBA, 0x3C, 0x5F, 0x75, 0x3F, 
0x75, 0x3F, 0x3C, 0x5F, 0x3C, 0x5F, 0x03, 0x1F, 0x01, 0x6F, 0xEC, 0x18, 0xFC, 0x9B, 0x3C, 0x5F, 
0xFC, 0x9B, 0xFC, 0x9B, 0xFC, 0x70, 0xE1, 0x20, 0xCB, 0x74, 0x7A, 0x0C, 0xFC, 0x9B, 0xFC, 0x9B, 
0xFC, 0x9B, 0xAA, 0xF1, 0xCB, 0x74, 0xCB, 0x74, 0x7A, 0x0C, 0x00, 0x00, 0x00, 0x00, 0x00, 0x00, 
0x00, 0x00, 0x00, 0x00, 0x00, 0x00, 0x01, 0x6F, 0x75, 0x3F, 0x02, 0xBA, 0x02, 0xBA, 0x3C, 0x5F, 
0x3C, 0x5F, 0x3C, 0x5F, 0x3C, 0x5F, 0x03, 0x1F, 0x01, 0x6F, 0xEC, 0x18, 0xFC, 0x9B, 0x3C, 0x5F, 
0xFC, 0x9B, 0xFC, 0x9B, 0xE1, 0x20, 0xE1, 0x20, 0xCB, 0x74, 0x7A, 0x0C, 0xFC, 0x9B, 0xFC, 0x9B, 
0xAA, 0xF1, 0xEC, 0x18, 0xEC, 0x18, 0xCB, 0x74, 0x8B, 0x69, 0x8B, 0x69, 0x00, 0x00, 0x00, 0x00, 
0x00, 0x00, 0x00, 0x00, 0x01, 0x6F, 0x75, 0x3F, 0x75, 0x3F, 0x75, 0x3F, 0x02, 0xBA, 0x02, 0xBA, 
0x3C, 0x5F, 0x3C, 0x5F, 0x03, 0x1F, 0x03, 0x1F, 0x01, 0x6F, 0xEC, 0x18, 0xFC, 0x9B, 0x3C, 0x5F, 
0xFC, 0x9B, 0xFC, 0x9B, 0xFC, 0x9B, 0xEC, 0x18, 0xEC, 0x18, 0xCB, 0x74, 0x7A, 0x0C, 0xAA, 0xF1, 
0xFC, 0x9B, 0xFC, 0x9B, 0xFC, 0x9B, 0xEC, 0x18, 0x8B, 0x69, 0x8B, 0x69, 0x00, 0x00, 0x00, 0x00, 
0x00, 0x00, 0x00, 0x00, 0x01, 0x6F, 0x75, 0x3F, 0x75, 0x3F, 0x75, 0x3F, 0x3C, 0x5F, 0x02, 0xBA, 
0x02, 0xBA, 0x3C, 0x5F, 0x03, 0x1F, 0x03, 0x1F, 0x01, 0x6F, 0xEC, 0x18, 0xFC, 0x9B, 0x3C, 0x5F, 
0xFC, 0x9B, 0xFC, 0x9B, 0xFC, 0x9B, 0xEC, 0x18, 0xEC, 0x18, 0xCB, 0x74, 0x7A, 0x0C, 0xFC, 0x9B, 
0xFC, 0x9B, 0xFC, 0x9B, 0xFC, 0x9B, 0xEC, 0x18, 0x8B, 0x69, 0x6A, 0x65, 0x00, 0x00, 0x00, 0x00, 
0x00, 0x00, 0x00, 0x00, 0x01, 0x6F, 0x75, 0x3F, 0x75, 0x3F, 0x75, 0x3F, 0x3C, 0x5F, 0x3C, 0x5F, 
0x02, 0xBA, 0x02, 0xBA, 0x03, 0x1F, 0x03, 0x1F, 0x01, 0x6F, 0xEC, 0x18, 0xFC, 0x9B, 0x3C, 0x5F, 
0xFC, 0x9B, 0xFC, 0x9B, 0xFC, 0x9B, 0xEC, 0x18, 0xEC, 0x18, 0xCB, 0x74, 0x7A, 0x0C, 0xFC, 0x9B, 
0xB6, 0xF1, 0xB6, 0xF1, 0x75, 0xC8, 0x4B, 0xC5, 0x6A, 0x65, 0x6A, 0x65, 0x00, 0x00, 0x00, 0x00, 
0x00, 0x00, 0x00, 0x00, 0x01, 0x6F, 0x75, 0x3F, 0x75, 0x3F, 0x75, 0x3F, 0x3C, 0x5F, 0x3C, 0x5F, 
0x3C, 0x5F, 0x02, 0xBA, 0x03, 0x1F, 0x03, 0x1F, 0x01, 0x6F, 0xEC, 0x18, 0xFC, 0x9B, 0xFC, 0x9B, 
0xFC, 0x9B, 0xFC, 0x9B, 0xFC, 0x9B, 0xE1, 0x20, 0xEC, 0x18, 0xCB, 0x74, 0x7A, 0x0C, 0xB6, 0xF1, 
0xB6, 0xF1, 0x75, 0xC8, 0x64, 0xE6, 0x4B, 0xC5, 0x6A, 0x65, 0x6A, 0x65, 0x00, 0x00, 0x00, 0x00, 
0x00, 0x00, 0x00, 0x00, 0x01, 0x6F, 0x75, 0x3F, 0x75, 0x3F, 0x75, 0x3F, 0x3C, 0x5F, 0x3C, 0x5F, 
0x3C, 0x5F, 0x03, 0x1F, 0x02, 0xBA, 0x03, 0x1F, 0x01, 0x6F, 0xEC, 0x18, 0xFC, 0x9B, 0xFC, 0x9B, 
0xFC, 0x9B, 0xFC, 0x9B, 0xEC, 0x18, 0xE1, 0x20, 0xEC, 0x18, 0xCB, 0x74, 0xAA, 0xF1, 0xB6, 0xF1, 
0x75, 0xC8, 0x75, 0xC8, 0x64, 0xE6, 0x4B, 0xC5, 0x6A, 0x65, 0x6A, 0x65, 0x00, 0x00, 0x00, 0x00, 
0x00, 0x00, 0x00, 0x00, 0x01, 0x6F, 0x75, 0x3F, 0x75, 0x3F, 0x75, 0x3F, 0x3C, 0x5F, 0x3C, 0x5F, 
0x3C, 0x5F, 0x03, 0x1F, 0x02, 0xBA, 0x03, 0x1F, 0x01, 0x6F, 0xEC, 0x18, 0xEC, 0x18, 0xFC, 0x9B, 
0xFC, 0x9B, 0xEC, 0x18, 0xEC, 0x18, 0xE1, 0x20, 0xEC, 0x18, 0xCB, 0x74, 0xAA, 0xF1, 0x75, 0xC8, 
0x75, 0xC8, 0x75, 0xC8, 0x64, 0xE6, 0x4B, 0xC5, 0xAA, 0xF1, 0x00, 0x00, 0x00, 0x00, 0x00, 0x00, 
0x00, 0x00, 0x00, 0x00, 0x01, 0x6F, 0x3C, 0x5F, 0x75, 0x3F, 0x75, 0x3F, 0x3C, 0x5F, 0x3C, 0x5F, 
0x3C, 0x5F, 0x03, 0x1F, 0x02, 0xBA, 0x03, 0x1F, 0x01, 0x6F, 0xEC, 0x18, 0xEC, 0x18, 0xEC, 0x18, 
0xEC, 0x18, 0xEC, 0x18, 0xEC, 0x18, 0xE1, 0x20, 0xEC, 0x18, 0xCB, 0x74, 0xAA, 0xF1, 0x64, 0xE6, 
0x64, 0xE6, 0x64, 0xE6, 0x64, 0xE6, 0x4B, 0xC5, 0xAA, 0xF1, 0x00, 0x00, 0x00, 0x00, 0x00, 0x00, 
0x00, 0x00, 0x00, 0x00, 0x01, 0x6F, 0x3C, 0x5F, 0x3C, 0x5F, 0x3C, 0x5F, 0x3C, 0x5F, 0x3C, 0x5F, 
0x3C, 0x5F, 0x03, 0x1F, 0x02, 0xBA, 0x03, 0x1F, 0x01, 0x6F, 0xCB, 0x74, 0xEC, 0x18, 0xEC, 0x18, 
0xEC, 0x18, 0xEC, 0x18, 0xEC, 0x18, 0xE1, 0x20, 0xEC, 0x18, 0xAA, 0xF1, 0xAA, 0xF1, 0x64, 0xE6, 
0x64, 0xE6, 0x64, 0xE6, 0x64, 0xE6, 0x4B, 0xC5, 0x8B, 0x69, 0x8B, 0x69, 0x00, 0x00, 0x00, 0x00, 
0x00, 0x00, 0x00, 0x00, 0x01, 0x6F, 0x02, 0xBA, 0x3C, 0x5F, 0x3C, 0x5F, 0x3C, 0x5F, 0x3C, 0x5F, 
0x3C, 0x5F, 0x03, 0x1F, 0x02, 0xBA, 0x02, 0xBA, 0x01, 0x6F, 0xCB, 0x74, 0xCB, 0x74, 0x3C, 0x5F, 
0xEC, 0x18, 0xEC, 0x18, 0xEC, 0x18, 0xE1, 0x20, 0xCB, 0x74, 0xAA, 0xF1, 0xAA, 0xF1, 0xCB, 0x74, 
0x4B, 0xC5, 0x4B, 0xC5, 0x4B, 0xC5, 0x4B, 0xC5, 0x8B, 0x69, 0x8B, 0x69, 0x00, 0x00, 0x00, 0x00, 
0x00, 0x00, 0x00, 0x00, 0x01, 0x6F, 0x02, 0xBA, 0x02, 0xBA, 0x3C, 0x5F, 0x3C, 0x5F, 0x3C, 0x5F, 
0x3C, 0x5F, 0x03, 0x1F, 0x03, 0x1F, 0x02, 0xBA, 0x01, 0x6F, 0xCB, 0x74, 0xCB, 0x74, 0x3C, 0x5F, 
0xCB, 0x74, 0xCB, 0x74, 0xCB, 0x74, 0xCB, 0x74, 0xCB, 0x74, 0xAA, 0xF1, 0x7A, 0x0C, 0xAA, 0xF1, 
0x4B, 0xC5, 0x4B, 0xC5, 0x4B, 0xC5, 0x4B, 0xC5, 0x8B, 0x69, 0x6A, 0x65, 0x00, 0x00, 0x00, 0x00, 
0x00, 0x00, 0x01, 0x6F, 0x75, 0x3F, 0x75, 0x3F, 0x02, 0xBA, 0x02, 0xBA, 0x3C, 0x5F, 0x3C, 0x5F, 
0x03, 0x1F, 0x03, 0x1F, 0x03, 0x1F, 0x02, 0xBA, 0x01, 0x6F, 0xCB, 0x74, 0xCB, 0x74, 0x3C, 0x5F, 
0xCB, 0x74, 0xCB, 0x74, 0xCB, 0x74, 0xCB, 0x74, 0xCB, 0x74, 0xAA, 0xF1, 0x7A, 0x0C, 0xAA, 0xF1, 
0xCB, 0x74, 0xCB, 0x74, 0xCB, 0x74, 0xCB, 0x74, 0x6A, 0x65, 0x6A, 0x65, 0x00, 0x00, 0x00, 0x00, 
0x00, 0x00, 0x01, 0x6F, 0x75, 0x3F, 0x75, 0x3F, 0x3C, 0x5F, 0x02, 0xBA, 0x03, 0x1F, 0x03, 0x1F, 
0x03, 0x1F, 0x03, 0x1F, 0x03, 0x1F, 0x02, 0xBA, 0x01, 0x6F, 0xCB, 0x74, 0xCB, 0x74, 0x3C, 0x5F, 
0xCB, 0x74, 0xCB, 0x74, 0xCB, 0x74, 0xCB, 0x74, 0xCB, 0x74, 0xAA, 0xF1, 0x7A, 0x0C, 0x7A, 0x0C, 
0xAA, 0xF1, 0xAA, 0xF1, 0xAA, 0xF1, 0xAA, 0xF1, 0x6A, 0x65, 0x6A, 0x65, 0x00, 0x00, 0x00, 0x00, 
0x00, 0x00, 0x01, 0x6F, 0x3C, 0x5F, 0x3C, 0x5F, 0x3C, 0x5F, 0x02, 0xBA, 0x02, 0xBA, 0x03, 0x1F, 
0x03, 0x1F, 0x03, 0x1F, 0x03, 0x1F, 0x02, 0xBA, 0x01, 0x6F, 0xAA, 0xF1, 0xCB, 0x74, 0x3C, 0x5F, 
0xCB, 0x74, 0xCB, 0x74, 0xFC, 0x70, 0xE1, 0x20, 0xAA, 0xF1, 0x7A, 0x0C, 0xAA, 0xF1, 0xAA, 0xF1, 
0x7A, 0x0C, 0xAA, 0xF1, 0xAA, 0xF1, 0x7A, 0x0C, 0x6A, 0x65, 0x6A, 0x65, 0x00, 0x00, 0x00, 0x00, 
0x00, 0x00, 0x01, 0x6F, 0x3C, 0x5F, 0x3C, 0x5F, 0x3C, 0x5F, 0x3C, 0x5F, 0x02, 0xBA, 0x03, 0x1F, 
0x03, 0x1F, 0x03, 0x1F, 0x03, 0x1F, 0x02, 0xBA, 0x01, 0x6F, 0xAA, 0xF1, 0xAA, 0xF1, 0xAA, 0xF1, 
0xAA, 0xF1, 0xAA, 0xF1, 0xE1, 0x20, 0xE1, 0x20, 0xAA, 0xF1, 0x7A, 0x0C, 0x92, 0x8F, 0xAA, 0xF1, 
0xAA, 0xF1, 0x7A, 0x0C, 0xAA, 0xF1, 0xAA, 0xF1, 0xAA, 0xF1, 0x00, 0x00, 0x00, 0x00, 0x00, 0x00, 
0x01, 0x6F, 0x3C, 0x5F, 0x3C, 0x5F, 0x3C, 0x5F, 0x3C, 0x5F, 0x03, 0x1F, 0x02, 0xBA, 0x02, 0xBA, 
0x03, 0x1F, 0x03, 0x1F, 0x03, 0x1F, 0x02, 0xBA, 0x01, 0x6F, 0x92, 0x8F, 0xAA, 0xF1, 0xAA, 0xF1, 
0xAA, 0xF1, 0xAA, 0xF1, 0xAA, 0xF1, 0xAA, 0xF1, 0x92, 0x8F, 0x7A, 0x0C, 0x92, 0x8F, 0x92, 0x8F, 
0xFC, 0x70, 0xE1, 0x20, 0x92, 0x8F, 0x7A, 0x0C, 0xCB, 0x74, 0x7A, 0x0C, 0x00, 0x00, 0x00, 0x00, 
0x01, 0x6F, 0x3C, 0x5F, 0x3C, 0x5F, 0x03, 0x1F, 0x03, 0x1F, 0x03, 0x1F, 0x03, 0x1F, 0x02, 0xBA, 
0x03, 0x1F, 0x03, 0x1F, 0x02, 0xBA, 0x02, 0xBA, 0x01, 0x6F, 0x92, 0x8F, 0x92, 0x8F, 0x92, 0x8F, 
0x92, 0x8F, 0x92, 0x8F, 0x92, 0x8F, 0x92, 0x8F, 0x7A, 0x0C, 0x7A, 0x0C, 0x92, 0x8F, 0x92, 0x8F, 
0xE1, 0x20, 0xE1, 0x20, 0x7A, 0x0C, 0xEC, 0x18, 0xCB, 0x74, 0x7A, 0x0C, 0x00, 0x00, 0x00, 0x00, 
0x00, 0x00, 0x01, 0x6F, 0x03, 0x1F, 0x03, 0x1F, 0x03, 0x1F, 0x03, 0x1F, 0x03, 0x1F, 0x02, 0xBA, 
0x02, 0xBA, 0x02, 0xBA, 0x02, 0xBA, 0x02, 0xBA, 0x02, 0xBA, 0x01, 0x6F, 0x92, 0x8F, 0x92, 0x8F, 
0x92, 0x8F, 0x92, 0x8F, 0x92, 0x8F, 0x7A, 0x0C, 0x00, 0x00, 0x00, 0x00, 0x7A, 0x0C, 0x92, 0x8F, 
0x92, 0x8F, 0x7A, 0x0C, 0x7A, 0x0C, 0xCB, 0x74, 0xCB, 0x74, 0x7A, 0x0C, 0x00, 0x00, 0x00, 0x00, 
0x00, 0x00, 0x00, 0x00, 0x01, 0x6F, 0x01, 0x6F, 0x01, 0x6F, 0x01, 0x6F, 0x01, 0x6F, 0x01, 0x6F, 
0x02, 0xBA, 0x02, 0xBA, 0x02, 0xBA, 0x02, 0xBA, 0x02, 0xBA, 0x01, 0x6F, 0x7A, 0x0C, 0x7A, 0x0C, 
0x7A, 0x0C, 0x7A, 0x0C, 0x7A, 0x0C, 0x00, 0x00, 0x00, 0x00, 0x00, 0x00, 0x00, 0x00, 0x7A, 0x0C, 
0x7A, 0x0C, 0x00, 0x00, 0x7A, 0x0C, 0xAA, 0xF1, 0xAA, 0xF1, 0x7A, 0x0C, 0x00, 0x00, 0x00, 0x00, 
0x00, 0x00, 0x00, 0x00, 0x00, 0x00, 0x00, 0x00, 0x00, 0x00, 0x00, 0x00, 0x00, 0x00, 0x00, 0x00, 
0x01, 0x6F, 0x02, 0xBA, 0x02, 0xBA, 0x02, 0xBA, 0x02, 0xBA, 0x01, 0x6F, 0x00, 0x00, 0x00, 0x00, 
0x00, 0x00, 0x00, 0x00, 0x00, 0x00, 0x00, 0x00, 0x00, 0x00, 0x00, 0x00, 0x00, 0x00, 0x00, 0x00, 
0x00, 0x00, 0x00, 0x00, 0x7A, 0x0C, 0xAA, 0xF1, 0x92, 0x8F, 0x7A, 0x0C, 0x00, 0x00, 0x00, 0x00, 
0x00, 0x00, 0x00, 0x00, 0x00, 0x00, 0x00, 0x00, 0x00, 0x00, 0x00, 0x00, 0x00, 0x00, 0x00, 0x00, 
0x00, 0x00, 0x01, 0x6F, 0x01, 0x6F, 0x01, 0x6F, 0x01, 0x6F, 0x00, 0x00, 0x00, 0x00, 0x00, 0x00, 
0x00, 0x00, 0x00, 0x00, 0x00, 0x00, 0x00, 0x00, 0x00, 0x00, 0x00, 0x00, 0x00, 0x00, 0x00, 0x00, 
0x00, 0x00, 0x00, 0x00, 0x00, 0x00, 0x7A, 0x0C, 0x92, 0x8F, 0x7A, 0x0C, 0x00, 0x00, 0x00, 0x00, 
0x00, 0x00, 0x00, 0x00, 0x00, 0x00, 0x00, 0x00, 0x00, 0x00, 0x00, 0x00, 0x00, 0x00, 0x00, 0x00, 
0x00, 0x00, 0x00, 0x00, 0x00, 0x00, 0x00, 0x00, 0x00, 0x00, 0x00, 0x00, 0x00, 0x00, 0x00, 0x00, 
0x00, 0x00, 0x00, 0x00, 0x00, 0x00, 0x00, 0x00, 0x00, 0x00, 0x00, 0x00, 0x00, 0x00, 0x00, 0x00, 
0x00, 0x00, 0x00, 0x00, 0x00, 0x00, 0x00, 0x00, 0x7A, 0x0C, 0x00, 0x00, 0x00, 0x00, 0x00, 0x00, 
0x00, 0x00, 0x00, 0x00, 0x00, 0x00, 0x00, 0x00, 0x00, 0x00, 0x00, 0x00, 0x00, 0x00, 0x00, 0x00, 
0x00, 0x00, 0x00, 0x00, 0x00, 0x00, 0x00, 0x00, 0x00, 0x00, 0x00, 0x00, 0x00, 0x00, 0x00, 0x00, 
0x00, 0x00, 0x00, 0x00, 0x00, 0x00, 0x00, 0x00, 0x00, 0x00, 0x00, 0x00, 0x00, 0x00, 0x00, 0x00, 
0x00, 0x00, 0x00, 0x00, 0x00, 0x00, 0x00, 0x00, 0x00, 0x00, 0x00, 0x00, 0x00, 0x00, 0x00, 0x00
}
,
{
0x00, 0x00, 0x00, 0x00, 0x00, 0x00, 0x00, 0x00, 0x00, 0x00, 0x00, 0x00, 0x00, 0x00, 0x00, 0x00, 
0x00, 0x00, 0x00, 0x00, 0x00, 0x00, 0x00, 0x00, 0x00, 0x00, 0x00, 0x00, 0x00, 0x00, 0x00, 0x00, 
0x00, 0x00, 0x00, 0x00, 0x00, 0x00, 0x00, 0x00, 0x00, 0x00, 0x00, 0x00, 0x00, 0x00, 0x00, 0x00, 
0x00, 0x00, 0x00, 0x00, 0x00, 0x00, 0x00, 0x00, 0x00, 0x00, 0x00, 0x00, 0x00, 0x00, 0x00, 0x00, 
0x00, 0x00, 0x00, 0x00, 0x00, 0x00, 0x00, 0x00, 0x00, 0x00, 0x00, 0x00, 0x00, 0x00, 0x00, 0x00, 
0x00, 0x00, 0x00, 0x00, 0x00, 0x00, 0x00, 0x00, 0x00, 0x00, 0x00, 0x00, 0x00, 0x00, 0x00, 0x00, 
0x00, 0x00, 0x00, 0x00, 0x00, 0x00, 0x00, 0x00, 0x00, 0x00, 0x00, 0x00, 0x00, 0x00, 0x00, 0x00, 
0x00, 0x00, 0x00, 0x00, 0x00, 0x00, 0x00, 0x00, 0x00, 0x00, 0x00, 0x00, 0x00, 0x00, 0x00, 0x00, 
0x00, 0x00, 0x00, 0x00, 0x00, 0x00, 0x00, 0x00, 0x00, 0x00, 0x00, 0x00, 0x00, 0x00, 0x00, 0x00, 
0x00, 0x00, 0x00, 0x00, 0x00, 0x00, 0x00, 0x00, 0x00, 0x00, 0x00, 0x00, 0x00, 0x00, 0x00, 0x00, 
0x00, 0x00, 0x00, 0x00, 0x00, 0x00, 0x00, 0x00, 0x00, 0x00, 0x00, 0x00, 0x00, 0x00, 0x00, 0x00, 
0x00, 0x00, 0x00, 0x00, 0x00, 0x00, 0x00, 0x00, 0x00, 0x00, 0x00, 0x00, 0x00, 0x00, 0x00, 0x00, 
0x00, 0x00, 0x00, 0x00, 0x00, 0x00, 0x00, 0x00, 0x00, 0x00, 0x00, 0x00, 0x00, 0x00, 0x00, 0x00, 
0x00, 0x00, 0x00, 0x00, 0x00, 0x00, 0x00, 0x00, 0x00, 0x00, 0x00, 0x00, 0x00, 0x00, 0x00, 0x00, 
0x00, 0x00, 0x00, 0x00, 0x00, 0x00, 0x00, 0x00, 0x00, 0x00, 0x00, 0x00, 0x00, 0x00, 0x00, 0x00, 
0x00, 0x00, 0x00, 0x00, 0x00, 0x00, 0x00, 0x00, 0x00, 0x00, 0x00, 0x00, 0x00, 0x00, 0x00, 0x00, 
0x00, 0x00, 0x00, 0x00, 0x00, 0x00, 0x00, 0x00, 0x00, 0x00, 0x00, 0x00, 0x00, 0x00, 0x00, 0x00, 
0x00, 0x00, 0x00, 0x00, 0x00, 0x00, 0x00, 0x00, 0x00, 0x00, 0x00, 0x00, 0x7A, 0x0C, 0x7A, 0x0C, 
0x7A, 0x0C, 0x7A, 0x0C, 0x7A, 0x0C, 0x7A, 0x0C, 0x00, 0x00, 0x00, 0x00, 0x00, 0x00, 0x7A, 0x0C, 
0x7A, 0x0C, 0x00, 0x00, 0x00, 0x00, 0x00, 0x00, 0x00, 0x00, 0x00, 0x00, 0x00, 0x00, 0x00, 0x00, 
0x00, 0x00, 0x00, 0x00, 0x00, 0x00, 0x00, 0x00, 0x00, 0x00, 0x00, 0x00, 0x00, 0x00, 0x00, 0x00, 
0x01, 0x6F, 0x01, 0x6F, 0x01, 0x6F, 0x01, 0x6F, 0x01, 0x6F, 0x7A, 0x0C, 0x92, 0x8F, 0x92, 0x8F, 
0xAA, 0xF1, 0xAA, 0xF1, 0xAA, 0xF1, 0xAA, 0xF1, 0x7A, 0x0C, 0x00, 0x00, 0x7A, 0x0C, 0xCB, 0x74, 
0xCB, 0x74, 0x7A, 0x0C, 0x00, 0x00, 0x00, 0x00, 0x00, 0x00, 0x00, 0x00, 0x00, 0x00, 0x00, 0x00, 
0x00, 0x00, 0x00, 0x00, 0x00, 0x00, 0x00, 0x00, 0x00, 0x00, 0x00, 0x00, 0x00, 0x00, 0x01, 0x6F, 
0x75, 0x3F, 0x75, 0x3F, 0x3C, 0x5F, 0x3C, 0x5F, 0x01, 0x6F, 0x92, 0x8F, 0x92, 0x8F, 0xCB, 0x74, 
0xCB, 0x74, 0xCB, 0x74, 0xCB, 0x74, 0xCB, 0x74, 0xCB, 0x74, 0x7A, 0x0C, 0xCB, 0x74, 0xEC, 0x18, 
0xFC, 0x70, 0xE1, 0x20, 0x7A, 0x0C, 0x00, 0x00, 0x00, 0x00, 0x00, 0x00, 0x00, 0x00, 0x00, 0x00, 
0x00, 0x00, 0x00, 0x00, 0x00, 0x00, 0x00, 0x00, 0x00, 0x00, 0x00, 0x00, 0x01, 0x6F, 0x75, 0x3F, 
0x75, 0x3F, 0x75, 0x3F, 0x3C, 0x5F, 0x3C, 0x5F, 0x01, 0x6F, 0x01, 0x6F, 0xCB, 0x74, 0xEC, 0x18, 
0xEC, 0x18, 0xEC, 0x18, 0xEC, 0x18, 0xEC, 0x18, 0xCB, 0x74, 0x7A, 0x0C, 0xEC, 0x18, 0xFC, 0x9B, 
0xE1, 0x20, 0xE1, 0x20, 0xAA, 0xF1, 0x7A, 0x0C, 0x00, 0x00, 0x00, 0x00, 0x00, 0x00, 0x00, 0x00, 
0x00, 0x00, 0x00, 0x00, 0x00, 0x00, 0x00, 0x00, 0x00, 0x00, 0x01, 0x6F, 0x02, 0xBA, 0x3C, 0x5F, 
0x75, 0x3F, 0x75, 0x3F, 0x3C, 0x5F, 0x3C, 0x5F, 0x03, 0x1F, 0x01, 0x6F, 0xEC, 0x18, 0xFC, 0x9B, 
0x3C, 0x5F, 0xFC, 0x9B, 0xFC, 0x9B, 0xFC, 0x70, 0xE1, 0x20, 0x7A, 0x0C, 0xFC, 0x9B, 0xFC, 0x9B, 
0xFC, 0x9B, 0xAA, 0xF1, 0xCB, 0x74, 0xCB, 0x74, 0x7A, 0x0C, 0x00, 0x00, 0x00, 0x00, 0x00, 0x00, 
0x00, 0x00, 0x00, 0x00, 0x00, 0x00, 0x00, 0x00, 0x01, 0x6F, 0x75, 0x3F, 0x02, 0xBA, 0x02, 0xBA, 
0x3C, 0x5F, 0x3C, 0x5F, 0x3C, 0x5F, 0x3C, 0x5F, 0x03, 0x1F, 0x01, 0x6F, 0xEC, 0x18, 0xFC, 0x9B, 
0x3C, 0x5F, 0xFC, 0x9B, 0xFC, 0x9B, 0xE1, 0x20, 0xE1, 0x20, 0x7A, 0x0C, 0xFC, 0x9B, 0xFC, 0x9B, 
0xAA, 0xF1, 0xEC, 0x18, 0xEC, 0x18, 0xCB, 0x74, 0x8B, 0x69, 0x8B, 0x69, 0x00, 0x00, 0x00, 0x00, 
0x00, 0x00, 0x00, 0x00, 0x00, 0x00, 0x01, 0x6F, 0x75, 0x3F, 0x75, 0x3F, 0x75, 0x3F, 0x02, 0xBA, 
0x02, 0xBA, 0x3C, 0x5F, 0x3C, 0x5F, 0x03, 0x1F, 0x03, 0x1F, 0x01, 0x6F, 0xEC, 0x18, 0xFC, 0x9B, 
0x3C, 0x5F, 0xFC, 0x9B, 0xFC, 0x9B, 0xFC, 0x9B, 0xEC, 0x18, 0xCB, 0x74, 0x7A, 0x0C, 0xAA, 0xF1, 
0xFC, 0x9B, 0xFC, 0x9B, 0xFC, 0x9B, 0xEC, 0x18, 0x8B, 0x69, 0x8B, 0x69, 0x00, 0x00, 0x00, 0x00, 
0x00, 0x00, 0x00, 0x00, 0x00, 0x00, 0x01, 0x6F, 0x75, 0x3F, 0x75, 0x3F, 0x75, 0x3F, 0x3C, 0x5F, 
0x02, 0xBA, 0x02, 0xBA, 0x3C, 0x5F, 0x03, 0x1F, 0x03, 0x1F, 0x01, 0x6F, 0xEC, 0x18, 0xFC, 0x9B, 
0x3C, 0x5F, 0xFC, 0x9B, 0xFC, 0x9B, 0xFC, 0x9B, 0xEC, 0x18, 0xCB, 0x74, 0x7A, 0x0C, 0xFC, 0x9B, 
0xFC, 0x9B, 0xFC, 0x9B, 0xFC, 0x9B, 0xEC, 0x18, 0x8B, 0x69, 0x6A, 0x65, 0x00, 0x00, 0x00, 0x00, 
0x00, 0x00, 0x00, 0x00, 0x00, 0x00, 0x01, 0x6F, 0x75, 0x3F, 0x75, 0x3F, 0x75, 0x3F, 0x3C, 0x5F, 
0x3C, 0x5F, 0x02, 0xBA, 0x02, 0xBA, 0x03, 0x1F, 0x03, 0x1F, 0x01, 0x6F, 0xEC, 0x18, 0xFC, 0x9B, 
0x3C, 0x5F, 0xFC, 0x9B, 0xFC, 0x9B, 0xFC, 0x9B, 0xEC, 0x18, 0xCB, 0x74, 0x7A, 0x0C, 0xFC, 0x9B, 
0xB6, 0xF1, 0xB6, 0xF1, 0x75, 0xC8, 0x4B, 0xC5, 0x6A, 0x65, 0x6A, 0x65, 0x00, 0x00, 0x00, 0x00, 
0x00, 0x00, 0x00, 0x00, 0x00, 0x00, 0x01, 0x6F, 0x75, 0x3F, 0x75, 0x3F, 0x75, 0x3F, 0x3C, 0x5F, 
0x3C, 0x5F, 0x3C, 0x5F, 0x02, 0xBA, 0x03, 0x1F, 0x03, 0x1F, 0x01, 0x6F, 0xEC, 0x18, 0xFC, 0x9B, 
0xFC, 0x9B, 0xFC, 0x9B, 0xFC, 0x9B, 0xFC, 0x9B, 0xE1, 0x20, 0xCB, 0x74, 0x7A, 0x0C, 0xB6, 0xF1, 
0xB6, 0xF1, 0x75, 0xC8, 0x64, 0xE6, 0x4B, 0xC5, 0x6A, 0x65, 0x6A, 0x65, 0x00, 0x00, 0x00, 0x00, 
0x00, 0x00, 0x00, 0x00, 0x00, 0x00, 0x01, 0x6F, 0x75, 0x3F, 0x75, 0x3F, 0x75, 0x3F, 0x3C, 0x5F, 
0x3C, 0x5F, 0x3C, 0x5F, 0x03, 0x1F, 0x02, 0xBA, 0x03, 0x1F, 0x01, 0x6F, 0xEC, 0x18, 0xFC, 0x9B, 
0xFC, 0x9B, 0xFC, 0x9B, 0xFC, 0x9B, 0xEC, 0x18, 0xE1, 0x20, 0xCB, 0x74, 0xAA, 0xF1, 0xB6, 0xF1, 
0x75, 0xC8, 0x75, 0xC8, 0x64, 0xE6, 0x4B, 0xC5, 0x6A, 0x65, 0x6A, 0x65, 0x00, 0x00, 0x00, 0x00, 
0x00, 0x00, 0x00, 0x00, 0x00, 0x00, 0x01, 0x6F, 0x75, 0x3F, 0x75, 0x3F, 0x75, 0x3F, 0x3C, 0x5F, 
0x3C, 0x5F, 0x3C, 0x5F, 0x03, 0x1F, 0x02, 0xBA, 0x03, 0x1F, 0x01, 0x6F, 0xEC, 0x18, 0xEC, 0x18, 
0xFC, 0x9B, 0xFC, 0x9B, 0xEC, 0x18, 0xEC, 0x18, 0xE1, 0x20, 0xCB, 0x74, 0xAA, 0xF1, 0x75, 0xC8, 
0x75, 0xC8, 0x75, 0xC8, 0x64, 0xE6, 0x4B, 0xC5, 0xAA, 0xF1, 0x00, 0x00, 0x00, 0x00, 0x00, 0x00, 
0x00, 0x00, 0x00, 0x00, 0x00, 0x00, 0x01, 0x6F, 0x3C, 0x5F, 0x75, 0x3F, 0x75, 0x3F, 0x3C, 0x5F, 
0x3C, 0x5F, 0x3C, 0x5F, 0x03, 0x1F, 0x02, 0xBA, 0x03, 0x1F, 0x01, 0x6F, 0xEC, 0x18, 0xEC, 0x18, 
0xEC, 0x18, 0xEC, 0x18, 0xEC, 0x18, 0xEC, 0x18, 0xE1, 0x20, 0xCB, 0x74, 0xAA, 0xF1, 0x64, 0xE6, 
0x64, 0xE6, 0x64, 0xE6, 0x64, 0xE6, 0x4B, 0xC5, 0xAA, 0xF1, 0x00, 0x00, 0x00, 0x00, 0x00, 0x00, 
0x00, 0x00, 0x00, 0x00, 0x00, 0x00, 0x01, 0x6F, 0x3C, 0x5F, 0x3C, 0x5F, 0x3C, 0x5F, 0x3C, 0x5F, 
0x3C, 0x5F, 0x3C, 0x5F, 0x03, 0x1F, 0x02, 0xBA, 0x03, 0x1F, 0x01, 0x6F, 0xCB, 0x74, 0xEC, 0x18, 
0xEC, 0x18, 0xEC, 0x18, 0xEC, 0x18, 0xEC, 0x18, 0xE1, 0x20, 0xAA, 0xF1, 0xAA, 0xF1, 0x64, 0xE6, 
0x64, 0xE6, 0x64, 0xE6, 0x64, 0xE6, 0x4B, 0xC5, 0x8B, 0x69, 0x8B, 0x69, 0x00, 0x00, 0x00, 0x00, 
0x00, 0x00, 0x00, 0x00, 0x00, 0x00, 0x01, 0x6F, 0x02, 0xBA, 0x3C, 0x5F, 0x3C, 0x5F, 0x3C, 0x5F, 
0x3C, 0x5F, 0x3C, 0x5F, 0x03, 0x1F, 0x02, 0xBA, 0x02, 0xBA, 0x01, 0x6F, 0xCB, 0x74, 0xCB, 0x74, 
0x3C, 0x5F, 0xEC, 0x18, 0xEC, 0x18, 0xEC, 0x18, 0xE1, 0x20, 0xAA, 0xF1, 0xAA, 0xF1, 0xCB, 0x74, 
0x4B, 0xC5, 0x4B, 0xC5, 0x4B, 0xC5, 0x4B, 0xC5, 0x8B, 0x69, 0x8B, 0x69, 0x00, 0x00, 0x00, 0x00, 
0x00, 0x00, 0x00, 0x00, 0x00, 0x00, 0x01, 0x6F, 0x02, 0xBA, 0x02, 0xBA, 0x3C, 0x5F, 0x3C, 0x5F, 
0x3C, 0x5F, 0x3C, 0x5F, 0x03, 0x1F, 0x03, 0x1F, 0x02, 0xBA, 0x01, 0x6F, 0xCB, 0x74, 0xCB, 0x74, 
0x3C, 0x5F, 0xCB, 0x74, 0xCB, 0x74, 0xCB, 0x74, 0xCB, 0x74, 0xAA, 0xF1, 0x7A, 0x0C, 0xAA, 0xF1, 
0x4B, 0xC5, 0x4B, 0xC5, 0x4B, 0xC5, 0x4B, 0xC5, 0x8B, 0x69, 0x6A, 0x65, 0x00, 0x00, 0x00, 0x00, 
0x00, 0x00, 0x00, 0x00, 0x01, 0x6F, 0x75, 0x3F, 0x75, 0x3F, 0x02, 0xBA, 0x02, 0xBA, 0x3C, 0x5F, 
0x3C, 0x5F, 0x03, 0x1F, 0x03, 0x1F, 0x03, 0x1F, 0x02, 0xBA, 0x01, 0x6F, 0xCB, 0x74, 0xCB, 0x74, 
0x3C, 0x5F, 0xCB, 0x74, 0xCB, 0x74, 0xCB, 0x74, 0xCB, 0x74, 0xAA, 0xF1, 0x7A, 0x0C, 0xAA, 0xF1, 
0xCB, 0x74, 0xCB, 0x74, 0xCB, 0x74, 0xCB, 0x74, 0x6A, 0x65, 0x6A, 0x65, 0x00, 0x00, 0x00, 0x00, 
0x00, 0x00, 0x00, 0x00, 0x01, 0x6F, 0x75, 0x3F, 0x75, 0x3F, 0x3C, 0x5F, 0x02, 0xBA, 0x03, 0x1F, 
0x03, 0x1F, 0x03, 0x1F, 0x03, 0x1F, 0x03, 0x1F, 0x02, 0xBA, 0x01, 0x6F, 0xCB, 0x74, 0xCB, 0x74, 
0x3C, 0x5F, 0xCB, 0x74, 0xCB, 0x74, 0xCB, 0x74, 0xCB, 0x74, 0xAA, 0xF1, 0x7A, 0x0C, 0x7A, 0x0C, 
0xAA, 0xF1, 0xAA, 0xF1, 0xAA, 0xF1, 0xAA, 0xF1, 0x6A, 0x65, 0x6A, 0x65, 0x00, 0x00, 0x00, 0x00, 
0x00, 0x00, 0x00, 0x00, 0x01, 0x6F, 0x3C, 0x5F, 0x3C, 0x5F, 0x3C, 0x5F, 0x02, 0xBA, 0x02, 0xBA, 
0x03, 0x1F, 0x03, 0x1F, 0x03, 0x1F, 0x03, 0x1F, 0x02, 0xBA, 0x01, 0x6F, 0xAA, 0xF1, 0xCB, 0x74, 
0x3C, 0x5F, 0xCB, 0x74, 0xCB, 0x74, 0xFC, 0x70, 0xE1, 0x20, 0x7A, 0x0C, 0xAA, 0xF1, 0xAA, 0xF1, 
0x7A, 0x0C, 0xAA, 0xF1, 0xAA, 0xF1, 0x7A, 0x0C, 0x6A, 0x65, 0x6A, 0x65, 0x00, 0x00, 0x00, 0x00, 
0x00, 0x00, 0x00, 0x00, 0x01, 0x6F, 0x3C, 0x5F, 0x3C, 0x5F, 0x3C, 0x5F, 0x3C, 0x5F, 0x02, 0xBA, 
0x03, 0x1F, 0x03, 0x1F, 0x03, 0x1F, 0x03, 0x1F, 0x02, 0xBA, 0x01, 0x6F, 0xAA, 0xF1, 0xAA, 0xF1, 
0xAA, 0xF1, 0xAA, 0xF1, 0xAA, 0xF1, 0xE1, 0x20, 0xE1, 0x20, 0x7A, 0x0C, 0x92, 0x8F, 0xAA, 0xF1, 
0xAA, 0xF1, 0x7A, 0x0C, 0xAA, 0xF1, 0xAA, 0xF1, 0xAA, 0xF1, 0x00, 0x00, 0x00, 0x00, 0x00, 0x00, 
0x00, 0x00, 0x01, 0x6F, 0x3C, 0x5F, 0x3C, 0x5F, 0x3C, 0x5F, 0x3C, 0x5F, 0x03, 0x1F, 0x02, 0xBA, 
0x02, 0xBA, 0x03, 0x1F, 0x03, 0x1F, 0x03, 0x1F, 0x02, 0xBA, 0x01, 0x6F, 0x92, 0x8F, 0xAA, 0xF1, 
0xAA, 0xF1, 0xAA, 0xF1, 0xAA, 0xF1, 0xAA, 0xF1, 0xAA, 0xF1, 0x7A, 0x0C, 0x92, 0x8F, 0x92, 0x8F, 
0xFC, 0x70, 0xE1, 0x20, 0x92, 0x8F, 0x7A, 0x0C, 0xCB, 0x74, 0x7A, 0x0C, 0x00, 0x00, 0x00, 0x00, 
0x00, 0x00, 0x01, 0x6F, 0x3C, 0x5F, 0x3C, 0x5F, 0x03, 0x1F, 0x03, 0x1F, 0x03, 0x1F, 0x03, 0x1F, 
0x02, 0xBA, 0x03, 0x1F, 0x03, 0x1F, 0x02, 0xBA, 0x02, 0xBA, 0x01, 0x6F, 0x92, 0x8F, 0x92, 0x8F, 
0x92, 0x8F, 0x92, 0x8F, 0x92, 0x8F, 0x92, 0x8F, 0x92, 0x8F, 0x7A, 0x0C, 0x92, 0x8F, 0x92, 0x8F, 
0xE1, 0x20, 0xE1, 0x20, 0x7A, 0x0C, 0xEC, 0x18, 0xCB, 0x74, 0x7A, 0x0C, 0x00, 0x00, 0x00, 0x00, 
0x00, 0x00, 0x00, 0x00, 0x01, 0x6F, 0x03, 0x1F, 0x03, 0x1F, 0x03, 0x1F, 0x03, 0x1F, 0x03, 0x1F, 
0x02, 0xBA, 0x02, 0xBA, 0x02, 0xBA, 0x02, 0xBA, 0x02, 0xBA, 0x02, 0xBA, 0x01, 0x6F, 0x92, 0x8F, 
0x92, 0x8F, 0x92, 0x8F, 0x92, 0x8F, 0x92, 0x8F, 0x7A, 0x0C, 0x00, 0x00, 0x7A, 0x0C, 0x92, 0x8F, 
0x92, 0x8F, 0x7A, 0x0C, 0x7A, 0x0C, 0xCB, 0x74, 0xCB, 0x74, 0x7A, 0x0C, 0x00, 0x00, 0x00, 0x00, 
0x00, 0x00, 0x00, 0x00, 0x00, 0x00, 0x01, 0x6F, 0x01, 0x6F, 0x01, 0x6F, 0x01, 0x6F, 0x01, 0x6F, 
0x01, 0x6F, 0x02, 0xBA, 0x02, 0xBA, 0x02, 0xBA, 0x02, 0xBA, 0x02, 0xBA, 0x01, 0x6F, 0x7A, 0x0C, 
0x7A, 0x0C, 0x7A, 0x0C, 0x7A, 0x0C, 0x7A, 0x0C, 0x00, 0x00, 0x00, 0x00, 0x00, 0x00, 0x7A, 0x0C, 
0x7A, 0x0C, 0x00, 0x00, 0x7A, 0x0C, 0xAA, 0xF1, 0xAA, 0xF1, 0x7A, 0x0C, 0x00, 0x00, 0x00, 0x00, 
0x00, 0x00, 0x00, 0x00, 0x00, 0x00, 0x00, 0x00, 0x00, 0x00, 0x00, 0x00, 0x00, 0x00, 0x00, 0x00, 
0x00, 0x00, 0x01, 0x6F, 0x02, 0xBA, 0x02, 0xBA, 0x02, 0xBA, 0x02, 0xBA, 0x01, 0x6F, 0x00, 0x00, 
0x00, 0x00, 0x00, 0x00, 0x00, 0x00, 0x00, 0x00, 0x00, 0x00, 0x00, 0x00, 0x00, 0x00, 0x00, 0x00, 
0x00, 0x00, 0x00, 0x00, 0x7A, 0x0C, 0xAA, 0xF1, 0x92, 0x8F, 0x7A, 0x0C, 0x00, 0x00, 0x00, 0x00, 
0x00, 0x00, 0x00, 0x00, 0x00, 0x00, 0x00, 0x00, 0x00, 0x00, 0x00, 0x00, 0x00, 0x00, 0x00, 0x00, 
0x00, 0x00, 0x00, 0x00, 0x01, 0x6F, 0x01, 0x6F, 0x01, 0x6F, 0x01, 0x6F, 0x00, 0x00, 0x00, 0x00, 
0x00, 0x00, 0x00, 0x00, 0x00, 0x00, 0x00, 0x00, 0x00, 0x00, 0x00, 0x00, 0x00, 0x00, 0x00, 0x00, 
0x00, 0x00, 0x00, 0x00, 0x00, 0x00, 0x7A, 0x0C, 0x92, 0x8F, 0x7A, 0x0C, 0x00, 0x00, 0x00, 0x00, 
0x00, 0x00, 0x00, 0x00, 0x00, 0x00, 0x00, 0x00, 0x00, 0x00, 0x00, 0x00, 0x00, 0x00, 0x00, 0x00, 
0x00, 0x00, 0x00, 0x00, 0x00, 0x00, 0x00, 0x00, 0x00, 0x00, 0x00, 0x00, 0x00, 0x00, 0x00, 0x00, 
0x00, 0x00, 0x00, 0x00, 0x00, 0x00, 0x00, 0x00, 0x00, 0x00, 0x00, 0x00, 0x00, 0x00, 0x00, 0x00, 
0x00, 0x00, 0x00, 0x00, 0x00, 0x00, 0x00, 0x00, 0x7A, 0x0C, 0x00, 0x00, 0x00, 0x00, 0x00, 0x00, 
0x00, 0x00, 0x00, 0x00, 0x00, 0x00, 0x00, 0x00, 0x00, 0x00, 0x00, 0x00, 0x00, 0x00, 0x00, 0x00, 
0x00, 0x00, 0x00, 0x00, 0x00, 0x00, 0x00, 0x00, 0x00, 0x00, 0x00, 0x00, 0x00, 0x00, 0x00, 0x00, 
0x00, 0x00, 0x00, 0x00, 0x00, 0x00, 0x00, 0x00, 0x00, 0x00, 0x00, 0x00, 0x00, 0x00, 0x00, 0x00, 
0x00, 0x00, 0x00, 0x00, 0x00, 0x00, 0x00, 0x00, 0x00, 0x00, 0x00, 0x00, 0x00, 0x00, 0x00, 0x00
}
,
{
0x00, 0x00, 0x00, 0x00, 0x00, 0x00, 0x00, 0x00, 0x00, 0x00, 0x00, 0x00, 0x00, 0x00, 0x00, 0x00, 
0x00, 0x00, 0x00, 0x00, 0x00, 0x00, 0x00, 0x00, 0x00, 0x00, 0x00, 0x00, 0x00, 0x00, 0x00, 0x00, 
0x00, 0x00, 0x00, 0x00, 0x00, 0x00, 0x00, 0x00, 0x00, 0x00, 0x00, 0x00, 0x00, 0x00, 0x00, 0x00, 
0x00, 0x00, 0x00, 0x00, 0x00, 0x00, 0x00, 0x00, 0x00, 0x00, 0x00, 0x00, 0x00, 0x00, 0x00, 0x00, 
0x00, 0x00, 0x00, 0x00, 0x00, 0x00, 0x00, 0x00, 0x00, 0x00, 0x00, 0x00, 0x00, 0x00, 0x00, 0x00, 
0x00, 0x00, 0x00, 0x00, 0x00, 0x00, 0x00, 0x00, 0x00, 0x00, 0x00, 0x00, 0x00, 0x00, 0x00, 0x00, 
0x00, 0x00, 0x00, 0x00, 0x00, 0x00, 0x00, 0x00, 0x00, 0x00, 0x00, 0x00, 0x00, 0x00, 0x00, 0x00, 
0x00, 0x00, 0x00, 0x00, 0x00, 0x00, 0x00, 0x00, 0x00, 0x00, 0x00, 0x00, 0x00, 0x00, 0x00, 0x00, 
0x00, 0x00, 0x00, 0x00, 0x00, 0x00, 0x00, 0x00, 0x00, 0x00, 0x00, 0x00, 0x00, 0x00, 0x00, 0x00, 
0x00, 0x00, 0x00, 0x00, 0x00, 0x00, 0x00, 0x00, 0x00, 0x00, 0x00, 0x00, 0x00, 0x00, 0x00, 0x00, 
0x00, 0x00, 0x00, 0x00, 0x00, 0x00, 0x00, 0x00, 0x00, 0x00, 0x00, 0x00, 0x00, 0x00, 0x00, 0x00, 
0x00, 0x00, 0x00, 0x00, 0x00, 0x00, 0x00, 0x00, 0x00, 0x00, 0x00, 0x00, 0x00, 0x00, 0x00, 0x00, 
0x00, 0x00, 0x00, 0x00, 0x00, 0x00, 0x00, 0x00, 0x00, 0x00, 0x00, 0x00, 0x00, 0x00, 0x00, 0x00, 
0x00, 0x00, 0x00, 0x00, 0x00, 0x00, 0x00, 0x00, 0x00, 0x00, 0x00, 0x00, 0x00, 0x00, 0x00, 0x00, 
0x00, 0x00, 0x00, 0x00, 0x00, 0x00, 0x00, 0x00, 0x00, 0x00, 0x00, 0x00, 0x00, 0x00, 0x00, 0x00, 
0x00, 0x00, 0x00, 0x00, 0x00, 0x00, 0x00, 0x00, 0x00, 0x00, 0x00, 0x00, 0x00, 0x00, 0x00, 0x00, 
0x00, 0x00, 0x00, 0x00, 0x00, 0x00, 0x00, 0x00, 0x00, 0x00, 0x00, 0x00, 0x00, 0x00, 0x00, 0x00, 
0x00, 0x00, 0x00, 0x00, 0x00, 0x00, 0x00, 0x00, 0x00, 0x00, 0x7A, 0x0C, 0x7A, 0x0C, 0x7A, 0x0C, 
0x7A, 0x0C, 0x7A, 0x0C, 0x7A, 0x0C, 0x00, 0x00, 0x00, 0x00, 0x00, 0x00, 0x00, 0x00, 0x7A, 0x0C, 
0x7A, 0x0C, 0x00, 0x00, 0x00, 0x00, 0x00, 0x00, 0x00, 0x00, 0x00, 0x00, 0x00, 0x00, 0x00, 0x00, 
0x00, 0x00, 0x00, 0x00, 0x00, 0x00, 0x00, 0x00, 0x00, 0x00, 0x00, 0x00, 0x00, 0x00, 0x01, 0x6F, 
0x01, 0x6F, 0x01, 0x6F, 0x01, 0x6F, 0x01, 0x6F, 0x7A, 0x0C, 0x92, 0x8F, 0x92, 0x8F, 0xAA, 0xF1, 
0xAA, 0xF1, 0xAA, 0xF1, 0xAA, 0xF1, 0x7A, 0x0C, 0x00, 0x00, 0x00, 0x00, 0x7A, 0x0C, 0xCB, 0x74, 
0xCB, 0x74, 0x7A, 0x0C, 0x00, 0x00, 0x00, 0x00, 0x00, 0x00, 0x00, 0x00, 0x00, 0x00, 0x00, 0x00, 
0x00, 0x00, 0x00, 0x00, 0x00, 0x00, 0x00, 0x00, 0x00, 0x00, 0x00, 0x00, 0x01, 0x6F, 0x75, 0x3F, 
0x75, 0x3F, 0x3C, 0x5F, 0x3C, 0x5F, 0x01, 0x6F, 0x92, 0x8F, 0x92, 0x8F, 0xCB, 0x74, 0xCB, 0x74, 
0xCB, 0x74, 0xCB, 0x74, 0xCB, 0x74, 0xCB, 0x74, 0x7A, 0x0C, 0x7A, 0x0C, 0xCB, 0x74, 0xEC, 0x18, 
0xFC, 0x70, 0xE1, 0x20, 0x7A, 0x0C, 0x00, 0x00, 0x00, 0x00, 0x00, 0x00, 0x00, 0x00, 0x00, 0x00, 
0x00, 0x00, 0x00, 0x00, 0x00, 0x00, 0x00, 0x00, 0x00, 0x00, 0x01, 0x6F, 0x75, 0x3F, 0x75, 0x3F, 
0x75, 0x3F, 0x3C, 0x5F, 0x3C, 0x5F, 0x01, 0x6F, 0x01, 0x6F, 0xCB, 0x74, 0xEC, 0x18, 0xEC, 0x18, 
0xEC, 0x18, 0xEC, 0x18, 0xEC, 0x18, 0xCB, 0x74, 0xCB, 0x74, 0x7A, 0x0C, 0xEC, 0x18, 0xFC, 0x9B, 
0xE1, 0x20, 0xE1, 0x20, 0xAA, 0xF1, 0x7A, 0x0C, 0x00, 0x00, 0x00, 0x00, 0x00, 0x00, 0x00, 0x00, 
0x00, 0x00, 0x00, 0x00, 0x00, 0x00, 0x00, 0x00, 0x01, 0x6F, 0x02, 0xBA, 0x3C, 0x5F, 0x75, 0x3F, 
0x75, 0x3F, 0x3C, 0x5F, 0x3C, 0x5F, 0x03, 0x1F, 0x01, 0x6F, 0xEC, 0x18, 0xFC, 0x9B, 0x3C, 0x5F, 
0xFC, 0x9B, 0xFC, 0x9B, 0xFC, 0x70, 0xE1, 0x20, 0xCB, 0x74, 0x7A, 0x0C, 0xFC, 0x9B, 0xFC, 0x9B, 
0xFC, 0x9B, 0xAA, 0xF1, 0xCB, 0x74, 0xCB, 0x74, 0x7A, 0x0C, 0x00, 0x00, 0x00, 0x00, 0x00, 0x00, 
0x00, 0x00, 0x00, 0x00, 0x00, 0x00, 0x01, 0x6F, 0x75, 0x3F, 0x02, 0xBA, 0x02, 0xBA, 0x3C, 0x5F, 
0x3C, 0x5F, 0x3C, 0x5F, 0x3C, 0x5F, 0x03, 0x1F, 0x01, 0x6F, 0xEC, 0x18, 0xFC, 0x9B, 0x3C, 0x5F, 
0xFC, 0x9B, 0xFC, 0x9B, 0xE1, 0x20, 0xE1, 0x20, 0xCB, 0x74, 0x7A, 0x0C, 0xFC, 0x9B, 0xFC, 0x9B, 
0xAA, 0xF1, 0xEC, 0x18, 0xEC, 0x18, 0xCB, 0x74, 0x8B, 0x69, 0x8B, 0x69, 0x00, 0x00, 0x00, 0x00, 
0x00, 0x00, 0x00, 0x00, 0x01, 0x6F, 0x75, 0x3F, 0x75, 0x3F, 0x75, 0x3F, 0x02, 0xBA, 0x02, 0xBA, 
0x3C, 0x5F, 0x3C, 0x5F, 0x03, 0x1F, 0x03, 0x1F, 0x01, 0x6F, 0xEC, 0x18, 0xFC, 0x9B, 0x3C, 0x5F, 
0xFC, 0x9B, 0xFC, 0x9B, 0xFC, 0x9B, 0xEC, 0x18, 0xEC, 0x18, 0xCB, 0x74, 0x7A, 0x0C, 0xAA, 0xF1, 
0xFC, 0x9B, 0xFC, 0x9B, 0xFC, 0x9B, 0xEC, 0x18, 0x8B, 0x69, 0x8B, 0x69, 0x00, 0x00, 0x00, 0x00, 
0x00, 0x00, 0x00, 0x00, 0x01, 0x6F, 0x75, 0x3F, 0x75, 0x3F, 0x75, 0x3F, 0x3C, 0x5F, 0x02, 0xBA, 
0x02, 0xBA, 0x3C, 0x5F, 0x03, 0x1F, 0x03, 0x1F, 0x01, 0x6F, 0xEC, 0x18, 0xFC, 0x9B, 0x3C, 0x5F, 
0xFC, 0x9B, 0xFC, 0x9B, 0xFC, 0x9B, 0xEC, 0x18, 0xEC, 0x18, 0xCB, 0x74, 0x7A, 0x0C, 0xFC, 0x9B, 
0xFC, 0x9B, 0xFC, 0x9B, 0xFC, 0x9B, 0xEC, 0x18, 0x8B, 0x69, 0x6A, 0x65, 0x00, 0x00, 0x00, 0x00, 
0x00, 0x00, 0x00, 0x00, 0x01, 0x6F, 0x75, 0x3F, 0x75, 0x3F, 0x75, 0x3F, 0x3C, 0x5F, 0x3C, 0x5F, 
0x02, 0xBA, 0x02, 0xBA, 0x03, 0x1F, 0x03, 0x1F, 0x01, 0x6F, 0xEC, 0x18, 0xFC, 0x9B, 0x3C, 0x5F, 
0xFC, 0x9B, 0xFC, 0x9B, 0xFC, 0x9B, 0xEC, 0x18, 0xEC, 0x18, 0xCB, 0x74, 0x7A, 0x0C, 0xFC, 0x9B, 
0xB6, 0xF1, 0xB6, 0xF1, 0x75, 0xC8, 0x4B, 0xC5, 0x6A, 0x65, 0x6A, 0x65, 0x00, 0x00, 0x00, 0x00, 
0x00, 0x00, 0x00, 0x00, 0x01, 0x6F, 0x75, 0x3F, 0x75, 0x3F, 0x75, 0x3F, 0x3C, 0x5F, 0x3C, 0x5F, 
0x3C, 0x5F, 0x02, 0xBA, 0x03, 0x1F, 0x03, 0x1F, 0x01, 0x6F, 0xEC, 0x18, 0xFC, 0x9B, 0xFC, 0x9B, 
0xFC, 0x9B, 0xFC, 0x9B, 0xFC, 0x9B, 0xE1, 0x20, 0xEC, 0x18, 0xCB, 0x74, 0x7A, 0x0C, 0xB6, 0xF1, 
0xB6, 0xF1, 0x75, 0xC8, 0x64, 0xE6, 0x4B, 0xC5, 0x6A, 0x65, 0x6A, 0x65, 0x00, 0x00, 0x00, 0x00, 
0x00, 0x00, 0x00, 0x00, 0x01, 0x6F, 0x75, 0x3F, 0x75, 0x3F, 0x75, 0x3F, 0x3C, 0x5F, 0x3C, 0x5F, 
0x3C, 0x5F, 0x03, 0x1F, 0x02, 0xBA, 0x03, 0x1F, 0x01, 0x6F, 0xEC, 0x18, 0xFC, 0x9B, 0xFC, 0x9B, 
0xFC, 0x9B, 0xFC, 0x9B, 0xEC, 0x18, 0xE1, 0x20, 0xEC, 0x18, 0xCB, 0x74, 0xAA, 0xF1, 0xB6, 0xF1, 
0x75, 0xC8, 0x75, 0xC8, 0x64, 0xE6, 0x4B, 0xC5, 0x6A, 0x65, 0x6A, 0x65, 0x00, 0x00, 0x00, 0x00, 
0x00, 0x00, 0x00, 0x00, 0x01, 0x6F, 0x75, 0x3F, 0x75, 0x3F, 0x75, 0x3F, 0x3C, 0x5F, 0x3C, 0x5F, 
0x3C, 0x5F, 0x03, 0x1F, 0x02, 0xBA, 0x03, 0x1F, 0x01, 0x6F, 0xEC, 0x18, 0xEC, 0x18, 0xFC, 0x9B, 
0xFC, 0x9B, 0xEC, 0x18, 0xEC, 0x18, 0xE1, 0x20, 0xEC, 0x18, 0xCB, 0x74, 0xAA, 0xF1, 0x75, 0xC8, 
0x75, 0xC8, 0x75, 0xC8, 0x64, 0xE6, 0x4B, 0xC5, 0xAA, 0xF1, 0x00, 0x00, 0x00, 0x00, 0x00, 0x00, 
0x00, 0x00, 0x00, 0x00, 0x01, 0x6F, 0x3C, 0x5F, 0x75, 0x3F, 0x75, 0x3F, 0x3C, 0x5F, 0x3C, 0x5F, 
0x3C, 0x5F, 0x03, 0x1F, 0x02, 0xBA, 0x03, 0x1F, 0x01, 0x6F, 0xEC, 0x18, 0xEC, 0x18, 0xEC, 0x18, 
0xEC, 0x18, 0xEC, 0x18, 0xEC, 0x18, 0xE1, 0x20, 0xEC, 0x18, 0xCB, 0x74, 0xAA, 0xF1, 0x64, 0xE6, 
0x64, 0xE6, 0x64, 0xE6, 0x64, 0xE6, 0x4B, 0xC5, 0xAA, 0xF1, 0x00, 0x00, 0x00, 0x00, 0x00, 0x00, 
0x00, 0x00, 0x00, 0x00, 0x01, 0x6F, 0x3C, 0x5F, 0x3C, 0x5F, 0x3C, 0x5F, 0x3C, 0x5F, 0x3C, 0x5F, 
0x3C, 0x5F, 0x03, 0x1F, 0x02, 0xBA, 0x03, 0x1F, 0x01, 0x6F, 0xCB, 0x74, 0xEC, 0x18, 0xEC, 0x18, 
0xEC, 0x18, 0xEC, 0x18, 0xEC, 0x18, 0xE1, 0x20, 0xEC, 0x18, 0xAA, 0xF1, 0xAA, 0xF1, 0x64, 0xE6, 
0x64, 0xE6, 0x64, 0xE6, 0x64, 0xE6, 0x4B, 0xC5, 0x8B, 0x69, 0x8B, 0x69, 0x00, 0x00, 0x00, 0x00, 
0x00, 0x00, 0x00, 0x00, 0x01, 0x6F, 0x02, 0xBA, 0x3C, 0x5F, 0x3C, 0x5F, 0x3C, 0x5F, 0x3C, 0x5F, 
0x3C, 0x5F, 0x03, 0x1F, 0x02, 0xBA, 0x02, 0xBA, 0x01, 0x6F, 0xCB, 0x74, 0xCB, 0x74, 0x3C, 0x5F, 
0xEC, 0x18, 0xEC, 0x18, 0xEC, 0x18, 0xE1, 0x20, 0xCB, 0x74, 0xAA, 0xF1, 0xAA, 0xF1, 0xCB, 0x74, 
0x4B, 0xC5, 0x4B, 0xC5, 0x4B, 0xC5, 0x4B, 0xC5, 0x8B, 0x69, 0x8B, 0x69, 0x00, 0x00, 0x00, 0x00, 
0x00, 0x00, 0x00, 0x00, 0x01, 0x6F, 0x02, 0xBA, 0x02, 0xBA, 0x3C, 0x5F, 0x3C, 0x5F, 0x3C, 0x5F, 
0x3C, 0x5F, 0x03, 0x1F, 0x03, 0x1F, 0x02, 0xBA, 0x01, 0x6F, 0xCB, 0x74, 0xCB, 0x74, 0x3C, 0x5F, 
0xCB, 0x74, 0xCB, 0x74, 0xCB, 0x74, 0xCB, 0x74, 0xCB, 0x74, 0xAA, 0xF1, 0x7A, 0x0C, 0xAA, 0xF1, 
0x4B, 0xC5, 0x4B, 0xC5, 0x4B, 0xC5, 0x4B, 0xC5, 0x8B, 0x69, 0x6A, 0x65, 0x00, 0x00, 0x00, 0x00, 
0x00, 0x00, 0x01, 0x6F, 0x75, 0x3F, 0x75, 0x3F, 0x02, 0xBA, 0x02, 0xBA, 0x3C, 0x5F, 0x3C, 0x5F, 
0x03, 0x1F, 0x03, 0x1F, 0x03, 0x1F, 0x02, 0xBA, 0x01, 0x6F, 0xCB, 0x74, 0xCB, 0x74, 0x3C, 0x5F, 
0xCB, 0x74, 0xCB, 0x74, 0xCB, 0x74, 0xCB, 0x74, 0xCB, 0x74, 0xAA, 0xF1, 0x7A, 0x0C, 0xAA, 0xF1, 
0xCB, 0x74, 0xCB, 0x74, 0xCB, 0x74, 0xCB, 0x74, 0x6A, 0x65, 0x6A, 0x65, 0x00, 0x00, 0x00, 0x00, 
0x00, 0x00, 0x01, 0x6F, 0x75, 0x3F, 0x75, 0x3F, 0x3C, 0x5F, 0x02, 0xBA, 0x03, 0x1F, 0x03, 0x1F, 
0x03, 0x1F, 0x03, 0x1F, 0x03, 0x1F, 0x02, 0xBA, 0x01, 0x6F, 0xCB, 0x74, 0xCB, 0x74, 0x3C, 0x5F, 
0xCB, 0x74, 0xCB, 0x74, 0xCB, 0x74, 0xCB, 0x74, 0xCB, 0x74, 0xAA, 0xF1, 0x7A, 0x0C, 0x7A, 0x0C, 
0xAA, 0xF1, 0xAA, 0xF1, 0xAA, 0xF1, 0xAA, 0xF1, 0x6A, 0x65, 0x6A, 0x65, 0x00, 0x00, 0x00, 0x00, 
0x00, 0x00, 0x01, 0x6F, 0x3C, 0x5F, 0x3C, 0x5F, 0x3C, 0x5F, 0x02, 0xBA, 0x02, 0xBA, 0x03, 0x1F, 
0x03, 0x1F, 0x03, 0x1F, 0x03, 0x1F, 0x02, 0xBA, 0x01, 0x6F, 0xAA, 0xF1, 0xCB, 0x74, 0x3C, 0x5F, 
0xCB, 0x74, 0xCB, 0x74, 0xFC, 0x70, 0xE1, 0x20, 0xAA, 0xF1, 0x7A, 0x0C, 0xAA, 0xF1, 0xAA, 0xF1, 
0x7A, 0x0C, 0xAA, 0xF1, 0xAA, 0xF1, 0x7A, 0x0C, 0x6A, 0x65, 0x6A, 0x65, 0x00, 0x00, 0x00, 0x00, 
0x00, 0x00, 0x01, 0x6F, 0x3C, 0x5F, 0x3C, 0x5F, 0x3C, 0x5F, 0x3C, 0x5F, 0x02, 0xBA, 0x03, 0x1F, 
0x03, 0x1F, 0x03, 0x1F, 0x03, 0x1F, 0x02, 0xBA, 0x01, 0x6F, 0xAA, 0xF1, 0xAA, 0xF1, 0xAA, 0xF1, 
0xAA, 0xF1, 0xAA, 0xF1, 0xE1, 0x20, 0xE1, 0x20, 0xAA, 0xF1, 0x7A, 0x0C, 0x92, 0x8F, 0xAA, 0xF1, 
0xAA, 0xF1, 0x7A, 0x0C, 0xAA, 0xF1, 0xAA, 0xF1, 0xAA, 0xF1, 0x00, 0x00, 0x00, 0x00, 0x00, 0x00, 
0x01, 0x6F, 0x3C, 0x5F, 0x3C, 0x5F, 0x3C, 0x5F, 0x3C, 0x5F, 0x03, 0x1F, 0x02, 0xBA, 0x02, 0xBA, 
0x03, 0x1F, 0x03, 0x1F, 0x03, 0x1F, 0x02, 0xBA, 0x01, 0x6F, 0x92, 0x8F, 0xAA, 0xF1, 0xAA, 0xF1, 
0xAA, 0xF1, 0xAA, 0xF1, 0xAA, 0xF1, 0xAA, 0xF1, 0x92, 0x8F, 0x7A, 0x0C, 0x92, 0x8F, 0x92, 0x8F, 
0xFC, 0x70, 0xE1, 0x20, 0x92, 0x8F, 0x7A, 0x0C, 0xCB, 0x74, 0x7A, 0x0C, 0x00, 0x00, 0x00, 0x00, 
0x01, 0x6F, 0x3C, 0x5F, 0x3C, 0x5F, 0x03, 0x1F, 0x03, 0x1F, 0x03, 0x1F, 0x03, 0x1F, 0x02, 0xBA, 
0x03, 0x1F, 0x03, 0x1F, 0x02, 0xBA, 0x02, 0xBA, 0x01, 0x6F, 0x92, 0x8F, 0x92, 0x8F, 0x92, 0x8F, 
0x92, 0x8F, 0x92, 0x8F, 0x92, 0x8F, 0x92, 0x8F, 0x7A, 0x0C, 0x7A, 0x0C, 0x92, 0x8F, 0x92, 0x8F, 
0xE1, 0x20, 0xE1, 0x20, 0x7A, 0x0C, 0xEC, 0x18, 0xCB, 0x74, 0x7A, 0x0C, 0x00, 0x00, 0x00, 0x00, 
0x00, 0x00, 0x01, 0x6F, 0x03, 0x1F, 0x03, 0x1F, 0x03, 0x1F, 0x03, 0x1F, 0x03, 0x1F, 0x02, 0xBA, 
0x02, 0xBA, 0x02, 0xBA, 0x02, 0xBA, 0x02, 0xBA, 0x02, 0xBA, 0x01, 0x6F, 0x92, 0x8F, 0x92, 0x8F, 
0x92, 0x8F, 0x92, 0x8F, 0x92, 0x8F, 0x7A, 0x0C, 0x00, 0x00, 0x00, 0x00, 0x7A, 0x0C, 0x92, 0x8F, 
0x92, 0x8F, 0x7A, 0x0C, 0x7A, 0x0C, 0xCB, 0x74, 0xCB, 0x74, 0x7A, 0x0C, 0x00, 0x00, 0x00, 0x00, 
0x00, 0x00, 0x00, 0x00, 0x01, 0x6F, 0x01, 0x6F, 0x01, 0x6F, 0x01, 0x6F, 0x01, 0x6F, 0x01, 0x6F, 
0x02, 0xBA, 0x02, 0xBA, 0x02, 0xBA, 0x02, 0xBA, 0x02, 0xBA, 0x01, 0x6F, 0x7A, 0x0C, 0x7A, 0x0C, 
0x7A, 0x0C, 0x7A, 0x0C, 0x7A, 0x0C, 0x00, 0x00, 0x00, 0x00, 0x00, 0x00, 0x00, 0x00, 0x7A, 0x0C, 
0x7A, 0x0C, 0x00, 0x00, 0x7A, 0x0C, 0xAA, 0xF1, 0xAA, 0xF1, 0x7A, 0x0C, 0x00, 0x00, 0x00, 0x00, 
0x00, 0x00, 0x00, 0x00, 0x00, 0x00, 0x00, 0x00, 0x00, 0x00, 0x00, 0x00, 0x00, 0x00, 0x00, 0x00, 
0x01, 0x6F, 0x02, 0xBA, 0x02, 0xBA, 0x02, 0xBA, 0x02, 0xBA, 0x01, 0x6F, 0x00, 0x00, 0x00, 0x00, 
0x00, 0x00, 0x00, 0x00, 0x00, 0x00, 0x00, 0x00, 0x00, 0x00, 0x00, 0x00, 0x00, 0x00, 0x00, 0x00, 
0x00, 0x00, 0x00, 0x00, 0x7A, 0x0C, 0xAA, 0xF1, 0x92, 0x8F, 0x7A, 0x0C, 0x00, 0x00, 0x00, 0x00, 
0x00, 0x00, 0x00, 0x00, 0x00, 0x00, 0x00, 0x00, 0x00, 0x00, 0x00, 0x00, 0x00, 0x00, 0x00, 0x00, 
0x00, 0x00, 0x01, 0x6F, 0x01, 0x6F, 0x01, 0x6F, 0x01, 0x6F, 0x00, 0x00, 0x00, 0x00, 0x00, 0x00, 
0x00, 0x00, 0x00, 0x00, 0x00, 0x00, 0x00, 0x00, 0x00, 0x00, 0x00, 0x00, 0x00, 0x00, 0x00, 0x00, 
0x00, 0x00, 0x00, 0x00, 0x00, 0x00, 0x7A, 0x0C, 0x92, 0x8F, 0x7A, 0x0C, 0x00, 0x00, 0x00, 0x00, 
0x00, 0x00, 0x00, 0x00, 0x00, 0x00, 0x00, 0x00, 0x00, 0x00, 0x00, 0x00, 0x00, 0x00, 0x00, 0x00, 
0x00, 0x00, 0x00, 0x00, 0x00, 0x00, 0x00, 0x00, 0x00, 0x00, 0x00, 0x00, 0x00, 0x00, 0x00, 0x00, 
0x00, 0x00, 0x00, 0x00, 0x00, 0x00, 0x00, 0x00, 0x00, 0x00, 0x00, 0x00, 0x00, 0x00, 0x00, 0x00, 
0x00, 0x00, 0x00, 0x00, 0x00, 0x00, 0x00, 0x00, 0x7A, 0x0C, 0x00, 0x00, 0x00, 0x00, 0x00, 0x00, 
0x00, 0x00, 0x00, 0x00, 0x00, 0x00, 0x00, 0x00, 0x00, 0x00, 0x00, 0x00, 0x00, 0x00, 0x00, 0x00, 
0x00, 0x00, 0x00, 0x00, 0x00, 0x00, 0x00, 0x00, 0x00, 0x00, 0x00, 0x00, 0x00, 0x00, 0x00, 0x00, 
0x00, 0x00, 0x00, 0x00, 0x00, 0x00, 0x00, 0x00, 0x00, 0x00, 0x00, 0x00, 0x00, 0x00, 0x00, 0x00, 
0x00, 0x00, 0x00, 0x00, 0x00, 0x00, 0x00, 0x00, 0x00, 0x00, 0x00, 0x00, 0x00, 0x00, 0x00, 0x00
}
,
{
0x00, 0x00, 0x00, 0x00, 0x00, 0x00, 0x00, 0x00, 0x00, 0x00, 0x00, 0x00, 0x00, 0x00, 0x00, 0x00, 
0x00, 0x00, 0x00, 0x00, 0x00, 0x00, 0x00, 0x00, 0x00, 0x00, 0x00, 0x00, 0x00, 0x00, 0x00, 0x00, 
0x00, 0x00, 0x00, 0x00, 0x00, 0x00, 0x00, 0x00, 0x00, 0x00, 0x00, 0x00, 0x00, 0x00, 0x00, 0x00, 
0x00, 0x00, 0x00, 0x00, 0x00, 0x00, 0x00, 0x00, 0x00, 0x00, 0x00, 0x00, 0x00, 0x00, 0x00, 0x00, 
0x00, 0x00, 0x00, 0x00, 0x00, 0x00, 0x00, 0x00, 0x00, 0x00, 0x00, 0x00, 0x00, 0x00, 0x00, 0x00, 
0x00, 0x00, 0x00, 0x00, 0x00, 0x00, 0x00, 0x00, 0x00, 0x00, 0x00, 0x00, 0x00, 0x00, 0x00, 0x00, 
0x00, 0x00, 0x00, 0x00, 0x00, 0x00, 0x00, 0x00, 0x00, 0x00, 0x00, 0x00, 0x00, 0x00, 0x00, 0x00, 
0x00, 0x00, 0x00, 0x00, 0x00, 0x00, 0x00, 0x00, 0x00, 0x00, 0x00, 0x00, 0x00, 0x00, 0x00, 0x00, 
0x00, 0x00, 0x00, 0x00, 0x00, 0x00, 0x00, 0x00, 0x00, 0x00, 0x00, 0x00, 0x00, 0x00, 0x00, 0x00, 
0x00, 0x00, 0x00, 0x00, 0x00, 0x00, 0x00, 0x00, 0x00, 0x00, 0x00, 0x00, 0x00, 0x00, 0x00, 0x00, 
0x00, 0x00, 0x00, 0x00, 0x00, 0x00, 0x00, 0x00, 0x00, 0x00, 0x00, 0x00, 0x00, 0x00, 0x00, 0x00, 
0x00, 0x00, 0x00, 0x00, 0x00, 0x00, 0x00, 0x00, 0x00, 0x00, 0x00, 0x00, 0x00, 0x00, 0x00, 0x00, 
0x00, 0x00, 0x00, 0x00, 0x00, 0x00, 0x00, 0x00, 0x00, 0x00, 0x00, 0x00, 0x00, 0x00, 0x00, 0x00, 
0x00, 0x00, 0x00, 0x00, 0x00, 0x00, 0x00, 0x00, 0x00, 0x00, 0x00, 0x00, 0x00, 0x00, 0x00, 0x00, 
0x00, 0x00, 0x00, 0x00, 0x00, 0x00, 0x00, 0x00, 0x00, 0x00, 0x00, 0x00, 0x00, 0x00, 0x00, 0x00, 
0x00, 0x00, 0x00, 0x00, 0x00, 0x00, 0x00, 0x00, 0x00, 0x00, 0x00, 0x00, 0x00, 0x00, 0x00, 0x00, 
0x00, 0x00, 0x00, 0x00, 0x00, 0x00, 0x00, 0x00, 0x00, 0x00, 0x00, 0x00, 0x00, 0x00, 0x00, 0x00, 
0x00, 0x00, 0x00, 0x00, 0x00, 0x00, 0x00, 0x00, 0x00, 0x00, 0x00, 0x00, 0x7A, 0x0C, 0x7A, 0x0C, 
0x7A, 0x0C, 0x7A, 0x0C, 0x7A, 0x0C, 0x7A, 0x0C, 0x00, 0x00, 0x00, 0x00, 0x00, 0x00, 0x7A, 0x0C, 
0x7A, 0x0C, 0x00, 0x00, 0x00, 0x00, 0x00, 0x00, 0x00, 0x00, 0x00, 0x00, 0x00, 0x00, 0x00, 0x00, 
0x00, 0x00, 0x00, 0x00, 0x00, 0x00, 0x00, 0x00, 0x00, 0x00, 0x00, 0x00, 0x00, 0x00, 0x00, 0x00, 
0x01, 0x6F, 0x01, 0x6F, 0x01, 0x6F, 0x01, 0x6F, 0x01, 0x6F, 0x7A, 0x0C, 0x92, 0x8F, 0x92, 0x8F, 
0xAA, 0xF1, 0xAA, 0xF1, 0xAA, 0xF1, 0xAA, 0xF1, 0x7A, 0x0C, 0x00, 0x00, 0x7A, 0x0C, 0xCB, 0x74, 
0xCB, 0x74, 0x7A, 0x0C, 0x00, 0x00, 0x00, 0x00, 0x00, 0x00, 0x00, 0x00, 0x00, 0x00, 0x00, 0x00, 
0x00, 0x00, 0x00, 0x00, 0x00, 0x00, 0x00, 0x00, 0x00, 0x00, 0x00, 0x00, 0x00, 0x00, 0x01, 0x6F, 
0x75, 0x3F, 0x75, 0x3F, 0x3C, 0x5F, 0x3C, 0x5F, 0x01, 0x6F, 0x92, 0x8F, 0x92, 0x8F, 0xCB, 0x74, 
0xCB, 0x74, 0xCB, 0x74, 0xCB, 0x74, 0xCB, 0x74, 0xCB, 0x74, 0x7A, 0x0C, 0xCB, 0x74, 0xEC, 0x18, 
0xFC, 0x70, 0xE1, 0x20, 0x7A, 0x0C, 0x00, 0x00, 0x00, 0x00, 0x00, 0x00, 0x00, 0x00, 0x00, 0x00, 
0x00, 0x00, 0x00, 0x00, 0x00, 0x00, 0x00, 0x00, 0x00, 0x00, 0x00, 0x00, 0x01, 0x6F, 0x75, 0x3F, 
0x75, 0x3F, 0x75, 0x3F, 0x3C, 0x5F, 0x3C, 0x5F, 0x01, 0x6F, 0x01, 0x6F, 0xCB, 0x74, 0xEC, 0x18, 
0xEC, 0x18, 0xEC, 0x18, 0xEC, 0x18, 0xEC, 0x18, 0xCB, 0x74, 0x7A, 0x0C, 0xEC, 0x18, 0xFC, 0x9B, 
0xE1, 0x20, 0xE1, 0x20, 0xAA, 0xF1, 0x7A, 0x0C, 0x00, 0x00, 0x00, 0x00, 0x00, 0x00, 0x00, 0x00, 
0x00, 0x00, 0x00, 0x00, 0x00, 0x00, 0x00, 0x00, 0x00, 0x00, 0x01, 0x6F, 0x02, 0xBA, 0x3C, 0x5F, 
0x75, 0x3F, 0x75, 0x3F, 0x3C, 0x5F, 0x3C, 0x5F, 0x03, 0x1F, 0x01, 0x6F, 0xEC, 0x18, 0xFC, 0x9B, 
0x3C, 0x5F, 0xFC, 0x9B, 0xFC, 0x9B, 0xFC, 0x70, 0xE1, 0x20, 0x7A, 0x0C, 0xFC, 0x9B, 0xFC, 0x9B, 
0xFC, 0x9B, 0xAA, 0xF1, 0xCB, 0x74, 0xCB, 0x74, 0x7A, 0x0C, 0x00, 0x00, 0x00, 0x00, 0x00, 0x00, 
0x00, 0x00, 0x00, 0x00, 0x00, 0x00, 0x00, 0x00, 0x01, 0x6F, 0x75, 0x3F, 0x02, 0xBA, 0x02, 0xBA, 
0x3C, 0x5F, 0x3C, 0x5F, 0x3C, 0x5F, 0x3C, 0x5F, 0x03, 0x1F, 0x01, 0x6F, 0xEC, 0x18, 0xFC, 0x9B, 
0x3C, 0x5F, 0xFC, 0x9B, 0xFC, 0x9B, 0xE1, 0x20, 0xE1, 0x20, 0x7A, 0x0C, 0xFC, 0x9B, 0xFC, 0x9B, 
0xAA, 0xF1, 0xEC, 0x18, 0xEC, 0x18, 0xCB, 0x74, 0x8B, 0x69, 0x8B, 0x69, 0x00, 0x00, 0x00, 0x00, 
0x00, 0x00, 0x00, 0x00, 0x00, 0x00, 0x01, 0x6F, 0x75, 0x3F, 0x75, 0x3F, 0x75, 0x3F, 0x02, 0xBA, 
0x02, 0xBA, 0x3C, 0x5F, 0x3C, 0x5F, 0x03, 0x1F, 0x03, 0x1F, 0x01, 0x6F, 0xEC, 0x18, 0xFC, 0x9B, 
0x3C, 0x5F, 0xFC, 0x9B, 0xFC, 0x9B, 0xFC, 0x9B, 0xEC, 0x18, 0xCB, 0x74, 0x7A, 0x0C, 0xAA, 0xF1, 
0xFC, 0x9B, 0xFC, 0x9B, 0xFC, 0x9B, 0xEC, 0x18, 0x8B, 0x69, 0x8B, 0x69, 0x00, 0x00, 0x00, 0x00, 
0x00, 0x00, 0x00, 0x00, 0x00, 0x00, 0x01, 0x6F, 0x75, 0x3F, 0x75, 0x3F, 0x75, 0x3F, 0x3C, 0x5F, 
0x02, 0xBA, 0x02, 0xBA, 0x3C, 0x5F, 0x03, 0x1F, 0x03, 0x1F, 0x01, 0x6F, 0xEC, 0x18, 0xFC, 0x9B, 
0x3C, 0x5F, 0xFC, 0x9B, 0xFC, 0x9B, 0xFC, 0x9B, 0xEC, 0x18, 0xCB, 0x74, 0x7A, 0x0C, 0xFC, 0x9B, 
0xFC, 0x9B, 0xFC, 0x9B, 0xFC, 0x9B, 0xEC, 0x18, 0x8B, 0x69, 0x6A, 0x65, 0x00, 0x00, 0x00, 0x00, 
0x00, 0x00, 0x00, 0x00, 0x00, 0x00, 0x01, 0x6F, 0x75, 0x3F, 0x75, 0x3F, 0x75, 0x3F, 0x3C, 0x5F, 
0x3C, 0x5F, 0x02, 0xBA, 0x02, 0xBA, 0x03, 0x1F, 0x03, 0x1F, 0x01, 0x6F, 0xEC, 0x18, 0xFC, 0x9B, 
0x3C, 0x5F, 0xFC, 0x9B, 0xFC, 0x9B, 0xFC, 0x9B, 0xEC, 0x18, 0xCB, 0x74, 0x7A, 0x0C, 0xFC, 0x9B, 
0xB6, 0xF1, 0xB6, 0xF1, 0x75, 0xC8, 0x4B, 0xC5, 0x6A, 0x65, 0x6A, 0x65, 0x00, 0x00, 0x00, 0x00, 
0x00, 0x00, 0x00, 0x00, 0x00, 0x00, 0x01, 0x6F, 0x75, 0x3F, 0x75, 0x3F, 0x75, 0x3F, 0x3C, 0x5F, 
0x3C, 0x5F, 0x3C, 0x5F, 0x02, 0xBA, 0x03, 0x1F, 0x03, 0x1F, 0x01, 0x6F, 0xEC, 0x18, 0xFC, 0x9B, 
0xFC, 0x9B, 0xFC, 0x9B, 0xFC, 0x9B, 0xFC, 0x9B, 0xE1, 0x20, 0xCB, 0x74, 0x7A, 0x0C, 0xB6, 0xF1, 
0xB6, 0xF1, 0x75, 0xC8, 0x64, 0xE6, 0x4B, 0xC5, 0x6A, 0x65, 0x6A, 0x65, 0x00, 0x00, 0x00, 0x00, 
0x00, 0x00, 0x00, 0x00, 0x00, 0x00, 0x01, 0x6F, 0x75, 0x3F, 0x75, 0x3F, 0x75, 0x3F, 0x3C, 0x5F, 
0x3C, 0x5F, 0x3C, 0x5F, 0x03, 0x1F, 0x02, 0xBA, 0x03, 0x1F, 0x01, 0x6F, 0xEC, 0x18, 0xFC, 0x9B, 
0xFC, 0x9B, 0xFC, 0x9B, 0xFC, 0x9B, 0xEC, 0x18, 0xE1, 0x20, 0xCB, 0x74, 0xAA, 0xF1, 0xB6, 0xF1, 
0x75, 0xC8, 0x75, 0xC8, 0x64, 0xE6, 0x4B, 0xC5, 0x6A, 0x65, 0x6A, 0x65, 0x00, 0x00, 0x00, 0x00, 
0x00, 0x00, 0x00, 0x00, 0x00, 0x00, 0x01, 0x6F, 0x75, 0x3F, 0x75, 0x3F, 0x75, 0x3F, 0x3C, 0x5F, 
0x3C, 0x5F, 0x3C, 0x5F, 0x03, 0x1F, 0x02, 0xBA, 0x03, 0x1F, 0x01, 0x6F, 0xEC, 0x18, 0xEC, 0x18, 
0xFC, 0x9B, 0xFC, 0x9B, 0xEC, 0x18, 0xEC, 0x18, 0xE1, 0x20, 0xCB, 0x74, 0xAA, 0xF1, 0x75, 0xC8, 
0x75, 0xC8, 0x75, 0xC8, 0x64, 0xE6, 0x4B, 0xC5, 0xAA, 0xF1, 0x00, 0x00, 0x00, 0x00, 0x00, 0x00, 
0x00, 0x00, 0x00, 0x00, 0x00, 0x00, 0x01, 0x6F, 0x3C, 0x5F, 0x75, 0x3F, 0x75, 0x3F, 0x3C, 0x5F, 
0x3C, 0x5F, 0x3C, 0x5F, 0x03, 0x1F, 0x02, 0xBA, 0x03, 0x1F, 0x01, 0x6F, 0xEC, 0x18, 0xEC, 0x18, 
0xEC, 0x18, 0xEC, 0x18, 0xEC, 0x18, 0xEC, 0x18, 0xE1, 0x20, 0xCB, 0x74, 0xAA, 0xF1, 0x64, 0xE6, 
0x64, 0xE6, 0x64, 0xE6, 0x64, 0xE6, 0x4B, 0xC5, 0xAA, 0xF1, 0x00, 0x00, 0x00, 0x00, 0x00, 0x00, 
0x00, 0x00, 0x00, 0x00, 0x00, 0x00, 0x01, 0x6F, 0x3C, 0x5F, 0x3C, 0x5F, 0x3C, 0x5F, 0x3C, 0x5F, 
0x3C, 0x5F, 0x3C, 0x5F, 0x03, 0x1F, 0x02, 0xBA, 0x03, 0x1F, 0x01, 0x6F, 0xCB, 0x74, 0xEC, 0x18, 
0xEC, 0x18, 0xEC, 0x18, 0xEC, 0x18, 0xEC, 0x18, 0xE1, 0x20, 0xAA, 0xF1, 0xAA, 0xF1, 0x64, 0xE6, 
0x64, 0xE6, 0x64, 0xE6, 0x64, 0xE6, 0x4B, 0xC5, 0x8B, 0x69, 0x8B, 0x69, 0x00, 0x00, 0x00, 0x00, 
0x00, 0x00, 0x00, 0x00, 0x00, 0x00, 0x01, 0x6F, 0x02, 0xBA, 0x3C, 0x5F, 0x3C, 0x5F, 0x3C, 0x5F, 
0x3C, 0x5F, 0x3C, 0x5F, 0x03, 0x1F, 0x02, 0xBA, 0x02, 0xBA, 0x01, 0x6F, 0xCB, 0x74, 0xCB, 0x74, 
0x3C, 0x5F, 0xEC, 0x18, 0xEC, 0x18, 0xEC, 0x18, 0xE1, 0x20, 0xAA, 0xF1, 0xAA, 0xF1, 0xCB, 0x74, 
0x4B, 0xC5, 0x4B, 0xC5, 0x4B, 0xC5, 0x4B, 0xC5, 0x8B, 0x69, 0x8B, 0x69, 0x00, 0x00, 0x00, 0x00, 
0x00, 0x00, 0x00, 0x00, 0x00, 0x00, 0x01, 0x6F, 0x02, 0xBA, 0x02, 0xBA, 0x3C, 0x5F, 0x3C, 0x5F, 
0x3C, 0x5F, 0x3C, 0x5F, 0x03, 0x1F, 0x03, 0x1F, 0x02, 0xBA, 0x01, 0x6F, 0xCB, 0x74, 0xCB, 0x74, 
0x3C, 0x5F, 0xCB, 0x74, 0xCB, 0x74, 0xCB, 0x74, 0xCB, 0x74, 0xAA, 0xF1, 0x7A, 0x0C, 0xAA, 0xF1, 
0x4B, 0xC5, 0x4B, 0xC5, 0x4B, 0xC5, 0x4B, 0xC5, 0x8B, 0x69, 0x6A, 0x65, 0x00, 0x00, 0x00, 0x00, 
0x00, 0x00, 0x00, 0x00, 0x01, 0x6F, 0x75, 0x3F, 0x75, 0x3F, 0x02, 0xBA, 0x02, 0xBA, 0x3C, 0x5F, 
0x3C, 0x5F, 0x03, 0x1F, 0x03, 0x1F, 0x03, 0x1F, 0x02, 0xBA, 0x01, 0x6F, 0xCB, 0x74, 0xCB, 0x74, 
0x3C, 0x5F, 0xCB, 0x74, 0xCB, 0x74, 0xCB, 0x74, 0xCB, 0x74, 0xAA, 0xF1, 0x7A, 0x0C, 0xAA, 0xF1, 
0xCB, 0x74, 0xCB, 0x74, 0xCB, 0x74, 0xCB, 0x74, 0x6A, 0x65, 0x6A, 0x65, 0x00, 0x00, 0x00, 0x00, 
0x00, 0x00, 0x00, 0x00, 0x01, 0x6F, 0x75, 0x3F, 0x75, 0x3F, 0x3C, 0x5F, 0x02, 0xBA, 0x03, 0x1F, 
0x03, 0x1F, 0x03, 0x1F, 0x03, 0x1F, 0x03, 0x1F, 0x02, 0xBA, 0x01, 0x6F, 0xCB, 0x74, 0xCB, 0x74, 
0x3C, 0x5F, 0xCB, 0x74, 0xCB, 0x74, 0xCB, 0x74, 0xCB, 0x74, 0xAA, 0xF1, 0x7A, 0x0C, 0x7A, 0x0C, 
0xAA, 0xF1, 0xAA, 0xF1, 0xAA, 0xF1, 0xAA, 0xF1, 0x6A, 0x65, 0x6A, 0x65, 0x00, 0x00, 0x00, 0x00, 
0x00, 0x00, 0x00, 0x00, 0x01, 0x6F, 0x3C, 0x5F, 0x3C, 0x5F, 0x3C, 0x5F, 0x02, 0xBA, 0x02, 0xBA, 
0x03, 0x1F, 0x03, 0x1F, 0x03, 0x1F, 0x03, 0x1F, 0x02, 0xBA, 0x01, 0x6F, 0xAA, 0xF1, 0xCB, 0x74, 
0x3C, 0x5F, 0xCB, 0x74, 0xCB, 0x74, 0xFC, 0x70, 0xE1, 0x20, 0x7A, 0x0C, 0xAA, 0xF1, 0xAA, 0xF1, 
0x7A, 0x0C, 0xAA, 0xF1, 0xAA, 0xF1, 0x7A, 0x0C, 0x6A, 0x65, 0x6A, 0x65, 0x00, 0x00, 0x00, 0x00, 
0x00, 0x00, 0x00, 0x00, 0x01, 0x6F, 0x3C, 0x5F, 0x3C, 0x5F, 0x3C, 0x5F, 0x3C, 0x5F, 0x02, 0xBA, 
0x03, 0x1F, 0x03, 0x1F, 0x03, 0x1F, 0x03, 0x1F, 0x02, 0xBA, 0x01, 0x6F, 0xAA, 0xF1, 0xAA, 0xF1, 
0xAA, 0xF1, 0xAA, 0xF1, 0xAA, 0xF1, 0xE1, 0x20, 0xE1, 0x20, 0x7A, 0x0C, 0x92, 0x8F, 0xAA, 0xF1, 
0xAA, 0xF1, 0x7A, 0x0C, 0xAA, 0xF1, 0xAA, 0xF1, 0xAA, 0xF1, 0x00, 0x00, 0x00, 0x00, 0x00, 0x00, 
0x00, 0x00, 0x01, 0x6F, 0x3C, 0x5F, 0x3C, 0x5F, 0x3C, 0x5F, 0x3C, 0x5F, 0x03, 0x1F, 0x02, 0xBA, 
0x02, 0xBA, 0x03, 0x1F, 0x03, 0x1F, 0x03, 0x1F, 0x02, 0xBA, 0x01, 0x6F, 0x92, 0x8F, 0xAA, 0xF1, 
0xAA, 0xF1, 0xAA, 0xF1, 0xAA, 0xF1, 0xAA, 0xF1, 0xAA, 0xF1, 0x7A, 0x0C, 0x92, 0x8F, 0x92, 0x8F, 
0xFC, 0x70, 0xE1, 0x20, 0x92, 0x8F, 0x7A, 0x0C, 0xCB, 0x74, 0x7A, 0x0C, 0x00, 0x00, 0x00, 0x00, 
0x00, 0x00, 0x01, 0x6F, 0x3C, 0x5F, 0x3C, 0x5F, 0x03, 0x1F, 0x03, 0x1F, 0x03, 0x1F, 0x03, 0x1F, 
0x02, 0xBA, 0x03, 0x1F, 0x03, 0x1F, 0x02, 0xBA, 0x02, 0xBA, 0x01, 0x6F, 0x92, 0x8F, 0x92, 0x8F, 
0x92, 0x8F, 0x92, 0x8F, 0x92, 0x8F, 0x92, 0x8F, 0x92, 0x8F, 0x7A, 0x0C, 0x92, 0x8F, 0x92, 0x8F, 
0xE1, 0x20, 0xE1, 0x20, 0x7A, 0x0C, 0xEC, 0x18, 0xCB, 0x74, 0x7A, 0x0C, 0x00, 0x00, 0x00, 0x00, 
0x00, 0x00, 0x00, 0x00, 0x01, 0x6F, 0x03, 0x1F, 0x03, 0x1F, 0x03, 0x1F, 0x03, 0x1F, 0x03, 0x1F, 
0x02, 0xBA, 0x02, 0xBA, 0x02, 0xBA, 0x02, 0xBA, 0x02, 0xBA, 0x02, 0xBA, 0x01, 0x6F, 0x92, 0x8F, 
0x92, 0x8F, 0x92, 0x8F, 0x92, 0x8F, 0x92, 0x8F, 0x7A, 0x0C, 0x00, 0x00, 0x7A, 0x0C, 0x92, 0x8F, 
0x92, 0x8F, 0x7A, 0x0C, 0x7A, 0x0C, 0xCB, 0x74, 0xCB, 0x74, 0x7A, 0x0C, 0x00, 0x00, 0x00, 0x00, 
0x00, 0x00, 0x00, 0x00, 0x00, 0x00, 0x01, 0x6F, 0x01, 0x6F, 0x01, 0x6F, 0x01, 0x6F, 0x01, 0x6F, 
0x01, 0x6F, 0x02, 0xBA, 0x02, 0xBA, 0x02, 0xBA, 0x02, 0xBA, 0x02, 0xBA, 0x01, 0x6F, 0x7A, 0x0C, 
0x7A, 0x0C, 0x7A, 0x0C, 0x7A, 0x0C, 0x7A, 0x0C, 0x00, 0x00, 0x00, 0x00, 0x00, 0x00, 0x7A, 0x0C, 
0x7A, 0x0C, 0x00, 0x00, 0x7A, 0x0C, 0xAA, 0xF1, 0xAA, 0xF1, 0x7A, 0x0C, 0x00, 0x00, 0x00, 0x00, 
0x00, 0x00, 0x00, 0x00, 0x00, 0x00, 0x00, 0x00, 0x00, 0x00, 0x00, 0x00, 0x00, 0x00, 0x00, 0x00, 
0x00, 0x00, 0x01, 0x6F, 0x02, 0xBA, 0x02, 0xBA, 0x02, 0xBA, 0x02, 0xBA, 0x01, 0x6F, 0x00, 0x00, 
0x00, 0x00, 0x00, 0x00, 0x00, 0x00, 0x00, 0x00, 0x00, 0x00, 0x00, 0x00, 0x00, 0x00, 0x00, 0x00, 
0x00, 0x00, 0x00, 0x00, 0x7A, 0x0C, 0xAA, 0xF1, 0x92, 0x8F, 0x7A, 0x0C, 0x00, 0x00, 0x00, 0x00, 
0x00, 0x00, 0x00, 0x00, 0x00, 0x00, 0x00, 0x00, 0x00, 0x00, 0x00, 0x00, 0x00, 0x00, 0x00, 0x00, 
0x00, 0x00, 0x00, 0x00, 0x01, 0x6F, 0x01, 0x6F, 0x01, 0x6F, 0x01, 0x6F, 0x00, 0x00, 0x00, 0x00, 
0x00, 0x00, 0x00, 0x00, 0x00, 0x00, 0x00, 0x00, 0x00, 0x00, 0x00, 0x00, 0x00, 0x00, 0x00, 0x00, 
0x00, 0x00, 0x00, 0x00, 0x00, 0x00, 0x7A, 0x0C, 0x92, 0x8F, 0x7A, 0x0C, 0x00, 0x00, 0x00, 0x00, 
0x00, 0x00, 0x00, 0x00, 0x00, 0x00, 0x00, 0x00, 0x00, 0x00, 0x00, 0x00, 0x00, 0x00, 0x00, 0x00, 
0x00, 0x00, 0x00, 0x00, 0x00, 0x00, 0x00, 0x00, 0x00, 0x00, 0x00, 0x00, 0x00, 0x00, 0x00, 0x00, 
0x00, 0x00, 0x00, 0x00, 0x00, 0x00, 0x00, 0x00, 0x00, 0x00, 0x00, 0x00, 0x00, 0x00, 0x00, 0x00, 
0x00, 0x00, 0x00, 0x00, 0x00, 0x00, 0x00, 0x00, 0x7A, 0x0C, 0x00, 0x00, 0x00, 0x00, 0x00, 0x00, 
0x00, 0x00, 0x00, 0x00, 0x00, 0x00, 0x00, 0x00, 0x00, 0x00, 0x00, 0x00, 0x00, 0x00, 0x00, 0x00, 
0x00, 0x00, 0x00, 0x00, 0x00, 0x00, 0x00, 0x00, 0x00, 0x00, 0x00, 0x00, 0x00, 0x00, 0x00, 0x00, 
0x00, 0x00, 0x00, 0x00, 0x00, 0x00, 0x00, 0x00, 0x00, 0x00, 0x00, 0x00, 0x00, 0x00, 0x00, 0x00, 
0x00, 0x00, 0x00, 0x00, 0x00, 0x00, 0x00, 0x00, 0x00, 0x00, 0x00, 0x00, 0x00, 0x00, 0x00, 0x00
}
},
{
{
0x00, 0x00, 0x00, 0x00, 0x00, 0x00, 0x00, 0x00, 0x00, 0x00, 0x00, 0x00, 0x00, 0x00, 0x00, 0x00, 
0x00, 0x00, 0x00, 0x00, 0x00, 0x00, 0x00, 0x00, 0x00, 0x00, 0x00, 0x00, 0x00, 0x00, 0x00, 0x00, 
0x00, 0x00, 0x00, 0x00, 0x00, 0x00, 0x00, 0x00, 0x00, 0x00, 0x00, 0x00, 0x00, 0x00, 0x00, 0x00, 
0x00, 0x00, 0x00, 0x00, 0x00, 0x00, 0x00, 0x00, 0x00, 0x00, 0x00, 0x00, 0x00, 0x00, 0x00, 0x00, 
0x00, 0x00, 0x00, 0x00, 0x00, 0x00, 0x00, 0x00, 0x00, 0x00, 0x00, 0x00, 0x00, 0x00, 0x00, 0x00, 
0x00, 0x00, 0x00, 0x00, 0x00, 0x00, 0x00, 0x00, 0x00, 0x00, 0x00, 0x00, 0x00, 0x00, 0x00, 0x00, 
0x00, 0x00, 0x00, 0x00, 0x00, 0x00, 0x00, 0x00, 0x00, 0x00, 0x00, 0x00, 0x00, 0x00, 0x00, 0x00, 
0x00, 0x00, 0x00, 0x00, 0x00, 0x00, 0x00, 0x00, 0x00, 0x00, 0x00, 0x00, 0x00, 0x00, 0x00, 0x00, 
0x00, 0x00, 0x00, 0x00, 0x00, 0x00, 0x00, 0x00, 0x00, 0x00, 0x00, 0x00, 0x00, 0x00, 0x00, 0x00, 
0x00, 0x00, 0x00, 0x00, 0x00, 0x00, 0x00, 0x00, 0x00, 0x00, 0x00, 0x00, 0x00, 0x00, 0x00, 0x00, 
0x00, 0x00, 0x00, 0x00, 0x00, 0x00, 0x00, 0x00, 0x00, 0x00, 0x00, 0x00, 0x00, 0x00, 0x00, 0x00, 
0x00, 0x00, 0x00, 0x00, 0x00, 0x00, 0x00, 0x00, 0x00, 0x00, 0x00, 0x00, 0x00, 0x00, 0x00, 0x00, 
0x00, 0x00, 0x00, 0x00, 0x00, 0x00, 0x00, 0x00, 0x00, 0x00, 0x00, 0x00, 0x00, 0x00, 0x00, 0x00, 
0x00, 0x00, 0x00, 0x00, 0x00, 0x00, 0x00, 0x00, 0x00, 0x00, 0x00, 0x00, 0x00, 0x00, 0x00, 0x00, 
0x00, 0x00, 0x00, 0x00, 0x00, 0x00, 0x00, 0x00, 0x00, 0x00, 0x00, 0x00, 0x00, 0x00, 0x00, 0x00, 
0x00, 0x00, 0x00, 0x00, 0x00, 0x00, 0x00, 0x00, 0x00, 0x00, 0x00, 0x00, 0x00, 0x00, 0x00, 0x00, 
0x00, 0x00, 0x00, 0x00, 0x00, 0x00, 0x00, 0x00, 0x00, 0x00, 0x00, 0x00, 0x00, 0x00, 0x00, 0x00, 
0x00, 0x00, 0x00, 0x00, 0x00, 0x00, 0x00, 0x00, 0x00, 0x00, 0x7A, 0x0C, 0x7A, 0x0C, 0x7A, 0x0C, 
0x7A, 0x0C, 0x7A, 0x0C, 0x7A, 0x0C, 0x00, 0x00, 0x00, 0x00, 0x7A, 0x0C, 0x7A, 0x0C, 0x00, 0x00, 
0x00, 0x00, 0x00, 0x00, 0x00, 0x00, 0x00, 0x00, 0x00, 0x00, 0x00, 0x00, 0x00, 0x00, 0x00, 0x00, 
0x00, 0x00, 0x00, 0x00, 0x00, 0x00, 0x00, 0x00, 0x00, 0x00, 0x00, 0x00, 0x00, 0x00, 0x01, 0x6F, 
0x01, 0x6F, 0x01, 0x6F, 0x01, 0x6F, 0x01, 0x6F, 0x7A, 0x0C, 0x92, 0x8F, 0x92, 0x8F, 0xAA, 0xF1, 
0xAA, 0xF1, 0xAA, 0xF1, 0xAA, 0xF1, 0x7A, 0x0C, 0x7A, 0x0C, 0xFC, 0x70, 0xE1, 0x20, 0x7A, 0x0C, 
0x00, 0x00, 0x00, 0x00, 0x00, 0x00, 0x00, 0x00, 0x00, 0x00, 0x00, 0x00, 0x00, 0x00, 0x00, 0x00, 
0x00, 0x00, 0x00, 0x00, 0x00, 0x00, 0x00, 0x00, 0x00, 0x00, 0x00, 0x00, 0x01, 0x6F, 0x75, 0x3F, 
0x75, 0x3F, 0x3C, 0x5F, 0x3C, 0x5F, 0x01, 0x6F, 0x92, 0x8F, 0x92, 0x8F, 0xCB, 0x74, 0xCB, 0x74, 
0xCB, 0x74, 0xCB, 0x74, 0xCB, 0x74, 0xCB, 0x74, 0x7A, 0x0C, 0xE1, 0x20, 0xE1, 0x20, 0xEC, 0x18, 
0x7A, 0x0C, 0x00, 0x00, 0x00, 0x00, 0x00, 0x00, 0x00, 0x00, 0x00, 0x00, 0x00, 0x00, 0x00, 0x00, 
0x00, 0x00, 0x00, 0x00, 0x00, 0x00, 0x00, 0x00, 0x00, 0x00, 0x01, 0x6F, 0x75, 0x3F, 0x75, 0x3F, 
0x75, 0x3F, 0x3C, 0x5F, 0x3C, 0x5F, 0x01, 0x6F, 0x01, 0x6F, 0xCB, 0x74, 0xEC, 0x18, 0xEC, 0x18, 
0xEC, 0x18, 0xEC, 0x18, 0xEC, 0x18, 0xCB, 0x74, 0xCB, 0x74, 0x7A, 0x0C, 0xEC, 0x18, 0xFC, 0x9B, 
0xFC, 0x9B, 0x7A, 0x0C, 0xAA, 0xF1, 0x7A, 0x0C, 0x00, 0x00, 0x00, 0x00, 0x00, 0x00, 0x00, 0x00, 
0x00, 0x00, 0x00, 0x00, 0x00, 0x00, 0x00, 0x00, 0x01, 0x6F, 0x02, 0xBA, 0x3C, 0x5F, 0x75, 0x3F, 
0x75, 0x3F, 0x3C, 0x5F, 0x3C, 0x5F, 0x03, 0x1F, 0x01, 0x6F, 0xEC, 0x18, 0xFC, 0x9B, 0xFC, 0x9B, 
0xFC, 0x9B, 0xFC, 0x9B, 0xFC, 0x70, 0xE1, 0x20, 0xCB, 0x74, 0x7A, 0x0C, 0xFC, 0x9B, 0xFC, 0x9B, 
0xFC, 0x9B, 0xAA, 0xF1, 0xCB, 0x74, 0xCB, 0x74, 0x7A, 0x0C, 0x00, 0x00, 0x00, 0x00, 0x00, 0x00, 
0x00, 0x00, 0x00, 0x00, 0x00, 0x00, 0x01, 0x6F, 0x75, 0x3F, 0x02, 0xBA, 0x02, 0xBA, 0x3C, 0x5F, 
0x3C, 0x5F, 0x3C, 0x5F, 0x3C, 0x5F, 0x03, 0x1F, 0x01, 0x6F, 0xEC, 0x18, 0xFC, 0x9B, 0xFC, 0x9B, 
0xFC, 0x9B, 0xFC, 0x9B, 0xE1, 0x20, 0xE1, 0x20, 0xCB, 0x74, 0x7A, 0x0C, 0xFC, 0x9B, 0xFC, 0x9B, 
0xAA, 0xF1, 0xEC, 0x18, 0xEC, 0x18, 0xCB, 0x74, 0x8B, 0x69, 0x8B, 0x69, 0x00, 0x00, 0x00, 0x00, 
0x00, 0x00, 0x00, 0x00, 0x01, 0x6F, 0x75, 0x3F, 0x75, 0x3F, 0x75, 0x3F, 0x02, 0xBA, 0x02, 0xBA, 
0x3C, 0x5F, 0x3C, 0x5F, 0x03, 0x1F, 0x03, 0x1F, 0x01, 0x6F, 0xEC, 0x18, 0x3C, 0x5F, 0x3C, 0x5F, 
0x3C, 0x5F, 0xFC, 0x9B, 0xFC, 0x9B, 0xEC, 0x18, 0xEC, 0x18, 0xCB, 0x74, 0x7A, 0x0C, 0xAA, 0xF1, 
0xFC, 0x9B, 0xFC, 0x9B, 0xFC, 0x9B, 0xEC, 0x18, 0x8B, 0x69, 0x8B, 0x69, 0x00, 0x00, 0x00, 0x00, 
0x00, 0x00, 0x00, 0x00, 0x01, 0x6F, 0x75, 0x3F, 0x75, 0x3F, 0x75, 0x3F, 0x3C, 0x5F, 0x02, 0xBA, 
0x02, 0xBA, 0x3C, 0x5F, 0x03, 0x1F, 0x03, 0x1F, 0x01, 0x6F, 0xEC, 0x18, 0x07, 0xFF, 0x07, 0xFF, 
0x3C, 0x5F, 0xFC, 0x9B, 0xFC, 0x9B, 0xEC, 0x18, 0xEC, 0x18, 0xCB, 0x74, 0x7A, 0x0C, 0xFC, 0x9B, 
0xFC, 0x9B, 0xFC, 0x9B, 0xFC, 0x9B, 0xEC, 0x18, 0x8B, 0x69, 0x6A, 0x65, 0x00, 0x00, 0x00, 0x00, 
0x00, 0x00, 0x00, 0x00, 0x01, 0x6F, 0x75, 0x3F, 0x75, 0x3F, 0x75, 0x3F, 0x3C, 0x5F, 0x3C, 0x5F, 
0x02, 0xBA, 0x02, 0xBA, 0x03, 0x1F, 0x03, 0x1F, 0x01, 0x6F, 0xEC, 0x18, 0xFC, 0x9B, 0xFC, 0x9B, 
0xFC, 0x9B, 0xFC, 0x9B, 0xFC, 0x9B, 0xEC, 0x18, 0xEC, 0x18, 0xCB, 0x74, 0x7A, 0x0C, 0xFC, 0x9B, 
0xB6, 0xF1, 0xB6, 0xF1, 0x75, 0xC8, 0x4B, 0xC5, 0x6A, 0x65, 0x6A, 0x65, 0x00, 0x00, 0x00, 0x00, 
0x00, 0x00, 0x00, 0x00, 0x01, 0x6F, 0x75, 0x3F, 0x75, 0x3F, 0x75, 0x3F, 0x3C, 0x5F, 0x3C, 0x5F, 
0x3C, 0x5F, 0x02, 0xBA, 0x03, 0x1F, 0x03, 0x1F, 0x01, 0x6F, 0xEC, 0x18, 0xFC, 0x9B, 0xFC, 0x9B, 
0xFC, 0x9B, 0xFC, 0x9B, 0xFC, 0x9B, 0xE1, 0x20, 0xEC, 0x18, 0xCB, 0x74, 0x7A, 0x0C, 0xB6, 0xF1, 
0xB6, 0xF1, 0x75, 0xC8, 0x64, 0xE6, 0x4B, 0xC5, 0x6A, 0x65, 0x6A, 0x65, 0x00, 0x00, 0x00, 0x00, 
0x00, 0x00, 0x00, 0x00, 0x01, 0x6F, 0x75, 0x3F, 0x75, 0x3F, 0x75, 0x3F, 0x3C, 0x5F, 0x3C, 0x5F, 
0x3C, 0x5F, 0x03, 0x1F, 0x02, 0xBA, 0x03, 0x1F, 0x01, 0x6F, 0xEC, 0x18, 0xFC, 0x9B, 0xFC, 0x9B, 
0xFC, 0x9B, 0xFC, 0x9B, 0xE1, 0x20, 0xE1, 0x20, 0xE1, 0x20, 0xCB, 0x74, 0xAA, 0xF1, 0xB6, 0xF1, 
0x75, 0xC8, 0x75, 0xC8, 0x64, 0xE6, 0x4B, 0xC5, 0x6A, 0x65, 0x6A, 0x65, 0x00, 0x00, 0x00, 0x00, 
0x00, 0x00, 0x00, 0x00, 0x01, 0x6F, 0x75, 0x3F, 0x75, 0x3F, 0x75, 0x3F, 0x3C, 0x5F, 0x3C, 0x5F, 
0x3C, 0x5F, 0x03, 0x1F, 0x02, 0xBA, 0x03, 0x1F, 0x01, 0x6F, 0xEC, 0x18, 0xEC, 0x18, 0xFC, 0x9B, 
0xFC, 0x9B, 0xEC, 0x18, 0xE1, 0x20, 0xE1, 0x20, 0xFC, 0x70, 0xCB, 0x74, 0xAA, 0xF1, 0x75, 0xC8, 
0x75, 0xC8, 0x75, 0xC8, 0x64, 0xE6, 0x4B, 0xC5, 0xAA, 0xF1, 0x00, 0x00, 0x00, 0x00, 0x00, 0x00, 
0x00, 0x00, 0x00, 0x00, 0x01, 0x6F, 0x3C, 0x5F, 0x75, 0x3F, 0x75, 0x3F, 0x3C, 0x5F, 0x3C, 0x5F, 
0x3C, 0x5F, 0x03, 0x1F, 0x02, 0xBA, 0x03, 0x1F, 0x01, 0x6F, 0xEC, 0x18, 0xEC, 0x18, 0xEC, 0x18, 
0xEC, 0x18, 0xEC, 0x18, 0xE1, 0x20, 0xE1, 0x20, 0xFC, 0x70, 0xCB, 0x74, 0xAA, 0xF1, 0x64, 0xE6, 
0x64, 0xE6, 0x64, 0xE6, 0x64, 0xE6, 0x4B, 0xC5, 0xAA, 0xF1, 0x00, 0x00, 0x00, 0x00, 0x00, 0x00, 
0x00, 0x00, 0x00, 0x00, 0x01, 0x6F, 0x3C, 0x5F, 0x3C, 0x5F, 0x3C, 0x5F, 0x3C, 0x5F, 0x3C, 0x5F, 
0x3C, 0x5F, 0x03, 0x1F, 0x02, 0xBA, 0x03, 0x1F, 0x01, 0x6F, 0xCB, 0x74, 0xEC, 0x18, 0xEC, 0x18, 
0xEC, 0x18, 0xEC, 0x18, 0xE1, 0x20, 0xE1, 0x20, 0xE1, 0x20, 0xAA, 0xF1, 0xAA, 0xF1, 0x64, 0xE6, 
0x64, 0xE6, 0x64, 0xE6, 0x64, 0xE6, 0x4B, 0xC5, 0x8B, 0x69, 0x8B, 0x69, 0x00, 0x00, 0x00, 0x00, 
0x00, 0x00, 0x00, 0x00, 0x01, 0x6F, 0x02, 0xBA, 0x3C, 0x5F, 0x3C, 0x5F, 0x3C, 0x5F, 0x3C, 0x5F, 
0x3C, 0x5F, 0x03, 0x1F, 0x02, 0xBA, 0x02, 0xBA, 0x01, 0x6F, 0xCB, 0x74, 0xEC, 0x18, 0xEC, 0x18, 
0xEC, 0x18, 0xEC, 0x18, 0xEC, 0x18, 0xE1, 0x20, 0xCB, 0x74, 0xAA, 0xF1, 0xAA, 0xF1, 0xCB, 0x74, 
0x4B, 0xC5, 0x4B, 0xC5, 0x4B, 0xC5, 0x4B, 0xC5, 0x8B, 0x69, 0x8B, 0x69, 0x00, 0x00, 0x00, 0x00, 
0x00, 0x00, 0x00, 0x00, 0x01, 0x6F, 0x02, 0xBA, 0x02, 0xBA, 0x3C, 0x5F, 0x3C, 0x5F, 0x3C, 0x5F, 
0x3C, 0x5F, 0x03, 0x1F, 0x03, 0x1F, 0x02, 0xBA, 0x01, 0x6F, 0xCB, 0x74, 0xCB, 0x74, 0xCB, 0x74, 
0xCB, 0x74, 0xCB, 0x74, 0xCB, 0x74, 0xCB, 0x74, 0xCB, 0x74, 0xAA, 0xF1, 0x7A, 0x0C, 0xAA, 0xF1, 
0x4B, 0xC5, 0x4B, 0xC5, 0x4B, 0xC5, 0x4B, 0xC5, 0x8B, 0x69, 0x6A, 0x65, 0x00, 0x00, 0x00, 0x00, 
0x00, 0x00, 0x01, 0x6F, 0x75, 0x3F, 0x75, 0x3F, 0x02, 0xBA, 0x02, 0xBA, 0x3C, 0x5F, 0x3C, 0x5F, 
0x03, 0x1F, 0x03, 0x1F, 0x03, 0x1F, 0x02, 0xBA, 0x01, 0x6F, 0xCB, 0x74, 0x07, 0xFF, 0x07, 0xFF, 
0x3C, 0x5F, 0xCB, 0x74, 0xCB, 0x74, 0xCB, 0x74, 0xCB, 0x74, 0xAA, 0xF1, 0x7A, 0x0C, 0xAA, 0xF1, 
0xCB, 0x74, 0xCB, 0x74, 0xCB, 0x74, 0xCB, 0x74, 0x6A, 0x65, 0x6A, 0x65, 0x00, 0x00, 0x00, 0x00, 
0x00, 0x00, 0x01, 0x6F, 0x75, 0x3F, 0x75, 0x3F, 0x3C, 0x5F, 0x02, 0xBA, 0x03, 0x1F, 0x03, 0x1F, 
0x03, 0x1F, 0x03, 0x1F, 0x03, 0x1F, 0x02, 0xBA, 0x01, 0x6F, 0xCB, 0x74, 0x3C, 0x5F, 0x3C, 0x5F, 
0x3C, 0x5F, 0xCB, 0x74, 0xCB, 0x74, 0xCB, 0x74, 0xCB, 0x74, 0xAA, 0xF1, 0x7A, 0x0C, 0x7A, 0x0C, 
0xAA, 0xF1, 0xAA, 0xF1, 0xAA, 0xF1, 0xAA, 0xF1, 0x6A, 0x65, 0x6A, 0x65, 0x00, 0x00, 0x00, 0x00, 
0x00, 0x00, 0x01, 0x6F, 0x3C, 0x5F, 0x3C, 0x5F, 0x3C, 0x5F, 0x02, 0xBA, 0x02, 0xBA, 0x03, 0x1F, 
0x03, 0x1F, 0x03, 0x1F, 0x03, 0x1F, 0x02, 0xBA, 0x01, 0x6F, 0xAA, 0xF1, 0xCB, 0x74, 0xCB, 0x74, 
0xCB, 0x74, 0xCB, 0x74, 0xFC, 0x70, 0xE1, 0x20, 0xAA, 0xF1, 0x7A, 0x0C, 0xAA, 0xF1, 0xAA, 0xF1, 
0x7A, 0x0C, 0xAA, 0xF1, 0xAA, 0xF1, 0x7A, 0x0C, 0x6A, 0x65, 0x6A, 0x65, 0x00, 0x00, 0x00, 0x00, 
0x00, 0x00, 0x01, 0x6F, 0x3C, 0x5F, 0x3C, 0x5F, 0x3C, 0x5F, 0x3C, 0x5F, 0x02, 0xBA, 0x03, 0x1F, 
0x03, 0x1F, 0x03, 0x1F, 0x03, 0x1F, 0x02, 0xBA, 0x01, 0x6F, 0xAA, 0xF1, 0xAA, 0xF1, 0xAA, 0xF1, 
0xAA, 0xF1, 0xAA, 0xF1, 0xE1, 0x20, 0xE1, 0x20, 0xAA, 0xF1, 0x7A, 0x0C, 0xAA, 0xF1, 0xAA, 0xF1, 
0xAA, 0xF1, 0x7A, 0x0C, 0xAA, 0xF1, 0xAA, 0xF1, 0xAA, 0xF1, 0x00, 0x00, 0x00, 0x00, 0x00, 0x00, 
0x01, 0x6F, 0x3C, 0x5F, 0x3C, 0x5F, 0x3C, 0x5F, 0x3C, 0x5F, 0x03, 0x1F, 0x02, 0xBA, 0x02, 0xBA, 
0x03, 0x1F, 0x03, 0x1F, 0x03, 0x1F, 0x02, 0xBA, 0x01, 0x6F, 0x92, 0x8F, 0xAA, 0xF1, 0xAA, 0xF1, 
0xAA, 0xF1, 0xAA, 0xF1, 0xAA, 0xF1, 0xAA, 0xF1, 0x92, 0x8F, 0x7A, 0x0C, 0xAA, 0xF1, 0xAA, 0xF1, 
0x7A, 0x0C, 0x7A, 0x0C, 0x92, 0x8F, 0x7A, 0x0C, 0xCB, 0x74, 0x7A, 0x0C, 0x00, 0x00, 0x00, 0x00, 
0x01, 0x6F, 0x3C, 0x5F, 0x3C, 0x5F, 0x03, 0x1F, 0x03, 0x1F, 0x03, 0x1F, 0x03, 0x1F, 0x02, 0xBA, 
0x03, 0x1F, 0x03, 0x1F, 0x02, 0xBA, 0x02, 0xBA, 0x01, 0x6F, 0x92, 0x8F, 0x92, 0x8F, 0x92, 0x8F, 
0x92, 0x8F, 0x92, 0x8F, 0x92, 0x8F, 0x92, 0x8F, 0x7A, 0x0C, 0xAA, 0xF1, 0xAA, 0xF1, 0x92, 0x8F, 
0x7A, 0x0C, 0x00, 0x00, 0x7A, 0x0C, 0xEC, 0x18, 0xCB, 0x74, 0x7A, 0x0C, 0x00, 0x00, 0x00, 0x00, 
0x00, 0x00, 0x01, 0x6F, 0x03, 0x1F, 0x03, 0x1F, 0x03, 0x1F, 0x03, 0x1F, 0x03, 0x1F, 0x02, 0xBA, 
0x02, 0xBA, 0x02, 0xBA, 0x02, 0xBA, 0x02, 0xBA, 0x02, 0xBA, 0x01, 0x6F, 0x92, 0x8F, 0x92, 0x8F, 
0x92, 0x8F, 0x92, 0x8F, 0x92, 0x8F, 0x7A, 0x0C, 0xFC, 0x70, 0xE1, 0x20, 0x7A, 0x0C, 0x7A, 0x0C, 
0x00, 0x00, 0x00, 0x00, 0x7A, 0x0C, 0xCB, 0x74, 0xCB, 0x74, 0x7A, 0x0C, 0x00, 0x00, 0x00, 0x00, 
0x00, 0x00, 0x00, 0x00, 0x01, 0x6F, 0x01, 0x6F, 0x01, 0x6F, 0x01, 0x6F, 0x01, 0x6F, 0x01, 0x6F, 
0x02, 0xBA, 0x02, 0xBA, 0x02, 0xBA, 0x02, 0xBA, 0x02, 0xBA, 0x01, 0x6F, 0x7A, 0x0C, 0x7A, 0x0C, 
0x7A, 0x0C, 0x7A, 0x0C, 0x7A, 0x0C, 0x7A, 0x0C, 0xE1, 0x20, 0xE1, 0x20, 0x7A, 0x0C, 0x00, 0x00, 
0x00, 0x00, 0x00, 0x00, 0x7A, 0x0C, 0xAA, 0xF1, 0xAA, 0xF1, 0x7A, 0x0C, 0x00, 0x00, 0x00, 0x00, 
0x00, 0x00, 0x00, 0x00, 0x00, 0x00, 0x00, 0x00, 0x00, 0x00, 0x00, 0x00, 0x00, 0x00, 0x00, 0x00, 
0x01, 0x6F, 0x02, 0xBA, 0x02, 0xBA, 0x02, 0xBA, 0x02, 0xBA, 0x01, 0x6F, 0x00, 0x00, 0x00, 0x00, 
0x00, 0x00, 0x00, 0x00, 0x00, 0x00, 0x00, 0x00, 0x7A, 0x0C, 0x7A, 0x0C, 0x00, 0x00, 0x00, 0x00, 
0x00, 0x00, 0x00, 0x00, 0x7A, 0x0C, 0xAA, 0xF1, 0x92, 0x8F, 0x7A, 0x0C, 0x00, 0x00, 0x00, 0x00, 
0x00, 0x00, 0x00, 0x00, 0x00, 0x00, 0x00, 0x00, 0x00, 0x00, 0x00, 0x00, 0x00, 0x00, 0x00, 0x00, 
0x00, 0x00, 0x01, 0x6F, 0x01, 0x6F, 0x01, 0x6F, 0x01, 0x6F, 0x00, 0x00, 0x00, 0x00, 0x00, 0x00, 
0x00, 0x00, 0x00, 0x00, 0x00, 0x00, 0x00, 0x00, 0x00, 0x00, 0x00, 0x00, 0x00, 0x00, 0x00, 0x00, 
0x00, 0x00, 0x00, 0x00, 0x00, 0x00, 0x7A, 0x0C, 0x92, 0x8F, 0x7A, 0x0C, 0x00, 0x00, 0x00, 0x00, 
0x00, 0x00, 0x00, 0x00, 0x00, 0x00, 0x00, 0x00, 0x00, 0x00, 0x00, 0x00, 0x00, 0x00, 0x00, 0x00, 
0x00, 0x00, 0x00, 0x00, 0x00, 0x00, 0x00, 0x00, 0x00, 0x00, 0x00, 0x00, 0x00, 0x00, 0x00, 0x00, 
0x00, 0x00, 0x00, 0x00, 0x00, 0x00, 0x00, 0x00, 0x00, 0x00, 0x00, 0x00, 0x00, 0x00, 0x00, 0x00, 
0x00, 0x00, 0x00, 0x00, 0x00, 0x00, 0x00, 0x00, 0x7A, 0x0C, 0x00, 0x00, 0x00, 0x00, 0x00, 0x00, 
0x00, 0x00, 0x00, 0x00, 0x00, 0x00, 0x00, 0x00, 0x00, 0x00, 0x00, 0x00, 0x00, 0x00, 0x00, 0x00, 
0x00, 0x00, 0x00, 0x00, 0x00, 0x00, 0x00, 0x00, 0x00, 0x00, 0x00, 0x00, 0x00, 0x00, 0x00, 0x00, 
0x00, 0x00, 0x00, 0x00, 0x00, 0x00, 0x00, 0x00, 0x00, 0x00, 0x00, 0x00, 0x00, 0x00, 0x00, 0x00, 
0x00, 0x00, 0x00, 0x00, 0x00, 0x00, 0x00, 0x00, 0x00, 0x00, 0x00, 0x00, 0x00, 0x00, 0x00, 0x00
}
,
{
0x00, 0x00, 0x00, 0x00, 0x00, 0x00, 0x00, 0x00, 0x00, 0x00, 0x00, 0x00, 0x00, 0x00, 0x00, 0x00, 
0x00, 0x00, 0x00, 0x00, 0x00, 0x00, 0x00, 0x00, 0x00, 0x00, 0x00, 0x00, 0x00, 0x00, 0x00, 0x00, 
0x00, 0x00, 0x00, 0x00, 0x00, 0x00, 0x00, 0x00, 0x00, 0x00, 0x00, 0x00, 0x00, 0x00, 0x00, 0x00, 
0x00, 0x00, 0x00, 0x00, 0x00, 0x00, 0x00, 0x00, 0x00, 0x00, 0x00, 0x00, 0x00, 0x00, 0x00, 0x00, 
0x00, 0x00, 0x00, 0x00, 0x00, 0x00, 0x00, 0x00, 0x00, 0x00, 0x00, 0x00, 0x00, 0x00, 0x00, 0x00, 
0x00, 0x00, 0x00, 0x00, 0x00, 0x00, 0x00, 0x00, 0x00, 0x00, 0x00, 0x00, 0x00, 0x00, 0x00, 0x00, 
0x00, 0x00, 0x00, 0x00, 0x00, 0x00, 0x00, 0x00, 0x00, 0x00, 0x00, 0x00, 0x00, 0x00, 0x00, 0x00, 
0x00, 0x00, 0x00, 0x00, 0x00, 0x00, 0x00, 0x00, 0x00, 0x00, 0x00, 0x00, 0x00, 0x00, 0x00, 0x00, 
0x00, 0x00, 0x00, 0x00, 0x00, 0x00, 0x00, 0x00, 0x00, 0x00, 0x00, 0x00, 0x00, 0x00, 0x00, 0x00, 
0x00, 0x00, 0x00, 0x00, 0x00, 0x00, 0x00, 0x00, 0x00, 0x00, 0x00, 0x00, 0x00, 0x00, 0x00, 0x00, 
0x00, 0x00, 0x00, 0x00, 0x00, 0x00, 0x00, 0x00, 0x00, 0x00, 0x00, 0x00, 0x00, 0x00, 0x00, 0x00, 
0x00, 0x00, 0x00, 0x00, 0x00, 0x00, 0x00, 0x00, 0x00, 0x00, 0x00, 0x00, 0x00, 0x00, 0x00, 0x00, 
0x00, 0x00, 0x00, 0x00, 0x00, 0x00, 0x00, 0x00, 0x00, 0x00, 0x00, 0x00, 0x00, 0x00, 0x00, 0x00, 
0x00, 0x00, 0x00, 0x00, 0x00, 0x00, 0x00, 0x00, 0x00, 0x00, 0x00, 0x00, 0x00, 0x00, 0x00, 0x00, 
0x00, 0x00, 0x00, 0x00, 0x00, 0x00, 0x00, 0x00, 0x00, 0x00, 0x00, 0x00, 0x00, 0x00, 0x00, 0x00, 
0x00, 0x00, 0x00, 0x00, 0x00, 0x00, 0x00, 0x00, 0x00, 0x00, 0x00, 0x00, 0x00, 0x00, 0x00, 0x00, 
0x00, 0x00, 0x00, 0x00, 0x00, 0x00, 0x00, 0x00, 0x00, 0x00, 0x00, 0x00, 0x00, 0x00, 0x00, 0x00, 
0x00, 0x00, 0x00, 0x00, 0x00, 0x00, 0x00, 0x00, 0x00, 0x00, 0x00, 0x00, 0x7A, 0x0C, 0x7A, 0x0C, 
0x7A, 0x0C, 0x7A, 0x0C, 0x7A, 0x0C, 0x7A, 0x0C, 0x00, 0x00, 0x00, 0x00, 0x00, 0x00, 0x7A, 0x0C, 
0x7A, 0x0C, 0x00, 0x00, 0x00, 0x00, 0x00, 0x00, 0x00, 0x00, 0x00, 0x00, 0x00, 0x00, 0x00, 0x00, 
0x00, 0x00, 0x00, 0x00, 0x00, 0x00, 0x00, 0x00, 0x00, 0x00, 0x00, 0x00, 0x00, 0x00, 0x00, 0x00, 
0x01, 0x6F, 0x01, 0x6F, 0x01, 0x6F, 0x01, 0x6F, 0x01, 0x6F, 0x7A, 0x0C, 0x92, 0x8F, 0x92, 0x8F, 
0xAA, 0xF1, 0xAA, 0xF1, 0xAA, 0xF1, 0xAA, 0xF1, 0x7A, 0x0C, 0x00, 0x00, 0x7A, 0x0C, 0xCB, 0x74, 
0xCB, 0x74, 0x7A, 0x0C, 0x00, 0x00, 0x00, 0x00, 0x00, 0x00, 0x00, 0x00, 0x00, 0x00, 0x00, 0x00, 
0x00, 0x00, 0x00, 0x00, 0x00, 0x00, 0x00, 0x00, 0x00, 0x00, 0x00, 0x00, 0x00, 0x00, 0x01, 0x6F, 
0x75, 0x3F, 0x75, 0x3F, 0x3C, 0x5F, 0x3C, 0x5F, 0x01, 0x6F, 0x92, 0x8F, 0x92, 0x8F, 0xCB, 0x74, 
0xCB, 0x74, 0xCB, 0x74, 0xCB, 0x74, 0xCB, 0x74, 0xCB, 0x74, 0x7A, 0x0C, 0xCB, 0x74, 0xEC, 0x18, 
0xFC, 0x70, 0xE1, 0x20, 0x7A, 0x0C, 0x00, 0x00, 0x00, 0x00, 0x00, 0x00, 0x00, 0x00, 0x00, 0x00, 
0x00, 0x00, 0x00, 0x00, 0x00, 0x00, 0x00, 0x00, 0x00, 0x00, 0x00, 0x00, 0x01, 0x6F, 0x75, 0x3F, 
0x75, 0x3F, 0x75, 0x3F, 0x3C, 0x5F, 0x3C, 0x5F, 0x01, 0x6F, 0x01, 0x6F, 0xCB, 0x74, 0xEC, 0x18, 
0xEC, 0x18, 0xEC, 0x18, 0xEC, 0x18, 0xEC, 0x18, 0xCB, 0x74, 0x7A, 0x0C, 0xEC, 0x18, 0xFC, 0x9B, 
0xE1, 0x20, 0xE1, 0x20, 0xAA, 0xF1, 0x7A, 0x0C, 0x00, 0x00, 0x00, 0x00, 0x00, 0x00, 0x00, 0x00, 
0x00, 0x00, 0x00, 0x00, 0x00, 0x00, 0x00, 0x00, 0x00, 0x00, 0x01, 0x6F, 0x02, 0xBA, 0x3C, 0x5F, 
0x75, 0x3F, 0x75, 0x3F, 0x3C, 0x5F, 0x3C, 0x5F, 0x03, 0x1F, 0x01, 0x6F, 0xEC, 0x18, 0xFC, 0x9B, 
0xFC, 0x9B, 0xFC, 0x9B, 0xFC, 0x9B, 0xFC, 0x70, 0xE1, 0x20, 0x7A, 0x0C, 0xFC, 0x9B, 0xFC, 0x9B, 
0xFC, 0x9B, 0xAA, 0xF1, 0xCB, 0x74, 0xCB, 0x74, 0x7A, 0x0C, 0x00, 0x00, 0x00, 0x00, 0x00, 0x00, 
0x00, 0x00, 0x00, 0x00, 0x00, 0x00, 0x00, 0x00, 0x01, 0x6F, 0x75, 0x3F, 0x02, 0xBA, 0x02, 0xBA, 
0x3C, 0x5F, 0x3C, 0x5F, 0x3C, 0x5F, 0x3C, 0x5F, 0x03, 0x1F, 0x01, 0x6F, 0xEC, 0x18, 0xFC, 0x9B, 
0xFC, 0x9B, 0xFC, 0x9B, 0xFC, 0x9B, 0xE1, 0x20, 0xE1, 0x20, 0x7A, 0x0C, 0xFC, 0x9B, 0xFC, 0x9B, 
0xAA, 0xF1, 0xEC, 0x18, 0xEC, 0x18, 0xCB, 0x74, 0x8B, 0x69, 0x8B, 0x69, 0x00, 0x00, 0x00, 0x00, 
0x00, 0x00, 0x00, 0x00, 0x00, 0x00, 0x01, 0x6F, 0x75, 0x3F, 0x75, 0x3F, 0x75, 0x3F, 0x02, 0xBA, 
0x02, 0xBA, 0x3C, 0x5F, 0x3C, 0x5F, 0x03, 0x1F, 0x03, 0x1F, 0x01, 0x6F, 0xEC, 0x18, 0x3C, 0x5F, 
0x3C, 0x5F, 0x3C, 0x5F, 0xFC, 0x9B, 0xFC, 0x9B, 0xEC, 0x18, 0xCB, 0x74, 0x7A, 0x0C, 0xAA, 0xF1, 
0xFC, 0x9B, 0xFC, 0x9B, 0xFC, 0x9B, 0xEC, 0x18, 0x8B, 0x69, 0x8B, 0x69, 0x00, 0x00, 0x00, 0x00, 
0x00, 0x00, 0x00, 0x00, 0x00, 0x00, 0x01, 0x6F, 0x75, 0x3F, 0x75, 0x3F, 0x75, 0x3F, 0x3C, 0x5F, 
0x02, 0xBA, 0x02, 0xBA, 0x3C, 0x5F, 0x03, 0x1F, 0x03, 0x1F, 0x01, 0x6F, 0xEC, 0x18, 0x3C, 0x5F, 
0x07, 0xFF, 0x07, 0xFF, 0xFC, 0x9B, 0xFC, 0x9B, 0xEC, 0x18, 0xCB, 0x74, 0x7A, 0x0C, 0xFC, 0x9B, 
0xFC, 0x9B, 0xFC, 0x9B, 0xFC, 0x9B, 0xEC, 0x18, 0x8B, 0x69, 0x6A, 0x65, 0x00, 0x00, 0x00, 0x00, 
0x00, 0x00, 0x00, 0x00, 0x00, 0x00, 0x01, 0x6F, 0x75, 0x3F, 0x75, 0x3F, 0x75, 0x3F, 0x3C, 0x5F, 
0x3C, 0x5F, 0x02, 0xBA, 0x02, 0xBA, 0x03, 0x1F, 0x03, 0x1F, 0x01, 0x6F, 0xEC, 0x18, 0xFC, 0x9B, 
0xFC, 0x9B, 0xFC, 0x9B, 0xFC, 0x9B, 0xFC, 0x9B, 0xEC, 0x18, 0xCB, 0x74, 0x7A, 0x0C, 0xFC, 0x9B, 
0xB6, 0xF1, 0xB6, 0xF1, 0x75, 0xC8, 0x4B, 0xC5, 0x6A, 0x65, 0x6A, 0x65, 0x00, 0x00, 0x00, 0x00, 
0x00, 0x00, 0x00, 0x00, 0x00, 0x00, 0x01, 0x6F, 0x75, 0x3F, 0x75, 0x3F, 0x75, 0x3F, 0x3C, 0x5F, 
0x3C, 0x5F, 0x3C, 0x5F, 0x02, 0xBA, 0x03, 0x1F, 0x03, 0x1F, 0x01, 0x6F, 0xEC, 0x18, 0xFC, 0x9B, 
0xFC, 0x9B, 0xFC, 0x9B, 0xFC, 0x9B, 0xFC, 0x9B, 0xE1, 0x20, 0xCB, 0x74, 0x7A, 0x0C, 0xB6, 0xF1, 
0xB6, 0xF1, 0x75, 0xC8, 0x64, 0xE6, 0x4B, 0xC5, 0x6A, 0x65, 0x6A, 0x65, 0x00, 0x00, 0x00, 0x00, 
0x00, 0x00, 0x00, 0x00, 0x00, 0x00, 0x01, 0x6F, 0x75, 0x3F, 0x75, 0x3F, 0x75, 0x3F, 0x3C, 0x5F, 
0x3C, 0x5F, 0x3C, 0x5F, 0x03, 0x1F, 0x02, 0xBA, 0x03, 0x1F, 0x01, 0x6F, 0xEC, 0x18, 0xFC, 0x9B, 
0xFC, 0x9B, 0xFC, 0x9B, 0xFC, 0x9B, 0xEC, 0x18, 0xE1, 0x20, 0xCB, 0x74, 0xAA, 0xF1, 0xB6, 0xF1, 
0x75, 0xC8, 0x75, 0xC8, 0x64, 0xE6, 0x4B, 0xC5, 0x6A, 0x65, 0x6A, 0x65, 0x00, 0x00, 0x00, 0x00, 
0x00, 0x00, 0x00, 0x00, 0x00, 0x00, 0x01, 0x6F, 0x75, 0x3F, 0x75, 0x3F, 0x75, 0x3F, 0x3C, 0x5F, 
0x3C, 0x5F, 0x3C, 0x5F, 0x03, 0x1F, 0x02, 0xBA, 0x03, 0x1F, 0x01, 0x6F, 0xEC, 0x18, 0xEC, 0x18, 
0xFC, 0x9B, 0xFC, 0x9B, 0xEC, 0x18, 0xEC, 0x18, 0xE1, 0x20, 0xCB, 0x74, 0xAA, 0xF1, 0x75, 0xC8, 
0x75, 0xC8, 0x75, 0xC8, 0x64, 0xE6, 0x4B, 0xC5, 0xAA, 0xF1, 0x00, 0x00, 0x00, 0x00, 0x00, 0x00, 
0x00, 0x00, 0x00, 0x00, 0x00, 0x00, 0x01, 0x6F, 0x3C, 0x5F, 0x75, 0x3F, 0x75, 0x3F, 0x3C, 0x5F, 
0x3C, 0x5F, 0x3C, 0x5F, 0x03, 0x1F, 0x02, 0xBA, 0x03, 0x1F, 0x01, 0x6F, 0xEC, 0x18, 0xEC, 0x18, 
0xEC, 0x18, 0xEC, 0x18, 0xEC, 0x18, 0xEC, 0x18, 0xE1, 0x20, 0xCB, 0x74, 0xAA, 0xF1, 0x64, 0xE6, 
0x64, 0xE6, 0x64, 0xE6, 0x64, 0xE6, 0x4B, 0xC5, 0xAA, 0xF1, 0x00, 0x00, 0x00, 0x00, 0x00, 0x00, 
0x00, 0x00, 0x00, 0x00, 0x00, 0x00, 0x01, 0x6F, 0x3C, 0x5F, 0x3C, 0x5F, 0x3C, 0x5F, 0x3C, 0x5F, 
0x3C, 0x5F, 0x3C, 0x5F, 0x03, 0x1F, 0x02, 0xBA, 0x03, 0x1F, 0x01, 0x6F, 0xCB, 0x74, 0xEC, 0x18, 
0xEC, 0x18, 0xEC, 0x18, 0xEC, 0x18, 0xEC, 0x18, 0xE1, 0x20, 0xAA, 0xF1, 0xAA, 0xF1, 0x64, 0xE6, 
0x64, 0xE6, 0x64, 0xE6, 0x64, 0xE6, 0x4B, 0xC5, 0x8B, 0x69, 0x8B, 0x69, 0x00, 0x00, 0x00, 0x00, 
0x00, 0x00, 0x00, 0x00, 0x00, 0x00, 0x01, 0x6F, 0x02, 0xBA, 0x3C, 0x5F, 0x3C, 0x5F, 0x3C, 0x5F, 
0x3C, 0x5F, 0x3C, 0x5F, 0x03, 0x1F, 0x02, 0xBA, 0x02, 0xBA, 0x01, 0x6F, 0xCB, 0x74, 0xEC, 0x18, 
0xEC, 0x18, 0xEC, 0x18, 0xEC, 0x18, 0xEC, 0x18, 0xE1, 0x20, 0xAA, 0xF1, 0xAA, 0xF1, 0xCB, 0x74, 
0x4B, 0xC5, 0x4B, 0xC5, 0x4B, 0xC5, 0x4B, 0xC5, 0x8B, 0x69, 0x8B, 0x69, 0x00, 0x00, 0x00, 0x00, 
0x00, 0x00, 0x00, 0x00, 0x00, 0x00, 0x01, 0x6F, 0x02, 0xBA, 0x02, 0xBA, 0x3C, 0x5F, 0x3C, 0x5F, 
0x3C, 0x5F, 0x3C, 0x5F, 0x03, 0x1F, 0x03, 0x1F, 0x02, 0xBA, 0x01, 0x6F, 0xCB, 0x74, 0xCB, 0x74, 
0xCB, 0x74, 0xCB, 0x74, 0xCB, 0x74, 0xCB, 0x74, 0xCB, 0x74, 0xAA, 0xF1, 0x7A, 0x0C, 0xAA, 0xF1, 
0x4B, 0xC5, 0x4B, 0xC5, 0x4B, 0xC5, 0x4B, 0xC5, 0x8B, 0x69, 0x6A, 0x65, 0x00, 0x00, 0x00, 0x00, 
0x00, 0x00, 0x00, 0x00, 0x01, 0x6F, 0x75, 0x3F, 0x75, 0x3F, 0x02, 0xBA, 0x02, 0xBA, 0x3C, 0x5F, 
0x3C, 0x5F, 0x03, 0x1F, 0x03, 0x1F, 0x03, 0x1F, 0x02, 0xBA, 0x01, 0x6F, 0xCB, 0x74, 0x3C, 0x5F, 
0x07, 0xFF, 0x07, 0xFF, 0xCB, 0x74, 0xCB, 0x74, 0xCB, 0x74, 0xAA, 0xF1, 0x7A, 0x0C, 0xAA, 0xF1, 
0xCB, 0x74, 0xCB, 0x74, 0xCB, 0x74, 0xCB, 0x74, 0x6A, 0x65, 0x6A, 0x65, 0x00, 0x00, 0x00, 0x00, 
0x00, 0x00, 0x00, 0x00, 0x01, 0x6F, 0x75, 0x3F, 0x75, 0x3F, 0x3C, 0x5F, 0x02, 0xBA, 0x03, 0x1F, 
0x03, 0x1F, 0x03, 0x1F, 0x03, 0x1F, 0x03, 0x1F, 0x02, 0xBA, 0x01, 0x6F, 0xCB, 0x74, 0x3C, 0x5F, 
0x3C, 0x5F, 0x3C, 0x5F, 0xCB, 0x74, 0xCB, 0x74, 0xCB, 0x74, 0xAA, 0xF1, 0x7A, 0x0C, 0x7A, 0x0C, 
0xAA, 0xF1, 0xAA, 0xF1, 0xAA, 0xF1, 0xAA, 0xF1, 0x6A, 0x65, 0x6A, 0x65, 0x00, 0x00, 0x00, 0x00, 
0x00, 0x00, 0x00, 0x00, 0x01, 0x6F, 0x3C, 0x5F, 0x3C, 0x5F, 0x3C, 0x5F, 0x02, 0xBA, 0x02, 0xBA, 
0x03, 0x1F, 0x03, 0x1F, 0x03, 0x1F, 0x03, 0x1F, 0x02, 0xBA, 0x01, 0x6F, 0xAA, 0xF1, 0xCB, 0x74, 
0xCB, 0x74, 0xCB, 0x74, 0xCB, 0x74, 0xFC, 0x70, 0xE1, 0x20, 0x7A, 0x0C, 0xAA, 0xF1, 0xAA, 0xF1, 
0x7A, 0x0C, 0xAA, 0xF1, 0xAA, 0xF1, 0x7A, 0x0C, 0x6A, 0x65, 0x6A, 0x65, 0x00, 0x00, 0x00, 0x00, 
0x00, 0x00, 0x00, 0x00, 0x01, 0x6F, 0x3C, 0x5F, 0x3C, 0x5F, 0x3C, 0x5F, 0x3C, 0x5F, 0x02, 0xBA, 
0x03, 0x1F, 0x03, 0x1F, 0x03, 0x1F, 0x03, 0x1F, 0x02, 0xBA, 0x01, 0x6F, 0xAA, 0xF1, 0xAA, 0xF1, 
0xAA, 0xF1, 0xAA, 0xF1, 0xAA, 0xF1, 0xE1, 0x20, 0xE1, 0x20, 0x7A, 0x0C, 0x92, 0x8F, 0xAA, 0xF1, 
0xAA, 0xF1, 0x7A, 0x0C, 0xAA, 0xF1, 0xAA, 0xF1, 0xAA, 0xF1, 0x00, 0x00, 0x00, 0x00, 0x00, 0x00, 
0x00, 0x00, 0x01, 0x6F, 0x3C, 0x5F, 0x3C, 0x5F, 0x3C, 0x5F, 0x3C, 0x5F, 0x03, 0x1F, 0x02, 0xBA, 
0x02, 0xBA, 0x03, 0x1F, 0x03, 0x1F, 0x03, 0x1F, 0x02, 0xBA, 0x01, 0x6F, 0x92, 0x8F, 0xAA, 0xF1, 
0xAA, 0xF1, 0xAA, 0xF1, 0xAA, 0xF1, 0xAA, 0xF1, 0xAA, 0xF1, 0x7A, 0x0C, 0x92, 0x8F, 0x92, 0x8F, 
0xFC, 0x70, 0xE1, 0x20, 0x92, 0x8F, 0x7A, 0x0C, 0xCB, 0x74, 0x7A, 0x0C, 0x00, 0x00, 0x00, 0x00, 
0x00, 0x00, 0x01, 0x6F, 0x3C, 0x5F, 0x3C, 0x5F, 0x03, 0x1F, 0x03, 0x1F, 0x03, 0x1F, 0x03, 0x1F, 
0x02, 0xBA, 0x03, 0x1F, 0x03, 0x1F, 0x02, 0xBA, 0x02, 0xBA, 0x01, 0x6F, 0x92, 0x8F, 0x92, 0x8F, 
0x92, 0x8F, 0x92, 0x8F, 0x92, 0x8F, 0x92, 0x8F, 0x92, 0x8F, 0x7A, 0x0C, 0x92, 0x8F, 0x92, 0x8F, 
0xE1, 0x20, 0xE1, 0x20, 0x7A, 0x0C, 0xEC, 0x18, 0xCB, 0x74, 0x7A, 0x0C, 0x00, 0x00, 0x00, 0x00, 
0x00, 0x00, 0x00, 0x00, 0x01, 0x6F, 0x03, 0x1F, 0x03, 0x1F, 0x03, 0x1F, 0x03, 0x1F, 0x03, 0x1F, 
0x02, 0xBA, 0x02, 0xBA, 0x02, 0xBA, 0x02, 0xBA, 0x02, 0xBA, 0x02, 0xBA, 0x01, 0x6F, 0x92, 0x8F, 
0x92, 0x8F, 0x92, 0x8F, 0x92, 0x8F, 0x92, 0x8F, 0x7A, 0x0C, 0x00, 0x00, 0x7A, 0x0C, 0x92, 0x8F, 
0x92, 0x8F, 0x7A, 0x0C, 0x7A, 0x0C, 0xCB, 0x74, 0xCB, 0x74, 0x7A, 0x0C, 0x00, 0x00, 0x00, 0x00, 
0x00, 0x00, 0x00, 0x00, 0x00, 0x00, 0x01, 0x6F, 0x01, 0x6F, 0x01, 0x6F, 0x01, 0x6F, 0x01, 0x6F, 
0x01, 0x6F, 0x02, 0xBA, 0x02, 0xBA, 0x02, 0xBA, 0x02, 0xBA, 0x02, 0xBA, 0x01, 0x6F, 0x7A, 0x0C, 
0x7A, 0x0C, 0x7A, 0x0C, 0x7A, 0x0C, 0x7A, 0x0C, 0x00, 0x00, 0x00, 0x00, 0x00, 0x00, 0x7A, 0x0C, 
0x7A, 0x0C, 0x00, 0x00, 0x7A, 0x0C, 0xAA, 0xF1, 0xAA, 0xF1, 0x7A, 0x0C, 0x00, 0x00, 0x00, 0x00, 
0x00, 0x00, 0x00, 0x00, 0x00, 0x00, 0x00, 0x00, 0x00, 0x00, 0x00, 0x00, 0x00, 0x00, 0x00, 0x00, 
0x00, 0x00, 0x01, 0x6F, 0x02, 0xBA, 0x02, 0xBA, 0x02, 0xBA, 0x02, 0xBA, 0x01, 0x6F, 0x00, 0x00, 
0x00, 0x00, 0x00, 0x00, 0x00, 0x00, 0x00, 0x00, 0x00, 0x00, 0x00, 0x00, 0x00, 0x00, 0x00, 0x00, 
0x00, 0x00, 0x00, 0x00, 0x7A, 0x0C, 0xAA, 0xF1, 0x92, 0x8F, 0x7A, 0x0C, 0x00, 0x00, 0x00, 0x00, 
0x00, 0x00, 0x00, 0x00, 0x00, 0x00, 0x00, 0x00, 0x00, 0x00, 0x00, 0x00, 0x00, 0x00, 0x00, 0x00, 
0x00, 0x00, 0x00, 0x00, 0x01, 0x6F, 0x01, 0x6F, 0x01, 0x6F, 0x01, 0x6F, 0x00, 0x00, 0x00, 0x00, 
0x00, 0x00, 0x00, 0x00, 0x00, 0x00, 0x00, 0x00, 0x00, 0x00, 0x00, 0x00, 0x00, 0x00, 0x00, 0x00, 
0x00, 0x00, 0x00, 0x00, 0x00, 0x00, 0x7A, 0x0C, 0x92, 0x8F, 0x7A, 0x0C, 0x00, 0x00, 0x00, 0x00, 
0x00, 0x00, 0x00, 0x00, 0x00, 0x00, 0x00, 0x00, 0x00, 0x00, 0x00, 0x00, 0x00, 0x00, 0x00, 0x00, 
0x00, 0x00, 0x00, 0x00, 0x00, 0x00, 0x00, 0x00, 0x00, 0x00, 0x00, 0x00, 0x00, 0x00, 0x00, 0x00, 
0x00, 0x00, 0x00, 0x00, 0x00, 0x00, 0x00, 0x00, 0x00, 0x00, 0x00, 0x00, 0x00, 0x00, 0x00, 0x00, 
0x00, 0x00, 0x00, 0x00, 0x00, 0x00, 0x00, 0x00, 0x7A, 0x0C, 0x00, 0x00, 0x00, 0x00, 0x00, 0x00, 
0x00, 0x00, 0x00, 0x00, 0x00, 0x00, 0x00, 0x00, 0x00, 0x00, 0x00, 0x00, 0x00, 0x00, 0x00, 0x00, 
0x00, 0x00, 0x00, 0x00, 0x00, 0x00, 0x00, 0x00, 0x00, 0x00, 0x00, 0x00, 0x00, 0x00, 0x00, 0x00, 
0x00, 0x00, 0x00, 0x00, 0x00, 0x00, 0x00, 0x00, 0x00, 0x00, 0x00, 0x00, 0x00, 0x00, 0x00, 0x00, 
0x00, 0x00, 0x00, 0x00, 0x00, 0x00, 0x00, 0x00, 0x00, 0x00, 0x00, 0x00, 0x00, 0x00, 0x00, 0x00
}
,
{
0x00, 0x00, 0x00, 0x00, 0x00, 0x00, 0x00, 0x00, 0x00, 0x00, 0x00, 0x00, 0x00, 0x00, 0x00, 0x00, 
0x00, 0x00, 0x00, 0x00, 0x00, 0x00, 0x00, 0x00, 0x00, 0x00, 0x00, 0x00, 0x00, 0x00, 0x00, 0x00, 
0x00, 0x00, 0x00, 0x00, 0x00, 0x00, 0x00, 0x00, 0x00, 0x00, 0x00, 0x00, 0x00, 0x00, 0x00, 0x00, 
0x00, 0x00, 0x00, 0x00, 0x00, 0x00, 0x00, 0x00, 0x00, 0x00, 0x00, 0x00, 0x00, 0x00, 0x00, 0x00, 
0x00, 0x00, 0x00, 0x00, 0x00, 0x00, 0x00, 0x00, 0x00, 0x00, 0x00, 0x00, 0x00, 0x00, 0x00, 0x00, 
0x00, 0x00, 0x00, 0x00, 0x00, 0x00, 0x00, 0x00, 0x00, 0x00, 0x00, 0x00, 0x00, 0x00, 0x00, 0x00, 
0x00, 0x00, 0x00, 0x00, 0x00, 0x00, 0x00, 0x00, 0x00, 0x00, 0x00, 0x00, 0x00, 0x00, 0x00, 0x00, 
0x00, 0x00, 0x00, 0x00, 0x00, 0x00, 0x00, 0x00, 0x00, 0x00, 0x00, 0x00, 0x00, 0x00, 0x00, 0x00, 
0x00, 0x00, 0x00, 0x00, 0x00, 0x00, 0x00, 0x00, 0x00, 0x00, 0x00, 0x00, 0x00, 0x00, 0x00, 0x00, 
0x00, 0x00, 0x00, 0x00, 0x00, 0x00, 0x00, 0x00, 0x00, 0x00, 0x00, 0x00, 0x00, 0x00, 0x00, 0x00, 
0x00, 0x00, 0x00, 0x00, 0x00, 0x00, 0x00, 0x00, 0x00, 0x00, 0x00, 0x00, 0x00, 0x00, 0x00, 0x00, 
0x00, 0x00, 0x00, 0x00, 0x00, 0x00, 0x00, 0x00, 0x00, 0x00, 0x00, 0x00, 0x00, 0x00, 0x00, 0x00, 
0x00, 0x00, 0x00, 0x00, 0x00, 0x00, 0x00, 0x00, 0x00, 0x00, 0x00, 0x00, 0x00, 0x00, 0x00, 0x00, 
0x00, 0x00, 0x00, 0x00, 0x00, 0x00, 0x00, 0x00, 0x00, 0x00, 0x00, 0x00, 0x00, 0x00, 0x00, 0x00, 
0x00, 0x00, 0x00, 0x00, 0x00, 0x00, 0x00, 0x00, 0x00, 0x00, 0x00, 0x00, 0x00, 0x00, 0x00, 0x00, 
0x00, 0x00, 0x00, 0x00, 0x00, 0x00, 0x00, 0x00, 0x00, 0x00, 0x00, 0x00, 0x00, 0x00, 0x00, 0x00, 
0x00, 0x00, 0x00, 0x00, 0x00, 0x00, 0x00, 0x00, 0x00, 0x00, 0x00, 0x00, 0x00, 0x00, 0x00, 0x00, 
0x00, 0x00, 0x00, 0x00, 0x00, 0x00, 0x00, 0x00, 0x00, 0x00, 0x7A, 0x0C, 0x7A, 0x0C, 0x7A, 0x0C, 
0x7A, 0x0C, 0x7A, 0x0C, 0x7A, 0x0C, 0x00, 0x00, 0x00, 0x00, 0x7A, 0x0C, 0x7A, 0x0C, 0x00, 0x00, 
0x00, 0x00, 0x00, 0x00, 0x00, 0x00, 0x00, 0x00, 0x00, 0x00, 0x00, 0x00, 0x00, 0x00, 0x00, 0x00, 
0x00, 0x00, 0x00, 0x00, 0x00, 0x00, 0x00, 0x00, 0x00, 0x00, 0x00, 0x00, 0x00, 0x00, 0x01, 0x6F, 
0x01, 0x6F, 0x01, 0x6F, 0x01, 0x6F, 0x01, 0x6F, 0x7A, 0x0C, 0x92, 0x8F, 0x92, 0x8F, 0xAA, 0xF1, 
0xAA, 0xF1, 0xAA, 0xF1, 0xAA, 0xF1, 0x7A, 0x0C, 0x7A, 0x0C, 0xFC, 0x70, 0xE1, 0x20, 0x7A, 0x0C, 
0x00, 0x00, 0x00, 0x00, 0x00, 0x00, 0x00, 0x00, 0x00, 0x00, 0x00, 0x00, 0x00, 0x00, 0x00, 0x00, 
0x00, 0x00, 0x00, 0x00, 0x00, 0x00, 0x00, 0x00, 0x00, 0x00, 0x00, 0x00, 0x01, 0x6F, 0x75, 0x3F, 
0x75, 0x3F, 0x3C, 0x5F, 0x3C, 0x5F, 0x01, 0x6F, 0x92, 0x8F, 0x92, 0x8F, 0xCB, 0x74, 0xCB, 0x74, 
0xCB, 0x74, 0xCB, 0x74, 0xCB, 0x74, 0xCB, 0x74, 0x7A, 0x0C, 0xE1, 0x20, 0xE1, 0x20, 0xEC, 0x18, 
0x7A, 0x0C, 0x00, 0x00, 0x00, 0x00, 0x00, 0x00, 0x00, 0x00, 0x00, 0x00, 0x00, 0x00, 0x00, 0x00, 
0x00, 0x00, 0x00, 0x00, 0x00, 0x00, 0x00, 0x00, 0x00, 0x00, 0x01, 0x6F, 0x75, 0x3F, 0x75, 0x3F, 
0x75, 0x3F, 0x3C, 0x5F, 0x3C, 0x5F, 0x01, 0x6F, 0x01, 0x6F, 0xCB, 0x74, 0xEC, 0x18, 0xEC, 0x18, 
0xEC, 0x18, 0xEC, 0x18, 0xEC, 0x18, 0xCB, 0x74, 0xCB, 0x74, 0x7A, 0x0C, 0xEC, 0x18, 0xFC, 0x9B, 
0xFC, 0x9B, 0x7A, 0x0C, 0xAA, 0xF1, 0x7A, 0x0C, 0x00, 0x00, 0x00, 0x00, 0x00, 0x00, 0x00, 0x00, 
0x00, 0x00, 0x00, 0x00, 0x00, 0x00, 0x00, 0x00, 0x01, 0x6F, 0x02, 0xBA, 0x3C, 0x5F, 0x75, 0x3F, 
0x75, 0x3F, 0x3C, 0x5F, 0x3C, 0x5F, 0x03, 0x1F, 0x01, 0x6F, 0xEC, 0x18, 0xFC, 0x9B, 0xFC, 0x9B, 
0xFC, 0x9B, 0xFC, 0x9B, 0xFC, 0x70, 0xE1, 0x20, 0xCB, 0x74, 0x7A, 0x0C, 0xFC, 0x9B, 0xFC, 0x9B, 
0xFC, 0x9B, 0xAA, 0xF1, 0xCB, 0x74, 0xCB, 0x74, 0x7A, 0x0C, 0x00, 0x00, 0x00, 0x00, 0x00, 0x00, 
0x00, 0x00, 0x00, 0x00, 0x00, 0x00, 0x01, 0x6F, 0x75, 0x3F, 0x02, 0xBA, 0x02, 0xBA, 0x3C, 0x5F, 
0x3C, 0x5F, 0x3C, 0x5F, 0x3C, 0x5F, 0x03, 0x1F, 0x01, 0x6F, 0xEC, 0x18, 0xFC, 0x9B, 0xFC, 0x9B, 
0xFC, 0x9B, 0xFC, 0x9B, 0xE1, 0x20, 0xE1, 0x20, 0xCB, 0x74, 0x7A, 0x0C, 0xFC, 0x9B, 0xFC, 0x9B, 
0xAA, 0xF1, 0xEC, 0x18, 0xEC, 0x18, 0xCB, 0x74, 0x8B, 0x69, 0x8B, 0x69, 0x00, 0x00, 0x00, 0x00, 
0x00, 0x00, 0x00, 0x00, 0x01, 0x6F, 0x75, 0x3F, 0x75, 0x3F, 0x75, 0x3F, 0x02, 0xBA, 0x02, 0xBA, 
0x3C, 0x5F, 0x3C, 0x5F, 0x03, 0x1F, 0x03, 0x1F, 0x01, 0x6F, 0xEC, 0x18, 0x3C, 0x5F, 0x3C, 0x5F, 
0x3C, 0x5F, 0xFC, 0x9B, 0xFC, 0x9B, 0xEC, 0x18, 0xEC, 0x18, 0xCB, 0x74, 0x7A, 0x0C, 0xAA, 0xF1, 
0xFC, 0x9B, 0xFC, 0x9B, 0xFC, 0x9B, 0xEC, 0x18, 0x8B, 0x69, 0x8B, 0x69, 0x00, 0x00, 0x00, 0x00, 
0x00, 0x00, 0x00, 0x00, 0x01, 0x6F, 0x75, 0x3F, 0x75, 0x3F, 0x75, 0x3F, 0x3C, 0x5F, 0x02, 0xBA, 
0x02, 0xBA, 0x3C, 0x5F, 0x03, 0x1F, 0x03, 0x1F, 0x01, 0x6F, 0xEC, 0x18, 0x07, 0xFF, 0x07, 0xFF, 
0x3C, 0x5F, 0xFC, 0x9B, 0xFC, 0x9B, 0xEC, 0x18, 0xEC, 0x18, 0xCB, 0x74, 0x7A, 0x0C, 0xFC, 0x9B, 
0xFC, 0x9B, 0xFC, 0x9B, 0xFC, 0x9B, 0xEC, 0x18, 0x8B, 0x69, 0x6A, 0x65, 0x00, 0x00, 0x00, 0x00, 
0x00, 0x00, 0x00, 0x00, 0x01, 0x6F, 0x75, 0x3F, 0x75, 0x3F, 0x75, 0x3F, 0x3C, 0x5F, 0x3C, 0x5F, 
0x02, 0xBA, 0x02, 0xBA, 0x03, 0x1F, 0x03, 0x1F, 0x01, 0x6F, 0xEC, 0x18, 0xFC, 0x9B, 0xFC, 0x9B, 
0xFC, 0x9B, 0xFC, 0x9B, 0xFC, 0x9B, 0xEC, 0x18, 0xEC, 0x18, 0xCB, 0x74, 0x7A, 0x0C, 0xFC, 0x9B, 
0xB6, 0xF1, 0xB6, 0xF1, 0x75, 0xC8, 0x4B, 0xC5, 0x6A, 0x65, 0x6A, 0x65, 0x00, 0x00, 0x00, 0x00, 
0x00, 0x00, 0x00, 0x00, 0x01, 0x6F, 0x75, 0x3F, 0x75, 0x3F, 0x75, 0x3F, 0x3C, 0x5F, 0x3C, 0x5F, 
0x3C, 0x5F, 0x02, 0xBA, 0x03, 0x1F, 0x03, 0x1F, 0x01, 0x6F, 0xEC, 0x18, 0xFC, 0x9B, 0xFC, 0x9B, 
0xFC, 0x9B, 0xFC, 0x9B, 0xFC, 0x9B, 0xE1, 0x20, 0xEC, 0x18, 0xCB, 0x74, 0x7A, 0x0C, 0xB6, 0xF1, 
0xB6, 0xF1, 0x75, 0xC8, 0x64, 0xE6, 0x4B, 0xC5, 0x6A, 0x65, 0x6A, 0x65, 0x00, 0x00, 0x00, 0x00, 
0x00, 0x00, 0x00, 0x00, 0x01, 0x6F, 0x75, 0x3F, 0x75, 0x3F, 0x75, 0x3F, 0x3C, 0x5F, 0x3C, 0x5F, 
0x3C, 0x5F, 0x03, 0x1F, 0x02, 0xBA, 0x03, 0x1F, 0x01, 0x6F, 0xEC, 0x18, 0xFC, 0x9B, 0xFC, 0x9B, 
0xFC, 0x9B, 0xFC, 0x9B, 0xE1, 0x20, 0xE1, 0x20, 0xE1, 0x20, 0xCB, 0x74, 0xAA, 0xF1, 0xB6, 0xF1, 
0x75, 0xC8, 0x75, 0xC8, 0x64, 0xE6, 0x4B, 0xC5, 0x6A, 0x65, 0x6A, 0x65, 0x00, 0x00, 0x00, 0x00, 
0x00, 0x00, 0x00, 0x00, 0x01, 0x6F, 0x75, 0x3F, 0x75, 0x3F, 0x75, 0x3F, 0x3C, 0x5F, 0x3C, 0x5F, 
0x3C, 0x5F, 0x03, 0x1F, 0x02, 0xBA, 0x03, 0x1F, 0x01, 0x6F, 0xEC, 0x18, 0xEC, 0x18, 0xFC, 0x9B, 
0xFC, 0x9B, 0xEC, 0x18, 0xE1, 0x20, 0xE1, 0x20, 0xFC, 0x70, 0xCB, 0x74, 0xAA, 0xF1, 0x75, 0xC8, 
0x75, 0xC8, 0x75, 0xC8, 0x64, 0xE6, 0x4B, 0xC5, 0xAA, 0xF1, 0x00, 0x00, 0x00, 0x00, 0x00, 0x00, 
0x00, 0x00, 0x00, 0x00, 0x01, 0x6F, 0x3C, 0x5F, 0x75, 0x3F, 0x75, 0x3F, 0x3C, 0x5F, 0x3C, 0x5F, 
0x3C, 0x5F, 0x03, 0x1F, 0x02, 0xBA, 0x03, 0x1F, 0x01, 0x6F, 0xEC, 0x18, 0xEC, 0x18, 0xEC, 0x18, 
0xEC, 0x18, 0xEC, 0x18, 0xE1, 0x20, 0xE1, 0x20, 0xFC, 0x70, 0xCB, 0x74, 0xAA, 0xF1, 0x64, 0xE6, 
0x64, 0xE6, 0x64, 0xE6, 0x64, 0xE6, 0x4B, 0xC5, 0xAA, 0xF1, 0x00, 0x00, 0x00, 0x00, 0x00, 0x00, 
0x00, 0x00, 0x00, 0x00, 0x01, 0x6F, 0x3C, 0x5F, 0x3C, 0x5F, 0x3C, 0x5F, 0x3C, 0x5F, 0x3C, 0x5F, 
0x3C, 0x5F, 0x03, 0x1F, 0x02, 0xBA, 0x03, 0x1F, 0x01, 0x6F, 0xCB, 0x74, 0xEC, 0x18, 0xEC, 0x18, 
0xEC, 0x18, 0xEC, 0x18, 0xE1, 0x20, 0xE1, 0x20, 0xE1, 0x20, 0xAA, 0xF1, 0xAA, 0xF1, 0x64, 0xE6, 
0x64, 0xE6, 0x64, 0xE6, 0x64, 0xE6, 0x4B, 0xC5, 0x8B, 0x69, 0x8B, 0x69, 0x00, 0x00, 0x00, 0x00, 
0x00, 0x00, 0x00, 0x00, 0x01, 0x6F, 0x02, 0xBA, 0x3C, 0x5F, 0x3C, 0x5F, 0x3C, 0x5F, 0x3C, 0x5F, 
0x3C, 0x5F, 0x03, 0x1F, 0x02, 0xBA, 0x02, 0xBA, 0x01, 0x6F, 0xCB, 0x74, 0xEC, 0x18, 0xEC, 0x18, 
0xEC, 0x18, 0xEC, 0x18, 0xEC, 0x18, 0xE1, 0x20, 0xCB, 0x74, 0xAA, 0xF1, 0xAA, 0xF1, 0xCB, 0x74, 
0x4B, 0xC5, 0x4B, 0xC5, 0x4B, 0xC5, 0x4B, 0xC5, 0x8B, 0x69, 0x8B, 0x69, 0x00, 0x00, 0x00, 0x00, 
0x00, 0x00, 0x00, 0x00, 0x01, 0x6F, 0x02, 0xBA, 0x02, 0xBA, 0x3C, 0x5F, 0x3C, 0x5F, 0x3C, 0x5F, 
0x3C, 0x5F, 0x03, 0x1F, 0x03, 0x1F, 0x02, 0xBA, 0x01, 0x6F, 0xCB, 0x74, 0xCB, 0x74, 0xCB, 0x74, 
0xCB, 0x74, 0xCB, 0x74, 0xCB, 0x74, 0xCB, 0x74, 0xCB, 0x74, 0xAA, 0xF1, 0x7A, 0x0C, 0xAA, 0xF1, 
0x4B, 0xC5, 0x4B, 0xC5, 0x4B, 0xC5, 0x4B, 0xC5, 0x8B, 0x69, 0x6A, 0x65, 0x00, 0x00, 0x00, 0x00, 
0x00, 0x00, 0x01, 0x6F, 0x75, 0x3F, 0x75, 0x3F, 0x02, 0xBA, 0x02, 0xBA, 0x3C, 0x5F, 0x3C, 0x5F, 
0x03, 0x1F, 0x03, 0x1F, 0x03, 0x1F, 0x02, 0xBA, 0x01, 0x6F, 0xCB, 0x74, 0x07, 0xFF, 0x07, 0xFF, 
0x3C, 0x5F, 0xCB, 0x74, 0xCB, 0x74, 0xCB, 0x74, 0xCB, 0x74, 0xAA, 0xF1, 0x7A, 0x0C, 0xAA, 0xF1, 
0xCB, 0x74, 0xCB, 0x74, 0xCB, 0x74, 0xCB, 0x74, 0x6A, 0x65, 0x6A, 0x65, 0x00, 0x00, 0x00, 0x00, 
0x00, 0x00, 0x01, 0x6F, 0x75, 0x3F, 0x75, 0x3F, 0x3C, 0x5F, 0x02, 0xBA, 0x03, 0x1F, 0x03, 0x1F, 
0x03, 0x1F, 0x03, 0x1F, 0x03, 0x1F, 0x02, 0xBA, 0x01, 0x6F, 0xCB, 0x74, 0x3C, 0x5F, 0x3C, 0x5F, 
0x3C, 0x5F, 0xCB, 0x74, 0xCB, 0x74, 0xCB, 0x74, 0xCB, 0x74, 0xAA, 0xF1, 0x7A, 0x0C, 0x7A, 0x0C, 
0xAA, 0xF1, 0xAA, 0xF1, 0xAA, 0xF1, 0xAA, 0xF1, 0x6A, 0x65, 0x6A, 0x65, 0x00, 0x00, 0x00, 0x00, 
0x00, 0x00, 0x01, 0x6F, 0x3C, 0x5F, 0x3C, 0x5F, 0x3C, 0x5F, 0x02, 0xBA, 0x02, 0xBA, 0x03, 0x1F, 
0x03, 0x1F, 0x03, 0x1F, 0x03, 0x1F, 0x02, 0xBA, 0x01, 0x6F, 0xAA, 0xF1, 0xCB, 0x74, 0xCB, 0x74, 
0xCB, 0x74, 0xCB, 0x74, 0xFC, 0x70, 0xE1, 0x20, 0xAA, 0xF1, 0x7A, 0x0C, 0xAA, 0xF1, 0xAA, 0xF1, 
0x7A, 0x0C, 0xAA, 0xF1, 0xAA, 0xF1, 0x7A, 0x0C, 0x6A, 0x65, 0x6A, 0x65, 0x00, 0x00, 0x00, 0x00, 
0x00, 0x00, 0x01, 0x6F, 0x3C, 0x5F, 0x3C, 0x5F, 0x3C, 0x5F, 0x3C, 0x5F, 0x02, 0xBA, 0x03, 0x1F, 
0x03, 0x1F, 0x03, 0x1F, 0x03, 0x1F, 0x02, 0xBA, 0x01, 0x6F, 0xAA, 0xF1, 0xAA, 0xF1, 0xAA, 0xF1, 
0xAA, 0xF1, 0xAA, 0xF1, 0xE1, 0x20, 0xE1, 0x20, 0xAA, 0xF1, 0x7A, 0x0C, 0xAA, 0xF1, 0xAA, 0xF1, 
0xAA, 0xF1, 0x7A, 0x0C, 0xAA, 0xF1, 0xAA, 0xF1, 0xAA, 0xF1, 0x00, 0x00, 0x00, 0x00, 0x00, 0x00, 
0x01, 0x6F, 0x3C, 0x5F, 0x3C, 0x5F, 0x3C, 0x5F, 0x3C, 0x5F, 0x03, 0x1F, 0x02, 0xBA, 0x02, 0xBA, 
0x03, 0x1F, 0x03, 0x1F, 0x03, 0x1F, 0x02, 0xBA, 0x01, 0x6F, 0x92, 0x8F, 0xAA, 0xF1, 0xAA, 0xF1, 
0xAA, 0xF1, 0xAA, 0xF1, 0xAA, 0xF1, 0xAA, 0xF1, 0x92, 0x8F, 0x7A, 0x0C, 0xAA, 0xF1, 0xAA, 0xF1, 
0x7A, 0x0C, 0x7A, 0x0C, 0x92, 0x8F, 0x7A, 0x0C, 0xCB, 0x74, 0x7A, 0x0C, 0x00, 0x00, 0x00, 0x00, 
0x01, 0x6F, 0x3C, 0x5F, 0x3C, 0x5F, 0x03, 0x1F, 0x03, 0x1F, 0x03, 0x1F, 0x03, 0x1F, 0x02, 0xBA, 
0x03, 0x1F, 0x03, 0x1F, 0x02, 0xBA, 0x02, 0xBA, 0x01, 0x6F, 0x92, 0x8F, 0x92, 0x8F, 0x92, 0x8F, 
0x92, 0x8F, 0x92, 0x8F, 0x92, 0x8F, 0x92, 0x8F, 0x7A, 0x0C, 0xAA, 0xF1, 0xAA, 0xF1, 0x92, 0x8F, 
0x7A, 0x0C, 0x00, 0x00, 0x7A, 0x0C, 0xEC, 0x18, 0xCB, 0x74, 0x7A, 0x0C, 0x00, 0x00, 0x00, 0x00, 
0x00, 0x00, 0x01, 0x6F, 0x03, 0x1F, 0x03, 0x1F, 0x03, 0x1F, 0x03, 0x1F, 0x03, 0x1F, 0x02, 0xBA, 
0x02, 0xBA, 0x02, 0xBA, 0x02, 0xBA, 0x02, 0xBA, 0x02, 0xBA, 0x01, 0x6F, 0x92, 0x8F, 0x92, 0x8F, 
0x92, 0x8F, 0x92, 0x8F, 0x92, 0x8F, 0x7A, 0x0C, 0xFC, 0x70, 0xE1, 0x20, 0x7A, 0x0C, 0x7A, 0x0C, 
0x00, 0x00, 0x00, 0x00, 0x7A, 0x0C, 0xCB, 0x74, 0xCB, 0x74, 0x7A, 0x0C, 0x00, 0x00, 0x00, 0x00, 
0x00, 0x00, 0x00, 0x00, 0x01, 0x6F, 0x01, 0x6F, 0x01, 0x6F, 0x01, 0x6F, 0x01, 0x6F, 0x01, 0x6F, 
0x02, 0xBA, 0x02, 0xBA, 0x02, 0xBA, 0x02, 0xBA, 0x02, 0xBA, 0x01, 0x6F, 0x7A, 0x0C, 0x7A, 0x0C, 
0x7A, 0x0C, 0x7A, 0x0C, 0x7A, 0x0C, 0x7A, 0x0C, 0xE1, 0x20, 0xE1, 0x20, 0x7A, 0x0C, 0x00, 0x00, 
0x00, 0x00, 0x00, 0x00, 0x7A, 0x0C, 0xAA, 0xF1, 0xAA, 0xF1, 0x7A, 0x0C, 0x00, 0x00, 0x00, 0x00, 
0x00, 0x00, 0x00, 0x00, 0x00, 0x00, 0x00, 0x00, 0x00, 0x00, 0x00, 0x00, 0x00, 0x00, 0x00, 0x00, 
0x01, 0x6F, 0x02, 0xBA, 0x02, 0xBA, 0x02, 0xBA, 0x02, 0xBA, 0x01, 0x6F, 0x00, 0x00, 0x00, 0x00, 
0x00, 0x00, 0x00, 0x00, 0x00, 0x00, 0x00, 0x00, 0x7A, 0x0C, 0x7A, 0x0C, 0x00, 0x00, 0x00, 0x00, 
0x00, 0x00, 0x00, 0x00, 0x7A, 0x0C, 0xAA, 0xF1, 0x92, 0x8F, 0x7A, 0x0C, 0x00, 0x00, 0x00, 0x00, 
0x00, 0x00, 0x00, 0x00, 0x00, 0x00, 0x00, 0x00, 0x00, 0x00, 0x00, 0x00, 0x00, 0x00, 0x00, 0x00, 
0x00, 0x00, 0x01, 0x6F, 0x01, 0x6F, 0x01, 0x6F, 0x01, 0x6F, 0x00, 0x00, 0x00, 0x00, 0x00, 0x00, 
0x00, 0x00, 0x00, 0x00, 0x00, 0x00, 0x00, 0x00, 0x00, 0x00, 0x00, 0x00, 0x00, 0x00, 0x00, 0x00, 
0x00, 0x00, 0x00, 0x00, 0x00, 0x00, 0x7A, 0x0C, 0x92, 0x8F, 0x7A, 0x0C, 0x00, 0x00, 0x00, 0x00, 
0x00, 0x00, 0x00, 0x00, 0x00, 0x00, 0x00, 0x00, 0x00, 0x00, 0x00, 0x00, 0x00, 0x00, 0x00, 0x00, 
0x00, 0x00, 0x00, 0x00, 0x00, 0x00, 0x00, 0x00, 0x00, 0x00, 0x00, 0x00, 0x00, 0x00, 0x00, 0x00, 
0x00, 0x00, 0x00, 0x00, 0x00, 0x00, 0x00, 0x00, 0x00, 0x00, 0x00, 0x00, 0x00, 0x00, 0x00, 0x00, 
0x00, 0x00, 0x00, 0x00, 0x00, 0x00, 0x00, 0x00, 0x7A, 0x0C, 0x00, 0x00, 0x00, 0x00, 0x00, 0x00, 
0x00, 0x00, 0x00, 0x00, 0x00, 0x00, 0x00, 0x00, 0x00, 0x00, 0x00, 0x00, 0x00, 0x00, 0x00, 0x00, 
0x00, 0x00, 0x00, 0x00, 0x00, 0x00, 0x00, 0x00, 0x00, 0x00, 0x00, 0x00, 0x00, 0x00, 0x00, 0x00, 
0x00, 0x00, 0x00, 0x00, 0x00, 0x00, 0x00, 0x00, 0x00, 0x00, 0x00, 0x00, 0x00, 0x00, 0x00, 0x00, 
0x00, 0x00, 0x00, 0x00, 0x00, 0x00, 0x00, 0x00, 0x00, 0x00, 0x00, 0x00, 0x00, 0x00, 0x00, 0x00
}
,
{
0x00, 0x00, 0x00, 0x00, 0x00, 0x00, 0x00, 0x00, 0x00, 0x00, 0x00, 0x00, 0x00, 0x00, 0x00, 0x00, 
0x00, 0x00, 0x00, 0x00, 0x00, 0x00, 0x00, 0x00, 0x00, 0x00, 0x00, 0x00, 0x00, 0x00, 0x00, 0x00, 
0x00, 0x00, 0x00, 0x00, 0x00, 0x00, 0x00, 0x00, 0x00, 0x00, 0x00, 0x00, 0x00, 0x00, 0x00, 0x00, 
0x00, 0x00, 0x00, 0x00, 0x00, 0x00, 0x00, 0x00, 0x00, 0x00, 0x00, 0x00, 0x00, 0x00, 0x00, 0x00, 
0x00, 0x00, 0x00, 0x00, 0x00, 0x00, 0x00, 0x00, 0x00, 0x00, 0x00, 0x00, 0x00, 0x00, 0x00, 0x00, 
0x00, 0x00, 0x00, 0x00, 0x00, 0x00, 0x00, 0x00, 0x00, 0x00, 0x00, 0x00, 0x00, 0x00, 0x00, 0x00, 
0x00, 0x00, 0x00, 0x00, 0x00, 0x00, 0x00, 0x00, 0x00, 0x00, 0x00, 0x00, 0x00, 0x00, 0x00, 0x00, 
0x00, 0x00, 0x00, 0x00, 0x00, 0x00, 0x00, 0x00, 0x00, 0x00, 0x00, 0x00, 0x00, 0x00, 0x00, 0x00, 
0x00, 0x00, 0x00, 0x00, 0x00, 0x00, 0x00, 0x00, 0x00, 0x00, 0x00, 0x00, 0x00, 0x00, 0x00, 0x00, 
0x00, 0x00, 0x00, 0x00, 0x00, 0x00, 0x00, 0x00, 0x00, 0x00, 0x00, 0x00, 0x00, 0x00, 0x00, 0x00, 
0x00, 0x00, 0x00, 0x00, 0x00, 0x00, 0x00, 0x00, 0x00, 0x00, 0x00, 0x00, 0x00, 0x00, 0x00, 0x00, 
0x00, 0x00, 0x00, 0x00, 0x00, 0x00, 0x00, 0x00, 0x00, 0x00, 0x00, 0x00, 0x00, 0x00, 0x00, 0x00, 
0x00, 0x00, 0x00, 0x00, 0x00, 0x00, 0x00, 0x00, 0x00, 0x00, 0x00, 0x00, 0x00, 0x00, 0x00, 0x00, 
0x00, 0x00, 0x00, 0x00, 0x00, 0x00, 0x00, 0x00, 0x00, 0x00, 0x00, 0x00, 0x00, 0x00, 0x00, 0x00, 
0x00, 0x00, 0x00, 0x00, 0x00, 0x00, 0x00, 0x00, 0x00, 0x00, 0x00, 0x00, 0x00, 0x00, 0x00, 0x00, 
0x00, 0x00, 0x00, 0x00, 0x00, 0x00, 0x00, 0x00, 0x00, 0x00, 0x00, 0x00, 0x00, 0x00, 0x00, 0x00, 
0x00, 0x00, 0x00, 0x00, 0x00, 0x00, 0x00, 0x00, 0x00, 0x00, 0x00, 0x00, 0x00, 0x00, 0x00, 0x00, 
0x00, 0x00, 0x00, 0x00, 0x00, 0x00, 0x00, 0x00, 0x00, 0x00, 0x00, 0x00, 0x7A, 0x0C, 0x7A, 0x0C, 
0x7A, 0x0C, 0x7A, 0x0C, 0x7A, 0x0C, 0x7A, 0x0C, 0x00, 0x00, 0x00, 0x00, 0x00, 0x00, 0x7A, 0x0C, 
0x7A, 0x0C, 0x00, 0x00, 0x00, 0x00, 0x00, 0x00, 0x00, 0x00, 0x00, 0x00, 0x00, 0x00, 0x00, 0x00, 
0x00, 0x00, 0x00, 0x00, 0x00, 0x00, 0x00, 0x00, 0x00, 0x00, 0x00, 0x00, 0x00, 0x00, 0x00, 0x00, 
0x01, 0x6F, 0x01, 0x6F, 0x01, 0x6F, 0x01, 0x6F, 0x01, 0x6F, 0x7A, 0x0C, 0x92, 0x8F, 0x92, 0x8F, 
0xAA, 0xF1, 0xAA, 0xF1, 0xAA, 0xF1, 0xAA, 0xF1, 0x7A, 0x0C, 0x00, 0x00, 0x7A, 0x0C, 0xCB, 0x74, 
0xCB, 0x74, 0x7A, 0x0C, 0x00, 0x00, 0x00, 0x00, 0x00, 0x00, 0x00, 0x00, 0x00, 0x00, 0x00, 0x00, 
0x00, 0x00, 0x00, 0x00, 0x00, 0x00, 0x00, 0x00, 0x00, 0x00, 0x00, 0x00, 0x00, 0x00, 0x01, 0x6F, 
0x75, 0x3F, 0x75, 0x3F, 0x3C, 0x5F, 0x3C, 0x5F, 0x01, 0x6F, 0x92, 0x8F, 0x92, 0x8F, 0xCB, 0x74, 
0xCB, 0x74, 0xCB, 0x74, 0xCB, 0x74, 0xCB, 0x74, 0xCB, 0x74, 0x7A, 0x0C, 0xCB, 0x74, 0xEC, 0x18, 
0xFC, 0x70, 0xE1, 0x20, 0x7A, 0x0C, 0x00, 0x00, 0x00, 0x00, 0x00, 0x00, 0x00, 0x00, 0x00, 0x00, 
0x00, 0x00, 0x00, 0x00, 0x00, 0x00, 0x00, 0x00, 0x00, 0x00, 0x00, 0x00, 0x01, 0x6F, 0x75, 0x3F, 
0x75, 0x3F, 0x75, 0x3F, 0x3C, 0x5F, 0x3C, 0x5F, 0x01, 0x6F, 0x01, 0x6F, 0xCB, 0x74, 0xEC, 0x18, 
0xEC, 0x18, 0xEC, 0x18, 0xEC, 0x18, 0xEC, 0x18, 0xCB, 0x74, 0x7A, 0x0C, 0xEC, 0x18, 0xFC, 0x9B, 
0xE1, 0x20, 0xE1, 0x20, 0xAA, 0xF1, 0x7A, 0x0C, 0x00, 0x00, 0x00, 0x00, 0x00, 0x00, 0x00, 0x00, 
0x00, 0x00, 0x00, 0x00, 0x00, 0x00, 0x00, 0x00, 0x00, 0x00, 0x01, 0x6F, 0x02, 0xBA, 0x3C, 0x5F, 
0x75, 0x3F, 0x75, 0x3F, 0x3C, 0x5F, 0x3C, 0x5F, 0x03, 0x1F, 0x01, 0x6F, 0xEC, 0x18, 0xFC, 0x9B, 
0xFC, 0x9B, 0xFC, 0x9B, 0xFC, 0x9B, 0xFC, 0x70, 0xE1, 0x20, 0x7A, 0x0C, 0xFC, 0x9B, 0xFC, 0x9B, 
0xFC, 0x9B, 0xAA, 0xF1, 0xCB, 0x74, 0xCB, 0x74, 0x7A, 0x0C, 0x00, 0x00, 0x00, 0x00, 0x00, 0x00, 
0x00, 0x00, 0x00, 0x00, 0x00, 0x00, 0x00, 0x00, 0x01, 0x6F, 0x75, 0x3F, 0x02, 0xBA, 0x02, 0xBA, 
0x3C, 0x5F, 0x3C, 0x5F, 0x3C, 0x5F, 0x3C, 0x5F, 0x03, 0x1F, 0x01, 0x6F, 0xEC, 0x18, 0xFC, 0x9B, 
0xFC, 0x9B, 0xFC, 0x9B, 0xFC, 0x9B, 0xE1, 0x20, 0xE1, 0x20, 0x7A, 0x0C, 0xFC, 0x9B, 0xFC, 0x9B, 
0xAA, 0xF1, 0xEC, 0x18, 0xEC, 0x18, 0xCB, 0x74, 0x8B, 0x69, 0x8B, 0x69, 0x00, 0x00, 0x00, 0x00, 
0x00, 0x00, 0x00, 0x00, 0x00, 0x00, 0x01, 0x6F, 0x75, 0x3F, 0x75, 0x3F, 0x75, 0x3F, 0x02, 0xBA, 
0x02, 0xBA, 0x3C, 0x5F, 0x3C, 0x5F, 0x03, 0x1F, 0x03, 0x1F, 0x01, 0x6F, 0xEC, 0x18, 0x3C, 0x5F, 
0x3C, 0x5F, 0x3C, 0x5F, 0xFC, 0x9B, 0xFC, 0x9B, 0xEC, 0x18, 0xCB, 0x74, 0x7A, 0x0C, 0xAA, 0xF1, 
0xFC, 0x9B, 0xFC, 0x9B, 0xFC, 0x9B, 0xEC, 0x18, 0x8B, 0x69, 0x8B, 0x69, 0x00, 0x00, 0x00, 0x00, 
0x00, 0x00, 0x00, 0x00, 0x00, 0x00, 0x01, 0x6F, 0x75, 0x3F, 0x75, 0x3F, 0x75, 0x3F, 0x3C, 0x5F, 
0x02, 0xBA, 0x02, 0xBA, 0x3C, 0x5F, 0x03, 0x1F, 0x03, 0x1F, 0x01, 0x6F, 0xEC, 0x18, 0x3C, 0x5F, 
0x07, 0xFF, 0x07, 0xFF, 0xFC, 0x9B, 0xFC, 0x9B, 0xEC, 0x18, 0xCB, 0x74, 0x7A, 0x0C, 0xFC, 0x9B, 
0xFC, 0x9B, 0xFC, 0x9B, 0xFC, 0x9B, 0xEC, 0x18, 0x8B, 0x69, 0x6A, 0x65, 0x00, 0x00, 0x00, 0x00, 
0x00, 0x00, 0x00, 0x00, 0x00, 0x00, 0x01, 0x6F, 0x75, 0x3F, 0x75, 0x3F, 0x75, 0x3F, 0x3C, 0x5F, 
0x3C, 0x5F, 0x02, 0xBA, 0x02, 0xBA, 0x03, 0x1F, 0x03, 0x1F, 0x01, 0x6F, 0xEC, 0x18, 0xFC, 0x9B, 
0xFC, 0x9B, 0xFC, 0x9B, 0xFC, 0x9B, 0xFC, 0x9B, 0xEC, 0x18, 0xCB, 0x74, 0x7A, 0x0C, 0xFC, 0x9B, 
0xB6, 0xF1, 0xB6, 0xF1, 0x75, 0xC8, 0x4B, 0xC5, 0x6A, 0x65, 0x6A, 0x65, 0x00, 0x00, 0x00, 0x00, 
0x00, 0x00, 0x00, 0x00, 0x00, 0x00, 0x01, 0x6F, 0x75, 0x3F, 0x75, 0x3F, 0x75, 0x3F, 0x3C, 0x5F, 
0x3C, 0x5F, 0x3C, 0x5F, 0x02, 0xBA, 0x03, 0x1F, 0x03, 0x1F, 0x01, 0x6F, 0xEC, 0x18, 0xFC, 0x9B, 
0xFC, 0x9B, 0xFC, 0x9B, 0xFC, 0x9B, 0xFC, 0x9B, 0xE1, 0x20, 0xCB, 0x74, 0x7A, 0x0C, 0xB6, 0xF1, 
0xB6, 0xF1, 0x75, 0xC8, 0x64, 0xE6, 0x4B, 0xC5, 0x6A, 0x65, 0x6A, 0x65, 0x00, 0x00, 0x00, 0x00, 
0x00, 0x00, 0x00, 0x00, 0x00, 0x00, 0x01, 0x6F, 0x75, 0x3F, 0x75, 0x3F, 0x75, 0x3F, 0x3C, 0x5F, 
0x3C, 0x5F, 0x3C, 0x5F, 0x03, 0x1F, 0x02, 0xBA, 0x03, 0x1F, 0x01, 0x6F, 0xEC, 0x18, 0xFC, 0x9B, 
0xFC, 0x9B, 0xFC, 0x9B, 0xFC, 0x9B, 0xEC, 0x18, 0xE1, 0x20, 0xCB, 0x74, 0xAA, 0xF1, 0xB6, 0xF1, 
0x75, 0xC8, 0x75, 0xC8, 0x64, 0xE6, 0x4B, 0xC5, 0x6A, 0x65, 0x6A, 0x65, 0x00, 0x00, 0x00, 0x00, 
0x00, 0x00, 0x00, 0x00, 0x00, 0x00, 0x01, 0x6F, 0x75, 0x3F, 0x75, 0x3F, 0x75, 0x3F, 0x3C, 0x5F, 
0x3C, 0x5F, 0x3C, 0x5F, 0x03, 0x1F, 0x02, 0xBA, 0x03, 0x1F, 0x01, 0x6F, 0xEC, 0x18, 0xEC, 0x18, 
0xFC, 0x9B, 0xFC, 0x9B, 0xEC, 0x18, 0xEC, 0x18, 0xE1, 0x20, 0xCB, 0x74, 0xAA, 0xF1, 0x75, 0xC8, 
0x75, 0xC8, 0x75, 0xC8, 0x64, 0xE6, 0x4B, 0xC5, 0xAA, 0xF1, 0x00, 0x00, 0x00, 0x00, 0x00, 0x00, 
0x00, 0x00, 0x00, 0x00, 0x00, 0x00, 0x01, 0x6F, 0x3C, 0x5F, 0x75, 0x3F, 0x75, 0x3F, 0x3C, 0x5F, 
0x3C, 0x5F, 0x3C, 0x5F, 0x03, 0x1F, 0x02, 0xBA, 0x03, 0x1F, 0x01, 0x6F, 0xEC, 0x18, 0xEC, 0x18, 
0xEC, 0x18, 0xEC, 0x18, 0xEC, 0x18, 0xEC, 0x18, 0xE1, 0x20, 0xCB, 0x74, 0xAA, 0xF1, 0x64, 0xE6, 
0x64, 0xE6, 0x64, 0xE6, 0x64, 0xE6, 0x4B, 0xC5, 0xAA, 0xF1, 0x00, 0x00, 0x00, 0x00, 0x00, 0x00, 
0x00, 0x00, 0x00, 0x00, 0x00, 0x00, 0x01, 0x6F, 0x3C, 0x5F, 0x3C, 0x5F, 0x3C, 0x5F, 0x3C, 0x5F, 
0x3C, 0x5F, 0x3C, 0x5F, 0x03, 0x1F, 0x02, 0xBA, 0x03, 0x1F, 0x01, 0x6F, 0xCB, 0x74, 0xEC, 0x18, 
0xEC, 0x18, 0xEC, 0x18, 0xEC, 0x18, 0xEC, 0x18, 0xE1, 0x20, 0xAA, 0xF1, 0xAA, 0xF1, 0x64, 0xE6, 
0x64, 0xE6, 0x64, 0xE6, 0x64, 0xE6, 0x4B, 0xC5, 0x8B, 0x69, 0x8B, 0x69, 0x00, 0x00, 0x00, 0x00, 
0x00, 0x00, 0x00, 0x00, 0x00, 0x00, 0x01, 0x6F, 0x02, 0xBA, 0x3C, 0x5F, 0x3C, 0x5F, 0x3C, 0x5F, 
0x3C, 0x5F, 0x3C, 0x5F, 0x03, 0x1F, 0x02, 0xBA, 0x02, 0xBA, 0x01, 0x6F, 0xCB, 0x74, 0xEC, 0x18, 
0xEC, 0x18, 0xEC, 0x18, 0xEC, 0x18, 0xEC, 0x18, 0xE1, 0x20, 0xAA, 0xF1, 0xAA, 0xF1, 0xCB, 0x74, 
0x4B, 0xC5, 0x4B, 0xC5, 0x4B, 0xC5, 0x4B, 0xC5, 0x8B, 0x69, 0x8B, 0x69, 0x00, 0x00, 0x00, 0x00, 
0x00, 0x00, 0x00, 0x00, 0x00, 0x00, 0x01, 0x6F, 0x02, 0xBA, 0x02, 0xBA, 0x3C, 0x5F, 0x3C, 0x5F, 
0x3C, 0x5F, 0x3C, 0x5F, 0x03, 0x1F, 0x03, 0x1F, 0x02, 0xBA, 0x01, 0x6F, 0xCB, 0x74, 0xCB, 0x74, 
0xCB, 0x74, 0xCB, 0x74, 0xCB, 0x74, 0xCB, 0x74, 0xCB, 0x74, 0xAA, 0xF1, 0x7A, 0x0C, 0xAA, 0xF1, 
0x4B, 0xC5, 0x4B, 0xC5, 0x4B, 0xC5, 0x4B, 0xC5, 0x8B, 0x69, 0x6A, 0x65, 0x00, 0x00, 0x00, 0x00, 
0x00, 0x00, 0x00, 0x00, 0x01, 0x6F, 0x75, 0x3F, 0x75, 0x3F, 0x02, 0xBA, 0x02, 0xBA, 0x3C, 0x5F, 
0x3C, 0x5F, 0x03, 0x1F, 0x03, 0x1F, 0x03, 0x1F, 0x02, 0xBA, 0x01, 0x6F, 0xCB, 0x74, 0x3C, 0x5F, 
0x07, 0xFF, 0x07, 0xFF, 0xCB, 0x74, 0xCB, 0x74, 0xCB, 0x74, 0xAA, 0xF1, 0x7A, 0x0C, 0xAA, 0xF1, 
0xCB, 0x74, 0xCB, 0x74, 0xCB, 0x74, 0xCB, 0x74, 0x6A, 0x65, 0x6A, 0x65, 0x00, 0x00, 0x00, 0x00, 
0x00, 0x00, 0x00, 0x00, 0x01, 0x6F, 0x75, 0x3F, 0x75, 0x3F, 0x3C, 0x5F, 0x02, 0xBA, 0x03, 0x1F, 
0x03, 0x1F, 0x03, 0x1F, 0x03, 0x1F, 0x03, 0x1F, 0x02, 0xBA, 0x01, 0x6F, 0xCB, 0x74, 0x3C, 0x5F, 
0x3C, 0x5F, 0x3C, 0x5F, 0xCB, 0x74, 0xCB, 0x74, 0xCB, 0x74, 0xAA, 0xF1, 0x7A, 0x0C, 0x7A, 0x0C, 
0xAA, 0xF1, 0xAA, 0xF1, 0xAA, 0xF1, 0xAA, 0xF1, 0x6A, 0x65, 0x6A, 0x65, 0x00, 0x00, 0x00, 0x00, 
0x00, 0x00, 0x00, 0x00, 0x01, 0x6F, 0x3C, 0x5F, 0x3C, 0x5F, 0x3C, 0x5F, 0x02, 0xBA, 0x02, 0xBA, 
0x03, 0x1F, 0x03, 0x1F, 0x03, 0x1F, 0x03, 0x1F, 0x02, 0xBA, 0x01, 0x6F, 0xAA, 0xF1, 0xCB, 0x74, 
0xCB, 0x74, 0xCB, 0x74, 0xCB, 0x74, 0xFC, 0x70, 0xE1, 0x20, 0x7A, 0x0C, 0xAA, 0xF1, 0xAA, 0xF1, 
0x7A, 0x0C, 0xAA, 0xF1, 0xAA, 0xF1, 0x7A, 0x0C, 0x6A, 0x65, 0x6A, 0x65, 0x00, 0x00, 0x00, 0x00, 
0x00, 0x00, 0x00, 0x00, 0x01, 0x6F, 0x3C, 0x5F, 0x3C, 0x5F, 0x3C, 0x5F, 0x3C, 0x5F, 0x02, 0xBA, 
0x03, 0x1F, 0x03, 0x1F, 0x03, 0x1F, 0x03, 0x1F, 0x02, 0xBA, 0x01, 0x6F, 0xAA, 0xF1, 0xAA, 0xF1, 
0xAA, 0xF1, 0xAA, 0xF1, 0xAA, 0xF1, 0xE1, 0x20, 0xE1, 0x20, 0x7A, 0x0C, 0x92, 0x8F, 0xAA, 0xF1, 
0xAA, 0xF1, 0x7A, 0x0C, 0xAA, 0xF1, 0xAA, 0xF1, 0xAA, 0xF1, 0x00, 0x00, 0x00, 0x00, 0x00, 0x00, 
0x00, 0x00, 0x01, 0x6F, 0x3C, 0x5F, 0x3C, 0x5F, 0x3C, 0x5F, 0x3C, 0x5F, 0x03, 0x1F, 0x02, 0xBA, 
0x02, 0xBA, 0x03, 0x1F, 0x03, 0x1F, 0x03, 0x1F, 0x02, 0xBA, 0x01, 0x6F, 0x92, 0x8F, 0xAA, 0xF1, 
0xAA, 0xF1, 0xAA, 0xF1, 0xAA, 0xF1, 0xAA, 0xF1, 0xAA, 0xF1, 0x7A, 0x0C, 0x92, 0x8F, 0x92, 0x8F, 
0xFC, 0x70, 0xE1, 0x20, 0x92, 0x8F, 0x7A, 0x0C, 0xCB, 0x74, 0x7A, 0x0C, 0x00, 0x00, 0x00, 0x00, 
0x00, 0x00, 0x01, 0x6F, 0x3C, 0x5F, 0x3C, 0x5F, 0x03, 0x1F, 0x03, 0x1F, 0x03, 0x1F, 0x03, 0x1F, 
0x02, 0xBA, 0x03, 0x1F, 0x03, 0x1F, 0x02, 0xBA, 0x02, 0xBA, 0x01, 0x6F, 0x92, 0x8F, 0x92, 0x8F, 
0x92, 0x8F, 0x92, 0x8F, 0x92, 0x8F, 0x92, 0x8F, 0x92, 0x8F, 0x7A, 0x0C, 0x92, 0x8F, 0x92, 0x8F, 
0xE1, 0x20, 0xE1, 0x20, 0x7A, 0x0C, 0xEC, 0x18, 0xCB, 0x74, 0x7A, 0x0C, 0x00, 0x00, 0x00, 0x00, 
0x00, 0x00, 0x00, 0x00, 0x01, 0x6F, 0x03, 0x1F, 0x03, 0x1F, 0x03, 0x1F, 0x03, 0x1F, 0x03, 0x1F, 
0x02, 0xBA, 0x02, 0xBA, 0x02, 0xBA, 0x02, 0xBA, 0x02, 0xBA, 0x02, 0xBA, 0x01, 0x6F, 0x92, 0x8F, 
0x92, 0x8F, 0x92, 0x8F, 0x92, 0x8F, 0x92, 0x8F, 0x7A, 0x0C, 0x00, 0x00, 0x7A, 0x0C, 0x92, 0x8F, 
0x92, 0x8F, 0x7A, 0x0C, 0x7A, 0x0C, 0xCB, 0x74, 0xCB, 0x74, 0x7A, 0x0C, 0x00, 0x00, 0x00, 0x00, 
0x00, 0x00, 0x00, 0x00, 0x00, 0x00, 0x01, 0x6F, 0x01, 0x6F, 0x01, 0x6F, 0x01, 0x6F, 0x01, 0x6F, 
0x01, 0x6F, 0x02, 0xBA, 0x02, 0xBA, 0x02, 0xBA, 0x02, 0xBA, 0x02, 0xBA, 0x01, 0x6F, 0x7A, 0x0C, 
0x7A, 0x0C, 0x7A, 0x0C, 0x7A, 0x0C, 0x7A, 0x0C, 0x00, 0x00, 0x00, 0x00, 0x00, 0x00, 0x7A, 0x0C, 
0x7A, 0x0C, 0x00, 0x00, 0x7A, 0x0C, 0xAA, 0xF1, 0xAA, 0xF1, 0x7A, 0x0C, 0x00, 0x00, 0x00, 0x00, 
0x00, 0x00, 0x00, 0x00, 0x00, 0x00, 0x00, 0x00, 0x00, 0x00, 0x00, 0x00, 0x00, 0x00, 0x00, 0x00, 
0x00, 0x00, 0x01, 0x6F, 0x02, 0xBA, 0x02, 0xBA, 0x02, 0xBA, 0x02, 0xBA, 0x01, 0x6F, 0x00, 0x00, 
0x00, 0x00, 0x00, 0x00, 0x00, 0x00, 0x00, 0x00, 0x00, 0x00, 0x00, 0x00, 0x00, 0x00, 0x00, 0x00, 
0x00, 0x00, 0x00, 0x00, 0x7A, 0x0C, 0xAA, 0xF1, 0x92, 0x8F, 0x7A, 0x0C, 0x00, 0x00, 0x00, 0x00, 
0x00, 0x00, 0x00, 0x00, 0x00, 0x00, 0x00, 0x00, 0x00, 0x00, 0x00, 0x00, 0x00, 0x00, 0x00, 0x00, 
0x00, 0x00, 0x00, 0x00, 0x01, 0x6F, 0x01, 0x6F, 0x01, 0x6F, 0x01, 0x6F, 0x00, 0x00, 0x00, 0x00, 
0x00, 0x00, 0x00, 0x00, 0x00, 0x00, 0x00, 0x00, 0x00, 0x00, 0x00, 0x00, 0x00, 0x00, 0x00, 0x00, 
0x00, 0x00, 0x00, 0x00, 0x00, 0x00, 0x7A, 0x0C, 0x92, 0x8F, 0x7A, 0x0C, 0x00, 0x00, 0x00, 0x00, 
0x00, 0x00, 0x00, 0x00, 0x00, 0x00, 0x00, 0x00, 0x00, 0x00, 0x00, 0x00, 0x00, 0x00, 0x00, 0x00, 
0x00, 0x00, 0x00, 0x00, 0x00, 0x00, 0x00, 0x00, 0x00, 0x00, 0x00, 0x00, 0x00, 0x00, 0x00, 0x00, 
0x00, 0x00, 0x00, 0x00, 0x00, 0x00, 0x00, 0x00, 0x00, 0x00, 0x00, 0x00, 0x00, 0x00, 0x00, 0x00, 
0x00, 0x00, 0x00, 0x00, 0x00, 0x00, 0x00, 0x00, 0x7A, 0x0C, 0x00, 0x00, 0x00, 0x00, 0x00, 0x00, 
0x00, 0x00, 0x00, 0x00, 0x00, 0x00, 0x00, 0x00, 0x00, 0x00, 0x00, 0x00, 0x00, 0x00, 0x00, 0x00, 
0x00, 0x00, 0x00, 0x00, 0x00, 0x00, 0x00, 0x00, 0x00, 0x00, 0x00, 0x00, 0x00, 0x00, 0x00, 0x00, 
0x00, 0x00, 0x00, 0x00, 0x00, 0x00, 0x00, 0x00, 0x00, 0x00, 0x00, 0x00, 0x00, 0x00, 0x00, 0x00, 
0x00, 0x00, 0x00, 0x00, 0x00, 0x00, 0x00, 0x00, 0x00, 0x00, 0x00, 0x00, 0x00, 0x00, 0x00, 0x00
}
}
};

#endif
